sample_idx,ground_truth,gt_label,h1_0,h1_1,h1_2,h1_3,h1_4,h1_5,h1_6,h1_7,h1_8,h1_9,h1_10,h1_11,h1_12,h1_13,h1_14,h1_15,h1_16,h1_17,h1_18,h1_19,h1_20,h1_21,h1_22,h1_23,h1_24,h1_25,h1_26,h1_27,h1_28,h1_29,h1_30,h1_31,h2_0,h2_1,h2_2,h2_3,h2_4,h2_5,h2_6,h2_7,h2_8,h2_9,h2_10,h2_11,h2_12,h2_13,h2_14,h2_15
0,0,A,0.000000,0.000000,244.710602,0.000000,0.000000,0.000000,0.000000,0.000000,0.000000,50.875725,48.320602,0.000000,0.000000,0.000000,26.448900,0.000000,0.000000,2.647506,0.000000,0.000000,0.000000,113.569756,0.000000,147.246750,0.000000,73.294220,0.000000,191.229355,0.000000,0.000000,102.497101,0.000000,0.000000,23.734343,0.000000,0.000000,0.000000,25.538294,0.000000,0.000000,0.000000,0.000000,0.000000,26.524418,0.000000,0.000000,0.000000,0.000000
1,0,A,0.000000,0.000000,208.504852,0.000000,0.000000,0.000000,0.000000,0.000000,0.000000,129.240005,56.889606,0.000000,0.000000,0.000000,82.285820,0.000000,0.000000,48.778873,0.000000,0.000000,0.000000,78.700798,0.000000,118.410461,0.000000,33.459492,0.000000,121.208015,0.000000,0.000000,65.692909,0.000000,0.000000,13.131748,0.000000,0.000000,0.000000,15.692753,0.000000,0.000000,0.000000,0.000000,0.000000,37.508808,0.000000,0.000000,0.000000,0.000000
2,0,A,0.000000,0.000000,0.000000,0.000000,0.000000,0.000000,0.000000,0.000000,0.000000,94.870399,255.556366,0.000000,0.000000,0.000000,206.686493,0.000000,0.000000,0.000000,0.000000,0.000000,0.000000,0.000000,0.000000,0.000000,0.000000,299.070160,0.000000,39.364914,31.386131,0.000000,10.552964,0.000000,30.190939,69.424797,0.000000,37.780754,0.000000,3.617830,0.000000,0.000000,0.000000,0.000000,0.000000,79.831841,80.584175,0.000000,0.000000,56.083591
3,3,D,0.000000,0.000000,0.000000,0.000000,0.000000,0.000000,0.000000,0.000000,0.000000,0.000000,0.000000,0.000000,0.000000,0.000000,0.000000,0.000000,0.000000,0.000000,0.000000,0.000000,0.000000,84.902931,0.000000,137.346237,0.000000,186.173294,0.000000,319.017700,39.636986,0.000000,0.000000,0.000000,0.000000,0.000000,0.000000,17.944403,0.000000,37.861832,0.000000,0.000000,0.000000,0.000000,62.590603,0.000000,0.000000,0.000000,0.000000,0.000000
4,2,C,0.000000,0.000000,241.725266,0.000000,0.000000,0.000000,0.000000,0.000000,0.000000,342.105286,0.000000,0.000000,0.000000,0.000000,81.359642,0.000000,0.000000,0.000000,0.000000,0.000000,0.000000,32.336533,0.000000,131.848495,0.000000,106.943802,0.000000,127.616791,0.000000,0.000000,0.000000,0.000000,0.000000,0.000000,0.000000,0.000000,0.000000,0.000000,10.274229,0.000000,0.000000,0.000000,0.000000,46.674828,0.000000,0.000000,0.000000,0.000000
5,0,A,0.000000,0.000000,204.945541,0.000000,0.000000,0.000000,0.000000,0.000000,0.000000,22.318796,31.259523,0.000000,0.000000,0.000000,0.000000,0.000000,0.000000,69.158592,0.000000,0.000000,0.000000,127.651703,0.000000,151.419556,0.000000,106.201614,0.000000,216.292343,0.000000,0.000000,84.767578,0.000000,0.000000,0.000000,0.000000,0.000000,0.000000,33.065441,0.000000,0.000000,0.000000,0.000000,0.000000,1.121581,0.000000,0.000000,0.000000,0.000000
6,0,A,0.000000,0.000000,0.000000,0.000000,0.000000,0.000000,0.000000,0.000000,0.000000,104.166237,373.390900,0.000000,0.000000,0.000000,311.836975,0.000000,0.000000,0.000000,0.000000,0.000000,0.000000,27.500195,0.000000,0.000000,0.000000,232.178497,0.000000,0.000000,0.000000,0.000000,3.416087,0.000000,83.834396,116.745224,0.000000,30.396141,0.000000,32.263866,0.000000,0.000000,0.000000,0.000000,0.000000,125.566444,85.523933,0.000000,0.000000,108.007843
7,1,B,0.000000,0.000000,270.937897,0.000000,0.000000,0.000000,0.000000,0.000000,0.000000,115.631668,26.741684,0.000000,0.000000,0.000000,0.000000,0.000000,0.000000,0.000000,0.000000,0.000000,0.000000,175.074326,0.000000,273.453094,0.000000,0.000000,0.000000,277.671631,0.000000,0.000000,0.000000,0.000000,0.000000,0.000000,0.000000,0.000000,0.000000,79.078560,8.210366,0.000000,0.000000,0.000000,0.000000,25.643970,0.000000,0.000000,0.000000,0.000000
8,3,D,0.000000,0.000000,0.000000,0.000000,0.000000,0.000000,0.000000,0.000000,0.000000,0.000000,0.000000,0.000000,0.000000,0.000000,0.000000,0.000000,0.000000,0.000000,0.000000,0.000000,0.000000,86.110191,0.000000,105.580292,0.000000,271.575775,0.000000,323.111237,232.306763,0.000000,0.000000,0.000000,0.000000,0.000000,0.000000,0.000000,0.000000,1.223072,0.000000,0.000000,0.000000,0.000000,87.318077,0.000000,0.000000,0.000000,0.000000,0.000000
9,3,D,0.000000,0.000000,167.550812,0.000000,0.000000,0.000000,0.000000,0.000000,0.000000,60.982594,0.000000,0.000000,0.000000,0.000000,0.000000,0.000000,0.000000,232.572525,0.000000,0.000000,0.000000,80.987091,0.000000,119.216225,0.000000,116.867836,0.000000,185.199142,0.000000,0.000000,0.000000,0.000000,0.000000,0.000000,0.000000,0.000000,0.000000,29.364468,0.000000,0.000000,0.000000,0.000000,60.595280,0.000000,0.000000,0.000000,0.000000,0.000000
10,2,C,0.000000,0.000000,254.941193,0.000000,0.000000,0.000000,0.000000,0.000000,0.000000,309.914246,0.000000,0.000000,0.000000,0.000000,71.124069,0.000000,0.000000,0.000000,0.000000,0.000000,0.000000,47.124268,0.000000,139.574188,0.000000,91.124443,0.000000,132.198685,0.000000,0.000000,0.000000,0.000000,0.000000,0.000000,0.000000,0.000000,0.000000,0.000000,7.379785,0.000000,0.000000,0.000000,0.000000,43.663471,0.000000,0.000000,0.000000,0.000000
11,1,B,0.000000,0.000000,364.724457,0.000000,0.000000,0.000000,0.000000,0.000000,0.000000,118.022789,19.089306,0.000000,0.000000,0.000000,0.000000,0.000000,0.000000,0.000000,0.000000,0.000000,0.000000,100.155632,0.000000,243.860687,0.000000,0.000000,0.000000,234.883667,0.000000,0.000000,62.234104,0.000000,0.000000,6.114087,0.000000,0.000000,0.000000,42.359665,0.000000,0.000000,0.000000,0.000000,0.000000,27.325138,0.000000,0.000000,0.000000,0.000000
12,3,D,0.000000,0.000000,0.000000,0.000000,0.000000,0.000000,0.000000,0.000000,0.000000,14.938265,12.214283,0.000000,0.000000,0.000000,0.000000,0.000000,0.000000,0.000000,0.000000,0.000000,0.000000,59.238583,0.000000,72.489082,0.000000,190.809647,0.000000,337.340576,0.000000,0.000000,0.000000,0.000000,0.000000,0.000000,0.000000,24.592306,0.000000,32.064259,0.000000,0.000000,0.000000,0.000000,56.017311,0.000000,0.000000,0.000000,0.000000,0.000000
13,2,C,0.000000,0.000000,217.337326,0.000000,0.000000,0.000000,0.000000,0.000000,0.000000,293.305634,0.000000,0.000000,0.000000,0.000000,69.046539,0.000000,0.000000,0.000000,0.000000,0.000000,0.000000,22.328695,0.000000,136.178833,0.000000,72.290207,0.000000,146.944489,0.000000,0.000000,0.000000,0.000000,0.000000,0.000000,0.000000,0.000000,0.000000,0.000000,12.851793,0.000000,0.000000,0.000000,0.000000,39.382484,0.000000,0.000000,0.000000,0.000000
14,0,A,0.000000,0.000000,178.746735,0.000000,0.000000,0.000000,0.000000,0.000000,0.000000,107.894760,66.730331,0.000000,0.000000,0.000000,74.143654,0.000000,0.000000,58.044895,0.000000,0.000000,0.000000,80.081352,0.000000,101.403450,0.000000,97.796143,0.000000,117.568817,0.000000,0.000000,106.039139,0.000000,0.000000,17.258705,0.000000,0.000000,0.000000,3.823127,0.000000,0.000000,0.000000,0.000000,0.000000,32.827812,0.000000,0.000000,0.000000,0.000000
15,3,D,0.000000,0.000000,0.000000,0.000000,0.000000,0.000000,0.000000,0.000000,0.000000,0.000000,0.000000,0.000000,0.000000,0.000000,0.000000,0.000000,0.000000,0.000000,0.000000,0.000000,0.000000,128.280533,0.000000,49.455025,0.000000,300.017548,0.000000,325.544647,217.231018,0.000000,0.000000,0.000000,0.000000,0.000000,0.000000,0.000000,0.000000,1.280910,0.000000,0.000000,0.000000,0.000000,91.704659,0.000000,0.000000,0.000000,0.000000,0.000000
16,1,B,0.000000,0.000000,216.486160,0.000000,0.000000,0.000000,0.000000,0.000000,0.000000,138.586258,0.000000,0.000000,0.000000,0.000000,0.000000,0.000000,0.000000,64.911110,0.000000,0.000000,0.000000,99.287102,0.000000,155.471054,0.000000,89.084290,0.000000,181.063553,0.000000,0.000000,0.000000,0.000000,0.000000,0.000000,0.000000,0.000000,0.000000,31.191929,0.000000,0.000000,0.000000,0.000000,0.000000,3.590560,0.000000,0.000000,0.000000,0.000000
17,4,E,0.000000,0.000000,0.000000,0.000000,0.000000,0.000000,0.000000,0.000000,0.000000,98.972092,143.879257,0.000000,0.000000,0.000000,44.519211,0.000000,0.000000,0.000000,0.000000,0.000000,0.000000,57.729416,0.000000,72.542503,0.000000,77.295380,0.000000,120.003181,0.000000,0.000000,0.000000,0.000000,9.163356,27.901770,0.000000,21.814375,0.000000,37.686382,16.212639,0.000000,0.000000,0.000000,0.000000,35.484848,0.000000,0.000000,0.000000,43.421188
18,4,E,0.000000,0.000000,202.503998,0.000000,0.000000,0.000000,0.000000,0.000000,0.000000,80.456833,85.216408,0.000000,0.000000,0.000000,49.654518,0.000000,0.000000,2.643477,0.000000,0.000000,0.000000,104.408470,0.000000,148.300156,0.000000,40.005981,0.000000,157.313629,0.000000,0.000000,102.455078,0.000000,0.000000,38.133366,0.000000,0.000000,0.000000,27.643349,0.000000,0.000000,0.000000,0.000000,0.000000,41.343399,0.000000,0.000000,0.000000,13.129574
19,4,E,0.000000,0.000000,0.000000,0.000000,0.000000,0.000000,0.000000,0.000000,0.000000,35.377598,217.884781,0.000000,0.000000,0.000000,116.689911,0.000000,0.000000,0.000000,0.000000,0.000000,0.000000,198.919006,0.000000,164.619904,0.000000,109.202370,0.000000,77.716614,86.127708,0.000000,80.254158,0.000000,0.960868,78.002541,0.000000,9.470833,0.000000,54.943050,0.000000,0.000000,0.000000,0.000000,0.000000,78.455040,0.000000,1.607749,0.000000,66.844009
20,4,E,0.000000,0.000000,0.000000,0.000000,0.000000,0.000000,0.000000,0.000000,0.000000,200.922775,215.713425,0.000000,0.000000,0.000000,195.933685,0.000000,0.000000,0.000000,0.000000,0.000000,0.000000,0.000000,0.000000,91.591919,0.000000,18.745882,0.000000,106.782112,0.000000,0.000000,0.000000,0.000000,54.895103,64.130463,0.000000,3.474610,0.000000,32.964310,36.972939,0.373100,0.000000,0.000000,0.000000,87.859756,0.000000,0.000000,0.000000,80.777733
21,3,D,0.000000,0.000000,0.000000,0.000000,0.000000,0.000000,0.000000,0.000000,0.000000,0.000000,0.000000,0.000000,0.000000,0.000000,0.000000,0.000000,0.000000,0.000000,0.000000,0.000000,0.000000,188.772141,0.000000,147.772354,0.000000,236.271210,0.000000,298.767151,148.329590,0.000000,0.000000,0.000000,0.000000,0.000000,0.000000,0.000000,0.000000,37.140358,0.000000,0.000000,0.000000,0.000000,78.571396,0.000000,0.000000,0.000000,0.000000,0.000000
22,1,B,0.000000,0.000000,259.031281,0.000000,0.000000,0.000000,0.000000,0.000000,0.000000,23.262886,12.055091,0.000000,0.000000,0.000000,0.000000,0.000000,0.000000,0.000000,0.000000,0.000000,0.000000,204.644958,0.000000,278.773712,0.000000,0.000000,0.000000,328.192078,0.000000,0.000000,0.000000,0.000000,0.000000,0.000000,0.000000,0.000000,0.000000,93.967453,0.000000,0.000000,0.000000,0.000000,0.000000,14.581605,0.000000,0.000000,0.000000,0.000000
23,1,B,0.000000,0.000000,247.363510,0.000000,0.000000,0.000000,0.000000,0.000000,0.000000,136.280350,0.000000,0.000000,0.000000,0.000000,14.009822,0.000000,0.000000,21.795692,0.000000,0.000000,0.000000,143.525269,0.000000,178.604706,0.000000,0.000000,0.000000,196.141190,0.000000,0.000000,0.000000,0.000000,0.000000,0.000000,0.000000,0.000000,0.000000,48.751842,5.242450,0.000000,0.000000,0.000000,0.000000,19.665718,0.000000,0.000000,0.000000,0.000000
24,2,C,0.000000,0.000000,246.597473,0.000000,0.000000,0.000000,0.000000,0.000000,0.000000,326.948395,0.000000,0.000000,0.000000,0.000000,91.390450,0.000000,0.000000,0.000000,0.000000,0.000000,0.000000,29.710720,0.000000,142.779877,0.000000,78.883911,0.000000,132.931320,0.000000,0.000000,0.000000,0.000000,0.000000,0.000000,0.000000,0.000000,0.000000,0.000000,11.939741,0.000000,0.000000,0.000000,0.000000,48.898369,0.000000,0.000000,0.000000,0.000000
25,0,A,0.000000,0.000000,203.497299,0.000000,0.000000,0.000000,0.000000,0.000000,0.000000,109.217957,44.115181,0.000000,0.000000,0.000000,68.712822,0.000000,0.000000,52.414192,0.000000,0.000000,0.000000,76.744637,0.000000,115.312309,0.000000,62.123631,0.000000,130.547226,0.000000,0.000000,77.244202,0.000000,0.000000,8.024242,0.000000,0.000000,0.000000,10.954944,0.000000,0.000000,0.000000,0.000000,0.000000,29.292156,0.000000,0.000000,0.000000,0.000000
26,4,E,0.000000,0.000000,0.000000,0.000000,0.000000,0.000000,0.000000,0.000000,0.000000,66.840698,132.266754,0.000000,0.000000,0.000000,141.217224,0.000000,0.000000,0.000000,0.000000,0.000000,0.000000,106.805809,0.000000,147.459641,0.000000,221.159882,0.000000,133.787155,129.426483,0.000000,7.413705,0.000000,0.000000,31.662596,0.000000,3.206052,0.000000,25.297237,0.000000,0.000000,0.000000,0.000000,0.000000,58.194141,0.000000,0.000000,0.000000,21.219158
27,3,D,0.000000,0.000000,0.000000,0.000000,0.000000,0.000000,0.000000,0.000000,0.000000,0.000000,0.000000,0.000000,0.000000,0.000000,0.000000,0.000000,0.000000,0.000000,0.000000,0.000000,0.000000,129.548813,0.000000,172.058258,0.000000,239.937180,0.000000,282.639374,126.801628,0.000000,0.000000,0.000000,0.000000,0.000000,0.000000,8.442320,0.000000,31.573988,0.000000,0.000000,0.000000,0.000000,76.082657,0.000000,0.000000,0.000000,0.000000,0.000000
28,1,B,0.000000,0.000000,239.276794,0.000000,0.000000,0.000000,0.000000,0.000000,0.000000,19.701117,12.657472,0.000000,0.000000,0.000000,0.000000,0.000000,0.000000,0.000000,0.000000,0.000000,0.000000,181.842819,0.000000,258.086273,0.000000,0.000000,0.000000,301.398132,0.000000,0.000000,0.000000,0.000000,0.000000,0.000000,0.000000,0.000000,0.000000,85.886978,0.000000,0.000000,0.000000,0.000000,0.000000,13.407455,0.000000,0.000000,0.000000,0.000000
29,4,E,0.000000,0.000000,0.000000,0.000000,0.000000,0.000000,0.000000,0.000000,0.000000,53.334515,216.595016,0.000000,0.000000,0.000000,131.607880,0.000000,0.000000,0.000000,0.000000,0.000000,0.000000,34.066822,0.000000,93.629677,0.000000,0.000000,0.000000,155.522079,0.000000,0.000000,0.000000,0.000000,27.464617,63.468857,0.000000,1.676604,0.000000,58.110680,23.103247,13.348327,0.000000,0.000000,0.000000,61.880966,0.000000,0.000000,0.000000,78.337265
30,4,E,0.000000,0.000000,0.000000,0.000000,0.000000,0.000000,0.000000,0.000000,0.000000,69.475159,268.073883,0.000000,0.000000,0.000000,53.745094,0.000000,0.000000,0.000000,0.000000,0.000000,0.000000,118.977539,0.000000,85.839668,0.000000,0.000000,0.000000,148.635818,0.000000,0.000000,21.540422,0.000000,33.989555,73.142021,0.000000,15.848516,0.000000,75.944298,26.188137,16.283632,0.000000,0.000000,0.000000,58.666878,0.000000,0.000000,0.000000,94.928680
31,2,C,0.000000,0.000000,258.777069,0.000000,0.000000,0.000000,0.000000,0.000000,0.000000,308.231689,0.000000,0.000000,0.000000,0.000000,80.929642,0.000000,0.000000,0.000000,0.000000,0.000000,0.000000,46.664341,0.000000,155.433197,0.000000,78.578156,0.000000,139.328644,0.000000,0.000000,0.000000,0.000000,0.000000,0.000000,0.000000,0.000000,0.000000,2.698730,8.756367,0.000000,0.000000,0.000000,0.000000,46.690987,0.000000,0.000000,0.000000,0.000000
32,2,C,0.000000,0.000000,225.352493,0.000000,0.000000,0.000000,0.000000,0.000000,0.000000,152.303406,0.000000,0.000000,0.000000,0.000000,55.700752,0.000000,0.000000,46.062817,0.000000,0.000000,0.000000,65.632393,0.000000,139.291138,0.000000,49.498962,0.000000,137.817825,0.000000,0.000000,42.144413,0.000000,0.000000,0.000000,0.000000,0.000000,0.000000,10.626139,0.000000,0.000000,0.000000,0.000000,0.000000,23.862341,0.000000,0.000000,0.000000,0.000000
33,3,D,0.000000,0.000000,0.000000,0.000000,0.000000,0.000000,0.000000,0.000000,0.000000,0.000000,16.205395,0.000000,0.000000,0.000000,0.000000,0.000000,0.000000,0.000000,0.000000,0.000000,0.000000,240.134872,0.000000,116.748489,0.000000,157.792664,0.000000,205.144333,50.159336,0.000000,31.583921,0.000000,0.000000,0.000000,0.000000,12.696275,0.000000,49.974792,0.000000,0.000000,0.000000,0.000000,45.629944,5.581383,0.000000,0.000000,0.000000,0.000000
34,4,E,0.000000,0.000000,0.000000,0.000000,0.000000,0.000000,0.000000,0.000000,0.000000,148.990204,203.622452,0.000000,0.000000,0.000000,78.507584,0.000000,0.000000,0.000000,0.000000,0.000000,0.000000,80.403526,0.000000,54.138668,0.000000,40.183277,0.000000,124.932381,0.000000,0.000000,15.019009,0.000000,33.367123,51.467705,0.000000,15.565792,0.000000,43.856853,28.530657,6.772307,0.000000,0.000000,0.000000,56.644218,0.000000,0.000000,0.000000,70.118843
35,4,E,0.000000,0.000000,0.000000,0.000000,0.000000,0.000000,0.000000,0.000000,0.000000,0.000000,300.438232,0.000000,0.000000,0.000000,118.192406,0.000000,0.000000,0.000000,0.000000,0.000000,0.000000,198.348053,0.000000,83.436165,0.000000,159.143555,0.000000,210.840271,137.332977,0.000000,0.000000,0.000000,0.000000,78.993980,0.000000,0.000000,0.000000,77.571114,0.000000,0.000000,0.000000,0.000000,0.000000,68.918098,0.000000,0.000000,0.000000,81.388313
36,3,D,0.000000,0.000000,0.000000,0.000000,0.000000,0.000000,0.000000,0.000000,0.000000,0.000000,7.609400,0.000000,0.000000,0.000000,0.000000,0.000000,0.000000,0.000000,0.000000,0.000000,0.000000,123.377518,0.000000,78.862091,0.000000,306.416046,0.000000,323.034363,225.178513,0.000000,0.000000,0.000000,0.000000,0.000000,0.000000,0.000000,0.000000,3.865157,0.000000,0.000000,0.000000,0.000000,91.578651,0.000000,0.000000,0.000000,0.000000,0.000000
37,0,A,0.000000,0.000000,267.295746,0.000000,0.000000,0.000000,0.000000,0.000000,0.000000,233.573135,0.000000,0.000000,0.000000,0.000000,3.937255,0.000000,0.000000,0.000000,0.000000,0.000000,0.000000,115.676323,0.000000,278.476929,0.000000,0.000000,0.000000,205.340286,0.000000,0.000000,0.000000,0.000000,0.000000,0.000000,0.000000,0.000000,0.000000,49.866558,18.518496,0.000000,0.000000,0.000000,0.000000,33.928181,0.000000,0.000000,0.000000,0.000000
38,0,A,0.000000,0.000000,0.000000,0.000000,0.000000,0.000000,0.000000,0.000000,0.000000,0.000000,178.517685,0.000000,0.000000,0.000000,109.398514,0.000000,0.000000,0.000000,0.000000,0.000000,0.000000,89.931633,0.000000,0.000000,0.000000,279.300232,0.000000,134.466858,297.539764,0.000000,67.469070,0.000000,0.000000,61.401112,0.000000,0.000000,0.000000,0.000000,0.000000,0.000000,0.000000,0.000000,0.000000,47.427597,53.577244,0.000000,0.000000,19.375074
39,1,B,0.000000,0.000000,279.029297,0.000000,0.000000,0.000000,0.000000,0.000000,0.000000,0.000000,14.483098,0.000000,0.000000,0.000000,0.000000,0.000000,0.000000,0.000000,0.000000,0.000000,0.000000,216.171783,0.000000,294.170929,0.000000,0.000000,0.000000,354.970520,0.000000,0.000000,0.000000,0.000000,0.000000,0.000000,0.000000,0.000000,0.000000,102.064980,0.000000,0.000000,0.000000,0.000000,0.000000,13.338430,0.000000,0.000000,0.000000,0.000000
40,1,B,0.000000,0.000000,245.461304,0.000000,0.000000,0.000000,0.000000,0.000000,0.000000,0.000000,27.255262,0.000000,0.000000,0.000000,0.000000,0.000000,0.000000,0.000000,0.000000,0.000000,0.000000,215.675400,0.000000,273.238831,0.000000,0.000000,0.000000,340.033478,0.000000,0.000000,0.000000,0.000000,0.000000,0.000000,0.000000,0.000000,0.000000,100.644196,0.000000,0.000000,0.000000,0.000000,0.000000,14.120197,0.000000,0.000000,0.000000,0.000000
41,0,A,0.000000,0.000000,216.183304,0.000000,0.000000,0.000000,0.000000,0.000000,0.000000,82.356552,48.017551,0.000000,0.000000,0.000000,42.264004,0.000000,0.000000,47.861073,0.000000,0.000000,0.000000,86.253159,0.000000,116.104950,0.000000,74.464157,0.000000,145.041306,0.000000,0.000000,100.211563,0.000000,0.000000,12.419319,0.000000,0.000000,0.000000,11.177022,0.000000,0.000000,0.000000,0.000000,0.000000,23.495661,0.000000,0.000000,0.000000,0.000000
42,0,A,0.000000,0.000000,211.174789,0.000000,0.000000,0.000000,0.000000,0.000000,0.000000,102.365967,46.107529,0.000000,0.000000,0.000000,72.736969,0.000000,0.000000,0.000000,0.000000,0.000000,0.000000,66.617744,0.000000,129.866394,0.000000,69.017120,0.000000,130.899307,0.000000,0.000000,116.251472,0.000000,0.000000,32.139603,0.000000,0.000000,0.000000,2.404811,0.000000,0.000000,0.000000,0.000000,0.000000,41.585880,0.000000,0.000000,0.000000,0.000000
43,2,C,0.000000,0.000000,245.269257,0.000000,0.000000,0.000000,0.000000,0.000000,0.000000,303.236420,0.000000,0.000000,0.000000,0.000000,93.141914,0.000000,0.000000,10.392247,0.000000,0.000000,0.000000,19.739674,0.000000,126.480820,0.000000,104.362572,0.000000,106.443375,0.000000,0.000000,45.093208,0.000000,0.000000,0.000000,0.000000,0.000000,0.000000,0.000000,0.000000,0.000000,0.000000,0.000000,0.000000,47.588326,0.000000,0.000000,0.000000,0.000000
44,2,C,0.000000,0.000000,252.143799,0.000000,0.000000,0.000000,0.000000,0.000000,0.000000,356.301819,0.000000,0.000000,0.000000,0.000000,85.145912,0.000000,0.000000,0.000000,0.000000,0.000000,0.000000,22.560467,0.000000,133.196533,0.000000,111.332008,0.000000,129.736115,0.000000,0.000000,0.000000,0.000000,0.000000,0.000000,0.000000,0.000000,0.000000,0.000000,9.771907,0.000000,0.000000,0.000000,0.000000,48.133842,0.000000,0.000000,0.000000,0.000000
45,2,C,0.000000,0.000000,250.060822,0.000000,0.000000,0.000000,0.000000,0.000000,0.000000,200.955887,0.000000,0.000000,0.000000,0.000000,37.398235,0.000000,0.000000,9.324668,0.000000,0.000000,0.000000,36.724312,0.000000,157.682510,0.000000,91.954308,0.000000,157.510391,0.000000,0.000000,62.526222,0.000000,0.000000,0.000000,0.000000,0.000000,0.000000,0.000000,0.000000,0.000000,0.000000,0.000000,0.000000,28.815371,0.000000,0.000000,0.000000,0.000000
46,2,C,0.000000,0.000000,254.822021,0.000000,0.000000,0.000000,0.000000,0.000000,0.000000,275.173523,0.000000,0.000000,0.000000,0.000000,60.493698,0.000000,0.000000,0.000000,0.000000,0.000000,0.000000,45.777817,0.000000,145.294128,0.000000,89.738785,0.000000,140.082138,0.000000,0.000000,4.714666,0.000000,0.000000,0.000000,0.000000,0.000000,0.000000,2.695383,0.519026,0.000000,0.000000,0.000000,0.000000,38.847965,0.000000,0.000000,0.000000,0.000000
47,4,E,0.000000,0.000000,0.000000,0.000000,0.000000,0.000000,0.000000,0.000000,0.000000,52.974983,188.113571,0.000000,0.000000,0.000000,173.823807,0.000000,0.000000,0.000000,0.000000,0.000000,0.000000,159.960510,0.000000,116.705788,0.000000,76.805130,0.000000,139.135788,0.000000,0.000000,19.738838,0.000000,16.376339,58.943798,0.000000,7.468839,0.000000,66.098534,5.277053,0.000000,0.000000,0.000000,0.000000,74.150658,0.000000,0.000000,0.000000,63.102119
48,2,C,0.000000,0.000000,246.026978,0.000000,0.000000,0.000000,0.000000,0.000000,0.000000,224.713318,18.389246,0.000000,0.000000,0.000000,47.357815,0.000000,0.000000,28.360785,0.000000,0.000000,0.000000,66.550552,0.000000,151.023087,0.000000,51.643406,0.000000,141.999222,0.000000,0.000000,40.467567,0.000000,0.000000,0.000000,0.000000,0.000000,0.000000,9.882079,0.000000,0.000000,0.000000,0.000000,0.000000,34.032600,0.000000,0.000000,0.000000,0.000000
49,3,D,0.000000,0.000000,0.000000,0.000000,0.000000,0.000000,0.000000,0.000000,0.000000,0.000000,0.000000,0.000000,0.000000,0.000000,0.000000,0.000000,0.000000,0.000000,0.000000,0.000000,0.000000,222.634186,0.000000,72.510818,0.000000,256.312408,0.000000,280.667938,73.736610,0.000000,11.624926,0.000000,0.000000,0.000000,0.000000,14.743446,0.000000,37.946022,0.000000,0.000000,0.000000,0.000000,75.042656,0.000000,0.000000,0.000000,0.000000,0.000000
50,2,C,0.000000,0.000000,9.699463,0.000000,0.000000,0.000000,0.000000,0.000000,0.000000,381.197205,25.170090,0.000000,0.000000,0.000000,97.787117,0.000000,0.000000,0.000000,0.000000,0.000000,0.000000,16.465946,0.000000,68.156578,0.000000,193.134232,0.000000,141.061401,0.000000,0.000000,0.000000,0.000000,2.122043,0.000000,0.000000,30.638594,0.000000,0.000000,34.676723,0.000000,0.000000,0.000000,0.000000,43.729546,0.000000,0.000000,0.000000,0.000000
51,4,E,0.000000,0.000000,0.000000,0.000000,0.000000,0.000000,0.000000,0.000000,0.000000,45.562477,237.194031,0.000000,0.000000,0.000000,53.333950,0.000000,0.000000,0.000000,0.000000,0.000000,0.000000,13.429628,0.000000,0.000000,0.000000,182.132523,0.000000,234.529236,0.000000,0.000000,0.000000,0.000000,0.000000,45.798153,0.000000,34.416885,0.000000,40.844868,0.000000,23.227419,0.000000,0.000000,0.000000,29.166063,2.086387,0.000000,0.000000,58.775864
52,3,D,0.000000,0.000000,20.448963,0.000000,0.000000,0.000000,0.000000,0.000000,0.000000,0.000000,0.000000,0.000000,0.000000,0.000000,0.000000,0.000000,0.000000,0.000000,0.000000,0.000000,0.000000,201.799988,0.000000,177.889389,0.000000,190.889969,0.000000,271.775360,129.115067,0.000000,46.929531,0.000000,0.000000,0.000000,0.000000,0.000000,0.000000,36.709949,0.000000,0.000000,0.000000,0.000000,57.892670,3.158052,0.000000,0.000000,0.000000,0.000000
53,4,E,0.000000,0.000000,0.000000,0.000000,0.000000,0.000000,0.000000,0.000000,0.000000,0.000000,236.453094,0.000000,0.000000,0.000000,146.085007,0.000000,0.000000,0.000000,0.000000,0.000000,0.000000,204.758911,0.000000,125.478722,0.000000,0.000000,0.000000,174.004669,119.667595,0.000000,0.000000,0.000000,0.000000,75.925194,0.000000,0.000000,0.000000,84.174149,3.985126,0.000000,0.000000,0.000000,0.000000,75.453133,0.000000,0.000000,0.000000,81.594376
54,1,B,0.000000,0.000000,285.926971,0.000000,0.000000,0.000000,0.000000,0.000000,0.000000,15.124811,10.317066,0.000000,0.000000,0.000000,0.000000,0.000000,0.000000,0.000000,0.000000,0.000000,0.000000,210.863724,0.000000,297.495361,0.000000,0.000000,0.000000,332.445465,0.000000,0.000000,0.000000,0.000000,0.000000,0.000000,0.000000,0.000000,0.000000,97.882721,0.000000,0.000000,0.000000,0.000000,0.000000,15.543669,0.000000,0.000000,0.000000,0.000000
55,1,B,0.000000,0.000000,256.098267,0.000000,0.000000,0.000000,0.000000,0.000000,0.000000,95.766289,118.250641,0.000000,0.000000,0.000000,29.986679,0.000000,0.000000,0.000000,0.000000,0.000000,0.000000,137.730728,0.000000,216.369843,0.000000,0.000000,0.000000,196.640335,0.000000,0.000000,33.079773,0.000000,0.000000,31.484718,0.000000,0.000000,0.000000,67.802849,0.000000,0.000000,0.000000,0.000000,0.000000,45.609756,0.000000,0.000000,0.000000,23.876192
56,2,C,0.000000,0.000000,231.469925,0.000000,0.000000,0.000000,0.000000,0.000000,0.000000,342.113831,21.414118,0.000000,0.000000,0.000000,142.655411,0.000000,0.000000,0.000000,0.000000,0.000000,0.000000,13.614417,0.000000,126.786125,0.000000,107.982262,0.000000,94.804016,0.000000,0.000000,55.902725,0.000000,0.000000,7.900823,0.000000,0.000000,0.000000,0.000000,0.000000,0.000000,0.000000,0.000000,0.000000,66.947647,0.000000,0.000000,0.000000,0.000000
57,1,B,0.000000,0.000000,244.149704,0.000000,0.000000,0.000000,0.000000,0.000000,0.000000,23.960100,10.043029,0.000000,0.000000,0.000000,0.000000,0.000000,0.000000,0.000000,0.000000,0.000000,0.000000,171.890884,0.000000,250.665909,0.000000,0.000000,0.000000,291.182037,0.000000,0.000000,6.337617,0.000000,0.000000,0.000000,0.000000,0.000000,0.000000,80.146957,0.000000,0.000000,0.000000,0.000000,0.000000,13.509281,0.000000,0.000000,0.000000,0.000000
58,4,E,0.000000,0.000000,0.000000,0.000000,0.000000,0.000000,0.000000,0.000000,0.000000,72.226784,254.782791,0.000000,0.000000,0.000000,96.237518,0.000000,0.000000,0.000000,0.000000,0.000000,0.000000,50.914688,0.000000,19.177406,0.000000,156.899002,0.000000,129.901123,0.000000,0.000000,0.000000,0.000000,24.980511,60.214149,0.000000,31.762463,0.000000,43.553169,0.148827,10.954078,0.000000,0.000000,0.000000,54.123039,12.617562,0.000000,0.000000,70.620255
59,2,C,0.000000,0.000000,248.860931,0.000000,0.000000,0.000000,0.000000,0.000000,0.000000,322.925385,0.000000,0.000000,0.000000,0.000000,83.342339,0.000000,0.000000,0.000000,0.000000,0.000000,0.000000,31.270962,0.000000,135.694870,0.000000,97.810646,0.000000,128.290588,0.000000,0.000000,0.000000,0.000000,0.000000,0.000000,0.000000,0.000000,0.000000,0.000000,7.577264,0.000000,0.000000,0.000000,0.000000,46.256931,0.000000,0.000000,0.000000,0.000000
60,3,D,0.000000,0.000000,0.000000,0.000000,0.000000,0.000000,0.000000,0.000000,0.000000,0.000000,0.000000,0.000000,0.000000,0.000000,0.000000,0.000000,0.000000,0.000000,0.000000,0.000000,0.000000,106.932320,0.000000,51.439194,0.000000,294.429138,0.000000,306.320190,175.512894,0.000000,0.000000,0.000000,0.000000,0.000000,0.000000,0.000000,0.000000,2.578178,0.000000,0.000000,0.000000,0.000000,86.788345,0.000000,0.000000,0.000000,0.000000,0.000000
61,0,A,0.000000,0.000000,223.095398,0.000000,0.000000,0.000000,0.000000,0.000000,0.000000,105.123520,46.080650,0.000000,0.000000,0.000000,67.224258,0.000000,0.000000,25.504416,0.000000,0.000000,0.000000,86.375526,0.000000,124.551369,0.000000,39.009556,0.000000,135.793350,0.000000,0.000000,78.709740,0.000000,0.000000,18.202053,0.000000,0.000000,0.000000,15.905126,0.000000,0.000000,0.000000,0.000000,0.000000,35.464180,0.000000,0.000000,0.000000,0.000000
62,2,C,0.000000,0.000000,253.203476,0.000000,0.000000,0.000000,0.000000,0.000000,0.000000,306.045929,0.000000,0.000000,0.000000,0.000000,47.390060,0.000000,0.000000,17.711077,0.000000,0.000000,0.000000,41.721661,0.000000,134.213623,0.000000,115.781494,0.000000,148.067429,0.000000,0.000000,0.000000,0.000000,0.000000,0.000000,0.000000,0.000000,0.000000,0.000000,1.848390,0.000000,0.000000,0.000000,0.000000,32.679134,0.000000,0.000000,0.000000,0.000000
63,0,A,0.000000,0.000000,0.000000,0.000000,0.000000,0.000000,0.000000,0.000000,0.000000,68.482651,323.717560,0.000000,0.000000,0.000000,293.008728,0.000000,0.000000,0.000000,0.000000,0.000000,0.000000,0.000000,0.000000,0.000000,0.000000,265.610138,0.000000,0.000000,44.150505,0.000000,113.470062,0.000000,52.222023,125.711761,0.000000,27.954454,0.000000,0.000000,0.000000,0.000000,0.000000,0.000000,0.000000,116.090240,95.413437,0.000000,0.000000,87.072662
64,4,E,0.000000,0.000000,0.000000,0.000000,0.000000,0.000000,0.000000,0.000000,0.000000,0.000000,289.939362,0.000000,0.000000,0.000000,153.577240,0.000000,0.000000,0.000000,0.000000,0.000000,0.000000,81.555214,0.000000,0.000000,0.000000,66.147293,0.000000,179.858948,19.938019,0.000000,0.000000,0.000000,28.134310,84.700829,0.000000,0.000000,0.000000,64.086571,6.527840,29.561403,0.000000,0.000000,0.000000,66.031731,0.093902,0.000000,0.000000,92.147697
65,4,E,0.000000,0.000000,0.000000,0.000000,0.000000,0.000000,0.000000,0.000000,0.000000,6.467889,132.058655,0.000000,0.000000,0.000000,85.567154,0.000000,0.000000,0.000000,0.000000,0.000000,0.000000,233.620392,0.000000,117.167213,0.000000,90.592712,0.000000,225.596024,0.000000,0.000000,21.113718,0.000000,0.000000,31.094240,0.000000,10.595691,0.000000,81.006966,6.176076,0.000000,0.000000,0.000000,0.000000,40.267834,0.000000,0.000000,0.000000,39.639114
66,1,B,0.000000,0.000000,279.505676,0.000000,0.000000,0.000000,0.000000,0.000000,0.000000,0.000000,12.093090,0.000000,0.000000,0.000000,0.000000,0.000000,0.000000,0.000000,0.000000,0.000000,0.000000,223.481964,0.000000,299.088806,0.000000,0.000000,0.000000,355.601105,0.000000,0.000000,0.000000,0.000000,0.000000,0.000000,0.000000,0.000000,0.000000,103.638870,0.000000,0.000000,0.000000,0.000000,0.000000,13.626165,0.000000,0.000000,0.000000,0.000000
67,1,B,0.000000,0.000000,310.103668,0.000000,0.000000,0.000000,0.000000,0.000000,0.000000,85.290306,12.779148,0.000000,0.000000,0.000000,0.000000,0.000000,0.000000,0.000000,0.000000,0.000000,0.000000,175.138550,0.000000,284.766846,0.000000,0.000000,0.000000,296.002228,0.000000,0.000000,0.000000,0.000000,0.000000,0.000000,0.000000,0.000000,0.000000,81.595673,0.000000,0.000000,0.000000,0.000000,0.000000,21.619663,0.000000,0.000000,0.000000,0.000000
68,2,C,0.000000,0.000000,259.446991,0.000000,0.000000,0.000000,0.000000,0.000000,0.000000,289.828949,0.000000,0.000000,0.000000,0.000000,61.948994,0.000000,0.000000,0.000000,0.000000,0.000000,0.000000,46.017776,0.000000,149.085373,0.000000,86.187431,0.000000,139.493210,0.000000,0.000000,3.907741,0.000000,0.000000,0.000000,0.000000,0.000000,0.000000,2.339087,3.195271,0.000000,0.000000,0.000000,0.000000,40.717567,0.000000,0.000000,0.000000,0.000000
69,1,B,0.000000,0.000000,275.829834,0.000000,0.000000,0.000000,0.000000,0.000000,0.000000,72.993538,17.256710,0.000000,0.000000,0.000000,0.000000,0.000000,0.000000,0.000000,0.000000,0.000000,0.000000,205.768784,0.000000,288.954529,0.000000,0.000000,0.000000,313.448456,0.000000,0.000000,0.000000,0.000000,0.000000,0.000000,0.000000,0.000000,0.000000,91.004250,4.291075,0.000000,0.000000,0.000000,0.000000,21.158159,0.000000,0.000000,0.000000,0.000000
70,2,C,0.000000,0.000000,242.707230,0.000000,0.000000,0.000000,0.000000,0.000000,0.000000,192.725555,0.000000,0.000000,0.000000,0.000000,36.795876,0.000000,0.000000,18.102915,0.000000,0.000000,0.000000,39.994633,0.000000,160.172821,0.000000,92.511513,0.000000,157.356491,0.000000,0.000000,58.817322,0.000000,0.000000,0.000000,0.000000,0.000000,0.000000,0.408480,0.000000,0.000000,0.000000,0.000000,0.000000,26.527273,0.000000,0.000000,0.000000,0.000000
71,3,D,0.000000,0.000000,0.000000,0.000000,0.000000,0.000000,0.000000,0.000000,0.000000,0.000000,0.000000,0.000000,0.000000,0.000000,0.000000,0.000000,0.000000,0.000000,0.000000,0.000000,0.000000,121.610641,0.000000,77.007454,0.000000,265.573273,0.000000,335.052979,177.472198,0.000000,0.000000,0.000000,0.000000,0.000000,0.000000,0.000000,0.000000,12.522377,0.000000,0.000000,0.000000,0.000000,84.567184,0.000000,0.000000,0.000000,0.000000,0.000000
72,1,B,0.000000,0.000000,207.261871,0.000000,0.000000,0.000000,0.000000,0.000000,0.000000,81.951485,41.623379,0.000000,0.000000,0.000000,11.501402,0.000000,0.000000,82.197952,0.000000,0.000000,0.000000,98.848579,0.000000,147.143585,0.000000,60.306019,0.000000,175.602798,0.000000,0.000000,59.930588,0.000000,0.000000,0.000000,0.000000,0.000000,0.000000,29.865311,0.000000,0.000000,0.000000,0.000000,0.000000,8.590487,0.000000,0.000000,0.000000,0.000000
73,0,A,0.000000,0.000000,0.000000,0.000000,0.000000,0.000000,0.000000,0.000000,0.000000,108.683159,311.543701,0.000000,0.000000,0.000000,295.801331,0.000000,0.000000,0.000000,0.000000,0.000000,0.000000,0.000000,0.000000,0.000000,0.000000,233.555832,0.000000,0.000000,11.809768,0.000000,49.303543,0.000000,66.618713,107.921654,0.000000,27.662304,0.000000,5.343213,0.000000,0.000000,0.000000,0.000000,0.000000,114.681381,83.527878,0.000000,0.000000,87.391335
74,1,B,0.000000,0.000000,279.621765,0.000000,0.000000,0.000000,0.000000,0.000000,0.000000,138.310074,0.000000,0.000000,0.000000,0.000000,0.000000,0.000000,0.000000,0.000000,0.000000,0.000000,0.000000,161.795624,0.000000,265.821014,0.000000,0.000000,0.000000,268.107391,0.000000,0.000000,0.000000,0.000000,0.000000,0.000000,0.000000,0.000000,0.000000,68.614601,8.611910,0.000000,0.000000,0.000000,0.000000,23.083485,0.000000,0.000000,0.000000,0.000000
75,1,B,0.000000,0.000000,279.629028,0.000000,0.000000,0.000000,0.000000,0.000000,0.000000,34.818848,22.648787,0.000000,0.000000,0.000000,0.000000,0.000000,0.000000,0.000000,0.000000,0.000000,0.000000,214.293365,0.000000,300.636200,0.000000,0.000000,0.000000,329.758148,0.000000,0.000000,0.000000,0.000000,0.000000,0.000000,0.000000,0.000000,0.000000,99.228546,0.000000,0.000000,0.000000,0.000000,0.000000,19.261686,0.000000,0.000000,0.000000,0.000000
76,3,D,0.000000,0.000000,0.000000,0.000000,0.000000,0.000000,0.000000,0.000000,0.000000,0.000000,0.000000,0.000000,0.000000,0.000000,0.000000,0.000000,0.000000,0.000000,0.000000,0.000000,0.000000,123.075180,0.000000,55.305222,0.000000,286.274414,0.000000,325.846954,200.226120,0.000000,0.000000,0.000000,0.000000,0.000000,0.000000,0.000000,0.000000,4.533587,0.000000,0.000000,0.000000,0.000000,88.384354,0.000000,0.000000,0.000000,0.000000,0.000000
77,3,D,0.000000,0.000000,0.000000,0.000000,0.000000,0.000000,0.000000,0.000000,0.000000,0.000000,14.966265,0.000000,0.000000,0.000000,0.000000,0.000000,0.000000,0.000000,0.000000,0.000000,0.000000,208.770050,0.000000,62.463547,0.000000,230.791367,0.000000,314.762024,148.431244,0.000000,50.344727,0.000000,0.000000,0.000000,0.000000,0.000000,0.000000,22.148216,0.000000,0.000000,0.000000,0.000000,67.378540,0.000000,0.000000,0.000000,0.000000,0.000000
78,1,B,0.000000,0.000000,213.753494,0.000000,0.000000,0.000000,0.000000,0.000000,0.000000,0.000000,16.489115,0.000000,0.000000,0.000000,0.000000,0.000000,0.000000,83.563660,0.000000,0.000000,0.000000,224.992996,0.000000,290.600861,0.000000,0.000000,0.000000,360.266785,0.000000,0.000000,0.000000,0.000000,0.000000,0.000000,0.000000,0.000000,0.000000,105.192543,0.000000,0.000000,0.000000,0.000000,3.893928,0.000000,0.000000,0.000000,0.000000,0.000000
79,2,C,0.000000,0.000000,240.641068,0.000000,0.000000,0.000000,0.000000,0.000000,0.000000,243.952133,0.187029,0.000000,0.000000,0.000000,53.297340,0.000000,0.000000,20.704111,0.000000,0.000000,0.000000,61.510143,0.000000,153.868256,0.000000,68.652222,0.000000,139.011917,0.000000,0.000000,37.779461,0.000000,0.000000,0.000000,0.000000,0.000000,0.000000,3.789408,0.000000,0.000000,0.000000,0.000000,0.000000,34.841568,0.000000,0.000000,0.000000,0.000000
80,4,E,0.000000,0.000000,0.000000,0.000000,0.000000,0.000000,0.000000,0.000000,0.000000,150.004807,224.852310,0.000000,0.000000,0.000000,187.384232,0.000000,0.000000,0.000000,0.000000,0.000000,0.000000,66.570793,0.000000,81.729195,0.000000,71.787132,0.000000,39.152382,0.000000,0.000000,5.093823,0.000000,55.967346,68.476448,0.000000,13.716323,0.000000,39.124817,16.738337,0.000000,0.000000,0.000000,0.000000,89.384567,0.000000,0.000000,0.000000,76.977180
81,0,A,0.000000,0.000000,0.000000,0.000000,0.000000,0.000000,0.000000,0.000000,0.000000,0.000000,80.762558,0.000000,0.000000,0.000000,78.726601,0.000000,0.000000,0.000000,0.000000,0.000000,0.000000,194.770859,0.000000,77.873833,0.000000,240.888382,0.000000,181.528366,243.644028,0.000000,65.234718,0.000000,0.000000,27.536224,0.000000,0.000000,0.000000,3.406155,0.000000,0.000000,0.000000,0.000000,24.857079,32.974117,0.000000,0.000000,0.000000,0.000000
82,2,C,0.000000,0.000000,251.159622,0.000000,0.000000,0.000000,0.000000,0.000000,0.000000,302.983124,0.000000,0.000000,0.000000,0.000000,73.746040,0.000000,0.000000,0.000000,0.000000,0.000000,0.000000,50.800812,0.000000,150.567062,0.000000,89.091072,0.000000,142.869720,0.000000,0.000000,0.000000,0.000000,0.000000,0.000000,0.000000,0.000000,0.000000,2.994989,7.810769,0.000000,0.000000,0.000000,0.000000,43.892002,0.000000,0.000000,0.000000,0.000000
83,1,B,0.000000,0.000000,238.011475,0.000000,0.000000,0.000000,0.000000,0.000000,0.000000,186.247894,40.139992,0.000000,0.000000,0.000000,79.107559,0.000000,0.000000,38.807838,0.000000,0.000000,0.000000,64.506546,0.000000,133.039825,0.000000,34.695023,0.000000,124.656448,0.000000,0.000000,56.407127,0.000000,0.000000,6.450579,0.000000,0.000000,0.000000,9.593179,0.000000,0.000000,0.000000,0.000000,0.000000,40.500816,0.000000,0.000000,0.000000,0.000000
84,2,C,0.000000,0.000000,253.605484,0.000000,0.000000,0.000000,0.000000,0.000000,0.000000,230.614822,0.000000,0.000000,0.000000,0.000000,58.656330,0.000000,0.000000,0.000000,0.000000,0.000000,0.000000,44.503700,0.000000,157.139633,0.000000,80.597534,0.000000,146.649155,0.000000,0.000000,16.323484,0.000000,0.000000,0.000000,0.000000,0.000000,0.000000,6.340407,0.000000,0.000000,0.000000,0.000000,0.000000,36.298981,0.000000,0.000000,0.000000,0.000000
85,4,E,0.000000,0.000000,0.000000,0.000000,0.000000,0.000000,0.000000,0.000000,0.000000,149.727539,229.084976,0.000000,0.000000,0.000000,158.381592,0.000000,0.000000,0.000000,0.000000,0.000000,0.000000,42.059132,0.000000,36.987778,0.000000,109.418694,0.000000,82.415924,0.000000,0.000000,81.647835,0.000000,42.757061,78.896385,0.000000,22.933048,0.000000,13.922029,0.000000,0.000000,0.000000,0.000000,0.000000,79.375526,5.814097,0.000000,0.000000,73.882416
86,0,A,0.000000,0.000000,163.436752,0.000000,0.000000,0.000000,0.000000,0.000000,0.000000,218.503189,64.537033,0.000000,0.000000,0.000000,123.867508,0.000000,0.000000,46.338486,0.000000,0.000000,0.000000,55.998772,0.000000,96.415245,0.000000,118.165649,0.000000,88.909874,0.000000,0.000000,69.385307,0.000000,0.000000,11.903397,0.000000,0.000000,0.000000,0.000000,0.000000,0.000000,0.000000,0.000000,0.000000,51.304813,0.000000,0.000000,0.000000,0.000000
87,1,B,0.000000,0.000000,272.258698,0.000000,0.000000,0.000000,0.000000,0.000000,0.000000,31.256071,21.340899,0.000000,0.000000,0.000000,0.000000,0.000000,0.000000,0.000000,0.000000,0.000000,0.000000,220.523605,0.000000,301.104309,0.000000,0.000000,0.000000,338.864929,0.000000,0.000000,0.000000,0.000000,0.000000,0.000000,0.000000,0.000000,0.000000,101.228683,0.393602,0.000000,0.000000,0.000000,0.000000,18.339375,0.000000,0.000000,0.000000,0.000000
88,4,E,0.000000,0.000000,0.000000,0.000000,0.000000,0.000000,0.000000,0.000000,0.000000,113.932968,175.199951,0.000000,0.000000,0.000000,72.042259,0.000000,0.000000,0.000000,0.000000,0.000000,0.000000,86.523689,0.000000,260.527435,0.000000,103.510895,0.000000,91.279373,0.000000,0.000000,0.000000,0.000000,9.443908,36.078030,0.000000,42.413750,0.000000,67.001373,9.939516,0.000000,0.000000,0.000000,0.000000,62.876335,0.000000,0.000000,0.000000,55.642105
89,1,B,0.000000,0.000000,334.404297,0.000000,0.000000,0.000000,0.000000,0.000000,0.000000,69.998566,12.819758,0.000000,0.000000,0.000000,0.000000,0.000000,0.000000,0.000000,0.000000,0.000000,0.000000,158.442383,0.000000,280.721161,0.000000,0.000000,0.000000,292.558563,0.000000,0.000000,32.723465,0.000000,0.000000,0.000000,0.000000,0.000000,0.000000,71.566605,0.000000,0.000000,0.000000,0.000000,0.000000,21.887043,0.000000,0.000000,0.000000,0.000000
90,2,C,0.000000,0.000000,208.936523,0.000000,0.000000,0.000000,0.000000,0.000000,0.000000,131.361176,0.000000,0.000000,0.000000,0.000000,0.000000,0.000000,0.000000,15.404436,0.000000,0.000000,0.000000,55.401012,0.000000,159.395584,0.000000,139.942154,0.000000,209.055695,0.000000,0.000000,43.735329,0.000000,0.000000,0.000000,0.000000,0.000000,0.000000,13.184262,0.000000,0.000000,0.000000,0.000000,0.000000,8.677387,0.000000,0.000000,0.000000,0.000000
91,0,A,0.000000,0.000000,196.835770,0.000000,0.000000,0.000000,0.000000,0.000000,0.000000,86.418274,52.313709,0.000000,0.000000,0.000000,50.657375,0.000000,0.000000,46.204575,0.000000,0.000000,0.000000,75.398972,0.000000,125.494400,0.000000,67.472504,0.000000,141.401932,0.000000,0.000000,99.723061,0.000000,0.000000,14.909327,0.000000,0.000000,0.000000,11.290320,0.000000,0.000000,0.000000,0.000000,0.000000,26.750708,0.000000,0.000000,0.000000,0.000000
92,3,D,0.000000,0.000000,0.000000,0.000000,0.000000,0.000000,0.000000,0.000000,0.000000,64.228706,54.222961,0.000000,0.000000,0.000000,0.000000,0.000000,0.000000,0.000000,0.000000,0.000000,0.000000,136.164368,0.000000,109.684082,0.000000,168.140518,0.000000,276.639801,0.000000,0.000000,0.000000,0.000000,0.000000,0.000000,0.000000,29.783413,0.000000,50.525284,7.566420,0.000000,0.000000,0.000000,34.875633,2.641945,0.000000,0.000000,0.000000,1.437468
93,2,C,0.000000,0.000000,200.037842,0.000000,0.000000,0.000000,0.000000,0.000000,0.000000,108.803322,8.874775,0.000000,0.000000,0.000000,36.998730,0.000000,0.000000,106.356918,0.000000,0.000000,0.000000,84.796730,0.000000,120.664307,0.000000,62.421127,0.000000,148.471802,0.000000,0.000000,32.226429,0.000000,0.000000,0.000000,0.000000,0.000000,0.000000,19.738335,0.000000,0.000000,0.000000,0.000000,0.000000,4.850825,0.000000,0.000000,0.000000,0.000000
94,1,B,0.000000,0.000000,262.539551,0.000000,0.000000,0.000000,0.000000,0.000000,0.000000,61.718670,81.717232,0.000000,0.000000,0.000000,0.000000,0.000000,0.000000,0.000000,0.000000,0.000000,0.000000,161.867294,0.000000,223.698883,0.000000,0.000000,0.000000,241.136261,0.000000,0.000000,35.853882,0.000000,0.000000,18.238888,0.000000,0.000000,0.000000,73.121552,0.000000,0.000000,0.000000,0.000000,0.000000,29.950491,0.000000,0.000000,0.000000,9.754583
95,1,B,0.000000,0.000000,173.541931,0.000000,0.000000,0.000000,0.000000,0.000000,0.000000,193.670746,90.357086,0.000000,0.000000,0.000000,145.489700,0.000000,0.000000,21.287310,0.000000,0.000000,0.000000,77.791512,0.000000,113.865814,0.000000,47.488720,0.000000,92.124634,0.000000,0.000000,62.061520,0.000000,0.000000,32.918133,0.000000,0.000000,0.000000,11.454571,0.000000,0.000000,0.000000,0.000000,0.000000,66.131844,0.000000,0.000000,0.000000,15.889739
96,4,E,0.000000,0.000000,0.000000,0.000000,0.000000,0.000000,0.000000,0.000000,0.000000,72.305176,233.280380,0.000000,0.000000,0.000000,2.653622,0.000000,0.000000,0.000000,0.000000,0.000000,0.000000,187.120514,0.000000,124.984131,0.000000,108.638962,0.000000,216.120224,0.000000,0.000000,0.000000,0.000000,0.000000,41.724186,0.000000,36.827229,0.000000,90.322067,24.168749,2.647848,0.000000,0.000000,0.000000,39.531929,0.000000,0.000000,0.000000,69.470177
97,0,A,0.000000,0.000000,214.614960,0.000000,0.000000,0.000000,0.000000,0.000000,0.000000,66.919754,45.277874,0.000000,0.000000,0.000000,43.241585,0.000000,0.000000,58.731335,0.000000,0.000000,0.000000,91.019447,0.000000,122.377228,0.000000,51.216465,0.000000,147.903427,0.000000,0.000000,86.169624,0.000000,0.000000,7.797203,0.000000,0.000000,0.000000,18.719355,0.000000,0.000000,0.000000,0.000000,0.000000,20.619783,0.000000,0.000000,0.000000,0.000000
98,4,E,0.000000,0.000000,0.000000,0.000000,0.000000,0.000000,0.000000,0.000000,0.000000,9.403663,127.082397,0.000000,0.000000,0.000000,94.558144,0.000000,0.000000,0.000000,0.000000,0.000000,0.000000,253.728821,0.000000,101.968216,0.000000,181.020889,0.000000,241.060699,0.000000,0.000000,0.000000,0.000000,0.000000,19.056028,0.000000,21.258425,0.000000,80.425804,0.801044,0.000000,0.000000,0.000000,0.000000,36.801033,0.000000,0.000000,0.000000,26.771051
99,0,A,0.000000,0.000000,0.000000,0.000000,0.000000,0.000000,0.000000,0.000000,0.000000,186.226974,264.251312,0.000000,0.000000,0.000000,288.274017,0.000000,0.000000,0.000000,0.000000,0.000000,0.000000,0.000000,0.000000,0.000000,0.000000,269.614929,0.000000,0.000000,0.000000,0.000000,17.809641,0.000000,64.212311,80.462189,0.000000,35.164326,0.000000,0.000000,0.000000,0.000000,0.000000,0.000000,0.000000,108.867462,81.881729,0.000000,0.000000,68.476784
100,4,E,0.000000,0.000000,0.000000,0.000000,0.000000,0.000000,0.000000,0.000000,0.000000,268.876465,210.656265,0.000000,0.000000,0.000000,0.000000,0.000000,0.000000,0.000000,0.000000,0.000000,0.000000,0.000000,0.000000,92.965134,0.000000,45.451710,0.000000,212.434738,0.000000,0.000000,0.000000,0.000000,24.639629,31.385096,0.000000,32.534946,0.000000,38.018410,56.549458,13.674877,0.000000,0.000000,0.000000,41.518898,0.000000,0.000000,0.000000,71.444763
101,1,B,0.000000,0.000000,248.272232,0.000000,0.000000,0.000000,0.000000,0.000000,0.000000,29.282866,11.180593,0.000000,0.000000,0.000000,0.000000,0.000000,0.000000,0.000000,0.000000,0.000000,0.000000,169.440567,0.000000,251.294662,0.000000,0.000000,0.000000,288.893402,0.000000,0.000000,7.972051,0.000000,0.000000,0.000000,0.000000,0.000000,0.000000,78.970482,0.000000,0.000000,0.000000,0.000000,0.000000,14.331148,0.000000,0.000000,0.000000,0.000000
102,2,C,0.000000,0.000000,257.841675,0.000000,0.000000,0.000000,0.000000,0.000000,0.000000,333.594452,0.000000,0.000000,0.000000,0.000000,78.588348,0.000000,0.000000,0.000000,0.000000,0.000000,0.000000,41.991920,0.000000,150.800049,0.000000,82.202332,0.000000,138.950577,0.000000,0.000000,0.000000,0.000000,0.000000,0.000000,0.000000,0.000000,0.000000,0.000000,12.328573,0.000000,0.000000,0.000000,0.000000,47.432392,0.000000,0.000000,0.000000,0.000000
103,3,D,0.000000,0.000000,0.000000,0.000000,0.000000,0.000000,0.000000,0.000000,0.000000,0.000000,0.000000,0.000000,0.000000,0.000000,0.000000,0.000000,0.000000,0.000000,0.000000,0.000000,0.000000,100.024208,0.000000,56.060883,0.000000,289.297668,0.000000,299.925476,153.086914,0.000000,0.000000,0.000000,0.000000,0.000000,0.000000,0.155692,0.000000,4.995171,0.000000,0.000000,0.000000,0.000000,84.223495,0.000000,0.000000,0.000000,0.000000,0.000000
104,1,B,0.000000,0.000000,239.399475,0.000000,0.000000,0.000000,0.000000,0.000000,0.000000,0.000000,17.675968,0.000000,0.000000,0.000000,0.000000,0.000000,0.000000,0.000000,0.000000,0.000000,0.000000,202.965622,0.000000,271.340820,0.000000,0.000000,0.000000,324.998779,0.000000,0.000000,0.000000,0.000000,0.000000,0.000000,0.000000,0.000000,0.000000,95.540962,0.000000,0.000000,0.000000,0.000000,0.000000,12.926530,0.000000,0.000000,0.000000,0.000000
105,1,B,0.000000,0.000000,283.112457,0.000000,0.000000,0.000000,0.000000,0.000000,0.000000,59.359352,12.265424,0.000000,0.000000,0.000000,0.000000,0.000000,0.000000,0.000000,0.000000,0.000000,0.000000,204.084106,0.000000,287.517151,0.000000,0.000000,0.000000,324.967285,0.000000,0.000000,0.000000,0.000000,0.000000,0.000000,0.000000,0.000000,0.000000,91.562698,1.559151,0.000000,0.000000,0.000000,0.000000,18.573971,0.000000,0.000000,0.000000,0.000000
106,1,B,0.000000,0.000000,254.161987,0.000000,0.000000,0.000000,0.000000,0.000000,0.000000,39.784084,0.000000,0.000000,0.000000,0.000000,0.000000,0.000000,0.000000,0.000000,0.000000,0.000000,0.000000,202.133026,0.000000,270.848053,0.000000,0.000000,0.000000,309.955200,0.000000,0.000000,0.000000,0.000000,0.000000,0.000000,0.000000,0.000000,0.000000,87.821693,1.052411,0.000000,0.000000,0.000000,0.000000,14.537474,0.000000,0.000000,0.000000,0.000000
107,3,D,0.000000,0.000000,0.000000,0.000000,0.000000,0.000000,0.000000,0.000000,0.000000,0.000000,0.000000,0.000000,0.000000,0.000000,0.000000,0.000000,0.000000,0.000000,0.000000,0.000000,0.000000,101.340004,0.000000,53.762089,0.000000,298.158295,0.000000,302.467743,162.695282,0.000000,0.000000,0.000000,0.000000,0.000000,0.000000,0.000000,0.000000,3.131236,0.000000,0.000000,0.000000,0.000000,86.463707,0.000000,0.000000,0.000000,0.000000,0.000000
108,1,B,0.000000,0.000000,195.497147,0.000000,0.000000,0.000000,0.000000,0.000000,0.000000,28.420120,14.900458,0.000000,0.000000,0.000000,0.000000,0.000000,0.000000,61.234173,0.000000,0.000000,0.000000,137.862610,0.000000,144.610214,0.000000,59.181141,0.000000,185.931747,0.000000,0.000000,55.242218,0.000000,0.000000,0.000000,0.000000,0.000000,0.000000,38.494938,0.000000,0.000000,0.000000,0.000000,0.000000,2.245689,0.000000,0.000000,0.000000,0.000000
109,4,E,0.000000,0.000000,0.000000,0.000000,0.000000,0.000000,0.000000,0.000000,0.000000,93.006340,222.513168,0.000000,0.000000,0.000000,73.182785,0.000000,0.000000,0.000000,0.000000,0.000000,0.000000,58.574306,0.000000,0.000000,0.000000,166.315430,0.000000,109.849442,0.000000,0.000000,9.498765,0.000000,22.047262,50.203831,0.000000,34.093369,0.000000,31.602219,0.000000,5.843493,0.000000,0.000000,0.000000,46.529713,18.931622,0.000000,0.000000,58.625580
110,1,B,0.000000,0.000000,267.106354,0.000000,0.000000,0.000000,0.000000,0.000000,0.000000,0.000000,29.775789,0.000000,0.000000,0.000000,0.000000,0.000000,0.000000,0.000000,0.000000,0.000000,0.000000,237.168915,0.000000,302.943146,0.000000,0.000000,0.000000,378.385132,0.000000,0.000000,0.000000,0.000000,0.000000,0.000000,0.000000,0.000000,0.000000,111.348038,0.000000,0.000000,0.000000,0.000000,0.000000,15.291467,0.000000,0.000000,0.000000,0.000000
111,3,D,0.000000,0.000000,0.000000,0.000000,0.000000,0.000000,0.000000,0.000000,0.000000,0.000000,0.000000,0.000000,0.000000,0.000000,0.000000,0.000000,0.000000,0.000000,0.000000,0.000000,0.000000,126.103745,0.000000,84.215172,0.000000,263.694275,0.000000,330.752533,163.912415,0.000000,0.000000,0.000000,0.000000,0.000000,0.000000,0.000000,0.000000,15.962941,0.000000,0.000000,0.000000,0.000000,83.523125,0.000000,0.000000,0.000000,0.000000,0.000000
112,4,E,0.000000,0.000000,0.000000,0.000000,0.000000,0.000000,0.000000,0.000000,0.000000,0.000000,193.360870,0.000000,0.000000,0.000000,266.388794,0.000000,0.000000,0.000000,0.000000,0.000000,0.000000,147.254730,0.000000,134.750992,0.000000,28.778292,0.000000,117.419197,108.822975,0.000000,143.928619,0.000000,2.069794,108.148712,0.000000,0.000000,0.000000,28.254545,0.000000,0.000000,0.000000,0.000000,0.000000,103.713463,0.000000,34.166077,0.000000,71.361282
113,3,D,0.000000,0.000000,0.000000,0.000000,0.000000,0.000000,0.000000,0.000000,0.000000,0.000000,0.000000,0.000000,0.000000,0.000000,0.000000,0.000000,0.000000,0.000000,0.000000,0.000000,0.000000,127.138092,0.000000,88.010689,0.000000,226.274384,0.000000,345.708374,29.414497,0.000000,0.000000,0.000000,0.000000,0.000000,0.000000,21.098347,0.000000,39.127316,0.000000,0.000000,0.000000,0.000000,71.134460,0.000000,0.000000,0.000000,0.000000,0.000000
114,1,B,0.000000,0.000000,234.982880,0.000000,0.000000,0.000000,0.000000,0.000000,0.000000,100.385773,0.000000,0.000000,0.000000,0.000000,22.272076,0.000000,0.000000,68.395996,0.000000,0.000000,0.000000,61.921593,0.000000,129.238266,0.000000,66.264847,0.000000,153.563568,0.000000,0.000000,72.372711,0.000000,0.000000,0.000000,0.000000,0.000000,0.000000,7.032926,0.000000,0.000000,0.000000,0.000000,0.000000,8.196363,0.000000,0.000000,0.000000,0.000000
115,3,D,0.000000,0.000000,0.000000,0.000000,0.000000,0.000000,0.000000,0.000000,0.000000,4.969343,40.951225,0.000000,0.000000,0.000000,0.000000,0.000000,0.000000,0.000000,0.000000,0.000000,0.000000,138.286667,0.000000,79.968285,0.000000,196.516663,0.000000,284.658264,45.023067,0.000000,0.000000,0.000000,0.000000,0.000000,0.000000,17.170088,0.000000,41.849743,0.000000,0.000000,0.000000,0.000000,51.117836,0.000000,0.000000,0.000000,0.000000,0.000000
116,3,D,0.000000,0.000000,0.000000,0.000000,0.000000,0.000000,0.000000,0.000000,0.000000,0.000000,0.000000,0.000000,0.000000,0.000000,0.000000,0.000000,0.000000,0.000000,0.000000,0.000000,0.000000,100.144196,0.000000,57.642834,0.000000,295.809662,0.000000,298.030609,138.820496,0.000000,0.000000,0.000000,0.000000,0.000000,0.000000,5.157611,0.000000,6.589419,0.000000,0.000000,0.000000,0.000000,84.590622,0.000000,0.000000,0.000000,0.000000,0.000000
117,0,A,0.000000,0.000000,0.000000,0.000000,0.000000,0.000000,0.000000,0.000000,0.000000,96.652512,346.886292,0.000000,0.000000,0.000000,290.374207,0.000000,0.000000,0.000000,0.000000,0.000000,0.000000,0.000000,0.000000,0.000000,0.000000,255.709137,0.000000,0.000000,7.054512,0.000000,8.438451,0.000000,71.793808,107.234207,0.000000,34.086590,0.000000,20.454256,0.000000,0.000000,0.000000,0.000000,0.000000,114.940590,89.880272,0.000000,0.000000,95.173958
118,4,E,0.000000,0.000000,0.000000,0.000000,0.000000,0.000000,0.000000,0.000000,0.000000,0.000000,212.463181,0.000000,0.000000,0.000000,116.009727,0.000000,0.000000,0.000000,0.000000,0.000000,0.000000,192.522812,0.000000,172.972092,0.000000,19.556536,0.000000,156.348297,0.000000,0.000000,0.000000,0.000000,11.785274,60.215782,0.000000,8.285192,0.000000,99.052055,19.671999,0.000000,0.000000,0.000000,0.000000,66.040001,0.000000,4.598909,0.000000,75.964317
119,2,C,0.000000,0.000000,269.772614,0.000000,0.000000,0.000000,0.000000,0.000000,0.000000,311.731171,0.000000,0.000000,0.000000,0.000000,74.541756,0.000000,0.000000,0.000000,0.000000,0.000000,0.000000,35.887077,0.000000,151.480301,0.000000,88.381264,0.000000,135.945419,0.000000,0.000000,12.313297,0.000000,0.000000,0.000000,0.000000,0.000000,0.000000,0.000000,0.279437,0.000000,0.000000,0.000000,0.000000,45.616417,0.000000,0.000000,0.000000,0.000000
120,1,B,0.000000,0.000000,295.053528,0.000000,0.000000,0.000000,0.000000,0.000000,0.000000,77.154434,20.928616,0.000000,0.000000,0.000000,0.000000,0.000000,0.000000,0.000000,0.000000,0.000000,0.000000,191.566681,0.000000,283.213379,0.000000,0.000000,0.000000,303.852295,0.000000,0.000000,0.000000,0.000000,0.000000,0.000000,0.000000,0.000000,0.000000,87.059372,0.925897,0.000000,0.000000,0.000000,0.000000,22.011829,0.000000,0.000000,0.000000,0.000000
121,2,C,0.000000,0.000000,208.409836,0.000000,0.000000,0.000000,0.000000,0.000000,0.000000,98.716232,0.000000,0.000000,0.000000,0.000000,7.941335,0.000000,0.000000,2.123460,0.000000,0.000000,0.000000,93.715736,0.000000,146.604126,0.000000,122.973709,0.000000,192.508469,0.000000,0.000000,65.137108,0.000000,0.000000,0.000000,0.000000,0.000000,0.000000,15.794248,0.000000,0.000000,0.000000,0.000000,0.000000,13.885845,0.000000,0.000000,0.000000,0.000000
122,3,D,0.000000,0.000000,132.645737,0.000000,0.000000,0.000000,0.000000,0.000000,0.000000,85.593216,0.000000,0.000000,0.000000,0.000000,0.000000,0.000000,0.000000,10.009019,0.000000,0.000000,0.000000,103.801201,0.000000,128.062424,0.000000,236.940170,0.000000,244.501892,0.000000,0.000000,0.000000,0.000000,0.000000,0.000000,0.000000,0.717699,0.000000,27.445812,0.000000,0.000000,0.000000,0.000000,27.081303,0.000000,0.000000,0.000000,0.000000,0.000000
123,2,C,0.000000,0.000000,133.646133,0.000000,0.000000,0.000000,0.000000,0.000000,0.000000,390.527130,0.000000,0.000000,0.000000,0.000000,90.151329,0.000000,0.000000,2.916215,0.000000,0.000000,0.000000,29.358723,0.000000,103.364983,0.000000,151.416763,0.000000,131.782333,0.000000,0.000000,0.000000,0.000000,0.000000,0.000000,0.000000,0.000000,0.000000,0.000000,25.321745,0.000000,0.000000,0.000000,0.000000,45.861420,0.000000,0.000000,0.000000,0.000000
124,1,B,0.000000,0.000000,321.805786,0.000000,0.000000,0.000000,0.000000,0.000000,0.000000,36.055267,0.000000,0.000000,0.000000,0.000000,0.000000,0.000000,0.000000,0.000000,0.000000,0.000000,0.000000,181.826828,0.000000,286.506317,0.000000,0.000000,0.000000,313.031647,0.000000,0.000000,0.000000,0.000000,0.000000,0.000000,0.000000,0.000000,0.000000,85.999115,0.000000,0.000000,0.000000,0.000000,0.000000,15.550788,0.000000,0.000000,0.000000,0.000000
125,1,B,0.000000,0.000000,243.093140,0.000000,0.000000,0.000000,0.000000,0.000000,0.000000,23.776869,11.999182,0.000000,0.000000,0.000000,0.000000,0.000000,0.000000,0.000000,0.000000,0.000000,0.000000,171.116333,0.000000,250.603546,0.000000,0.000000,0.000000,290.376648,0.000000,0.000000,5.589150,0.000000,0.000000,0.000000,0.000000,0.000000,0.000000,80.463951,0.000000,0.000000,0.000000,0.000000,0.000000,13.740874,0.000000,0.000000,0.000000,0.000000
126,2,C,0.000000,0.000000,248.216156,0.000000,0.000000,0.000000,0.000000,0.000000,0.000000,143.559738,0.000000,0.000000,0.000000,0.000000,0.000000,0.000000,0.000000,22.642210,0.000000,0.000000,0.000000,80.138702,0.000000,160.365494,0.000000,86.634064,0.000000,186.700760,0.000000,0.000000,57.637207,0.000000,0.000000,0.000000,0.000000,0.000000,0.000000,15.271664,0.000000,0.000000,0.000000,0.000000,0.000000,14.095982,0.000000,0.000000,0.000000,0.000000
127,2,C,0.000000,0.000000,250.967453,0.000000,0.000000,0.000000,0.000000,0.000000,0.000000,336.117279,0.000000,0.000000,0.000000,0.000000,84.800858,0.000000,0.000000,0.000000,0.000000,0.000000,0.000000,40.436214,0.000000,133.952820,0.000000,107.017807,0.000000,131.506424,0.000000,0.000000,0.000000,0.000000,0.000000,0.000000,0.000000,0.000000,0.000000,0.000000,8.631587,0.000000,0.000000,0.000000,0.000000,47.402405,0.000000,0.000000,0.000000,0.000000
128,4,E,0.000000,0.000000,0.000000,0.000000,0.000000,0.000000,0.000000,0.000000,0.000000,207.451645,220.667526,0.000000,0.000000,0.000000,17.129364,0.000000,0.000000,0.000000,0.000000,0.000000,0.000000,0.000000,0.000000,58.709709,0.000000,26.319460,0.000000,185.687485,0.000000,0.000000,15.714890,0.000000,29.565540,45.329399,0.000000,24.608959,0.000000,35.571335,41.929855,18.662947,0.000000,0.000000,0.000000,43.010014,0.000000,0.000000,0.000000,76.086975
129,1,B,0.000000,0.000000,259.730347,0.000000,0.000000,0.000000,0.000000,0.000000,0.000000,0.000000,12.505017,0.000000,0.000000,0.000000,0.000000,0.000000,0.000000,0.000000,0.000000,0.000000,0.000000,235.787964,0.000000,305.166779,0.000000,0.000000,0.000000,361.621552,0.000000,0.000000,0.000000,0.000000,0.000000,0.000000,0.000000,0.000000,0.000000,107.378731,0.000000,0.000000,0.000000,0.000000,0.000000,13.859556,0.000000,0.000000,0.000000,0.000000
130,0,A,0.000000,0.000000,212.316544,0.000000,0.000000,0.000000,0.000000,0.000000,0.000000,174.017822,68.368820,0.000000,0.000000,0.000000,60.739342,0.000000,0.000000,0.000000,0.000000,0.000000,0.000000,115.643723,0.000000,162.075195,0.000000,0.000000,0.000000,156.122879,0.000000,0.000000,26.249468,0.000000,0.000000,17.408009,0.000000,0.000000,0.000000,40.260696,4.761710,0.000000,0.000000,0.000000,0.000000,47.554283,0.000000,0.000000,0.000000,12.739622
131,2,C,0.000000,0.000000,243.375351,0.000000,0.000000,0.000000,0.000000,0.000000,0.000000,230.127365,0.000000,0.000000,0.000000,0.000000,56.891815,0.000000,0.000000,0.000000,0.000000,0.000000,0.000000,55.896900,0.000000,160.337631,0.000000,75.537643,0.000000,148.724045,0.000000,0.000000,12.814240,0.000000,0.000000,0.000000,0.000000,0.000000,0.000000,10.278625,0.000000,0.000000,0.000000,0.000000,0.000000,36.232922,0.000000,0.000000,0.000000,0.000000
132,0,A,0.000000,0.000000,0.000000,0.000000,0.000000,0.000000,0.000000,0.000000,0.000000,227.522446,301.061554,0.000000,0.000000,0.000000,332.979828,0.000000,0.000000,0.000000,0.000000,0.000000,0.000000,0.000000,0.000000,0.000000,0.000000,246.657959,0.000000,0.000000,0.000000,0.000000,0.000000,0.000000,83.033737,91.343536,0.000000,28.536156,0.000000,4.500033,0.000000,0.000000,0.000000,0.000000,0.000000,126.800056,78.788940,0.000000,0.000000,85.201126
133,2,C,0.000000,0.000000,232.218658,0.000000,0.000000,0.000000,0.000000,0.000000,0.000000,239.729950,0.000000,0.000000,0.000000,0.000000,62.577881,0.000000,0.000000,0.000000,0.000000,0.000000,0.000000,37.907837,0.000000,152.244919,0.000000,100.144798,0.000000,141.184677,0.000000,0.000000,8.728004,0.000000,0.000000,0.000000,0.000000,0.000000,0.000000,3.827307,0.000000,0.000000,0.000000,0.000000,0.000000,36.191643,0.000000,0.000000,0.000000,0.000000
134,2,C,0.000000,0.000000,257.736969,0.000000,0.000000,0.000000,0.000000,0.000000,0.000000,328.960632,0.000000,0.000000,0.000000,0.000000,73.787529,0.000000,0.000000,0.000000,0.000000,0.000000,0.000000,33.149387,0.000000,133.175369,0.000000,109.333656,0.000000,134.995651,0.000000,0.000000,0.000000,0.000000,0.000000,0.000000,0.000000,0.000000,0.000000,0.000000,6.151285,0.000000,0.000000,0.000000,0.000000,43.916283,0.000000,0.000000,0.000000,0.000000
135,3,D,0.000000,0.000000,0.000000,0.000000,0.000000,0.000000,0.000000,0.000000,0.000000,45.806892,0.000000,0.000000,0.000000,0.000000,0.000000,0.000000,0.000000,0.000000,0.000000,0.000000,0.000000,59.424412,0.000000,56.234249,0.000000,313.474030,0.000000,257.872467,120.879723,0.000000,0.000000,0.000000,0.000000,0.000000,0.000000,16.878473,0.000000,0.000000,0.000000,0.000000,0.000000,0.000000,78.928703,0.000000,0.000000,0.000000,0.000000,0.000000
136,4,E,0.000000,0.000000,0.000000,0.000000,0.000000,0.000000,0.000000,0.000000,0.000000,72.354843,329.017517,0.000000,0.000000,0.000000,130.665543,0.000000,0.000000,0.000000,0.000000,0.000000,0.000000,60.642597,0.000000,41.734211,0.000000,0.000000,0.000000,182.024124,0.000000,0.000000,0.000000,0.000000,50.697411,92.919708,0.000000,5.379611,0.000000,74.969147,34.539951,38.708294,0.000000,0.000000,0.000000,75.412453,0.000000,0.000000,0.000000,115.384727
137,1,B,0.000000,0.000000,204.518829,0.000000,0.000000,0.000000,0.000000,0.000000,0.000000,10.458034,53.794525,0.000000,0.000000,0.000000,6.450691,0.000000,0.000000,61.395477,0.000000,0.000000,0.000000,98.485077,0.000000,131.952637,0.000000,66.450081,0.000000,169.409210,0.000000,0.000000,113.781273,0.000000,0.000000,11.661964,0.000000,0.000000,0.000000,22.851530,0.000000,0.000000,0.000000,0.000000,0.000000,9.549592,0.000000,0.000000,0.000000,0.000000
138,1,B,0.000000,0.000000,282.891052,0.000000,0.000000,0.000000,0.000000,0.000000,0.000000,46.229946,0.000000,0.000000,0.000000,0.000000,0.000000,0.000000,0.000000,0.000000,0.000000,0.000000,0.000000,187.849533,0.000000,289.189819,0.000000,0.000000,0.000000,316.496490,0.000000,0.000000,0.000000,0.000000,0.000000,0.000000,0.000000,0.000000,0.000000,87.357857,0.000000,0.000000,0.000000,0.000000,0.000000,15.756591,0.000000,0.000000,0.000000,0.000000
139,4,E,0.000000,0.000000,0.000000,0.000000,0.000000,0.000000,0.000000,0.000000,0.000000,98.281723,175.790833,0.000000,0.000000,0.000000,142.117966,0.000000,0.000000,0.000000,0.000000,0.000000,0.000000,44.033276,0.000000,143.426224,0.000000,90.707100,0.000000,163.232178,0.000000,0.000000,29.028086,0.000000,8.985420,49.983971,0.000000,19.108082,0.000000,43.302097,0.575905,0.000000,0.000000,0.000000,0.000000,63.809143,0.000000,0.000000,0.000000,56.952942
140,2,C,0.000000,0.000000,245.860657,0.000000,0.000000,0.000000,0.000000,0.000000,0.000000,240.781769,0.000000,0.000000,0.000000,0.000000,47.961250,0.000000,0.000000,9.071436,0.000000,0.000000,0.000000,49.008965,0.000000,152.914658,0.000000,85.708664,0.000000,150.033905,0.000000,0.000000,0.000000,0.000000,0.000000,0.000000,0.000000,0.000000,0.000000,9.673453,0.000000,0.000000,0.000000,0.000000,0.000000,31.672018,0.000000,0.000000,0.000000,0.000000
141,0,A,0.000000,0.000000,241.506821,0.000000,0.000000,0.000000,0.000000,0.000000,0.000000,139.230438,32.184326,0.000000,0.000000,0.000000,59.633511,0.000000,0.000000,43.120903,0.000000,0.000000,0.000000,79.082634,0.000000,132.571777,0.000000,22.541796,0.000000,134.985519,0.000000,0.000000,53.777306,0.000000,0.000000,3.010931,0.000000,0.000000,0.000000,17.327084,0.000000,0.000000,0.000000,0.000000,0.000000,31.042572,0.000000,0.000000,0.000000,0.000000
142,1,B,0.000000,0.000000,269.392609,0.000000,0.000000,0.000000,0.000000,0.000000,0.000000,0.000000,17.939445,0.000000,0.000000,0.000000,0.000000,0.000000,0.000000,0.000000,0.000000,0.000000,0.000000,219.865906,0.000000,300.134460,0.000000,0.000000,0.000000,354.002350,0.000000,0.000000,0.000000,0.000000,0.000000,0.000000,0.000000,0.000000,0.000000,104.137390,0.000000,0.000000,0.000000,0.000000,0.000000,14.309498,0.000000,0.000000,0.000000,0.000000
143,3,D,0.000000,0.000000,0.000000,0.000000,0.000000,0.000000,0.000000,0.000000,0.000000,0.000000,0.000000,0.000000,0.000000,0.000000,0.000000,0.000000,0.000000,0.000000,0.000000,0.000000,0.000000,126.127434,0.000000,51.940971,0.000000,290.256592,0.000000,325.522949,195.344284,0.000000,0.000000,0.000000,0.000000,0.000000,0.000000,0.000000,0.000000,4.979092,0.000000,0.000000,0.000000,0.000000,88.839806,0.000000,0.000000,0.000000,0.000000,0.000000
144,1,B,0.000000,0.000000,313.191864,0.000000,0.000000,0.000000,0.000000,0.000000,0.000000,56.571182,0.000000,0.000000,0.000000,0.000000,0.000000,0.000000,0.000000,0.000000,0.000000,0.000000,0.000000,174.110153,0.000000,283.699341,0.000000,0.000000,0.000000,311.012848,0.000000,0.000000,0.000000,0.000000,0.000000,0.000000,0.000000,0.000000,0.000000,82.570030,0.000000,0.000000,0.000000,0.000000,0.000000,16.496975,0.000000,0.000000,0.000000,0.000000
145,3,D,0.000000,0.000000,0.000000,0.000000,0.000000,0.000000,0.000000,0.000000,0.000000,0.000000,0.000000,0.000000,0.000000,0.000000,0.000000,0.000000,0.000000,0.000000,0.000000,0.000000,0.000000,148.227875,0.000000,76.759590,0.000000,268.910309,0.000000,270.849945,107.985306,0.000000,0.000000,0.000000,0.000000,0.000000,0.000000,10.128836,0.000000,21.724545,0.000000,0.000000,0.000000,0.000000,77.956871,0.000000,0.000000,0.000000,0.000000,0.000000
146,4,E,0.000000,0.000000,184.578568,0.000000,0.000000,0.000000,0.000000,0.000000,0.000000,157.116776,91.551582,0.000000,0.000000,0.000000,91.628975,0.000000,0.000000,8.761631,0.000000,0.000000,0.000000,85.232185,0.000000,134.539078,0.000000,54.800320,0.000000,121.995720,0.000000,0.000000,83.224945,0.000000,0.000000,35.332996,0.000000,0.000000,0.000000,16.946136,0.000000,0.000000,0.000000,0.000000,0.000000,54.877319,0.000000,0.000000,0.000000,15.824685
147,3,D,0.000000,0.000000,0.000000,0.000000,0.000000,0.000000,0.000000,0.000000,0.000000,0.000000,0.000000,0.000000,0.000000,0.000000,0.000000,0.000000,0.000000,0.000000,0.000000,0.000000,0.000000,98.788208,0.000000,47.874756,0.000000,287.015686,0.000000,305.956970,181.302399,0.000000,0.000000,0.000000,0.000000,0.000000,0.000000,0.000000,0.000000,0.392417,0.000000,0.000000,0.000000,0.000000,85.431961,0.000000,0.000000,0.000000,0.000000,0.000000
148,3,D,0.000000,0.000000,0.000000,0.000000,0.000000,0.000000,0.000000,0.000000,0.000000,32.279938,42.835392,0.000000,0.000000,0.000000,0.000000,0.000000,0.000000,0.000000,0.000000,0.000000,0.000000,130.937347,0.000000,100.274796,0.000000,179.051376,0.000000,281.207306,24.787600,0.000000,0.000000,0.000000,0.000000,0.000000,0.000000,22.453810,0.000000,45.182312,0.000000,0.000000,0.000000,0.000000,43.993317,0.000000,0.000000,0.000000,0.000000,0.000000
149,3,D,0.000000,0.000000,0.000000,0.000000,0.000000,0.000000,0.000000,0.000000,0.000000,5.157319,42.951752,0.000000,0.000000,0.000000,0.000000,0.000000,0.000000,0.000000,0.000000,0.000000,0.000000,145.003296,0.000000,103.472763,0.000000,182.159943,0.000000,296.412964,40.458172,0.000000,0.000000,0.000000,0.000000,0.000000,0.000000,17.388182,0.000000,49.030708,0.000000,0.000000,0.000000,0.000000,49.231091,0.000000,0.000000,0.000000,0.000000,0.000000
150,4,E,0.000000,0.000000,0.000000,0.000000,0.000000,0.000000,0.000000,0.000000,0.000000,120.500114,164.939926,0.000000,0.000000,0.000000,0.000000,0.000000,0.000000,0.000000,0.000000,0.000000,0.000000,117.277481,0.000000,192.324341,0.000000,41.312321,0.000000,149.978165,0.000000,0.000000,124.253937,0.000000,0.000000,54.004478,0.000000,37.566219,0.000000,44.340595,0.000000,0.000000,0.000000,0.000000,0.000000,47.016479,0.000000,2.511815,0.000000,59.932827
151,1,B,0.000000,0.000000,214.161224,0.000000,0.000000,0.000000,0.000000,0.000000,0.000000,123.483940,0.000000,0.000000,0.000000,0.000000,0.000000,0.000000,0.000000,82.206436,0.000000,0.000000,0.000000,102.021286,0.000000,154.550812,0.000000,98.262405,0.000000,185.163315,0.000000,0.000000,0.000000,0.000000,0.000000,0.000000,0.000000,0.000000,0.000000,32.543179,0.000000,0.000000,0.000000,0.000000,0.000000,0.000000,0.000000,0.000000,0.000000,0.000000
152,3,D,0.000000,0.000000,0.000000,0.000000,0.000000,0.000000,0.000000,0.000000,0.000000,0.000000,62.747684,0.000000,0.000000,0.000000,0.000000,0.000000,0.000000,0.000000,0.000000,0.000000,0.000000,182.843582,0.000000,93.124107,0.000000,232.266571,0.000000,337.497528,163.498657,0.000000,0.000000,0.000000,0.000000,0.000000,0.000000,0.000000,0.000000,40.328953,0.000000,0.000000,0.000000,0.000000,63.196674,0.000000,0.000000,0.000000,0.000000,0.000000
153,0,A,0.000000,0.000000,208.095825,0.000000,0.000000,0.000000,0.000000,0.000000,0.000000,80.337334,60.794346,0.000000,0.000000,0.000000,66.485970,0.000000,0.000000,30.385427,0.000000,0.000000,0.000000,75.711037,0.000000,120.378433,0.000000,58.455875,0.000000,131.601410,0.000000,0.000000,111.095123,0.000000,0.000000,27.576984,0.000000,0.000000,0.000000,9.305733,0.000000,0.000000,0.000000,0.000000,0.000000,35.155361,0.000000,0.000000,0.000000,0.000000
154,1,B,0.000000,0.000000,255.892242,0.000000,0.000000,0.000000,0.000000,0.000000,0.000000,57.350643,41.965660,0.000000,0.000000,0.000000,0.000000,0.000000,0.000000,0.000000,0.000000,0.000000,0.000000,225.779602,0.000000,297.184326,0.000000,0.000000,0.000000,319.773224,0.000000,0.000000,0.000000,0.000000,0.000000,0.000000,0.000000,0.000000,0.000000,101.718407,6.785672,0.000000,0.000000,0.000000,0.000000,24.291855,0.000000,0.000000,0.000000,0.000000
155,4,E,0.000000,0.000000,0.000000,0.000000,0.000000,0.000000,0.000000,0.000000,0.000000,278.180511,217.941238,0.000000,0.000000,0.000000,47.821072,0.000000,0.000000,0.000000,0.000000,0.000000,0.000000,0.000000,0.000000,62.642387,0.000000,80.092049,0.000000,93.345161,0.000000,0.000000,4.602441,0.000000,48.764359,42.480293,0.000000,35.590683,0.000000,20.698240,40.768501,1.060684,0.000000,0.000000,0.000000,59.129890,0.000000,0.000000,0.000000,71.362389
156,0,A,0.000000,0.000000,262.858185,0.000000,0.000000,0.000000,0.000000,0.000000,0.000000,207.283401,27.010202,0.000000,0.000000,0.000000,57.942596,0.000000,0.000000,0.000000,0.000000,0.000000,0.000000,75.588043,0.000000,153.648544,0.000000,31.347679,0.000000,142.491577,0.000000,0.000000,57.011894,0.000000,0.000000,10.280594,0.000000,0.000000,0.000000,11.842311,0.000000,0.000000,0.000000,0.000000,0.000000,43.574036,0.000000,0.000000,0.000000,0.000000
157,3,D,0.000000,0.000000,0.000000,0.000000,0.000000,0.000000,0.000000,0.000000,0.000000,0.000000,0.000000,0.000000,0.000000,0.000000,0.000000,0.000000,0.000000,0.000000,0.000000,0.000000,0.000000,122.998817,0.000000,54.502609,0.000000,296.201172,0.000000,326.219391,198.603836,0.000000,0.000000,0.000000,0.000000,0.000000,0.000000,0.000000,0.000000,3.943729,0.000000,0.000000,0.000000,0.000000,90.101791,0.000000,0.000000,0.000000,0.000000,0.000000
158,2,C,0.000000,0.000000,261.475006,0.000000,0.000000,0.000000,0.000000,0.000000,0.000000,315.624084,0.000000,0.000000,0.000000,0.000000,87.880981,0.000000,0.000000,0.000000,0.000000,0.000000,0.000000,50.326447,0.000000,146.412064,0.000000,73.210075,0.000000,132.376617,0.000000,0.000000,0.000000,0.000000,0.000000,0.000000,0.000000,0.000000,0.000000,1.175963,10.363325,0.000000,0.000000,0.000000,0.000000,48.978584,0.000000,0.000000,0.000000,0.000000
159,4,E,0.000000,0.000000,0.000000,0.000000,0.000000,0.000000,0.000000,0.000000,0.000000,5.899652,249.335602,0.000000,0.000000,0.000000,182.196426,0.000000,0.000000,0.000000,0.000000,0.000000,0.000000,173.420380,0.000000,14.726896,0.000000,74.001328,0.000000,106.081680,0.000000,0.000000,46.653011,0.000000,35.352356,87.701393,0.000000,2.871354,0.000000,60.401535,0.000000,2.894357,0.000000,0.000000,0.000000,78.808548,8.617248,7.882145,0.000000,82.149185
160,3,D,0.000000,0.000000,0.000000,0.000000,0.000000,0.000000,0.000000,0.000000,0.000000,0.000000,0.000000,0.000000,0.000000,0.000000,0.000000,0.000000,0.000000,0.000000,0.000000,0.000000,0.000000,161.624985,0.000000,65.465973,0.000000,285.169617,0.000000,245.047287,172.627319,0.000000,0.000000,0.000000,0.000000,0.000000,0.000000,0.000000,0.000000,10.484935,0.000000,0.000000,0.000000,0.000000,82.471893,0.000000,0.000000,0.000000,0.000000,0.000000
161,1,B,0.000000,0.000000,280.882904,0.000000,0.000000,0.000000,0.000000,0.000000,0.000000,210.269760,0.000000,0.000000,0.000000,0.000000,73.668419,0.000000,0.000000,0.000000,0.000000,0.000000,0.000000,76.614967,0.000000,170.693604,0.000000,0.000000,0.000000,145.476700,0.000000,0.000000,17.974819,0.000000,0.000000,0.000000,0.000000,0.000000,0.000000,20.042870,0.000000,0.000000,0.000000,0.000000,0.000000,43.456619,0.000000,0.000000,0.000000,0.000000
162,0,A,0.000000,0.000000,225.593719,0.000000,0.000000,0.000000,0.000000,0.000000,0.000000,118.437790,40.588978,0.000000,0.000000,0.000000,60.337025,0.000000,0.000000,36.807518,0.000000,0.000000,0.000000,85.134186,0.000000,125.230209,0.000000,39.613941,0.000000,137.397675,0.000000,0.000000,69.955727,0.000000,0.000000,10.122866,0.000000,0.000000,0.000000,16.010201,0.000000,0.000000,0.000000,0.000000,0.000000,31.633268,0.000000,0.000000,0.000000,0.000000
163,3,D,0.000000,0.000000,0.000000,0.000000,0.000000,0.000000,0.000000,0.000000,0.000000,0.000000,0.000000,0.000000,0.000000,0.000000,0.000000,0.000000,0.000000,0.000000,0.000000,0.000000,0.000000,96.984909,0.000000,49.024971,0.000000,300.756500,0.000000,292.073822,161.563736,0.000000,0.000000,0.000000,0.000000,0.000000,0.000000,0.000000,0.000000,0.931732,0.000000,0.000000,0.000000,0.000000,85.952431,0.000000,0.000000,0.000000,0.000000,0.000000
164,0,A,0.000000,0.000000,63.517815,0.000000,0.000000,0.000000,0.000000,0.000000,0.000000,54.559464,87.963142,0.000000,0.000000,0.000000,88.515396,0.000000,0.000000,97.364395,0.000000,0.000000,0.000000,79.413223,0.000000,71.720123,0.000000,162.258774,0.000000,112.974800,0.000000,0.000000,102.115990,0.000000,0.000000,9.020579,0.000000,3.257275,0.000000,4.839960,0.000000,0.000000,0.000000,0.000000,0.000000,22.209763,0.000000,0.000000,0.000000,0.000000
165,1,B,0.000000,0.000000,259.750336,0.000000,0.000000,0.000000,0.000000,0.000000,0.000000,62.084785,61.748611,0.000000,0.000000,0.000000,0.000000,0.000000,0.000000,29.473103,0.000000,0.000000,0.000000,117.695168,0.000000,182.675858,0.000000,15.630633,0.000000,209.635086,0.000000,0.000000,75.856743,0.000000,0.000000,13.795772,0.000000,0.000000,0.000000,44.441570,0.000000,0.000000,0.000000,0.000000,0.000000,20.842449,0.000000,0.000000,0.000000,0.000000
166,3,D,0.000000,0.000000,0.000000,0.000000,0.000000,0.000000,0.000000,0.000000,0.000000,0.000000,0.000000,0.000000,0.000000,0.000000,0.000000,0.000000,0.000000,0.000000,0.000000,0.000000,0.000000,107.127670,0.000000,40.369144,0.000000,321.752197,0.000000,305.415527,200.142014,0.000000,0.000000,0.000000,0.000000,0.000000,0.000000,0.000000,0.000000,0.000000,0.000000,0.000000,0.000000,0.000000,92.663033,0.000000,0.000000,0.000000,0.000000,0.000000
167,4,E,0.000000,0.000000,0.000000,0.000000,0.000000,0.000000,0.000000,0.000000,0.000000,49.513546,189.509598,0.000000,0.000000,0.000000,54.448563,0.000000,0.000000,0.000000,0.000000,0.000000,0.000000,131.715500,0.000000,70.569153,0.000000,36.314106,0.000000,126.844597,0.000000,0.000000,50.901253,0.000000,15.344856,57.221436,0.000000,15.639455,0.000000,53.891098,1.245269,0.000000,0.000000,0.000000,0.000000,47.288223,0.000000,0.000000,0.000000,64.720070
168,3,D,0.000000,0.000000,0.000000,0.000000,0.000000,0.000000,0.000000,0.000000,0.000000,0.000000,0.000000,0.000000,0.000000,0.000000,0.000000,0.000000,0.000000,0.000000,0.000000,0.000000,0.000000,124.890045,0.000000,32.987961,0.000000,335.987305,0.000000,318.827637,242.070450,0.000000,0.000000,0.000000,0.000000,0.000000,0.000000,0.000000,0.000000,0.000000,0.000000,0.000000,0.000000,0.000000,98.546112,0.000000,0.000000,0.000000,0.000000,0.000000
169,4,E,0.000000,0.000000,0.000000,0.000000,0.000000,0.000000,0.000000,0.000000,0.000000,286.403900,209.396835,0.000000,0.000000,0.000000,0.000000,0.000000,0.000000,0.000000,0.000000,0.000000,0.000000,71.370575,0.000000,198.760757,0.000000,0.000000,0.000000,216.293335,0.000000,0.000000,0.000000,0.000000,24.237885,31.692675,0.000000,32.447708,0.000000,66.539764,70.720459,0.000000,0.000000,0.000000,0.000000,54.276260,0.000000,0.000000,0.000000,79.458618
170,4,E,0.000000,0.000000,0.000000,0.000000,0.000000,0.000000,0.000000,0.000000,0.000000,23.895067,203.328964,0.000000,0.000000,0.000000,59.359612,0.000000,0.000000,0.000000,0.000000,0.000000,0.000000,53.547100,0.000000,61.142853,0.000000,189.572952,0.000000,179.379211,88.564644,0.000000,82.889076,0.000000,0.000000,60.464905,0.000000,19.257479,0.000000,16.676985,0.000000,0.000000,0.000000,0.000000,0.000000,39.989220,0.000000,0.000000,0.000000,46.746040
171,4,E,0.000000,0.000000,63.719429,0.000000,0.000000,0.000000,0.000000,0.000000,0.000000,0.000000,241.783295,0.000000,0.000000,0.000000,138.024826,0.000000,0.000000,0.000000,0.000000,0.000000,0.000000,181.443863,0.000000,147.577744,0.000000,0.000000,0.000000,130.106354,37.123608,0.000000,273.128601,0.000000,0.000000,134.861526,0.448204,0.000000,0.000000,30.961304,0.000000,0.000000,0.000000,0.000000,0.000000,91.704567,0.000000,42.305386,0.000000,88.207573
172,3,D,0.000000,0.000000,0.000000,0.000000,0.000000,0.000000,0.000000,0.000000,0.000000,22.770792,44.815735,0.000000,0.000000,0.000000,0.000000,0.000000,0.000000,0.000000,0.000000,0.000000,0.000000,125.073570,0.000000,104.113518,0.000000,177.482880,0.000000,296.906677,38.928490,0.000000,0.000000,0.000000,0.000000,0.000000,0.000000,18.192938,0.000000,45.104301,0.000000,0.000000,0.000000,0.000000,45.762428,0.000000,0.000000,0.000000,0.000000,0.000000
173,1,B,0.000000,0.000000,301.390594,0.000000,0.000000,0.000000,0.000000,0.000000,0.000000,69.876633,18.474602,0.000000,0.000000,0.000000,0.000000,0.000000,0.000000,0.000000,0.000000,0.000000,0.000000,202.503326,0.000000,295.909180,0.000000,0.000000,0.000000,323.530334,0.000000,0.000000,0.000000,0.000000,0.000000,0.000000,0.000000,0.000000,0.000000,92.230042,0.600298,0.000000,0.000000,0.000000,0.000000,21.244423,0.000000,0.000000,0.000000,0.000000
174,4,E,0.000000,0.000000,0.000000,0.000000,0.000000,0.000000,0.000000,0.000000,0.000000,156.754608,187.426773,0.000000,0.000000,0.000000,124.219093,0.000000,0.000000,0.000000,0.000000,0.000000,0.000000,115.946243,0.000000,162.501694,0.000000,0.000000,0.000000,122.323257,0.000000,0.000000,77.946869,0.000000,30.631346,66.604462,0.000000,12.758812,0.000000,48.739792,9.701276,0.000000,0.000000,0.000000,0.000000,78.566086,0.000000,8.343851,0.000000,75.023735
175,2,C,0.000000,0.000000,248.140244,0.000000,0.000000,0.000000,0.000000,0.000000,0.000000,265.125610,0.000000,0.000000,0.000000,0.000000,56.258095,0.000000,0.000000,1.895010,0.000000,0.000000,0.000000,48.278183,0.000000,150.118591,0.000000,90.946121,0.000000,144.278336,0.000000,0.000000,0.000000,0.000000,0.000000,0.000000,0.000000,0.000000,0.000000,6.080364,1.712090,0.000000,0.000000,0.000000,0.000000,36.596722,0.000000,0.000000,0.000000,0.000000
176,2,C,0.000000,0.000000,248.033524,0.000000,0.000000,0.000000,0.000000,0.000000,0.000000,268.287384,0.000000,0.000000,0.000000,0.000000,59.057152,0.000000,0.000000,0.000000,0.000000,0.000000,0.000000,47.107071,0.000000,149.420837,0.000000,92.148895,0.000000,143.547226,0.000000,0.000000,0.000000,0.000000,0.000000,0.000000,0.000000,0.000000,0.000000,5.298042,2.066448,0.000000,0.000000,0.000000,0.000000,37.681667,0.000000,0.000000,0.000000,0.000000
177,4,E,0.000000,0.000000,0.000000,0.000000,0.000000,0.000000,0.000000,0.000000,0.000000,152.971985,323.451630,0.000000,0.000000,0.000000,0.000000,0.000000,0.000000,0.000000,0.000000,0.000000,0.000000,0.000000,0.000000,21.811203,0.000000,42.610104,0.000000,276.143311,0.000000,0.000000,0.000000,0.000000,28.508718,66.437805,0.000000,28.596001,0.000000,61.703308,46.984898,51.144413,0.000000,0.000000,0.000000,40.239433,0.000000,0.000000,0.000000,105.186623
178,2,C,0.000000,0.000000,231.723495,0.000000,0.000000,0.000000,0.000000,0.000000,0.000000,241.177460,0.000000,0.000000,0.000000,0.000000,61.511906,0.000000,0.000000,0.000000,0.000000,0.000000,0.000000,38.685684,0.000000,152.780106,0.000000,101.304413,0.000000,143.702591,0.000000,0.000000,5.405523,0.000000,0.000000,0.000000,0.000000,0.000000,0.000000,4.791477,0.000000,0.000000,0.000000,0.000000,0.000000,35.747227,0.000000,0.000000,0.000000,0.000000
179,1,B,0.000000,0.000000,245.359406,0.000000,0.000000,0.000000,0.000000,0.000000,0.000000,23.558535,11.621505,0.000000,0.000000,0.000000,0.000000,0.000000,0.000000,0.000000,0.000000,0.000000,0.000000,173.506683,0.000000,250.890762,0.000000,0.000000,0.000000,290.225433,0.000000,0.000000,6.329118,0.000000,0.000000,0.000000,0.000000,0.000000,0.000000,80.668274,0.000000,0.000000,0.000000,0.000000,0.000000,13.891604,0.000000,0.000000,0.000000,0.000000
180,3,D,0.000000,0.000000,0.000000,0.000000,0.000000,0.000000,0.000000,0.000000,0.000000,40.544415,0.000000,0.000000,0.000000,0.000000,0.000000,0.000000,0.000000,0.000000,0.000000,0.000000,0.000000,80.445053,0.000000,76.775864,0.000000,183.115341,0.000000,331.977600,11.304535,0.000000,0.000000,0.000000,0.000000,0.000000,0.000000,20.303993,0.000000,30.803934,0.000000,0.000000,0.000000,0.000000,56.395096,0.000000,0.000000,0.000000,0.000000,0.000000
181,3,D,0.000000,0.000000,0.000000,0.000000,0.000000,0.000000,0.000000,0.000000,0.000000,0.000000,0.000000,0.000000,0.000000,0.000000,0.000000,0.000000,0.000000,0.000000,0.000000,0.000000,0.000000,128.118454,0.000000,55.648029,0.000000,288.052704,0.000000,331.716858,195.952286,0.000000,0.000000,0.000000,0.000000,0.000000,0.000000,0.000000,0.000000,6.359427,0.000000,0.000000,0.000000,0.000000,89.026764,0.000000,0.000000,0.000000,0.000000,0.000000
182,3,D,0.000000,0.000000,0.000000,0.000000,0.000000,0.000000,0.000000,0.000000,0.000000,0.000000,48.905666,0.000000,0.000000,0.000000,0.000000,0.000000,0.000000,0.000000,0.000000,0.000000,0.000000,134.949493,0.000000,69.867485,0.000000,296.774231,0.000000,268.776550,264.774384,0.000000,0.000000,0.000000,0.000000,0.000000,0.000000,0.000000,0.000000,2.716687,0.000000,0.000000,0.000000,0.000000,77.213127,0.000000,0.000000,0.000000,0.000000,0.000000
183,3,D,0.000000,0.000000,0.000000,0.000000,0.000000,0.000000,0.000000,0.000000,0.000000,0.000000,0.000000,0.000000,0.000000,0.000000,0.000000,0.000000,0.000000,0.000000,0.000000,0.000000,0.000000,125.230682,0.000000,44.982971,0.000000,298.475433,0.000000,326.378540,209.751358,0.000000,0.000000,0.000000,0.000000,0.000000,0.000000,0.000000,0.000000,1.363107,0.000000,0.000000,0.000000,0.000000,90.932472,0.000000,0.000000,0.000000,0.000000,0.000000
184,0,A,0.000000,0.000000,0.000000,0.000000,0.000000,0.000000,0.000000,0.000000,0.000000,115.045326,178.734436,0.000000,0.000000,0.000000,155.869705,0.000000,0.000000,137.450562,0.000000,0.000000,0.000000,36.331741,0.000000,0.000000,0.000000,189.840347,0.000000,61.515614,0.000000,0.000000,28.631601,0.000000,25.627813,11.627239,0.000000,18.484581,0.000000,7.601813,0.000000,0.000000,0.000000,0.000000,0.000000,38.511719,56.434540,0.000000,0.000000,12.818368
185,3,D,0.000000,0.000000,0.000000,0.000000,0.000000,0.000000,0.000000,0.000000,0.000000,0.000000,0.000000,0.000000,0.000000,0.000000,0.000000,0.000000,0.000000,0.000000,0.000000,0.000000,0.000000,131.987717,0.000000,127.121254,0.000000,237.355316,0.000000,304.154755,170.813721,0.000000,0.000000,0.000000,0.000000,0.000000,0.000000,0.000000,0.000000,21.692356,0.000000,0.000000,0.000000,0.000000,78.380051,0.000000,0.000000,0.000000,0.000000,0.000000
186,0,A,0.000000,0.000000,0.000000,0.000000,0.000000,0.000000,0.000000,0.000000,0.000000,37.827599,315.179657,0.000000,0.000000,0.000000,300.799408,0.000000,0.000000,0.000000,0.000000,0.000000,0.000000,0.000000,0.000000,0.000000,0.000000,285.460205,0.000000,0.000000,78.269119,0.000000,87.304794,0.000000,39.979527,120.028168,0.000000,18.658892,0.000000,0.000000,0.000000,0.000000,0.000000,0.000000,0.000000,113.103004,103.417419,0.000000,0.000000,79.331322
187,0,A,0.000000,0.000000,0.000000,0.000000,0.000000,0.000000,0.000000,0.000000,0.000000,122.845543,317.356079,0.000000,0.000000,0.000000,319.510223,0.000000,0.000000,0.000000,0.000000,0.000000,0.000000,0.000000,0.000000,0.000000,0.000000,239.101059,0.000000,0.000000,0.000000,0.000000,44.045067,0.000000,73.004021,109.447937,0.000000,29.060812,0.000000,6.909802,0.000000,0.000000,0.000000,0.000000,0.000000,121.037529,85.829201,0.000000,0.000000,89.981346
188,2,C,0.000000,0.000000,202.713852,0.000000,0.000000,0.000000,0.000000,0.000000,0.000000,98.138283,13.004347,0.000000,0.000000,0.000000,33.934498,0.000000,0.000000,107.271584,0.000000,0.000000,0.000000,83.384445,0.000000,130.149811,0.000000,59.961292,0.000000,151.463486,0.000000,0.000000,44.255630,0.000000,0.000000,0.000000,0.000000,0.000000,0.000000,20.105505,0.000000,0.000000,0.000000,0.000000,0.000000,4.986492,0.000000,0.000000,0.000000,0.000000
189,1,B,0.000000,0.000000,273.730103,0.000000,0.000000,0.000000,0.000000,0.000000,0.000000,60.039597,4.712482,0.000000,0.000000,0.000000,0.000000,0.000000,0.000000,0.000000,0.000000,0.000000,0.000000,194.983215,0.000000,278.395142,0.000000,0.000000,0.000000,319.299622,0.000000,0.000000,0.000000,0.000000,0.000000,0.000000,0.000000,0.000000,0.000000,87.149086,1.931991,0.000000,0.000000,0.000000,0.000000,16.670818,0.000000,0.000000,0.000000,0.000000
190,1,B,0.000000,0.000000,283.281464,0.000000,0.000000,0.000000,0.000000,0.000000,0.000000,101.686867,15.298338,0.000000,0.000000,0.000000,0.000000,0.000000,0.000000,0.000000,0.000000,0.000000,0.000000,201.588425,0.000000,292.612488,0.000000,0.000000,0.000000,301.862396,0.000000,0.000000,0.000000,0.000000,0.000000,0.000000,0.000000,0.000000,0.000000,87.132065,6.864307,0.000000,0.000000,0.000000,0.000000,24.017681,0.000000,0.000000,0.000000,0.000000
191,0,A,0.000000,0.000000,0.000000,0.000000,0.000000,0.000000,0.000000,0.000000,0.000000,209.306351,212.348557,0.000000,0.000000,0.000000,277.836273,0.000000,0.000000,0.000000,0.000000,0.000000,0.000000,0.000000,0.000000,0.000000,0.000000,84.328705,0.000000,0.000000,0.000000,0.000000,0.000000,0.000000,77.742279,72.999741,0.000000,0.221242,0.000000,4.528795,17.999487,0.000000,0.000000,0.000000,0.000000,104.987938,35.510880,0.000000,0.000000,73.107674
192,3,D,0.000000,0.000000,0.000000,0.000000,0.000000,0.000000,0.000000,0.000000,0.000000,0.000000,0.000000,0.000000,0.000000,0.000000,0.000000,0.000000,0.000000,0.000000,0.000000,0.000000,0.000000,126.609550,0.000000,56.251816,0.000000,287.454315,0.000000,326.213867,194.109894,0.000000,0.000000,0.000000,0.000000,0.000000,0.000000,0.000000,0.000000,6.065223,0.000000,0.000000,0.000000,0.000000,88.425072,0.000000,0.000000,0.000000,0.000000,0.000000
193,3,D,0.000000,0.000000,0.000000,0.000000,0.000000,0.000000,0.000000,0.000000,0.000000,0.000000,0.000000,0.000000,0.000000,0.000000,0.000000,0.000000,0.000000,0.000000,0.000000,0.000000,0.000000,174.625107,0.000000,67.223114,0.000000,235.845795,0.000000,242.735428,113.369209,0.000000,0.000000,0.000000,0.000000,0.000000,0.000000,2.814554,0.000000,24.612732,0.000000,0.000000,0.000000,0.000000,70.793175,0.000000,0.000000,0.000000,0.000000,0.000000
194,4,E,0.000000,0.000000,0.000000,0.000000,0.000000,0.000000,0.000000,0.000000,0.000000,227.401794,208.736557,0.000000,0.000000,0.000000,153.163498,0.000000,0.000000,0.000000,0.000000,0.000000,0.000000,51.808487,0.000000,62.798798,0.000000,0.000000,0.000000,104.398087,0.000000,0.000000,34.649944,0.000000,55.926929,65.194519,0.000000,4.452874,0.000000,29.496838,35.692921,0.000000,0.000000,0.000000,0.000000,82.356079,0.000000,0.000000,0.000000,81.004646
195,4,E,0.000000,0.000000,0.000000,0.000000,0.000000,0.000000,0.000000,0.000000,0.000000,0.000000,234.710388,0.000000,0.000000,0.000000,229.284622,0.000000,0.000000,0.000000,0.000000,0.000000,0.000000,183.586136,0.000000,107.820251,0.000000,64.543564,0.000000,150.410126,6.029922,0.000000,74.400429,0.000000,21.184366,92.781235,0.000000,0.000000,0.000000,68.388145,0.000000,0.000000,0.000000,0.000000,0.000000,92.176872,0.000000,18.985916,0.000000,81.726631
196,1,B,0.000000,0.000000,260.432434,0.000000,0.000000,0.000000,0.000000,0.000000,0.000000,0.000000,14.985419,0.000000,0.000000,0.000000,0.000000,0.000000,0.000000,0.000000,0.000000,0.000000,0.000000,222.778915,0.000000,296.211884,0.000000,0.000000,0.000000,346.809326,0.000000,0.000000,0.000000,0.000000,0.000000,0.000000,0.000000,0.000000,0.000000,103.213295,0.000000,0.000000,0.000000,0.000000,0.000000,14.057364,0.000000,0.000000,0.000000,0.000000
197,4,E,0.000000,0.000000,0.000000,0.000000,0.000000,0.000000,0.000000,0.000000,0.000000,87.262093,150.687988,0.000000,0.000000,0.000000,43.161251,0.000000,0.000000,0.000000,0.000000,0.000000,0.000000,148.047226,0.000000,80.127350,0.000000,163.642990,0.000000,137.760132,0.000000,0.000000,83.386879,0.000000,0.000000,40.712612,0.000000,38.751362,0.000000,33.136951,0.000000,0.000000,0.000000,0.000000,0.000000,40.634506,0.000000,0.000000,0.000000,38.244995
198,4,E,0.000000,0.000000,0.000000,0.000000,0.000000,0.000000,0.000000,0.000000,0.000000,225.161392,167.496155,0.000000,0.000000,0.000000,34.381268,0.000000,0.000000,0.000000,0.000000,0.000000,0.000000,106.734604,0.000000,106.817711,0.000000,0.000000,0.000000,173.403503,0.000000,0.000000,0.000000,0.000000,24.661825,29.620956,0.000000,15.369662,0.000000,54.318764,59.291847,4.780469,0.000000,0.000000,0.000000,49.212749,0.000000,0.000000,0.000000,63.962494
199,4,E,0.000000,0.000000,9.988126,0.000000,0.000000,0.000000,0.000000,0.000000,0.000000,182.759064,213.055466,0.000000,0.000000,0.000000,94.412117,0.000000,0.000000,0.000000,0.000000,0.000000,0.000000,22.796640,0.000000,116.782585,0.000000,0.000000,0.000000,95.526588,0.000000,0.000000,12.388848,0.000000,44.545425,57.515018,0.000000,13.154299,0.000000,41.740242,33.998405,0.000000,0.000000,0.000000,0.000000,69.004898,0.000000,0.000000,0.000000,78.977615
200,1,B,0.000000,0.000000,266.946564,0.000000,0.000000,0.000000,0.000000,0.000000,0.000000,1.980554,6.639082,0.000000,0.000000,0.000000,0.000000,0.000000,0.000000,0.000000,0.000000,0.000000,0.000000,211.514542,0.000000,287.240448,0.000000,0.000000,0.000000,339.081757,0.000000,0.000000,0.000000,0.000000,0.000000,0.000000,0.000000,0.000000,0.000000,97.837471,0.000000,0.000000,0.000000,0.000000,0.000000,12.503144,0.000000,0.000000,0.000000,0.000000
201,2,C,0.000000,0.000000,263.358521,0.000000,0.000000,0.000000,0.000000,0.000000,0.000000,312.778320,0.000000,0.000000,0.000000,0.000000,71.089920,0.000000,0.000000,0.000000,0.000000,0.000000,0.000000,52.491570,0.000000,153.654434,0.000000,75.783493,0.000000,148.302429,0.000000,0.000000,0.000000,0.000000,0.000000,0.000000,0.000000,0.000000,0.000000,4.184249,10.757706,0.000000,0.000000,0.000000,0.000000,44.573227,0.000000,0.000000,0.000000,0.000000
202,4,E,0.000000,0.000000,0.000000,0.000000,0.000000,0.000000,0.000000,0.000000,0.000000,49.025455,264.058594,0.000000,0.000000,0.000000,141.754379,0.000000,0.000000,0.000000,0.000000,0.000000,0.000000,48.120853,0.000000,99.913872,0.000000,15.502398,0.000000,41.272816,0.000000,0.000000,109.326843,0.000000,50.416515,105.347122,0.000000,16.943401,0.000000,35.497089,0.000000,0.000000,0.000000,0.000000,0.000000,85.109474,0.000000,16.770809,0.000000,96.147705
203,0,A,0.000000,0.000000,260.721558,0.000000,0.000000,0.000000,0.000000,0.000000,0.000000,205.264496,24.338564,0.000000,0.000000,0.000000,59.107250,0.000000,0.000000,0.000000,0.000000,0.000000,0.000000,59.114841,0.000000,148.798813,0.000000,28.352571,0.000000,130.977127,0.000000,0.000000,66.503510,0.000000,0.000000,12.614740,0.000000,0.000000,0.000000,5.296342,0.000000,0.000000,0.000000,0.000000,0.000000,43.541111,0.000000,0.000000,0.000000,0.000000
204,0,A,0.000000,0.000000,0.000000,0.000000,0.000000,0.000000,0.000000,0.000000,0.000000,321.372803,247.175125,0.000000,0.000000,0.000000,331.918060,0.000000,0.000000,0.000000,0.000000,0.000000,0.000000,0.000000,0.000000,0.000000,0.000000,200.284897,0.000000,0.000000,0.000000,0.000000,0.000000,0.000000,87.823677,74.965294,0.000000,19.291565,0.000000,0.000000,14.857996,0.000000,0.000000,0.000000,0.000000,126.897667,58.187443,0.000000,0.000000,74.884850
205,4,E,0.000000,0.000000,0.000000,0.000000,0.000000,0.000000,0.000000,0.000000,0.000000,0.000000,213.177658,0.000000,0.000000,0.000000,147.252899,0.000000,0.000000,0.000000,0.000000,0.000000,0.000000,140.272308,0.000000,157.765961,0.000000,60.802017,0.000000,134.370148,0.000000,0.000000,17.130327,0.000000,13.782794,65.986015,0.000000,12.803988,0.000000,78.750114,0.000000,0.000000,0.000000,0.000000,0.000000,70.763481,0.000000,0.650997,0.000000,71.919739
206,4,E,0.000000,0.000000,0.000000,0.000000,0.000000,0.000000,0.000000,0.000000,0.000000,123.956879,167.264557,0.000000,0.000000,0.000000,160.901535,0.000000,0.000000,0.000000,0.000000,0.000000,0.000000,102.500237,0.000000,143.816986,0.000000,58.004375,0.000000,158.292984,29.634912,0.000000,20.104721,0.000000,10.782056,49.937069,0.000000,1.861774,0.000000,49.401718,11.840976,0.000000,0.000000,0.000000,0.000000,72.713371,0.000000,0.000000,0.000000,58.323578
207,1,B,0.000000,0.000000,267.412659,0.000000,0.000000,0.000000,0.000000,0.000000,0.000000,83.071548,55.854080,0.000000,0.000000,0.000000,3.597507,0.000000,0.000000,0.000000,0.000000,0.000000,0.000000,130.167984,0.000000,185.480759,0.000000,0.000000,0.000000,204.802277,0.000000,0.000000,52.751106,0.000000,0.000000,16.352001,0.000000,0.000000,0.000000,49.828964,0.000000,0.000000,0.000000,0.000000,0.000000,27.912209,0.000000,0.000000,0.000000,0.875057
208,2,C,0.000000,0.000000,186.287415,0.000000,0.000000,0.000000,0.000000,0.000000,0.000000,125.368935,35.305290,0.000000,0.000000,0.000000,58.468678,0.000000,0.000000,88.995773,0.000000,0.000000,0.000000,82.023590,0.000000,123.177650,0.000000,66.425453,0.000000,136.710403,0.000000,0.000000,47.723415,0.000000,0.000000,0.000000,0.000000,0.000000,0.000000,17.540134,0.000000,0.000000,0.000000,0.000000,0.000000,18.959023,0.000000,0.000000,0.000000,0.000000
209,3,D,0.000000,0.000000,0.000000,0.000000,0.000000,0.000000,0.000000,0.000000,0.000000,0.000000,0.000000,0.000000,0.000000,0.000000,0.000000,0.000000,0.000000,0.000000,0.000000,0.000000,0.000000,100.093811,0.000000,49.227100,0.000000,283.180634,0.000000,302.350555,197.338043,0.000000,0.000000,0.000000,0.000000,0.000000,0.000000,0.000000,0.000000,0.000000,0.000000,0.000000,0.000000,0.000000,85.361404,0.000000,0.000000,0.000000,0.000000,0.000000
210,0,A,0.000000,0.000000,0.000000,0.000000,0.000000,0.000000,0.000000,0.000000,0.000000,229.046341,306.443787,0.000000,0.000000,0.000000,317.947784,0.000000,0.000000,0.000000,0.000000,0.000000,0.000000,0.000000,0.000000,0.000000,0.000000,244.476089,0.000000,0.000000,0.000000,0.000000,0.000000,0.000000,83.340103,91.280060,0.000000,30.730705,0.000000,5.837657,0.000000,0.000000,0.000000,0.000000,0.000000,124.500961,76.876617,0.000000,0.000000,86.861778
211,1,B,0.000000,0.000000,298.341034,0.000000,0.000000,0.000000,0.000000,0.000000,0.000000,70.340767,9.711810,0.000000,0.000000,0.000000,0.000000,0.000000,0.000000,0.000000,0.000000,0.000000,0.000000,182.274582,0.000000,289.023010,0.000000,0.000000,0.000000,300.349915,0.000000,0.000000,0.000000,0.000000,0.000000,0.000000,0.000000,0.000000,0.000000,84.599800,0.000000,0.000000,0.000000,0.000000,0.000000,20.143972,0.000000,0.000000,0.000000,0.000000
212,1,B,0.000000,0.000000,303.174500,0.000000,0.000000,0.000000,0.000000,0.000000,0.000000,120.207321,0.000000,0.000000,0.000000,0.000000,0.000000,0.000000,0.000000,0.000000,0.000000,0.000000,0.000000,171.833313,0.000000,275.931885,0.000000,0.000000,0.000000,278.946869,0.000000,0.000000,0.000000,0.000000,0.000000,0.000000,0.000000,0.000000,0.000000,73.684380,3.499368,0.000000,0.000000,0.000000,0.000000,22.610455,0.000000,0.000000,0.000000,0.000000
213,2,C,0.000000,0.000000,222.169189,0.000000,0.000000,0.000000,0.000000,0.000000,0.000000,140.734070,0.000000,0.000000,0.000000,0.000000,37.759571,0.000000,0.000000,82.699623,0.000000,0.000000,0.000000,74.220467,0.000000,132.690308,0.000000,60.331715,0.000000,145.576126,0.000000,0.000000,36.461945,0.000000,0.000000,0.000000,0.000000,0.000000,0.000000,13.967577,0.000000,0.000000,0.000000,0.000000,0.000000,11.461373,0.000000,0.000000,0.000000,0.000000
214,1,B,0.000000,0.000000,284.738647,0.000000,0.000000,0.000000,0.000000,0.000000,0.000000,83.280861,2.609146,0.000000,0.000000,0.000000,0.000000,0.000000,0.000000,0.000000,0.000000,0.000000,0.000000,192.341843,0.000000,284.184326,0.000000,0.000000,0.000000,302.898743,0.000000,0.000000,0.000000,0.000000,0.000000,0.000000,0.000000,0.000000,0.000000,83.843468,2.797781,0.000000,0.000000,0.000000,0.000000,19.729198,0.000000,0.000000,0.000000,0.000000
215,4,E,0.000000,0.000000,0.000000,0.000000,0.000000,0.000000,0.000000,0.000000,0.000000,82.149345,266.700623,0.000000,0.000000,0.000000,88.621597,0.000000,0.000000,0.000000,0.000000,0.000000,0.000000,141.903488,0.000000,158.891266,0.000000,0.000000,0.000000,101.085899,0.000000,0.000000,41.322357,0.000000,40.641888,81.415672,0.000000,20.081150,0.000000,79.555077,15.792833,0.000000,0.000000,0.000000,0.000000,77.477661,0.000000,3.411953,0.000000,98.025871
216,2,C,0.000000,0.000000,224.297028,0.000000,0.000000,0.000000,0.000000,0.000000,0.000000,291.908752,6.347150,0.000000,0.000000,0.000000,99.509857,0.000000,0.000000,0.000000,0.000000,0.000000,0.000000,38.828594,0.000000,148.292511,0.000000,112.953033,0.000000,128.308014,0.000000,0.000000,60.689869,0.000000,0.000000,0.113680,0.000000,0.000000,0.000000,0.000000,0.000000,0.000000,0.000000,0.000000,0.000000,51.896477,0.000000,0.000000,0.000000,0.000000
217,0,A,0.000000,0.000000,93.191338,0.000000,0.000000,0.000000,0.000000,0.000000,0.000000,175.238495,55.724331,0.000000,0.000000,0.000000,67.064835,0.000000,0.000000,0.000000,0.000000,0.000000,0.000000,82.183105,0.000000,135.024323,0.000000,75.642822,0.000000,147.035812,0.000000,0.000000,36.476517,0.000000,0.000000,9.905298,0.000000,0.000000,0.000000,21.594603,0.425085,0.000000,0.000000,0.000000,0.000000,40.416977,0.000000,0.000000,0.000000,10.220763
218,0,A,0.000000,0.000000,0.000000,0.000000,0.000000,0.000000,0.000000,0.000000,0.000000,189.935455,344.412079,0.000000,0.000000,0.000000,330.247162,0.000000,0.000000,0.000000,0.000000,0.000000,0.000000,0.000000,0.000000,0.000000,0.000000,190.803024,0.000000,0.000000,0.000000,0.000000,37.542736,0.000000,92.527275,116.869942,0.000000,23.311672,0.000000,10.598739,0.000000,0.000000,0.000000,0.000000,0.000000,133.372131,71.197662,0.000000,0.000000,106.408875
219,1,B,0.000000,0.000000,319.052917,0.000000,0.000000,0.000000,0.000000,0.000000,0.000000,108.753258,48.258778,0.000000,0.000000,0.000000,0.000000,0.000000,0.000000,0.000000,0.000000,0.000000,0.000000,164.727234,0.000000,293.851685,0.000000,0.000000,0.000000,284.431702,0.000000,0.000000,19.948874,0.000000,0.000000,1.601194,0.000000,0.000000,0.000000,79.579163,0.000000,0.000000,0.000000,0.000000,0.000000,30.785244,0.000000,0.000000,0.000000,0.000000
220,3,D,0.000000,0.000000,0.000000,0.000000,0.000000,0.000000,0.000000,0.000000,0.000000,0.000000,0.000000,0.000000,0.000000,0.000000,0.000000,0.000000,0.000000,0.000000,0.000000,0.000000,0.000000,88.527626,0.000000,73.175278,0.000000,274.819611,0.000000,259.183777,145.208969,0.000000,0.000000,0.000000,0.000000,0.000000,0.000000,3.192232,0.000000,4.381024,0.000000,0.000000,0.000000,0.000000,78.511314,0.000000,0.000000,0.000000,0.000000,0.000000
221,3,D,0.000000,0.000000,0.000000,0.000000,0.000000,0.000000,0.000000,0.000000,0.000000,0.000000,50.378658,0.000000,0.000000,0.000000,0.000000,0.000000,0.000000,0.000000,0.000000,0.000000,0.000000,180.173920,0.000000,145.065430,0.000000,144.108490,0.000000,273.914001,177.845581,0.000000,0.000000,0.000000,0.000000,0.000000,0.000000,0.000000,0.000000,44.420216,0.000000,0.000000,0.000000,0.000000,48.011288,6.763280,0.000000,0.000000,0.000000,0.000000
222,4,E,0.000000,0.000000,69.269386,0.000000,0.000000,0.000000,0.000000,0.000000,0.000000,181.971268,120.205086,0.000000,0.000000,0.000000,170.022110,0.000000,0.000000,0.000000,0.000000,0.000000,0.000000,54.784157,0.000000,129.780579,0.000000,0.000000,0.000000,75.623878,0.000000,0.000000,52.968685,0.000000,22.362671,50.492836,0.000000,0.000000,0.000000,20.344175,4.421328,0.000000,0.000000,0.000000,0.000000,78.731377,0.000000,0.000000,0.000000,46.416325
223,1,B,0.000000,0.000000,233.596725,0.000000,0.000000,0.000000,0.000000,0.000000,0.000000,0.000000,28.947710,0.000000,0.000000,0.000000,0.000000,0.000000,0.000000,0.000000,0.000000,0.000000,0.000000,224.801773,0.000000,277.626221,0.000000,0.000000,0.000000,343.316376,0.000000,0.000000,0.000000,0.000000,0.000000,0.000000,0.000000,0.000000,0.000000,103.506660,1.818399,0.000000,0.000000,0.000000,0.000000,14.627261,0.000000,0.000000,0.000000,0.000000
224,0,A,0.000000,0.000000,197.904953,0.000000,0.000000,0.000000,0.000000,0.000000,0.000000,156.122345,66.732117,0.000000,0.000000,0.000000,115.208595,0.000000,0.000000,0.000000,0.000000,0.000000,0.000000,63.297329,0.000000,123.170135,0.000000,45.885181,0.000000,101.295952,0.000000,0.000000,109.939362,0.000000,0.000000,41.327385,0.000000,0.000000,0.000000,0.000000,0.000000,0.000000,0.000000,0.000000,0.000000,59.362209,0.000000,0.000000,0.000000,10.447130
225,0,A,0.000000,0.000000,208.324478,0.000000,0.000000,0.000000,0.000000,0.000000,0.000000,75.293236,48.264091,0.000000,0.000000,0.000000,40.187176,0.000000,0.000000,16.525150,0.000000,0.000000,0.000000,86.986168,0.000000,126.777771,0.000000,81.795532,0.000000,151.489761,0.000000,0.000000,117.744293,0.000000,0.000000,24.183105,0.000000,0.000000,0.000000,9.399685,0.000000,0.000000,0.000000,0.000000,0.000000,28.881603,0.000000,0.000000,0.000000,0.000000
226,4,E,0.000000,0.000000,106.376137,0.000000,0.000000,0.000000,0.000000,0.000000,0.000000,84.694244,223.450195,0.000000,0.000000,0.000000,8.923679,0.000000,0.000000,0.000000,0.000000,0.000000,0.000000,91.235435,0.000000,171.788467,0.000000,0.000000,0.000000,198.593857,0.000000,0.000000,65.826172,0.000000,0.000000,63.595509,0.000000,0.000000,0.000000,67.624008,0.000000,0.000000,0.000000,0.000000,0.000000,49.137291,0.000000,0.000000,0.000000,71.548660
227,1,B,0.000000,0.000000,246.768082,0.000000,0.000000,0.000000,0.000000,0.000000,0.000000,26.438990,12.480495,0.000000,0.000000,0.000000,0.000000,0.000000,0.000000,0.000000,0.000000,0.000000,0.000000,173.129196,0.000000,252.496613,0.000000,0.000000,0.000000,292.857666,0.000000,0.000000,3.543184,0.000000,0.000000,0.000000,0.000000,0.000000,0.000000,81.519547,0.000000,0.000000,0.000000,0.000000,0.000000,14.024877,0.000000,0.000000,0.000000,0.000000
228,2,C,0.000000,0.000000,231.486237,0.000000,0.000000,0.000000,0.000000,0.000000,0.000000,208.508423,0.000000,0.000000,0.000000,0.000000,63.930496,0.000000,0.000000,0.000000,0.000000,0.000000,0.000000,42.977848,0.000000,152.279770,0.000000,91.445602,0.000000,142.818878,0.000000,0.000000,22.109415,0.000000,0.000000,0.000000,0.000000,0.000000,0.000000,5.026550,0.000000,0.000000,0.000000,0.000000,0.000000,35.223728,0.000000,0.000000,0.000000,0.000000
229,2,C,0.000000,0.000000,253.963593,0.000000,0.000000,0.000000,0.000000,0.000000,0.000000,327.541748,0.000000,0.000000,0.000000,0.000000,81.767609,0.000000,0.000000,0.000000,0.000000,0.000000,0.000000,54.404385,0.000000,149.339294,0.000000,81.756485,0.000000,140.267807,0.000000,0.000000,0.000000,0.000000,0.000000,0.000000,0.000000,0.000000,0.000000,1.539080,12.782881,0.000000,0.000000,0.000000,0.000000,47.980812,0.000000,0.000000,0.000000,0.000000
230,1,B,0.000000,0.000000,189.039169,0.000000,0.000000,0.000000,0.000000,0.000000,0.000000,126.516869,66.217079,0.000000,0.000000,0.000000,51.784882,0.000000,0.000000,61.772976,0.000000,0.000000,0.000000,115.881516,0.000000,145.473724,0.000000,57.514565,0.000000,155.837082,0.000000,0.000000,48.101604,0.000000,0.000000,0.948883,0.000000,0.000000,0.000000,33.454121,0.000000,0.000000,0.000000,0.000000,0.000000,28.964626,0.000000,0.000000,0.000000,0.000000
231,1,B,0.000000,0.000000,314.123779,0.000000,0.000000,0.000000,0.000000,0.000000,0.000000,139.181442,14.238591,0.000000,0.000000,0.000000,0.000000,0.000000,0.000000,0.000000,0.000000,0.000000,0.000000,161.687958,0.000000,270.283813,0.000000,0.000000,0.000000,266.667236,0.000000,0.000000,0.000000,0.000000,0.000000,0.000000,0.000000,0.000000,0.000000,70.919098,4.190423,0.000000,0.000000,0.000000,0.000000,26.336407,0.000000,0.000000,0.000000,0.000000
232,0,A,0.000000,0.000000,197.977127,0.000000,0.000000,0.000000,0.000000,0.000000,0.000000,77.674393,49.882359,0.000000,0.000000,0.000000,57.141579,0.000000,0.000000,42.869095,0.000000,0.000000,0.000000,79.867195,0.000000,121.257744,0.000000,65.537506,0.000000,134.203186,0.000000,0.000000,103.097771,0.000000,0.000000,17.551540,0.000000,0.000000,0.000000,10.458571,0.000000,0.000000,0.000000,0.000000,0.000000,28.396633,0.000000,0.000000,0.000000,0.000000
233,2,C,0.000000,0.000000,265.152832,0.000000,0.000000,0.000000,0.000000,0.000000,0.000000,309.762329,0.000000,0.000000,0.000000,0.000000,78.945396,0.000000,0.000000,0.000000,0.000000,0.000000,0.000000,46.853554,0.000000,156.954697,0.000000,75.873260,0.000000,142.391724,0.000000,0.000000,0.000000,0.000000,0.000000,0.000000,0.000000,0.000000,0.000000,3.203544,8.887983,0.000000,0.000000,0.000000,0.000000,46.476833,0.000000,0.000000,0.000000,0.000000
234,3,D,0.000000,0.000000,0.000000,0.000000,0.000000,0.000000,0.000000,0.000000,0.000000,0.000000,3.423610,0.000000,0.000000,0.000000,0.000000,0.000000,0.000000,0.000000,0.000000,0.000000,0.000000,145.321930,0.000000,77.117752,0.000000,260.402893,0.000000,320.009216,162.847061,0.000000,0.000000,0.000000,0.000000,0.000000,0.000000,0.000000,0.000000,18.519829,0.000000,0.000000,0.000000,0.000000,81.559540,0.000000,0.000000,0.000000,0.000000,0.000000
235,0,A,0.000000,0.000000,189.499893,0.000000,0.000000,0.000000,0.000000,0.000000,0.000000,98.910767,62.908718,0.000000,0.000000,0.000000,69.399338,0.000000,0.000000,34.789993,0.000000,0.000000,0.000000,72.625229,0.000000,110.249290,0.000000,82.325394,0.000000,125.688187,0.000000,0.000000,109.357567,0.000000,0.000000,24.305443,0.000000,0.000000,0.000000,4.653898,0.000000,0.000000,0.000000,0.000000,0.000000,35.142357,0.000000,0.000000,0.000000,0.000000
236,2,C,0.000000,0.000000,227.866180,0.000000,0.000000,0.000000,0.000000,0.000000,0.000000,138.423935,0.918182,0.000000,0.000000,0.000000,37.567440,0.000000,0.000000,75.142632,0.000000,0.000000,0.000000,74.576248,0.000000,129.499374,0.000000,60.220905,0.000000,142.456757,0.000000,0.000000,51.600418,0.000000,0.000000,0.000000,0.000000,0.000000,0.000000,10.253004,0.000000,0.000000,0.000000,0.000000,0.000000,13.616628,0.000000,0.000000,0.000000,0.000000
237,3,D,0.000000,0.000000,0.000000,0.000000,0.000000,0.000000,0.000000,0.000000,0.000000,0.000000,129.407394,0.000000,0.000000,0.000000,0.000000,0.000000,0.000000,0.000000,0.000000,0.000000,0.000000,164.531677,0.000000,97.116791,0.000000,151.740585,0.000000,312.919159,117.105064,0.000000,0.000000,0.000000,0.000000,13.706727,0.000000,0.000000,0.000000,59.213341,0.000000,0.000000,0.000000,0.000000,26.504227,10.026524,0.000000,0.000000,0.000000,22.255194
238,1,B,0.000000,0.000000,295.124878,0.000000,0.000000,0.000000,0.000000,0.000000,0.000000,43.514488,1.640519,0.000000,0.000000,0.000000,0.000000,0.000000,0.000000,0.000000,0.000000,0.000000,0.000000,205.155716,0.000000,302.206970,0.000000,0.000000,0.000000,318.227814,0.000000,0.000000,0.000000,0.000000,0.000000,0.000000,0.000000,0.000000,0.000000,92.572128,0.000000,0.000000,0.000000,0.000000,0.000000,17.611591,0.000000,0.000000,0.000000,0.000000
239,2,C,0.000000,0.000000,245.293442,0.000000,0.000000,0.000000,0.000000,0.000000,0.000000,333.681763,0.000000,0.000000,0.000000,0.000000,85.380516,0.000000,0.000000,0.000000,0.000000,0.000000,0.000000,36.079468,0.000000,131.987686,0.000000,104.383606,0.000000,124.290962,0.000000,0.000000,0.000000,0.000000,0.000000,0.000000,0.000000,0.000000,0.000000,0.000000,8.720810,0.000000,0.000000,0.000000,0.000000,47.479248,0.000000,0.000000,0.000000,0.000000
240,2,C,0.000000,0.000000,213.126236,0.000000,0.000000,0.000000,0.000000,0.000000,0.000000,146.325378,0.000000,0.000000,0.000000,0.000000,38.994965,0.000000,0.000000,96.839691,0.000000,0.000000,0.000000,84.326363,0.000000,135.266739,0.000000,62.819092,0.000000,143.996948,0.000000,0.000000,25.180414,0.000000,0.000000,0.000000,0.000000,0.000000,0.000000,17.983521,0.000000,0.000000,0.000000,0.000000,0.000000,9.597307,0.000000,0.000000,0.000000,0.000000
241,4,E,0.000000,0.000000,0.000000,0.000000,0.000000,0.000000,0.000000,0.000000,0.000000,102.674698,302.446472,0.000000,0.000000,0.000000,76.365654,0.000000,0.000000,0.000000,0.000000,0.000000,0.000000,63.327690,0.000000,156.346603,0.000000,0.000000,0.000000,104.209076,0.000000,0.000000,29.857540,0.000000,49.376144,86.780983,0.000000,26.315145,0.000000,72.897598,20.465704,0.000000,0.000000,0.000000,0.000000,77.044464,0.000000,0.000000,0.000000,108.906624
242,4,E,0.000000,0.000000,167.633057,0.000000,0.000000,0.000000,0.000000,0.000000,0.000000,135.434494,63.179688,0.000000,0.000000,0.000000,85.769608,0.000000,0.000000,57.938580,0.000000,0.000000,0.000000,84.404182,0.000000,105.490150,0.000000,87.574257,0.000000,115.642853,0.000000,0.000000,73.153053,0.000000,0.000000,9.710621,0.000000,0.000000,0.000000,10.003269,0.000000,0.000000,0.000000,0.000000,0.000000,35.854996,0.000000,0.000000,0.000000,0.000000
243,0,A,0.000000,0.000000,185.396027,0.000000,0.000000,0.000000,0.000000,0.000000,0.000000,27.260019,60.979855,0.000000,0.000000,0.000000,25.303854,0.000000,0.000000,46.680939,0.000000,0.000000,0.000000,97.439034,0.000000,121.731171,0.000000,90.537361,0.000000,156.701462,0.000000,0.000000,126.585068,0.000000,0.000000,20.447500,0.000000,0.000000,0.000000,15.255597,0.000000,0.000000,0.000000,0.000000,0.000000,18.245104,0.000000,0.000000,0.000000,0.000000
244,1,B,0.000000,0.000000,254.178879,0.000000,0.000000,0.000000,0.000000,0.000000,0.000000,0.000000,16.914190,0.000000,0.000000,0.000000,0.000000,0.000000,0.000000,0.000000,0.000000,0.000000,0.000000,226.336777,0.000000,292.119720,0.000000,0.000000,0.000000,348.014435,0.000000,0.000000,0.000000,0.000000,0.000000,0.000000,0.000000,0.000000,0.000000,103.781776,0.000000,0.000000,0.000000,0.000000,0.000000,14.010658,0.000000,0.000000,0.000000,0.000000
245,0,A,0.000000,0.000000,177.348114,0.000000,0.000000,0.000000,0.000000,0.000000,0.000000,34.007854,47.326462,0.000000,0.000000,0.000000,47.021191,0.000000,0.000000,54.141464,0.000000,0.000000,0.000000,82.102989,0.000000,119.661591,0.000000,82.454155,0.000000,139.989838,0.000000,0.000000,113.060280,0.000000,0.000000,14.935610,0.000000,0.000000,0.000000,11.381183,0.000000,0.000000,0.000000,0.000000,0.000000,19.844307,0.000000,0.000000,0.000000,0.000000
246,4,E,0.000000,0.000000,0.000000,0.000000,0.000000,0.000000,0.000000,0.000000,0.000000,82.371658,208.930756,0.000000,0.000000,0.000000,104.972191,0.000000,0.000000,0.000000,0.000000,0.000000,0.000000,69.041092,0.000000,113.502510,0.000000,0.000000,0.000000,174.772217,0.000000,0.000000,0.000000,0.000000,22.405643,55.775894,0.000000,5.744981,0.000000,65.374855,31.827227,9.902054,0.000000,0.000000,0.000000,58.743755,0.000000,0.000000,0.000000,76.303368
247,1,B,0.000000,0.000000,287.718628,0.000000,0.000000,0.000000,0.000000,0.000000,0.000000,87.292435,28.181850,0.000000,0.000000,0.000000,0.000000,0.000000,0.000000,0.000000,0.000000,0.000000,0.000000,192.345245,0.000000,281.694550,0.000000,0.000000,0.000000,294.364349,0.000000,0.000000,0.000000,0.000000,0.000000,0.000000,0.000000,0.000000,0.000000,86.762138,3.290323,0.000000,0.000000,0.000000,0.000000,24.280441,0.000000,0.000000,0.000000,0.000000
248,3,D,0.000000,0.000000,0.000000,0.000000,0.000000,0.000000,0.000000,0.000000,0.000000,0.000000,0.000000,0.000000,0.000000,0.000000,0.000000,0.000000,0.000000,0.000000,0.000000,0.000000,0.000000,104.272285,0.000000,37.316429,0.000000,321.133514,0.000000,304.007782,200.593185,0.000000,0.000000,0.000000,0.000000,0.000000,0.000000,0.000000,0.000000,0.000000,0.000000,0.000000,0.000000,0.000000,92.339005,0.000000,0.000000,0.000000,0.000000,0.000000
249,3,D,0.000000,0.000000,0.000000,0.000000,0.000000,0.000000,0.000000,0.000000,0.000000,0.000000,0.000000,0.000000,0.000000,0.000000,0.000000,0.000000,0.000000,0.000000,0.000000,0.000000,0.000000,170.535583,0.000000,111.714622,0.000000,272.079620,0.000000,341.227417,100.536217,0.000000,0.000000,0.000000,0.000000,0.000000,0.000000,12.020651,0.000000,36.334492,0.000000,0.000000,0.000000,0.000000,84.290543,0.000000,0.000000,0.000000,0.000000,0.000000
250,0,A,0.000000,0.000000,0.000000,0.000000,0.000000,0.000000,0.000000,0.000000,0.000000,168.826233,280.089783,0.000000,0.000000,0.000000,341.488647,0.000000,0.000000,0.000000,0.000000,0.000000,0.000000,0.000000,0.000000,0.000000,0.000000,249.637573,0.000000,0.000000,0.000000,0.000000,86.890244,0.000000,69.497902,107.693626,0.000000,28.257383,0.000000,0.000000,0.000000,0.000000,0.000000,0.000000,0.000000,125.674950,85.293251,0.000000,0.000000,79.121178
251,4,E,0.000000,0.000000,0.000000,0.000000,0.000000,0.000000,0.000000,0.000000,0.000000,216.694183,243.633682,0.000000,0.000000,0.000000,86.370430,0.000000,0.000000,0.000000,0.000000,0.000000,0.000000,0.000000,0.000000,85.472954,0.000000,121.930260,0.000000,112.680061,0.000000,0.000000,0.000000,0.000000,40.861942,51.735088,0.000000,38.517422,0.000000,31.413158,25.032024,0.000000,0.000000,0.000000,0.000000,65.554337,0.000000,0.000000,0.000000,74.834549
252,3,D,0.000000,0.000000,0.000000,0.000000,0.000000,0.000000,0.000000,0.000000,0.000000,0.000000,0.000000,0.000000,0.000000,0.000000,0.000000,0.000000,0.000000,0.000000,0.000000,0.000000,0.000000,101.273621,0.000000,55.261509,0.000000,300.347473,0.000000,304.081421,158.705490,0.000000,0.000000,0.000000,0.000000,0.000000,0.000000,0.347765,0.000000,3.834020,0.000000,0.000000,0.000000,0.000000,86.799866,0.000000,0.000000,0.000000,0.000000,0.000000
253,4,E,0.000000,0.000000,194.312271,0.000000,0.000000,0.000000,0.000000,0.000000,0.000000,52.026421,59.153160,0.000000,0.000000,0.000000,25.995501,0.000000,0.000000,56.976612,0.000000,0.000000,0.000000,112.135216,0.000000,142.577377,0.000000,47.966755,0.000000,170.015610,0.000000,0.000000,72.530563,0.000000,0.000000,6.572393,0.000000,0.000000,0.000000,34.260311,0.000000,0.000000,0.000000,0.000000,0.000000,17.919333,0.000000,0.000000,0.000000,0.000000
254,1,B,0.000000,0.000000,262.390869,0.000000,0.000000,0.000000,0.000000,0.000000,0.000000,19.714949,0.000000,0.000000,0.000000,0.000000,0.000000,0.000000,0.000000,0.000000,0.000000,0.000000,0.000000,222.877121,0.000000,287.050690,0.000000,0.000000,0.000000,337.478058,0.000000,0.000000,0.000000,0.000000,0.000000,0.000000,0.000000,0.000000,0.000000,97.182281,0.000000,0.000000,0.000000,0.000000,0.000000,13.363534,0.000000,0.000000,0.000000,0.000000
255,3,D,0.000000,0.000000,0.000000,0.000000,0.000000,0.000000,0.000000,0.000000,0.000000,0.000000,0.000000,0.000000,0.000000,0.000000,0.000000,0.000000,0.000000,0.000000,0.000000,0.000000,0.000000,122.820808,0.000000,50.003368,0.000000,290.051270,0.000000,325.031372,210.258804,0.000000,0.000000,0.000000,0.000000,0.000000,0.000000,0.000000,0.000000,2.055314,0.000000,0.000000,0.000000,0.000000,89.392998,0.000000,0.000000,0.000000,0.000000,0.000000
256,4,E,0.000000,0.000000,0.000000,0.000000,0.000000,0.000000,0.000000,0.000000,0.000000,194.984833,234.243195,0.000000,0.000000,0.000000,70.927246,0.000000,0.000000,0.000000,0.000000,0.000000,0.000000,0.000000,0.000000,63.492294,0.000000,10.939944,0.000000,152.827393,0.000000,0.000000,17.736681,0.000000,42.199139,58.518085,0.000000,17.143738,0.000000,36.245026,38.265163,15.426908,0.000000,0.000000,0.000000,58.954605,0.000000,0.000000,0.000000,83.974037
257,3,D,0.000000,0.000000,0.000000,0.000000,0.000000,0.000000,0.000000,0.000000,0.000000,0.000000,0.000000,0.000000,0.000000,0.000000,0.000000,0.000000,0.000000,0.000000,0.000000,0.000000,0.000000,62.065079,0.000000,119.420860,0.000000,241.419327,0.000000,249.776443,134.153931,0.000000,0.000000,0.000000,0.000000,0.000000,0.000000,5.267381,0.000000,9.203321,0.000000,0.000000,0.000000,0.000000,71.620392,0.000000,0.000000,0.000000,0.000000,0.000000
258,0,A,0.000000,0.000000,203.304642,0.000000,0.000000,0.000000,0.000000,0.000000,0.000000,79.550537,47.678726,0.000000,0.000000,0.000000,52.950581,0.000000,0.000000,58.742722,0.000000,0.000000,0.000000,81.460121,0.000000,115.989960,0.000000,63.793037,0.000000,139.606476,0.000000,0.000000,87.678497,0.000000,0.000000,8.610826,0.000000,0.000000,0.000000,13.589247,0.000000,0.000000,0.000000,0.000000,0.000000,23.217188,0.000000,0.000000,0.000000,0.000000
259,3,D,0.000000,0.000000,0.000000,0.000000,0.000000,0.000000,0.000000,0.000000,0.000000,0.000000,0.000000,0.000000,0.000000,0.000000,0.000000,0.000000,0.000000,0.000000,0.000000,0.000000,0.000000,99.949631,0.000000,54.023170,0.000000,297.387909,0.000000,298.747864,155.440308,0.000000,0.000000,0.000000,0.000000,0.000000,0.000000,0.829252,0.000000,3.707618,0.000000,0.000000,0.000000,0.000000,85.676239,0.000000,0.000000,0.000000,0.000000,0.000000
260,2,C,0.000000,0.000000,245.733200,0.000000,0.000000,0.000000,0.000000,0.000000,0.000000,299.268738,0.000000,0.000000,0.000000,0.000000,44.792770,0.000000,0.000000,33.099026,0.000000,0.000000,0.000000,40.064236,0.000000,135.117645,0.000000,125.512596,0.000000,148.084381,0.000000,0.000000,0.000000,0.000000,0.000000,0.000000,0.000000,0.000000,0.000000,0.000000,0.000000,0.000000,0.000000,0.000000,0.000000,28.502295,0.000000,0.000000,0.000000,0.000000
261,0,A,0.000000,0.000000,240.310272,0.000000,0.000000,0.000000,0.000000,0.000000,0.000000,131.454330,41.135658,0.000000,0.000000,0.000000,52.857941,0.000000,0.000000,4.189682,0.000000,0.000000,0.000000,82.175125,0.000000,149.340927,0.000000,35.487373,0.000000,148.201538,0.000000,0.000000,81.686325,0.000000,0.000000,20.446512,0.000000,0.000000,0.000000,16.075430,0.000000,0.000000,0.000000,0.000000,0.000000,38.533394,0.000000,0.000000,0.000000,0.000000
262,3,D,0.000000,0.000000,0.000000,0.000000,0.000000,0.000000,0.000000,0.000000,0.000000,0.000000,0.000000,0.000000,0.000000,0.000000,0.000000,0.000000,0.000000,0.000000,0.000000,0.000000,0.000000,113.126038,0.000000,102.655846,0.000000,231.554016,0.000000,367.463837,105.339828,0.000000,0.000000,0.000000,0.000000,0.000000,0.000000,3.183840,0.000000,29.358044,0.000000,0.000000,0.000000,0.000000,77.356773,0.000000,0.000000,0.000000,0.000000,0.000000
263,0,A,0.000000,0.000000,223.054153,0.000000,0.000000,0.000000,0.000000,0.000000,0.000000,104.064285,57.989754,0.000000,0.000000,0.000000,59.160793,0.000000,0.000000,25.368298,0.000000,0.000000,0.000000,80.222847,0.000000,136.023819,0.000000,33.291134,0.000000,140.543579,0.000000,0.000000,85.010101,0.000000,0.000000,22.150730,0.000000,0.000000,0.000000,18.025654,0.000000,0.000000,0.000000,0.000000,0.000000,36.094845,0.000000,0.000000,0.000000,0.000000
264,4,E,0.000000,0.000000,0.000000,0.000000,0.000000,0.000000,0.000000,0.000000,0.000000,54.427460,233.199020,0.000000,0.000000,0.000000,135.321442,0.000000,0.000000,0.000000,0.000000,0.000000,0.000000,116.749832,0.000000,137.478699,0.000000,7.799541,0.000000,185.122772,0.000000,0.000000,0.000000,0.000000,22.357996,65.678215,0.000000,4.483656,0.000000,82.592232,28.910557,6.088090,0.000000,0.000000,0.000000,69.745369,0.000000,0.000000,0.000000,84.544067
265,1,B,0.000000,0.000000,282.576080,0.000000,0.000000,0.000000,0.000000,0.000000,0.000000,49.732243,19.255194,0.000000,0.000000,0.000000,0.000000,0.000000,0.000000,0.000000,0.000000,0.000000,0.000000,204.562088,0.000000,292.965515,0.000000,0.000000,0.000000,324.531494,0.000000,0.000000,0.000000,0.000000,0.000000,0.000000,0.000000,0.000000,0.000000,94.296822,0.107244,0.000000,0.000000,0.000000,0.000000,19.312832,0.000000,0.000000,0.000000,0.000000
266,4,E,0.000000,0.000000,0.000000,0.000000,0.000000,0.000000,0.000000,0.000000,0.000000,47.731342,185.109955,0.000000,0.000000,0.000000,289.409393,0.000000,0.000000,0.000000,0.000000,0.000000,0.000000,160.143951,0.000000,194.393707,0.000000,72.666321,0.000000,17.320410,122.640144,0.000000,71.479813,0.000000,15.684737,91.821167,0.000000,0.000000,0.000000,36.047684,0.000000,0.000000,0.000000,0.000000,0.000000,118.040611,0.000000,20.000872,0.000000,64.215836
267,1,B,0.000000,0.000000,263.984436,0.000000,0.000000,0.000000,0.000000,0.000000,0.000000,68.656235,0.000000,0.000000,0.000000,0.000000,0.000000,0.000000,0.000000,16.827868,0.000000,0.000000,0.000000,206.957336,0.000000,279.458984,0.000000,0.000000,0.000000,320.727966,0.000000,0.000000,0.000000,0.000000,0.000000,0.000000,0.000000,0.000000,0.000000,88.221375,3.471372,0.000000,0.000000,0.000000,0.000000,14.018581,0.000000,0.000000,0.000000,0.000000
268,3,D,0.000000,0.000000,0.000000,0.000000,0.000000,0.000000,0.000000,0.000000,0.000000,0.000000,0.000000,0.000000,0.000000,0.000000,0.000000,0.000000,0.000000,0.000000,0.000000,0.000000,0.000000,126.159264,0.000000,48.041840,0.000000,295.067261,0.000000,324.568298,199.252823,0.000000,0.000000,0.000000,0.000000,0.000000,0.000000,0.000000,0.000000,3.501165,0.000000,0.000000,0.000000,0.000000,89.755669,0.000000,0.000000,0.000000,0.000000,0.000000
269,2,C,0.000000,0.000000,259.894318,0.000000,0.000000,0.000000,0.000000,0.000000,0.000000,318.841187,0.000000,0.000000,0.000000,0.000000,72.333633,0.000000,0.000000,0.000000,0.000000,0.000000,0.000000,46.578865,0.000000,149.586761,0.000000,79.865173,0.000000,144.913071,0.000000,0.000000,0.000000,0.000000,0.000000,0.000000,0.000000,0.000000,0.000000,1.578675,10.920626,0.000000,0.000000,0.000000,0.000000,44.793068,0.000000,0.000000,0.000000,0.000000
270,4,E,0.000000,0.000000,0.000000,0.000000,0.000000,0.000000,0.000000,0.000000,0.000000,93.380417,240.338638,0.000000,0.000000,0.000000,108.080376,0.000000,0.000000,0.000000,0.000000,0.000000,0.000000,46.695637,0.000000,131.740158,0.000000,0.000000,0.000000,180.269562,0.000000,0.000000,0.000000,0.000000,28.181740,63.939228,0.000000,10.100568,0.000000,68.568665,33.090908,10.591690,0.000000,0.000000,0.000000,64.743782,0.000000,0.000000,0.000000,87.187546
271,4,E,0.000000,0.000000,0.000000,0.000000,0.000000,0.000000,0.000000,0.000000,0.000000,40.887360,302.324310,0.000000,0.000000,0.000000,54.578625,0.000000,0.000000,0.000000,0.000000,0.000000,0.000000,86.805862,0.000000,117.496819,0.000000,57.117310,0.000000,226.303467,0.000000,0.000000,0.000000,0.000000,16.924768,71.750885,0.000000,26.597870,0.000000,88.987389,23.288879,20.876442,0.000000,0.000000,0.000000,54.356106,0.000000,0.000000,0.000000,98.237457
272,0,A,0.000000,0.000000,227.391098,0.000000,0.000000,0.000000,0.000000,0.000000,0.000000,122.214859,39.515171,0.000000,0.000000,0.000000,65.444054,0.000000,0.000000,35.566250,0.000000,0.000000,0.000000,76.527199,0.000000,124.154327,0.000000,40.188034,0.000000,134.244751,0.000000,0.000000,70.919815,0.000000,0.000000,10.945266,0.000000,0.000000,0.000000,13.219262,0.000000,0.000000,0.000000,0.000000,0.000000,32.904610,0.000000,0.000000,0.000000,0.000000
273,0,A,0.000000,0.000000,0.000000,0.000000,0.000000,0.000000,0.000000,0.000000,0.000000,0.000000,203.020813,0.000000,0.000000,0.000000,75.521034,0.000000,0.000000,0.000000,0.000000,0.000000,0.000000,72.243881,0.000000,0.000000,0.000000,299.174774,0.000000,178.414948,416.970795,0.000000,81.395523,0.000000,0.000000,68.885101,0.000000,0.000000,0.000000,0.000000,0.000000,0.000000,0.000000,0.000000,5.446235,42.734600,49.820263,0.000000,0.000000,19.484026
274,1,B,0.000000,0.000000,266.666779,0.000000,0.000000,0.000000,0.000000,0.000000,0.000000,38.156281,12.182869,0.000000,0.000000,0.000000,0.000000,0.000000,0.000000,0.000000,0.000000,0.000000,0.000000,204.243073,0.000000,279.346466,0.000000,0.000000,0.000000,307.517181,0.000000,0.000000,0.000000,0.000000,0.000000,0.000000,0.000000,0.000000,0.000000,91.134354,0.000000,0.000000,0.000000,0.000000,0.000000,17.319571,0.000000,0.000000,0.000000,0.000000
275,1,B,0.000000,0.000000,279.240448,0.000000,0.000000,0.000000,0.000000,0.000000,0.000000,61.079330,32.477173,0.000000,0.000000,0.000000,0.000000,0.000000,0.000000,0.000000,0.000000,0.000000,0.000000,242.939850,0.000000,326.024750,0.000000,0.000000,0.000000,339.450989,0.000000,0.000000,0.000000,0.000000,0.000000,0.000000,0.000000,0.000000,0.000000,107.832794,5.810688,0.000000,0.000000,0.000000,0.000000,25.047047,0.000000,0.000000,0.000000,0.000000
276,4,E,0.000000,0.000000,0.000000,0.000000,0.000000,0.000000,0.000000,0.000000,0.000000,78.795227,109.475334,0.000000,0.000000,0.000000,0.000000,0.000000,0.000000,0.000000,0.000000,0.000000,0.000000,131.773087,0.000000,119.500504,0.000000,116.711807,0.000000,313.084290,0.000000,0.000000,0.000000,0.000000,0.000000,2.068781,0.000000,25.244843,0.000000,65.535271,23.400784,0.000000,0.000000,0.000000,12.140347,11.280060,0.000000,0.000000,0.000000,26.302202
277,2,C,0.000000,0.000000,255.741959,0.000000,0.000000,0.000000,0.000000,0.000000,0.000000,322.424683,0.000000,0.000000,0.000000,0.000000,68.746033,0.000000,0.000000,0.000000,0.000000,0.000000,0.000000,40.349525,0.000000,139.840714,0.000000,102.272644,0.000000,137.325989,0.000000,0.000000,0.000000,0.000000,0.000000,0.000000,0.000000,0.000000,0.000000,0.000000,7.288743,0.000000,0.000000,0.000000,0.000000,43.126194,0.000000,0.000000,0.000000,0.000000
278,0,A,0.000000,0.000000,0.000000,0.000000,0.000000,0.000000,0.000000,0.000000,0.000000,123.996780,290.672150,0.000000,0.000000,0.000000,317.875671,0.000000,0.000000,0.000000,0.000000,0.000000,0.000000,0.000000,0.000000,0.000000,0.000000,259.943329,0.000000,0.000000,0.333480,0.000000,77.808990,0.000000,63.897400,107.583298,0.000000,32.217266,0.000000,0.000000,0.000000,0.000000,0.000000,0.000000,0.000000,118.016075,89.495087,0.000000,0.000000,79.475990
279,0,A,0.000000,0.000000,94.048203,0.000000,0.000000,0.000000,0.000000,0.000000,0.000000,0.000000,7.130263,0.000000,0.000000,0.000000,42.617237,0.000000,0.000000,13.767303,0.000000,0.000000,0.000000,133.091248,0.000000,137.703506,0.000000,140.505692,0.000000,178.352951,32.668495,0.000000,91.042244,0.000000,0.000000,5.104132,0.000000,0.000000,0.000000,18.771303,0.000000,0.000000,0.000000,0.000000,2.354335,14.648247,0.000000,0.000000,0.000000,0.000000
280,3,D,0.000000,0.000000,0.000000,0.000000,0.000000,0.000000,0.000000,0.000000,0.000000,0.000000,0.000000,0.000000,0.000000,0.000000,0.000000,0.000000,0.000000,0.000000,0.000000,0.000000,0.000000,129.751419,0.000000,117.756882,0.000000,261.040710,0.000000,321.539062,71.334373,0.000000,0.000000,0.000000,0.000000,0.000000,0.000000,19.927177,0.000000,33.413181,0.000000,0.000000,0.000000,0.000000,78.584633,0.000000,0.000000,0.000000,0.000000,0.000000
281,3,D,0.000000,0.000000,207.743042,0.000000,0.000000,0.000000,0.000000,0.000000,0.000000,38.516800,0.000000,0.000000,0.000000,0.000000,0.000000,0.000000,0.000000,111.680504,0.000000,0.000000,0.000000,47.303604,0.000000,65.683632,0.000000,214.262924,0.000000,200.771118,0.000000,0.000000,73.096008,0.000000,0.000000,0.000000,0.000000,0.000000,0.000000,0.000000,0.000000,0.000000,0.000000,0.000000,24.456238,0.000000,0.000000,0.000000,0.000000,0.000000
282,0,A,0.000000,0.000000,236.859436,0.000000,0.000000,0.000000,0.000000,0.000000,0.000000,120.911057,49.014469,0.000000,0.000000,0.000000,73.724419,0.000000,0.000000,8.002033,0.000000,0.000000,0.000000,61.050392,0.000000,129.134491,0.000000,33.967613,0.000000,121.638992,0.000000,0.000000,107.546120,0.000000,0.000000,31.439129,0.000000,0.000000,0.000000,3.766482,0.000000,0.000000,0.000000,0.000000,0.000000,43.604549,0.000000,0.000000,0.000000,0.000000
283,0,A,0.000000,0.000000,0.000000,0.000000,0.000000,0.000000,0.000000,0.000000,0.000000,87.573746,335.772736,0.000000,0.000000,0.000000,296.318634,0.000000,0.000000,0.000000,0.000000,0.000000,0.000000,31.961269,0.000000,0.000000,0.000000,226.387329,0.000000,0.000000,68.546959,0.000000,103.647217,0.000000,57.244591,129.967361,0.000000,14.863919,0.000000,0.000000,0.000000,0.000000,0.000000,0.000000,0.000000,122.620270,84.546509,0.000000,0.000000,95.386139
284,4,E,0.000000,0.000000,22.411337,0.000000,0.000000,0.000000,0.000000,0.000000,0.000000,148.129227,86.691795,0.000000,0.000000,0.000000,48.426495,0.000000,0.000000,0.000000,0.000000,0.000000,0.000000,82.750015,0.000000,219.909698,0.000000,21.789677,0.000000,113.943054,0.000000,0.000000,0.000000,0.000000,0.000000,12.903285,0.000000,14.180178,0.000000,51.377884,27.999065,0.000000,0.000000,0.000000,0.000000,45.400288,0.000000,0.000000,0.000000,33.099869
285,2,C,0.000000,0.000000,207.600983,0.000000,0.000000,0.000000,0.000000,0.000000,0.000000,139.601257,23.616566,0.000000,0.000000,0.000000,58.915081,0.000000,0.000000,82.215088,0.000000,0.000000,0.000000,73.801094,0.000000,121.406830,0.000000,66.724693,0.000000,132.706116,0.000000,0.000000,50.803246,0.000000,0.000000,0.000000,0.000000,0.000000,0.000000,11.425653,0.000000,0.000000,0.000000,0.000000,0.000000,19.920294,0.000000,0.000000,0.000000,0.000000
286,3,D,0.000000,0.000000,0.000000,0.000000,0.000000,0.000000,0.000000,0.000000,0.000000,0.000000,45.447346,0.000000,0.000000,0.000000,0.000000,0.000000,0.000000,0.000000,0.000000,0.000000,0.000000,156.976135,0.000000,89.995972,0.000000,254.583282,0.000000,336.568298,34.565987,0.000000,0.000000,0.000000,0.000000,0.000000,0.000000,28.276117,0.000000,48.699818,0.000000,0.000000,0.000000,0.000000,64.570419,0.000000,0.000000,0.000000,0.000000,0.000000
287,3,D,0.000000,0.000000,0.000000,0.000000,0.000000,0.000000,0.000000,0.000000,0.000000,0.000000,0.000000,0.000000,0.000000,0.000000,0.000000,0.000000,0.000000,0.000000,0.000000,0.000000,0.000000,76.262482,0.000000,77.674187,0.000000,206.770081,0.000000,398.275055,128.234436,0.000000,0.000000,0.000000,0.000000,0.000000,0.000000,0.000000,0.000000,20.525831,0.000000,0.000000,0.000000,0.000000,74.660019,0.000000,0.000000,0.000000,0.000000,0.000000
288,0,A,0.000000,0.000000,0.000000,0.000000,0.000000,0.000000,0.000000,0.000000,0.000000,197.543427,326.105408,0.000000,0.000000,0.000000,351.474884,0.000000,0.000000,0.000000,0.000000,0.000000,0.000000,0.000000,0.000000,0.000000,0.000000,232.320450,0.000000,0.000000,0.000000,0.000000,74.841942,0.000000,85.154556,118.798134,0.000000,28.024672,0.000000,0.000000,0.000000,0.000000,0.000000,0.000000,0.000000,136.625885,81.495682,0.000000,0.000000,97.122108
289,1,B,0.000000,0.000000,273.902863,0.000000,0.000000,0.000000,0.000000,0.000000,0.000000,56.396179,5.424945,0.000000,0.000000,0.000000,0.000000,0.000000,0.000000,0.000000,0.000000,0.000000,0.000000,196.154770,0.000000,279.136627,0.000000,0.000000,0.000000,314.847534,0.000000,0.000000,0.000000,0.000000,0.000000,0.000000,0.000000,0.000000,0.000000,87.533600,1.058397,0.000000,0.000000,0.000000,0.000000,16.924639,0.000000,0.000000,0.000000,0.000000
290,4,E,0.000000,0.000000,0.000000,0.000000,0.000000,0.000000,0.000000,0.000000,0.000000,77.232971,164.856583,0.000000,0.000000,0.000000,105.106712,0.000000,0.000000,0.000000,0.000000,0.000000,0.000000,223.698898,0.000000,167.135300,0.000000,40.295246,0.000000,73.528175,0.000000,0.000000,94.960754,0.000000,18.197405,64.633690,0.000000,18.754538,0.000000,61.050716,0.000000,0.000000,0.000000,0.000000,0.000000,73.549446,0.000000,24.960745,0.000000,62.154037
291,0,A,0.000000,0.000000,200.475082,0.000000,0.000000,0.000000,0.000000,0.000000,0.000000,96.523560,41.266312,0.000000,0.000000,0.000000,61.812733,0.000000,0.000000,39.506268,0.000000,0.000000,0.000000,78.553391,0.000000,119.046181,0.000000,62.367298,0.000000,134.173782,0.000000,0.000000,85.437782,0.000000,0.000000,12.232189,0.000000,0.000000,0.000000,10.924779,0.000000,0.000000,0.000000,0.000000,0.000000,29.124231,0.000000,0.000000,0.000000,0.000000
292,1,B,0.000000,0.000000,309.303711,0.000000,0.000000,0.000000,0.000000,0.000000,0.000000,54.063942,10.171634,0.000000,0.000000,0.000000,0.000000,0.000000,0.000000,0.000000,0.000000,0.000000,0.000000,190.262466,0.000000,289.278229,0.000000,0.000000,0.000000,313.715851,0.000000,0.000000,0.000000,0.000000,0.000000,0.000000,0.000000,0.000000,0.000000,88.281265,0.000000,0.000000,0.000000,0.000000,0.000000,18.669113,0.000000,0.000000,0.000000,0.000000
293,2,C,0.000000,0.000000,236.419174,0.000000,0.000000,0.000000,0.000000,0.000000,0.000000,201.186478,0.000000,0.000000,0.000000,0.000000,56.853729,0.000000,0.000000,2.661742,0.000000,0.000000,0.000000,44.445301,0.000000,160.458252,0.000000,82.042999,0.000000,146.576996,0.000000,0.000000,15.749791,0.000000,0.000000,0.000000,0.000000,0.000000,0.000000,9.485764,0.000000,0.000000,0.000000,0.000000,0.000000,33.086018,0.000000,0.000000,0.000000,0.000000
294,4,E,0.000000,0.000000,0.000000,0.000000,0.000000,0.000000,0.000000,0.000000,0.000000,0.000000,144.411545,0.000000,0.000000,0.000000,59.320847,0.000000,0.000000,0.000000,0.000000,0.000000,0.000000,170.203369,0.000000,68.306648,0.000000,152.598831,0.000000,206.758499,74.984161,0.000000,0.000000,0.000000,0.000000,27.746317,0.000000,3.633672,0.000000,55.094311,0.000000,0.000000,0.000000,0.000000,0.000000,29.793509,0.000000,0.000000,0.000000,30.476639
295,0,A,0.000000,0.000000,170.272278,0.000000,0.000000,0.000000,0.000000,0.000000,0.000000,21.159346,67.326248,0.000000,0.000000,0.000000,47.021103,0.000000,0.000000,47.164661,0.000000,0.000000,0.000000,94.320763,0.000000,103.003319,0.000000,103.751648,0.000000,144.869827,0.000000,0.000000,130.895340,0.000000,0.000000,25.192219,0.000000,0.000000,0.000000,10.582507,0.000000,0.000000,0.000000,0.000000,0.000000,22.296249,0.000000,0.000000,0.000000,0.000000
296,2,C,0.000000,0.000000,270.474030,0.000000,0.000000,0.000000,0.000000,0.000000,0.000000,317.539215,0.000000,0.000000,0.000000,0.000000,78.027405,0.000000,0.000000,0.000000,0.000000,0.000000,0.000000,43.697853,0.000000,155.383560,0.000000,80.394348,0.000000,139.509766,0.000000,0.000000,0.227629,0.000000,0.000000,0.000000,0.000000,0.000000,0.000000,1.168209,8.172585,0.000000,0.000000,0.000000,0.000000,46.790466,0.000000,0.000000,0.000000,0.000000
297,3,D,0.000000,0.000000,0.000000,0.000000,0.000000,0.000000,0.000000,0.000000,0.000000,0.000000,21.053925,0.000000,0.000000,0.000000,0.000000,0.000000,0.000000,0.000000,0.000000,0.000000,0.000000,200.267120,0.000000,73.482536,0.000000,205.779053,0.000000,254.300980,80.269562,0.000000,0.000000,0.000000,0.000000,0.000000,0.000000,7.265135,0.000000,41.058052,0.000000,0.000000,0.000000,0.000000,59.664036,0.000000,0.000000,0.000000,0.000000,0.000000
298,2,C,0.000000,0.000000,258.103363,0.000000,0.000000,0.000000,0.000000,0.000000,0.000000,262.526520,0.000000,0.000000,0.000000,0.000000,67.531723,0.000000,0.000000,0.000000,0.000000,0.000000,0.000000,28.900572,0.000000,147.213837,0.000000,97.104240,0.000000,136.156616,0.000000,0.000000,25.275019,0.000000,0.000000,0.000000,0.000000,0.000000,0.000000,0.000000,0.000000,0.000000,0.000000,0.000000,0.000000,40.015099,0.000000,0.000000,0.000000,0.000000
299,4,E,0.000000,0.000000,0.000000,0.000000,0.000000,0.000000,0.000000,0.000000,0.000000,61.178608,238.661072,0.000000,0.000000,0.000000,102.761635,0.000000,0.000000,0.000000,0.000000,0.000000,0.000000,100.831505,0.000000,189.130768,0.000000,47.453159,0.000000,188.620651,0.000000,0.000000,120.426003,0.000000,8.802614,85.642159,0.000000,26.756723,0.000000,58.651920,0.000000,0.000000,0.000000,0.000000,0.000000,71.796112,0.000000,5.964339,0.000000,84.851410
300,1,B,0.000000,0.000000,168.135788,0.000000,0.000000,0.000000,0.000000,0.000000,0.000000,60.381947,38.028931,0.000000,0.000000,0.000000,52.241177,0.000000,0.000000,59.874249,0.000000,0.000000,0.000000,101.120979,0.000000,111.201065,0.000000,96.464584,0.000000,145.103317,0.000000,0.000000,81.470322,0.000000,0.000000,1.860660,0.000000,0.000000,0.000000,16.242363,0.000000,0.000000,0.000000,0.000000,0.000000,18.247795,0.000000,0.000000,0.000000,0.000000
301,2,C,0.000000,0.000000,247.606964,0.000000,0.000000,0.000000,0.000000,0.000000,0.000000,327.338440,0.000000,0.000000,0.000000,0.000000,81.826416,0.000000,0.000000,0.000000,0.000000,0.000000,0.000000,32.411987,0.000000,131.909821,0.000000,100.256836,0.000000,126.829735,0.000000,0.000000,0.000000,0.000000,0.000000,0.000000,0.000000,0.000000,0.000000,0.000000,8.137583,0.000000,0.000000,0.000000,0.000000,46.050034,0.000000,0.000000,0.000000,0.000000
302,3,D,0.000000,0.000000,0.000000,0.000000,0.000000,0.000000,0.000000,0.000000,0.000000,0.000000,24.908005,0.000000,0.000000,0.000000,0.000000,0.000000,0.000000,0.000000,0.000000,0.000000,0.000000,150.089279,0.000000,97.820679,0.000000,203.036758,0.000000,309.198273,64.379585,0.000000,0.000000,0.000000,0.000000,0.000000,0.000000,12.056787,0.000000,42.701721,0.000000,0.000000,0.000000,0.000000,60.357590,0.000000,0.000000,0.000000,0.000000,0.000000
303,0,A,0.000000,0.000000,212.776642,0.000000,0.000000,0.000000,0.000000,0.000000,0.000000,143.081512,59.307327,0.000000,0.000000,0.000000,70.291557,0.000000,0.000000,18.215677,0.000000,0.000000,0.000000,68.175858,0.000000,115.710014,0.000000,71.411148,0.000000,123.647667,0.000000,0.000000,99.711693,0.000000,0.000000,25.184406,0.000000,0.000000,0.000000,2.754276,0.000000,0.000000,0.000000,0.000000,0.000000,41.543644,0.000000,0.000000,0.000000,0.000000
304,0,A,0.000000,0.000000,215.579987,0.000000,0.000000,0.000000,0.000000,0.000000,0.000000,79.556435,49.759968,0.000000,0.000000,0.000000,45.322968,0.000000,0.000000,33.925835,0.000000,0.000000,0.000000,85.111099,0.000000,128.657394,0.000000,51.668842,0.000000,143.854874,0.000000,0.000000,98.061928,0.000000,0.000000,18.382160,0.000000,0.000000,0.000000,15.066398,0.000000,0.000000,0.000000,0.000000,0.000000,28.060013,0.000000,0.000000,0.000000,0.000000
305,0,A,0.000000,0.000000,0.000000,0.000000,0.000000,0.000000,0.000000,0.000000,0.000000,167.996765,308.296448,0.000000,0.000000,0.000000,281.317383,0.000000,0.000000,0.000000,0.000000,0.000000,0.000000,0.000000,0.000000,0.000000,0.000000,282.274536,0.000000,0.000000,0.000000,0.000000,0.000000,0.000000,69.691620,88.116165,0.000000,40.513348,0.000000,9.372394,0.000000,0.000000,0.000000,0.000000,0.000000,111.207451,87.078812,0.000000,0.000000,80.542793
306,2,C,0.000000,0.000000,241.613571,0.000000,0.000000,0.000000,0.000000,0.000000,0.000000,255.362076,0.000000,0.000000,0.000000,0.000000,69.981400,0.000000,0.000000,0.000000,0.000000,0.000000,0.000000,39.140694,0.000000,149.905807,0.000000,96.195450,0.000000,137.369614,0.000000,0.000000,16.281618,0.000000,0.000000,0.000000,0.000000,0.000000,0.000000,0.456209,0.000000,0.000000,0.000000,0.000000,0.000000,39.813423,0.000000,0.000000,0.000000,0.000000
307,0,A,0.000000,0.000000,188.655289,0.000000,0.000000,0.000000,0.000000,0.000000,0.000000,227.847412,72.174568,0.000000,0.000000,0.000000,86.691277,0.000000,0.000000,0.000000,0.000000,0.000000,0.000000,53.071030,0.000000,135.994202,0.000000,62.049473,0.000000,119.643005,0.000000,0.000000,74.154724,0.000000,0.000000,26.330757,0.000000,0.000000,0.000000,3.876391,0.000000,0.000000,0.000000,0.000000,0.000000,55.915367,0.000000,0.000000,0.000000,11.077929
308,4,E,0.000000,0.000000,0.000000,0.000000,0.000000,0.000000,0.000000,0.000000,0.000000,233.407684,153.636841,0.000000,0.000000,0.000000,26.280228,0.000000,0.000000,0.000000,0.000000,0.000000,0.000000,0.000000,0.000000,150.567886,0.000000,107.919380,0.000000,221.538864,0.000000,0.000000,0.000000,0.000000,0.000000,14.684048,0.000000,38.461300,0.000000,34.541012,35.850742,0.000000,0.000000,0.000000,0.000000,37.795139,0.000000,0.000000,0.000000,45.937485
309,0,A,0.000000,0.000000,200.210266,0.000000,0.000000,0.000000,0.000000,0.000000,0.000000,214.326416,77.827637,0.000000,0.000000,0.000000,82.655273,0.000000,0.000000,25.437077,0.000000,0.000000,0.000000,84.806030,0.000000,158.989014,0.000000,42.005337,0.000000,124.611870,0.000000,0.000000,53.568008,0.000000,0.000000,17.487608,0.000000,0.000000,0.000000,21.007072,0.000000,0.000000,0.000000,0.000000,0.000000,52.868958,0.000000,0.000000,0.000000,8.145350
310,1,B,0.000000,0.000000,242.455200,0.000000,0.000000,0.000000,0.000000,0.000000,0.000000,18.169916,8.727633,0.000000,0.000000,0.000000,0.000000,0.000000,0.000000,0.000000,0.000000,0.000000,0.000000,170.681549,0.000000,249.790771,0.000000,0.000000,0.000000,291.867584,0.000000,0.000000,4.681168,0.000000,0.000000,0.000000,0.000000,0.000000,0.000000,80.513863,0.000000,0.000000,0.000000,0.000000,0.000000,12.601721,0.000000,0.000000,0.000000,0.000000
311,3,D,0.000000,0.000000,0.000000,0.000000,0.000000,0.000000,0.000000,0.000000,0.000000,0.000000,0.000000,0.000000,0.000000,0.000000,0.000000,0.000000,0.000000,0.000000,0.000000,0.000000,0.000000,140.049179,0.000000,83.664742,0.000000,315.246979,0.000000,280.271545,239.292175,0.000000,0.000000,0.000000,0.000000,0.000000,0.000000,0.000000,0.000000,0.356769,0.000000,0.000000,0.000000,0.000000,93.514458,0.000000,0.000000,0.000000,0.000000,0.000000
312,0,A,0.000000,0.000000,0.000000,0.000000,0.000000,0.000000,0.000000,0.000000,0.000000,223.490891,280.949615,0.000000,0.000000,0.000000,366.579315,0.000000,0.000000,0.000000,0.000000,0.000000,0.000000,0.000000,0.000000,0.000000,0.000000,213.325699,0.000000,0.000000,0.000000,0.000000,84.955116,0.000000,81.970436,110.145409,0.000000,20.255615,0.000000,0.000000,0.000000,0.000000,0.000000,0.000000,0.000000,136.242401,74.922424,0.000000,0.000000,85.642151
313,3,D,0.000000,0.000000,0.000000,0.000000,0.000000,0.000000,0.000000,0.000000,0.000000,0.000000,0.000000,0.000000,0.000000,0.000000,0.000000,0.000000,0.000000,6.191597,0.000000,0.000000,0.000000,197.762039,0.000000,127.476479,0.000000,297.331940,0.000000,231.582230,212.113083,0.000000,0.000000,0.000000,0.000000,0.000000,0.000000,0.000000,0.000000,17.736862,0.000000,0.000000,0.000000,0.000000,89.849854,0.000000,0.000000,0.000000,0.000000,0.000000
314,2,C,0.000000,0.000000,160.244507,0.000000,0.000000,0.000000,0.000000,0.000000,0.000000,426.914948,0.000000,0.000000,0.000000,0.000000,85.082970,0.000000,0.000000,0.000000,0.000000,0.000000,0.000000,9.186996,0.000000,93.989456,0.000000,171.519028,0.000000,151.262924,0.000000,0.000000,0.000000,0.000000,0.000000,0.000000,0.000000,0.000000,0.000000,0.000000,24.773296,0.000000,0.000000,0.000000,0.000000,44.988480,0.000000,0.000000,0.000000,0.000000
315,4,E,0.000000,0.000000,0.000000,0.000000,0.000000,0.000000,0.000000,0.000000,0.000000,0.000000,260.003815,0.000000,0.000000,0.000000,32.075821,0.000000,0.000000,0.000000,0.000000,0.000000,0.000000,191.878357,0.000000,47.499920,0.000000,171.186050,0.000000,253.545425,247.485123,0.000000,0.000000,0.000000,0.000000,60.378536,0.000000,0.000000,0.000000,54.298862,0.000000,0.000000,0.000000,0.000000,0.000000,40.653709,0.000000,0.000000,0.000000,58.781517
316,2,C,0.000000,0.000000,226.835205,0.000000,0.000000,0.000000,0.000000,0.000000,0.000000,148.785385,0.000000,0.000000,0.000000,0.000000,43.306011,0.000000,0.000000,106.534103,0.000000,0.000000,0.000000,57.796364,0.000000,129.985992,0.000000,50.644459,0.000000,141.297592,0.000000,0.000000,24.983492,0.000000,0.000000,0.000000,0.000000,0.000000,0.000000,12.933639,0.000000,0.000000,0.000000,0.000000,0.000000,8.255390,0.000000,0.000000,0.000000,0.000000
317,3,D,0.000000,0.000000,0.000000,0.000000,0.000000,0.000000,0.000000,0.000000,0.000000,36.392574,0.000000,0.000000,0.000000,0.000000,0.000000,0.000000,0.000000,0.000000,0.000000,0.000000,0.000000,59.741264,0.000000,48.031116,0.000000,321.576447,0.000000,254.081772,130.896301,0.000000,0.000000,0.000000,0.000000,0.000000,0.000000,14.855402,0.000000,0.000000,0.000000,0.000000,0.000000,0.000000,81.317879,0.000000,1.848925,0.000000,0.000000,0.000000
318,2,C,0.000000,0.000000,95.134193,0.000000,0.000000,0.000000,0.000000,0.000000,0.000000,393.145844,14.393973,0.000000,0.000000,0.000000,70.003876,0.000000,0.000000,0.000000,0.000000,0.000000,0.000000,24.307087,0.000000,99.274162,0.000000,176.327362,0.000000,157.991867,0.000000,0.000000,0.000000,0.000000,0.000000,0.000000,0.000000,6.882277,0.000000,0.000000,29.485319,0.000000,0.000000,0.000000,0.000000,40.493874,0.000000,0.000000,0.000000,0.000000
319,0,A,0.000000,0.000000,0.000000,0.000000,0.000000,0.000000,0.000000,0.000000,0.000000,319.636292,189.325287,0.000000,0.000000,0.000000,215.163361,0.000000,0.000000,0.000000,0.000000,0.000000,0.000000,0.000000,0.000000,31.620787,0.000000,5.116271,0.000000,8.048556,0.000000,0.000000,0.000000,0.000000,86.155197,59.262291,0.000000,0.000000,0.000000,3.979305,52.424202,0.000000,0.000000,0.000000,0.000000,100.043800,0.000000,0.000000,0.000000,76.158897
320,0,A,0.000000,0.000000,179.448822,0.000000,0.000000,0.000000,0.000000,0.000000,0.000000,325.927124,62.707939,0.000000,0.000000,0.000000,53.048721,0.000000,0.000000,47.689739,0.000000,0.000000,0.000000,53.660816,0.000000,154.466171,0.000000,78.190483,0.000000,133.822128,0.000000,0.000000,0.000000,0.000000,0.000000,0.000000,0.000000,0.000000,0.000000,14.480335,20.016977,0.000000,0.000000,0.000000,0.000000,41.993111,0.000000,0.000000,0.000000,0.000000
321,1,B,0.000000,0.000000,258.815277,0.000000,0.000000,0.000000,0.000000,0.000000,0.000000,53.782616,0.000000,0.000000,0.000000,0.000000,0.000000,0.000000,0.000000,0.000000,0.000000,0.000000,0.000000,197.204147,0.000000,270.240753,0.000000,0.000000,0.000000,303.650024,0.000000,0.000000,0.000000,0.000000,0.000000,0.000000,0.000000,0.000000,0.000000,85.206139,2.007547,0.000000,0.000000,0.000000,0.000000,15.841089,0.000000,0.000000,0.000000,0.000000
322,1,B,0.000000,0.000000,261.343109,0.000000,0.000000,0.000000,0.000000,0.000000,0.000000,31.385399,3.529471,0.000000,0.000000,0.000000,0.000000,0.000000,0.000000,0.000000,0.000000,0.000000,0.000000,220.144958,0.000000,286.065430,0.000000,0.000000,0.000000,322.973572,0.000000,0.000000,0.000000,0.000000,0.000000,0.000000,0.000000,0.000000,0.000000,95.140999,0.544660,0.000000,0.000000,0.000000,0.000000,15.548146,0.000000,0.000000,0.000000,0.000000
323,0,A,0.000000,0.000000,0.000000,0.000000,0.000000,0.000000,0.000000,0.000000,0.000000,89.966133,348.236328,0.000000,0.000000,0.000000,298.112396,0.000000,0.000000,0.000000,0.000000,0.000000,0.000000,0.000000,0.000000,0.000000,0.000000,216.243042,0.000000,0.000000,23.825308,0.000000,46.319595,0.000000,71.984222,120.321098,0.000000,23.525593,0.000000,13.168011,0.000000,0.000000,0.000000,0.000000,0.000000,119.823311,83.064949,0.000000,0.000000,100.770966
324,3,D,0.000000,0.000000,0.000000,0.000000,0.000000,0.000000,0.000000,0.000000,0.000000,0.000000,0.000000,0.000000,0.000000,0.000000,0.000000,0.000000,0.000000,0.000000,0.000000,0.000000,0.000000,115.626984,0.000000,104.616821,0.000000,286.222748,0.000000,352.415588,46.979607,0.000000,0.000000,0.000000,0.000000,0.000000,0.000000,28.377750,0.000000,33.044548,0.000000,0.000000,0.000000,0.000000,83.375053,0.000000,0.000000,0.000000,0.000000,0.000000
325,1,B,0.000000,0.000000,198.358551,0.000000,0.000000,0.000000,0.000000,0.000000,0.000000,53.148544,17.065374,0.000000,0.000000,0.000000,6.596949,0.000000,0.000000,60.799870,0.000000,0.000000,0.000000,99.232735,0.000000,138.559891,0.000000,77.451187,0.000000,174.762558,0.000000,0.000000,75.601509,0.000000,0.000000,0.000000,0.000000,0.000000,0.000000,22.403172,0.000000,0.000000,0.000000,0.000000,0.000000,5.116221,0.000000,0.000000,0.000000,0.000000
326,0,A,0.000000,0.000000,219.577194,0.000000,0.000000,0.000000,0.000000,0.000000,0.000000,108.250534,38.190987,0.000000,0.000000,0.000000,55.353432,0.000000,0.000000,29.874907,0.000000,0.000000,0.000000,71.243645,0.000000,125.338272,0.000000,66.850342,0.000000,135.969650,0.000000,0.000000,100.660751,0.000000,0.000000,16.046373,0.000000,0.000000,0.000000,5.323071,0.000000,0.000000,0.000000,0.000000,0.000000,30.837494,0.000000,0.000000,0.000000,0.000000
327,3,D,0.000000,0.000000,0.000000,0.000000,0.000000,0.000000,0.000000,0.000000,0.000000,0.000000,0.000000,0.000000,0.000000,0.000000,0.000000,0.000000,0.000000,0.000000,0.000000,0.000000,0.000000,93.796967,0.000000,81.062057,0.000000,175.811600,0.000000,277.004974,98.733162,0.000000,0.000000,0.000000,0.000000,0.000000,0.000000,0.000000,0.000000,21.324526,0.000000,0.000000,0.000000,0.000000,59.815384,0.000000,0.000000,0.000000,0.000000,0.000000
328,3,D,0.000000,0.000000,0.000000,0.000000,0.000000,0.000000,0.000000,0.000000,0.000000,0.000000,0.000000,0.000000,0.000000,0.000000,0.000000,0.000000,0.000000,0.000000,0.000000,0.000000,0.000000,124.535110,0.000000,58.722286,0.000000,295.635590,0.000000,321.486115,189.982773,0.000000,0.000000,0.000000,0.000000,0.000000,0.000000,0.000000,0.000000,5.657645,0.000000,0.000000,0.000000,0.000000,89.373718,0.000000,0.000000,0.000000,0.000000,0.000000
329,0,A,0.000000,0.000000,0.000000,0.000000,0.000000,0.000000,0.000000,0.000000,0.000000,278.747406,120.077965,0.000000,0.000000,0.000000,169.362015,0.000000,0.000000,0.000000,0.000000,0.000000,0.000000,25.996754,0.000000,39.402470,0.000000,161.140518,0.000000,72.020790,0.000000,0.000000,0.000000,0.000000,34.528286,22.960384,0.000000,22.890959,0.000000,0.000000,21.802073,0.000000,0.000000,0.000000,0.000000,69.658943,4.794549,0.000000,0.000000,32.337486
330,4,E,0.000000,0.000000,0.000000,0.000000,0.000000,0.000000,0.000000,0.000000,0.000000,111.046417,210.833115,0.000000,0.000000,0.000000,19.583511,0.000000,0.000000,0.000000,0.000000,0.000000,0.000000,52.248936,0.000000,17.132078,0.000000,157.392548,0.000000,221.319061,0.000000,0.000000,0.000000,0.000000,0.000000,33.599106,0.000000,35.930134,0.000000,41.898201,14.154745,17.439661,0.000000,0.000000,0.000000,27.377882,0.000000,0.000000,0.000000,54.216251
331,3,D,0.000000,0.000000,0.000000,0.000000,0.000000,0.000000,0.000000,0.000000,0.000000,0.000000,46.503849,0.000000,0.000000,0.000000,0.000000,0.000000,0.000000,0.000000,0.000000,0.000000,0.000000,128.401535,0.000000,85.745689,0.000000,194.129959,0.000000,303.406281,105.621948,0.000000,0.000000,0.000000,0.000000,0.000000,0.000000,1.421934,0.000000,35.402191,0.000000,0.000000,0.000000,0.000000,53.860744,0.000000,0.000000,0.000000,0.000000,0.000000
332,4,E,0.000000,0.000000,0.000000,0.000000,0.000000,0.000000,0.000000,0.000000,0.000000,7.909720,285.037872,0.000000,0.000000,0.000000,56.569798,0.000000,0.000000,0.000000,0.000000,0.000000,0.000000,56.964207,0.000000,150.737366,0.000000,111.116920,0.000000,162.523148,148.607132,0.000000,6.997662,0.000000,0.000000,74.991631,0.000000,1.738500,0.000000,57.153263,0.000000,0.000000,0.000000,0.000000,0.000000,57.472382,0.000000,0.000000,0.000000,80.214249
333,0,A,0.000000,0.000000,214.939117,0.000000,0.000000,0.000000,0.000000,0.000000,0.000000,135.865646,39.481369,0.000000,0.000000,0.000000,65.150002,0.000000,0.000000,15.716983,0.000000,0.000000,0.000000,82.061386,0.000000,146.929718,0.000000,49.096359,0.000000,141.644180,0.000000,0.000000,66.420662,0.000000,0.000000,13.431387,0.000000,0.000000,0.000000,17.072222,0.000000,0.000000,0.000000,0.000000,0.000000,37.883301,0.000000,0.000000,0.000000,0.000000
334,0,A,0.000000,0.000000,144.467651,0.000000,0.000000,0.000000,0.000000,0.000000,0.000000,248.954208,117.369865,0.000000,0.000000,0.000000,153.637756,0.000000,0.000000,8.307876,0.000000,0.000000,0.000000,82.741066,0.000000,94.083748,0.000000,112.253059,0.000000,94.424164,0.000000,0.000000,53.358597,0.000000,0.343497,35.418266,0.000000,0.000000,0.000000,7.145613,0.000000,0.000000,0.000000,0.000000,0.000000,74.055122,0.000000,0.000000,0.000000,23.748907
335,2,C,0.000000,0.000000,241.438507,0.000000,0.000000,0.000000,0.000000,0.000000,0.000000,226.337250,0.000000,0.000000,0.000000,0.000000,64.890747,0.000000,0.000000,0.000000,0.000000,0.000000,0.000000,37.875401,0.000000,150.059113,0.000000,90.221878,0.000000,140.681351,0.000000,0.000000,16.516136,0.000000,0.000000,0.000000,0.000000,0.000000,0.000000,3.394807,0.000000,0.000000,0.000000,0.000000,0.000000,36.455051,0.000000,0.000000,0.000000,0.000000
336,3,D,0.000000,0.000000,0.000000,0.000000,0.000000,0.000000,0.000000,0.000000,0.000000,0.000000,0.000000,0.000000,0.000000,0.000000,0.000000,0.000000,0.000000,0.000000,0.000000,0.000000,0.000000,222.313736,0.000000,114.819008,0.000000,199.549545,0.000000,232.818085,178.366241,0.000000,0.000000,0.000000,0.000000,0.000000,0.000000,0.000000,0.000000,32.172783,0.000000,0.000000,0.000000,0.000000,69.070534,0.436187,0.000000,0.000000,0.000000,0.000000
337,4,E,0.000000,0.000000,0.000000,0.000000,0.000000,0.000000,0.000000,0.000000,0.000000,65.901321,113.527580,0.000000,0.000000,0.000000,12.014023,0.000000,0.000000,0.000000,0.000000,0.000000,0.000000,51.055389,0.000000,88.880783,0.000000,87.760468,0.000000,277.039734,0.000000,0.000000,0.000000,0.000000,0.000000,9.501419,0.000000,19.286583,0.000000,48.193550,19.104734,7.295300,0.000000,0.000000,0.000000,11.070765,0.000000,0.000000,0.000000,29.972696
338,2,C,0.000000,0.000000,259.321625,0.000000,0.000000,0.000000,0.000000,0.000000,0.000000,241.449539,0.000000,0.000000,0.000000,0.000000,27.365786,0.000000,0.000000,12.068213,0.000000,0.000000,0.000000,30.603249,0.000000,139.685577,0.000000,77.090591,0.000000,173.141052,0.000000,0.000000,0.000000,0.000000,0.000000,0.000000,0.000000,0.000000,0.000000,7.390084,0.000000,0.000000,0.000000,0.000000,0.000000,23.863560,0.000000,0.000000,0.000000,0.000000
339,3,D,0.000000,0.000000,0.000000,0.000000,0.000000,0.000000,0.000000,0.000000,0.000000,0.000000,0.000000,0.000000,0.000000,0.000000,0.000000,0.000000,0.000000,0.000000,0.000000,0.000000,0.000000,171.967804,0.000000,96.950653,0.000000,239.908508,0.000000,336.889496,140.961838,0.000000,0.000000,0.000000,0.000000,0.000000,0.000000,0.000000,0.000000,31.026321,0.000000,0.000000,0.000000,0.000000,79.929520,0.000000,0.000000,0.000000,0.000000,0.000000
340,0,A,0.000000,0.000000,188.517838,0.000000,0.000000,0.000000,0.000000,0.000000,0.000000,100.239120,64.086067,0.000000,0.000000,0.000000,69.049805,0.000000,0.000000,48.683483,0.000000,0.000000,0.000000,72.815460,0.000000,110.037148,0.000000,79.097107,0.000000,119.757011,0.000000,0.000000,108.840576,0.000000,0.000000,20.946087,0.000000,0.000000,0.000000,4.752324,0.000000,0.000000,0.000000,0.000000,0.000000,33.379044,0.000000,0.000000,0.000000,0.000000
341,2,C,0.000000,0.000000,239.805298,0.000000,0.000000,0.000000,0.000000,0.000000,0.000000,207.765656,0.000000,0.000000,0.000000,0.000000,59.780243,0.000000,0.000000,0.000000,0.000000,0.000000,0.000000,43.119839,0.000000,153.384201,0.000000,87.593597,0.000000,146.285080,0.000000,0.000000,22.657381,0.000000,0.000000,0.000000,0.000000,0.000000,0.000000,5.677745,0.000000,0.000000,0.000000,0.000000,0.000000,34.410389,0.000000,0.000000,0.000000,0.000000
342,2,C,0.000000,0.000000,255.400665,0.000000,0.000000,0.000000,0.000000,0.000000,0.000000,346.253418,0.000000,0.000000,0.000000,0.000000,76.683701,0.000000,0.000000,0.000000,0.000000,0.000000,0.000000,32.185825,0.000000,136.020020,0.000000,115.982712,0.000000,136.308975,0.000000,0.000000,0.000000,0.000000,0.000000,0.000000,0.000000,0.000000,0.000000,0.000000,8.048275,0.000000,0.000000,0.000000,0.000000,45.656235,0.000000,0.000000,0.000000,0.000000
343,1,B,0.000000,0.000000,306.314575,0.000000,0.000000,0.000000,0.000000,0.000000,0.000000,122.171417,4.040357,0.000000,0.000000,0.000000,0.000000,0.000000,0.000000,0.000000,0.000000,0.000000,0.000000,175.703262,0.000000,279.802429,0.000000,0.000000,0.000000,276.835022,0.000000,0.000000,0.000000,0.000000,0.000000,0.000000,0.000000,0.000000,0.000000,75.187981,3.543119,0.000000,0.000000,0.000000,0.000000,24.007196,0.000000,0.000000,0.000000,0.000000
344,2,C,0.000000,0.000000,209.481705,0.000000,0.000000,0.000000,0.000000,0.000000,0.000000,119.695061,0.000000,0.000000,0.000000,0.000000,16.376186,0.000000,0.000000,21.312792,0.000000,0.000000,0.000000,65.200401,0.000000,166.754807,0.000000,93.740295,0.000000,175.966476,0.000000,0.000000,48.023155,0.000000,0.000000,0.000000,0.000000,0.000000,0.000000,16.349075,0.000000,0.000000,0.000000,0.000000,0.000000,15.163134,0.000000,0.000000,0.000000,0.000000
345,1,B,0.000000,0.000000,297.210754,0.000000,0.000000,0.000000,0.000000,0.000000,0.000000,156.758133,0.000000,0.000000,0.000000,0.000000,0.000000,0.000000,0.000000,0.000000,0.000000,0.000000,0.000000,154.759140,0.000000,261.834198,0.000000,0.000000,0.000000,257.227234,0.000000,0.000000,0.000000,0.000000,0.000000,0.000000,0.000000,0.000000,0.000000,64.302238,8.123495,0.000000,0.000000,0.000000,0.000000,24.960012,0.000000,0.000000,0.000000,0.000000
346,1,B,0.000000,0.000000,237.044022,0.000000,0.000000,0.000000,0.000000,0.000000,0.000000,153.610229,7.371574,0.000000,0.000000,0.000000,27.939203,0.000000,0.000000,38.062107,0.000000,0.000000,0.000000,123.948898,0.000000,161.828690,0.000000,20.898888,0.000000,173.834900,0.000000,0.000000,0.666734,0.000000,0.000000,0.000000,0.000000,0.000000,0.000000,39.429840,0.794970,0.000000,0.000000,0.000000,0.000000,20.976585,0.000000,0.000000,0.000000,0.000000
347,3,D,0.000000,0.000000,0.000000,0.000000,0.000000,0.000000,0.000000,0.000000,0.000000,57.542938,0.000000,0.000000,0.000000,0.000000,0.000000,0.000000,0.000000,0.000000,0.000000,0.000000,0.000000,0.000000,0.000000,49.184299,0.000000,307.609009,0.000000,383.966949,85.578140,0.000000,0.000000,0.000000,0.000000,0.000000,0.000000,20.572802,0.000000,0.000000,0.000000,0.000000,0.000000,0.000000,81.993637,0.000000,0.000000,0.000000,0.000000,0.000000
348,4,E,0.000000,0.000000,0.000000,0.000000,0.000000,0.000000,0.000000,0.000000,0.000000,42.147778,171.511414,0.000000,0.000000,0.000000,163.121780,0.000000,0.000000,0.000000,0.000000,0.000000,0.000000,131.866959,0.000000,84.027298,0.000000,72.945755,0.000000,40.454006,0.000000,0.000000,10.505189,0.000000,30.600540,56.974651,0.000000,8.277083,0.000000,50.211720,0.000000,0.000000,0.000000,0.000000,0.000000,71.525917,0.000000,2.889147,0.000000,56.782394
349,4,E,0.000000,0.000000,0.000000,0.000000,0.000000,0.000000,0.000000,0.000000,0.000000,1.966238,178.971634,0.000000,0.000000,0.000000,78.473930,0.000000,0.000000,0.000000,0.000000,0.000000,0.000000,282.216980,0.000000,219.215424,0.000000,0.000000,0.000000,265.567780,0.000000,0.000000,0.000000,0.000000,0.000000,42.222294,0.000000,4.567517,0.000000,125.719604,36.475018,0.000000,0.000000,0.000000,0.000000,53.318718,0.000000,6.887891,0.000000,67.391014
350,4,E,0.000000,0.000000,0.000000,0.000000,0.000000,0.000000,0.000000,0.000000,0.000000,0.000000,277.036682,0.000000,0.000000,0.000000,232.808640,0.000000,0.000000,0.000000,0.000000,0.000000,0.000000,203.737244,0.000000,75.221466,0.000000,64.440903,0.000000,139.030563,5.334983,0.000000,65.156792,0.000000,34.332520,103.716736,0.000000,0.000000,0.000000,75.796631,0.000000,0.000000,0.000000,0.000000,0.000000,98.125412,0.000000,17.418102,0.000000,95.366280
351,4,E,0.000000,0.000000,0.000000,0.000000,0.000000,0.000000,0.000000,0.000000,0.000000,79.884041,148.984818,0.000000,0.000000,0.000000,73.733772,0.000000,0.000000,0.000000,0.000000,0.000000,0.000000,231.323380,0.000000,145.289413,0.000000,11.155246,0.000000,207.356110,0.000000,0.000000,0.000000,0.000000,0.000000,32.519955,0.000000,4.562745,0.000000,90.602348,40.813538,0.000000,0.000000,0.000000,0.000000,49.918655,0.000000,0.000000,0.000000,56.090698
352,0,A,0.000000,0.000000,0.000000,0.000000,0.000000,0.000000,0.000000,0.000000,0.000000,105.058685,270.021454,0.000000,0.000000,0.000000,218.482086,0.000000,0.000000,0.000000,0.000000,0.000000,0.000000,0.000000,0.000000,0.000000,0.000000,286.783813,0.000000,30.805880,17.275719,0.000000,10.361665,0.000000,40.705975,74.885765,0.000000,39.519966,0.000000,7.125907,0.000000,0.000000,0.000000,0.000000,0.000000,85.896523,80.121689,0.000000,0.000000,63.524128
353,0,A,0.000000,0.000000,106.063248,0.000000,0.000000,0.000000,0.000000,0.000000,0.000000,100.939560,84.888817,0.000000,0.000000,0.000000,137.749847,0.000000,0.000000,45.315765,0.000000,0.000000,0.000000,73.039978,0.000000,101.461525,0.000000,126.401672,0.000000,100.611649,0.000000,0.000000,96.109520,0.000000,0.000000,28.410305,0.000000,0.000000,0.000000,4.226209,0.000000,0.000000,0.000000,0.000000,0.000000,49.129734,0.000000,0.000000,0.000000,3.633918
354,1,B,0.000000,0.000000,194.030518,0.000000,0.000000,0.000000,0.000000,0.000000,0.000000,74.967438,29.273998,0.000000,0.000000,0.000000,36.899208,0.000000,0.000000,92.000961,0.000000,0.000000,0.000000,73.049393,0.000000,117.411957,0.000000,86.629936,0.000000,145.351791,0.000000,0.000000,83.961594,0.000000,0.000000,0.000000,0.000000,0.000000,0.000000,9.959845,0.000000,0.000000,0.000000,0.000000,0.000000,9.185906,0.000000,0.000000,0.000000,0.000000
355,4,E,0.000000,0.000000,0.000000,0.000000,0.000000,0.000000,0.000000,0.000000,0.000000,143.664780,231.982880,0.000000,0.000000,0.000000,81.854294,0.000000,0.000000,0.000000,0.000000,0.000000,0.000000,0.000000,0.000000,0.000000,0.000000,90.271790,0.000000,144.741882,0.000000,0.000000,127.287865,0.000000,28.965324,80.542610,0.000000,27.428665,0.000000,0.636770,0.000000,0.000000,0.000000,0.000000,0.000000,56.815521,0.000000,0.000000,0.000000,74.715233
356,3,D,0.000000,0.000000,0.000000,0.000000,0.000000,0.000000,0.000000,0.000000,0.000000,0.000000,0.000000,0.000000,0.000000,0.000000,0.000000,0.000000,0.000000,0.000000,0.000000,0.000000,0.000000,135.045609,0.000000,24.916943,0.000000,308.296112,0.000000,286.660828,258.304291,0.000000,0.000000,0.000000,0.000000,0.000000,0.000000,0.000000,0.000000,0.000000,0.000000,0.000000,0.000000,0.000000,92.242981,0.000000,0.957341,0.000000,0.000000,0.000000
357,2,C,0.000000,0.000000,261.116211,0.000000,0.000000,0.000000,0.000000,0.000000,0.000000,318.795166,0.000000,0.000000,0.000000,0.000000,87.103851,0.000000,0.000000,0.000000,0.000000,0.000000,0.000000,49.324917,0.000000,147.316711,0.000000,74.563614,0.000000,134.632690,0.000000,0.000000,0.000000,0.000000,0.000000,0.000000,0.000000,0.000000,0.000000,0.959242,10.795650,0.000000,0.000000,0.000000,0.000000,48.859444,0.000000,0.000000,0.000000,0.000000
358,3,D,0.000000,0.000000,0.000000,0.000000,0.000000,0.000000,0.000000,0.000000,0.000000,0.000000,0.000000,0.000000,0.000000,0.000000,0.000000,0.000000,0.000000,0.000000,0.000000,0.000000,0.000000,114.847076,0.000000,37.037163,0.000000,299.325256,0.000000,352.007019,114.148781,0.000000,0.000000,0.000000,0.000000,0.000000,0.000000,7.618072,0.000000,13.592132,0.000000,0.000000,0.000000,0.000000,87.595818,0.000000,0.000000,0.000000,0.000000,0.000000
359,2,C,0.000000,0.000000,263.347717,0.000000,0.000000,0.000000,0.000000,0.000000,0.000000,329.173828,0.000000,0.000000,0.000000,0.000000,79.185432,0.000000,0.000000,0.000000,0.000000,0.000000,0.000000,48.998013,0.000000,150.436523,0.000000,77.746315,0.000000,136.016037,0.000000,0.000000,0.000000,0.000000,0.000000,0.000000,0.000000,0.000000,0.000000,0.528527,11.889466,0.000000,0.000000,0.000000,0.000000,47.967243,0.000000,0.000000,0.000000,0.000000
360,0,A,0.000000,0.000000,239.243500,0.000000,0.000000,0.000000,0.000000,0.000000,0.000000,98.866211,20.744947,0.000000,0.000000,0.000000,54.022572,0.000000,0.000000,78.084808,0.000000,0.000000,0.000000,53.034630,0.000000,120.763565,0.000000,57.912647,0.000000,142.321640,0.000000,0.000000,74.028625,0.000000,0.000000,0.000000,0.000000,0.000000,0.000000,6.464450,0.000000,0.000000,0.000000,0.000000,0.000000,16.563375,0.000000,0.000000,0.000000,0.000000
361,1,B,0.000000,0.000000,291.810272,0.000000,0.000000,0.000000,0.000000,0.000000,0.000000,102.409309,11.800361,0.000000,0.000000,0.000000,0.000000,0.000000,0.000000,0.000000,0.000000,0.000000,0.000000,177.249405,0.000000,272.443726,0.000000,0.000000,0.000000,291.736389,0.000000,0.000000,0.000000,0.000000,0.000000,0.000000,0.000000,0.000000,0.000000,78.685379,3.779234,0.000000,0.000000,0.000000,0.000000,21.917879,0.000000,0.000000,0.000000,0.000000
362,1,B,0.000000,0.000000,298.093079,0.000000,0.000000,0.000000,0.000000,0.000000,0.000000,33.530804,0.000000,0.000000,0.000000,0.000000,0.000000,0.000000,0.000000,0.000000,0.000000,0.000000,0.000000,203.684998,0.000000,289.922302,0.000000,0.000000,0.000000,326.278809,0.000000,0.000000,0.000000,0.000000,0.000000,0.000000,0.000000,0.000000,0.000000,91.778084,0.000000,0.000000,0.000000,0.000000,0.000000,15.202483,0.000000,0.000000,0.000000,0.000000
363,2,C,0.000000,0.000000,221.346191,0.000000,0.000000,0.000000,0.000000,0.000000,0.000000,134.188354,7.881033,0.000000,0.000000,0.000000,40.937111,0.000000,0.000000,84.123093,0.000000,0.000000,0.000000,76.571037,0.000000,128.226227,0.000000,55.401051,0.000000,143.215714,0.000000,0.000000,42.953049,0.000000,0.000000,0.000000,0.000000,0.000000,0.000000,14.303609,0.000000,0.000000,0.000000,0.000000,0.000000,13.006905,0.000000,0.000000,0.000000,0.000000
364,3,D,0.000000,0.000000,0.000000,0.000000,0.000000,0.000000,0.000000,0.000000,0.000000,0.000000,0.000000,0.000000,0.000000,0.000000,0.000000,0.000000,0.000000,0.000000,0.000000,0.000000,0.000000,162.311386,0.000000,109.435760,0.000000,279.953003,0.000000,283.078369,65.664330,0.000000,0.000000,0.000000,0.000000,0.000000,0.000000,24.855066,0.000000,34.517265,0.000000,0.000000,0.000000,0.000000,79.728546,0.000000,0.000000,0.000000,0.000000,0.000000
365,2,C,0.000000,0.000000,207.023209,0.000000,0.000000,0.000000,0.000000,0.000000,0.000000,113.258095,14.933455,0.000000,0.000000,0.000000,36.128277,0.000000,0.000000,99.256874,0.000000,0.000000,0.000000,81.505272,0.000000,134.138214,0.000000,53.508259,0.000000,148.848953,0.000000,0.000000,43.065544,0.000000,0.000000,0.000000,0.000000,0.000000,0.000000,19.773952,0.000000,0.000000,0.000000,0.000000,0.000000,8.842452,0.000000,0.000000,0.000000,0.000000
366,1,B,0.000000,0.000000,285.978363,0.000000,0.000000,0.000000,0.000000,0.000000,0.000000,51.902397,10.579762,0.000000,0.000000,0.000000,0.000000,0.000000,0.000000,0.000000,0.000000,0.000000,0.000000,221.589920,0.000000,305.098358,0.000000,0.000000,0.000000,341.270569,0.000000,0.000000,0.000000,0.000000,0.000000,0.000000,0.000000,0.000000,0.000000,98.467964,1.802285,0.000000,0.000000,0.000000,0.000000,18.712626,0.000000,0.000000,0.000000,0.000000
367,2,C,0.000000,0.000000,217.865967,0.000000,0.000000,0.000000,0.000000,0.000000,0.000000,219.258804,0.000000,0.000000,0.000000,0.000000,70.453651,0.000000,0.000000,0.000000,0.000000,0.000000,0.000000,31.260803,0.000000,111.726967,0.000000,144.298370,0.000000,136.598434,0.000000,0.000000,75.203522,0.000000,0.000000,0.000000,0.000000,0.000000,0.000000,0.000000,0.000000,0.000000,0.000000,0.000000,0.000000,35.525208,0.000000,0.000000,0.000000,0.000000
368,4,E,0.000000,0.000000,0.000000,0.000000,0.000000,0.000000,0.000000,0.000000,0.000000,231.583969,248.773102,0.000000,0.000000,0.000000,118.071526,0.000000,0.000000,0.000000,0.000000,0.000000,0.000000,0.000000,0.000000,95.682922,0.000000,0.000000,0.000000,81.280739,0.000000,0.000000,30.950823,0.000000,63.813046,72.397926,0.000000,17.610537,0.000000,31.224182,34.388889,0.000000,0.000000,0.000000,0.000000,82.303177,0.000000,0.000000,0.000000,93.520447
369,4,E,0.000000,0.000000,0.000000,0.000000,0.000000,0.000000,0.000000,0.000000,0.000000,30.904688,251.646027,0.000000,0.000000,0.000000,16.187325,0.000000,0.000000,0.000000,0.000000,0.000000,0.000000,103.954643,0.000000,136.697418,0.000000,28.227013,0.000000,143.683273,0.000000,0.000000,0.000000,0.000000,18.722673,59.484791,0.000000,27.300339,0.000000,83.900078,21.380539,8.365956,0.000000,0.000000,0.000000,46.494610,0.000000,0.000000,0.000000,84.362564
370,1,B,0.000000,0.000000,252.112656,0.000000,0.000000,0.000000,0.000000,0.000000,0.000000,0.000000,13.952051,0.000000,0.000000,0.000000,0.000000,0.000000,0.000000,0.000000,0.000000,0.000000,0.000000,240.095184,0.000000,318.857605,0.000000,0.000000,0.000000,363.164886,0.000000,0.000000,0.000000,0.000000,0.000000,0.000000,0.000000,0.000000,0.000000,110.415886,0.345049,0.000000,0.000000,0.000000,0.000000,14.965577,0.000000,0.000000,0.000000,0.000000
371,0,A,0.000000,0.000000,247.863251,0.000000,0.000000,0.000000,0.000000,0.000000,0.000000,66.843842,37.359074,0.000000,0.000000,0.000000,24.177784,0.000000,0.000000,8.640382,0.000000,0.000000,0.000000,116.913597,0.000000,143.344437,0.000000,64.998947,0.000000,187.553711,0.000000,0.000000,88.106033,0.000000,0.000000,15.724541,0.000000,0.000000,0.000000,26.043020,0.000000,0.000000,0.000000,0.000000,0.000000,24.236433,0.000000,0.000000,0.000000,0.000000
372,4,E,0.000000,0.000000,0.000000,0.000000,0.000000,0.000000,0.000000,0.000000,0.000000,93.695663,292.893890,0.000000,0.000000,0.000000,139.951157,0.000000,0.000000,0.000000,0.000000,0.000000,0.000000,148.327820,0.000000,43.061680,0.000000,0.000000,0.000000,115.850105,0.000000,0.000000,0.000000,0.000000,57.398056,85.481895,0.000000,2.788647,0.000000,77.487885,37.832111,24.597282,0.000000,0.000000,0.000000,82.374832,0.000000,0.000000,0.000000,105.255531
373,4,E,0.000000,0.000000,0.000000,0.000000,0.000000,0.000000,0.000000,0.000000,0.000000,17.728777,157.048553,0.000000,0.000000,0.000000,62.455585,0.000000,0.000000,0.000000,0.000000,0.000000,0.000000,291.215485,0.000000,240.194855,0.000000,0.000000,0.000000,204.888763,0.000000,0.000000,0.000000,0.000000,0.000000,36.111275,0.000000,9.749979,0.000000,121.061859,34.761154,0.000000,0.000000,0.000000,0.000000,53.875122,0.000000,11.290649,0.000000,60.710354
374,1,B,0.000000,0.000000,286.093872,0.000000,0.000000,0.000000,0.000000,0.000000,0.000000,95.959396,12.770840,0.000000,0.000000,0.000000,0.000000,0.000000,0.000000,0.000000,0.000000,0.000000,0.000000,181.776672,0.000000,275.289703,0.000000,0.000000,0.000000,297.870972,0.000000,0.000000,0.000000,0.000000,0.000000,0.000000,0.000000,0.000000,0.000000,81.076881,4.192316,0.000000,0.000000,0.000000,0.000000,21.446096,0.000000,0.000000,0.000000,0.000000
375,3,D,0.000000,0.000000,0.000000,0.000000,0.000000,0.000000,0.000000,0.000000,0.000000,15.047350,41.325726,0.000000,0.000000,0.000000,0.000000,0.000000,0.000000,0.000000,0.000000,0.000000,0.000000,136.755646,0.000000,84.715477,0.000000,191.984009,0.000000,286.404572,38.841942,0.000000,0.000000,0.000000,0.000000,0.000000,0.000000,18.698370,0.000000,42.773312,0.000000,0.000000,0.000000,0.000000,49.160576,0.000000,0.000000,0.000000,0.000000,0.000000
376,0,A,0.000000,0.000000,0.000000,0.000000,0.000000,0.000000,0.000000,0.000000,0.000000,192.465866,319.150360,0.000000,0.000000,0.000000,311.176178,0.000000,0.000000,0.000000,0.000000,0.000000,0.000000,0.000000,0.000000,0.000000,0.000000,264.763062,0.000000,0.000000,0.000000,0.000000,0.000000,0.000000,78.975922,94.422485,0.000000,35.032070,0.000000,9.645123,0.000000,0.000000,0.000000,0.000000,0.000000,121.613564,84.386955,0.000000,0.000000,87.650993
377,4,E,0.000000,0.000000,231.957016,0.000000,0.000000,0.000000,0.000000,0.000000,0.000000,46.195297,74.925941,0.000000,0.000000,0.000000,19.449438,0.000000,0.000000,1.273336,0.000000,0.000000,0.000000,102.353989,0.000000,163.676926,0.000000,28.076315,0.000000,177.523132,0.000000,0.000000,117.836418,0.000000,0.000000,37.671597,0.000000,0.000000,0.000000,29.806849,0.000000,0.000000,0.000000,0.000000,0.000000,32.251308,0.000000,0.000000,0.000000,7.677336
378,4,E,0.000000,0.000000,0.000000,0.000000,0.000000,0.000000,0.000000,0.000000,0.000000,265.181702,228.381180,0.000000,0.000000,0.000000,92.386566,0.000000,0.000000,0.000000,0.000000,0.000000,0.000000,0.000000,0.000000,89.132027,0.000000,59.168797,0.000000,115.833023,0.000000,0.000000,93.973480,0.000000,46.679310,70.143715,0.000000,31.662533,0.000000,9.223588,6.052358,0.000000,0.000000,0.000000,0.000000,74.956619,0.000000,0.000000,0.000000,81.108231
379,2,C,0.000000,0.000000,236.130096,0.000000,0.000000,0.000000,0.000000,0.000000,0.000000,154.850525,0.000000,0.000000,0.000000,0.000000,50.369141,0.000000,0.000000,101.208641,0.000000,0.000000,0.000000,54.663727,0.000000,126.221046,0.000000,36.439060,0.000000,139.779861,0.000000,0.000000,5.231004,0.000000,0.000000,0.000000,0.000000,0.000000,0.000000,16.340357,0.000000,0.000000,0.000000,0.000000,0.000000,10.418135,0.000000,0.000000,0.000000,0.000000
380,2,C,0.000000,0.000000,210.921768,0.000000,0.000000,0.000000,0.000000,0.000000,0.000000,375.899689,0.000000,0.000000,0.000000,0.000000,78.041435,0.000000,0.000000,13.143394,0.000000,0.000000,0.000000,13.412620,0.000000,114.625740,0.000000,140.616562,0.000000,130.755737,0.000000,0.000000,0.000000,0.000000,0.000000,0.000000,0.000000,0.000000,0.000000,0.000000,11.871496,0.000000,0.000000,0.000000,0.000000,42.332405,0.000000,0.000000,0.000000,0.000000
381,4,E,0.000000,0.000000,0.000000,0.000000,0.000000,0.000000,0.000000,0.000000,0.000000,131.004044,167.403397,0.000000,0.000000,0.000000,20.212521,0.000000,0.000000,0.000000,0.000000,0.000000,0.000000,102.056412,0.000000,122.001450,0.000000,23.079470,0.000000,224.877121,0.000000,0.000000,0.000000,0.000000,0.852740,28.510748,0.000000,17.436365,0.000000,65.746292,42.530777,6.980677,0.000000,0.000000,0.000000,35.734985,0.000000,0.000000,0.000000,58.666454
382,4,E,0.000000,0.000000,0.000000,0.000000,0.000000,0.000000,0.000000,0.000000,0.000000,90.933075,203.401215,0.000000,0.000000,0.000000,1.170317,0.000000,0.000000,0.000000,0.000000,0.000000,0.000000,182.775406,0.000000,139.555008,0.000000,0.000000,0.000000,223.269394,0.000000,0.000000,0.000000,0.000000,3.826545,39.523510,0.000000,17.437548,0.000000,93.494263,46.579918,10.557132,0.000000,0.000000,0.000000,39.592705,0.000000,0.000000,0.000000,73.088783
383,3,D,0.000000,0.000000,0.000000,0.000000,0.000000,0.000000,0.000000,0.000000,0.000000,0.000000,0.000000,0.000000,0.000000,0.000000,0.000000,0.000000,0.000000,0.000000,0.000000,0.000000,0.000000,100.966545,0.000000,52.880775,0.000000,300.074097,0.000000,300.688843,148.093887,0.000000,0.000000,0.000000,0.000000,0.000000,0.000000,2.971106,0.000000,4.699903,0.000000,0.000000,0.000000,0.000000,85.925537,0.000000,0.000000,0.000000,0.000000,0.000000
384,0,A,0.000000,0.000000,0.000000,0.000000,0.000000,0.000000,0.000000,0.000000,0.000000,111.591904,192.733810,0.000000,0.000000,0.000000,200.261978,0.000000,0.000000,0.000000,0.000000,0.000000,0.000000,24.893450,0.000000,0.000000,0.000000,198.195007,0.000000,36.407578,114.468941,0.000000,62.822395,0.000000,13.473415,72.052246,0.000000,0.000000,0.000000,0.000000,0.000000,0.000000,0.000000,0.000000,0.000000,79.274170,54.980850,0.000000,0.000000,45.799816
385,2,C,0.000000,0.000000,221.951859,0.000000,0.000000,0.000000,0.000000,0.000000,0.000000,297.747986,0.000000,0.000000,0.000000,0.000000,76.191612,0.000000,0.000000,0.000000,0.000000,0.000000,0.000000,28.354263,0.000000,131.570496,0.000000,84.656639,0.000000,138.891876,0.000000,0.000000,0.000000,0.000000,0.000000,0.000000,0.000000,0.000000,0.000000,0.000000,10.372387,0.000000,0.000000,0.000000,0.000000,41.518673,0.000000,0.000000,0.000000,0.000000
386,1,B,0.000000,0.000000,281.221069,0.000000,0.000000,0.000000,0.000000,0.000000,0.000000,0.000000,3.211637,0.000000,0.000000,0.000000,0.000000,0.000000,0.000000,0.000000,0.000000,0.000000,0.000000,227.241409,0.000000,298.673737,0.000000,0.000000,0.000000,363.846893,0.000000,0.000000,0.000000,0.000000,0.000000,0.000000,0.000000,0.000000,0.000000,103.353348,0.000000,0.000000,0.000000,0.000000,0.000000,11.916147,0.000000,0.000000,0.000000,0.000000
387,0,A,0.000000,0.000000,212.842072,0.000000,0.000000,0.000000,0.000000,0.000000,0.000000,118.180183,43.937714,0.000000,0.000000,0.000000,68.740150,0.000000,0.000000,38.103687,0.000000,0.000000,0.000000,78.489929,0.000000,122.969391,0.000000,44.267494,0.000000,131.463379,0.000000,0.000000,72.687439,0.000000,0.000000,11.941185,0.000000,0.000000,0.000000,13.692205,0.000000,0.000000,0.000000,0.000000,0.000000,33.424110,0.000000,0.000000,0.000000,0.000000
388,1,B,0.000000,0.000000,262.534668,0.000000,0.000000,0.000000,0.000000,0.000000,0.000000,119.447197,60.145760,0.000000,0.000000,0.000000,0.000000,0.000000,0.000000,0.000000,0.000000,0.000000,0.000000,201.807129,0.000000,279.548462,0.000000,0.000000,0.000000,272.158234,0.000000,0.000000,0.000000,0.000000,0.000000,0.000000,0.000000,0.000000,0.000000,89.499855,12.302040,0.000000,0.000000,0.000000,0.000000,32.713390,0.000000,0.000000,0.000000,4.178662
389,0,A,0.000000,0.000000,0.000000,0.000000,0.000000,0.000000,0.000000,0.000000,0.000000,0.000000,374.736267,0.000000,0.000000,0.000000,240.742523,0.000000,0.000000,0.000000,0.000000,0.000000,0.000000,0.000000,0.000000,0.000000,0.000000,300.081421,0.000000,0.000000,171.294327,0.000000,99.679909,0.000000,23.303675,137.151001,0.000000,9.871946,0.000000,0.000000,0.000000,0.000000,0.000000,0.000000,0.000000,108.411171,108.002823,0.000000,0.000000,91.507759
390,3,D,0.000000,0.000000,0.000000,0.000000,0.000000,0.000000,0.000000,0.000000,0.000000,0.000000,28.986898,0.000000,0.000000,0.000000,0.000000,0.000000,0.000000,0.000000,0.000000,0.000000,0.000000,173.345184,0.000000,107.328499,0.000000,221.880997,0.000000,314.285431,137.464935,0.000000,0.000000,0.000000,0.000000,0.000000,0.000000,0.000000,0.000000,37.584007,0.000000,0.000000,0.000000,0.000000,67.491035,0.000000,0.000000,0.000000,0.000000,0.000000
391,3,D,0.000000,0.000000,0.000000,0.000000,0.000000,0.000000,0.000000,0.000000,0.000000,0.000000,0.000000,0.000000,0.000000,0.000000,0.000000,0.000000,0.000000,0.000000,0.000000,0.000000,0.000000,137.607391,0.000000,133.857849,0.000000,249.240158,0.000000,330.119507,225.926254,0.000000,0.000000,0.000000,0.000000,0.000000,0.000000,0.000000,0.000000,17.006918,0.000000,0.000000,0.000000,0.000000,85.360352,0.000000,0.000000,0.000000,0.000000,0.000000
392,0,A,0.000000,0.000000,196.058502,0.000000,0.000000,0.000000,0.000000,0.000000,0.000000,26.877996,56.739712,0.000000,0.000000,0.000000,43.506130,0.000000,0.000000,85.525269,0.000000,0.000000,0.000000,94.504547,0.000000,112.251869,0.000000,60.839481,0.000000,141.337265,0.000000,0.000000,101.986526,0.000000,0.000000,8.073395,0.000000,0.000000,0.000000,18.844976,0.000000,0.000000,0.000000,0.000000,0.000000,14.846188,0.000000,0.000000,0.000000,0.000000
393,0,A,0.000000,0.000000,222.602753,0.000000,0.000000,0.000000,0.000000,0.000000,0.000000,133.103653,37.113483,0.000000,0.000000,0.000000,62.771637,0.000000,0.000000,50.264095,0.000000,0.000000,0.000000,84.153206,0.000000,129.008957,0.000000,33.580601,0.000000,133.984299,0.000000,0.000000,51.975143,0.000000,0.000000,1.514688,0.000000,0.000000,0.000000,18.784986,0.000000,0.000000,0.000000,0.000000,0.000000,30.027590,0.000000,0.000000,0.000000,0.000000
394,2,C,0.000000,0.000000,211.213074,0.000000,0.000000,0.000000,0.000000,0.000000,0.000000,132.986176,17.405445,0.000000,0.000000,0.000000,45.770054,0.000000,0.000000,83.384773,0.000000,0.000000,0.000000,78.445625,0.000000,125.889580,0.000000,62.693531,0.000000,141.535187,0.000000,0.000000,46.667824,0.000000,0.000000,0.000000,0.000000,0.000000,0.000000,14.523105,0.000000,0.000000,0.000000,0.000000,0.000000,15.328880,0.000000,0.000000,0.000000,0.000000
395,0,A,0.000000,0.000000,205.501602,0.000000,0.000000,0.000000,0.000000,0.000000,0.000000,94.313690,52.669346,0.000000,0.000000,0.000000,51.299728,0.000000,0.000000,45.338753,0.000000,0.000000,0.000000,77.319565,0.000000,110.802582,0.000000,81.784409,0.000000,133.901291,0.000000,0.000000,107.052269,0.000000,0.000000,16.175711,0.000000,0.000000,0.000000,5.715003,0.000000,0.000000,0.000000,0.000000,0.000000,27.412739,0.000000,0.000000,0.000000,0.000000
396,0,A,0.000000,0.000000,0.000000,0.000000,0.000000,0.000000,0.000000,0.000000,0.000000,0.000000,31.625103,0.000000,0.000000,0.000000,95.413605,0.000000,0.000000,12.209043,0.000000,0.000000,0.000000,246.980209,0.000000,104.191322,0.000000,287.771332,0.000000,168.286118,362.319885,0.000000,94.400360,0.000000,0.000000,19.946476,0.000000,0.000000,0.000000,0.000000,0.000000,0.000000,0.000000,0.000000,49.177265,35.302380,5.739445,0.000000,0.000000,0.000000
397,2,C,0.000000,0.000000,269.853180,0.000000,0.000000,0.000000,0.000000,0.000000,0.000000,258.687378,0.000000,0.000000,0.000000,0.000000,47.450230,0.000000,0.000000,19.458162,0.000000,0.000000,0.000000,32.186272,0.000000,134.979462,0.000000,92.460114,0.000000,150.443649,0.000000,0.000000,0.000000,0.000000,0.000000,0.000000,0.000000,0.000000,0.000000,2.173769,0.000000,0.000000,0.000000,0.000000,0.000000,29.323141,0.000000,0.000000,0.000000,0.000000
398,4,E,0.000000,0.000000,0.000000,0.000000,0.000000,0.000000,0.000000,0.000000,0.000000,0.000000,285.690033,0.000000,0.000000,0.000000,16.630981,0.000000,0.000000,0.000000,0.000000,0.000000,0.000000,45.688747,0.000000,91.428146,0.000000,65.359863,0.000000,157.625900,0.000000,0.000000,0.000000,0.000000,18.470486,68.008705,0.000000,32.286098,0.000000,74.213203,8.359151,20.353491,0.000000,0.000000,0.000000,41.490120,0.000000,0.000000,0.000000,89.125366
399,1,B,0.000000,0.000000,250.525650,0.000000,0.000000,0.000000,0.000000,0.000000,0.000000,36.500648,12.586485,0.000000,0.000000,0.000000,0.000000,0.000000,0.000000,0.000000,0.000000,0.000000,0.000000,173.657425,0.000000,254.836334,0.000000,0.000000,0.000000,291.312134,0.000000,0.000000,0.882637,0.000000,0.000000,0.000000,0.000000,0.000000,0.000000,81.544296,0.000000,0.000000,0.000000,0.000000,0.000000,15.016287,0.000000,0.000000,0.000000,0.000000
400,2,C,0.000000,0.000000,216.927979,0.000000,0.000000,0.000000,0.000000,0.000000,0.000000,120.884781,5.982378,0.000000,0.000000,0.000000,32.892956,0.000000,0.000000,88.955254,0.000000,0.000000,0.000000,87.552773,0.000000,133.872620,0.000000,56.421494,0.000000,149.746185,0.000000,0.000000,39.341591,0.000000,0.000000,0.000000,0.000000,0.000000,0.000000,19.258961,0.000000,0.000000,0.000000,0.000000,0.000000,9.283476,0.000000,0.000000,0.000000,0.000000
401,2,C,0.000000,0.000000,217.995407,0.000000,0.000000,0.000000,0.000000,0.000000,0.000000,97.425407,11.053085,0.000000,0.000000,0.000000,29.389954,0.000000,0.000000,89.101486,0.000000,0.000000,0.000000,78.963295,0.000000,125.908241,0.000000,59.143059,0.000000,147.813477,0.000000,0.000000,59.750973,0.000000,0.000000,0.000000,0.000000,0.000000,0.000000,14.673827,0.000000,0.000000,0.000000,0.000000,0.000000,7.708132,0.000000,0.000000,0.000000,0.000000
402,3,D,0.000000,0.000000,0.000000,0.000000,0.000000,0.000000,0.000000,0.000000,0.000000,0.000000,112.934555,0.000000,0.000000,0.000000,0.000000,0.000000,0.000000,0.000000,0.000000,0.000000,0.000000,168.419342,0.000000,90.510017,0.000000,126.777275,0.000000,294.142761,100.355339,0.000000,0.000000,0.000000,0.000000,11.139725,0.000000,0.000000,0.000000,59.003616,0.000000,0.000000,0.000000,0.000000,24.213373,8.944420,0.000000,0.000000,0.000000,20.416315
403,0,A,0.000000,0.000000,266.353760,0.000000,0.000000,0.000000,0.000000,0.000000,0.000000,73.881866,37.102013,0.000000,0.000000,0.000000,58.444824,0.000000,0.000000,39.595005,0.000000,0.000000,0.000000,55.960281,0.000000,121.427597,0.000000,54.360218,0.000000,141.204849,0.000000,0.000000,114.851166,0.000000,0.000000,19.701569,0.000000,0.000000,0.000000,2.257470,0.000000,0.000000,0.000000,0.000000,0.000000,27.802633,0.000000,0.000000,0.000000,0.000000
404,0,A,0.000000,0.000000,203.155243,0.000000,0.000000,0.000000,0.000000,0.000000,0.000000,82.893112,52.801956,0.000000,0.000000,0.000000,57.501812,0.000000,0.000000,32.268028,0.000000,0.000000,0.000000,77.000206,0.000000,123.330643,0.000000,67.131409,0.000000,135.567673,0.000000,0.000000,108.489014,0.000000,0.000000,22.234901,0.000000,0.000000,0.000000,8.949159,0.000000,0.000000,0.000000,0.000000,0.000000,31.392282,0.000000,0.000000,0.000000,0.000000
405,2,C,0.000000,0.000000,104.050301,0.000000,0.000000,0.000000,0.000000,0.000000,0.000000,392.816925,19.734613,0.000000,0.000000,0.000000,55.549034,0.000000,0.000000,0.000000,0.000000,0.000000,0.000000,35.941017,0.000000,118.899513,0.000000,145.482651,0.000000,168.583862,0.000000,0.000000,0.000000,0.000000,0.000000,0.000000,0.000000,2.226251,0.000000,0.000000,35.629566,0.000000,0.000000,0.000000,0.000000,40.326084,0.000000,0.000000,0.000000,0.000000
406,4,E,0.000000,0.000000,0.000000,0.000000,0.000000,0.000000,0.000000,0.000000,0.000000,261.832214,303.243073,0.000000,0.000000,0.000000,25.759075,0.000000,0.000000,0.000000,0.000000,0.000000,0.000000,0.000000,0.000000,85.274872,0.000000,37.623806,0.000000,110.084526,0.000000,0.000000,0.000000,0.000000,63.247387,65.534233,0.000000,38.767529,0.000000,45.203434,51.769688,16.374886,0.000000,0.000000,0.000000,67.083839,0.000000,0.000000,0.000000,104.073494
407,4,E,0.000000,0.000000,0.000000,0.000000,0.000000,0.000000,0.000000,0.000000,0.000000,61.939800,178.423279,0.000000,0.000000,0.000000,214.811218,0.000000,0.000000,0.000000,0.000000,0.000000,0.000000,33.374149,0.000000,87.203667,0.000000,0.000000,0.000000,121.019814,22.242424,0.000000,74.862183,0.000000,26.641251,80.065514,0.000000,0.000000,0.000000,25.577858,0.000000,0.000000,0.000000,0.000000,0.000000,81.344879,0.000000,12.713101,0.000000,69.336548
408,4,E,0.000000,0.000000,0.000000,0.000000,0.000000,0.000000,0.000000,0.000000,0.000000,132.321472,224.351852,0.000000,0.000000,0.000000,127.912277,0.000000,0.000000,0.000000,0.000000,0.000000,0.000000,60.688702,0.000000,84.912636,0.000000,51.989220,0.000000,213.718185,0.000000,0.000000,0.000000,0.000000,21.936594,55.062519,0.000000,10.477404,0.000000,57.093754,33.225033,12.348845,0.000000,0.000000,0.000000,63.142139,0.000000,0.000000,0.000000,76.229919
409,2,C,0.000000,0.000000,240.369934,0.000000,0.000000,0.000000,0.000000,0.000000,0.000000,250.316895,0.000000,0.000000,0.000000,0.000000,55.329380,0.000000,0.000000,3.402175,0.000000,0.000000,0.000000,48.248684,0.000000,142.265793,0.000000,93.094749,0.000000,144.533249,0.000000,0.000000,0.000000,0.000000,0.000000,0.000000,0.000000,0.000000,0.000000,6.235625,0.000000,0.000000,0.000000,0.000000,0.000000,34.253639,0.000000,0.000000,0.000000,0.000000
410,2,C,0.000000,0.000000,259.837280,0.000000,0.000000,0.000000,0.000000,0.000000,0.000000,293.008179,0.000000,0.000000,0.000000,0.000000,63.198536,0.000000,0.000000,0.000000,0.000000,0.000000,0.000000,44.175838,0.000000,148.611649,0.000000,85.756752,0.000000,136.850693,0.000000,0.000000,4.481452,0.000000,0.000000,0.000000,0.000000,0.000000,0.000000,1.363210,3.187336,0.000000,0.000000,0.000000,0.000000,41.342724,0.000000,0.000000,0.000000,0.000000
411,1,B,0.000000,0.000000,309.691742,0.000000,0.000000,0.000000,0.000000,0.000000,0.000000,169.836975,47.090477,0.000000,0.000000,0.000000,0.000000,0.000000,0.000000,0.000000,0.000000,0.000000,0.000000,137.022476,0.000000,255.652802,0.000000,0.000000,0.000000,230.922836,0.000000,0.000000,16.556301,0.000000,0.000000,0.386015,0.000000,0.000000,0.000000,61.354225,0.362538,0.000000,0.000000,0.000000,0.000000,34.590794,0.000000,0.000000,0.000000,0.000000
412,2,C,0.000000,0.000000,235.901550,0.000000,0.000000,0.000000,0.000000,0.000000,0.000000,342.207703,0.000000,0.000000,0.000000,0.000000,68.027435,0.000000,0.000000,3.248357,0.000000,0.000000,0.000000,33.641541,0.000000,136.754120,0.000000,124.294151,0.000000,136.685974,0.000000,0.000000,0.000000,0.000000,0.000000,0.000000,0.000000,0.000000,0.000000,0.000000,8.505178,0.000000,0.000000,0.000000,0.000000,42.380016,0.000000,0.000000,0.000000,0.000000
413,2,C,0.000000,0.000000,240.512192,0.000000,0.000000,0.000000,0.000000,0.000000,0.000000,131.460800,6.315063,0.000000,0.000000,0.000000,36.150345,0.000000,0.000000,36.164043,0.000000,0.000000,0.000000,75.662308,0.000000,149.225525,0.000000,36.625439,0.000000,165.844849,0.000000,0.000000,38.850269,0.000000,0.000000,0.000000,0.000000,0.000000,0.000000,20.482468,0.000000,0.000000,0.000000,0.000000,0.000000,20.402205,0.000000,0.000000,0.000000,0.000000
414,4,E,0.000000,0.000000,0.000000,0.000000,0.000000,0.000000,0.000000,0.000000,0.000000,71.644646,195.863510,0.000000,0.000000,0.000000,140.995316,0.000000,0.000000,0.000000,0.000000,0.000000,0.000000,138.941727,0.000000,99.395973,0.000000,0.000000,0.000000,95.296989,0.000000,0.000000,0.000000,0.000000,35.603901,60.066887,0.000000,0.000000,0.000000,67.467804,27.823507,0.407259,0.000000,0.000000,0.000000,71.586914,0.000000,3.635244,0.000000,73.492470
415,0,A,0.000000,0.000000,0.000000,0.000000,0.000000,0.000000,0.000000,0.000000,0.000000,163.683456,361.349304,0.000000,0.000000,0.000000,305.757233,0.000000,0.000000,0.000000,0.000000,0.000000,0.000000,36.558830,0.000000,0.000000,0.000000,225.814636,0.000000,0.000000,0.000000,0.000000,34.654236,0.000000,87.021988,116.943756,0.000000,32.313919,0.000000,20.689157,0.000000,0.000000,0.000000,0.000000,0.000000,129.112411,77.638535,0.000000,0.000000,106.853615
416,1,B,0.000000,0.000000,239.158051,0.000000,0.000000,0.000000,0.000000,0.000000,0.000000,0.000000,0.000000,0.000000,0.000000,0.000000,0.000000,0.000000,0.000000,15.940026,0.000000,0.000000,0.000000,232.843307,0.000000,298.746246,0.000000,0.000000,0.000000,354.040131,0.000000,0.000000,0.000000,0.000000,0.000000,0.000000,0.000000,0.000000,0.000000,103.725899,0.000000,0.000000,0.000000,0.000000,0.000000,8.788191,0.000000,0.000000,0.000000,0.000000
417,3,D,0.000000,0.000000,0.000000,0.000000,0.000000,0.000000,0.000000,0.000000,0.000000,0.000000,0.000000,0.000000,0.000000,0.000000,0.000000,0.000000,0.000000,0.000000,0.000000,0.000000,0.000000,102.969437,0.000000,55.196835,0.000000,302.273956,0.000000,302.195068,155.860382,0.000000,0.000000,0.000000,0.000000,0.000000,0.000000,1.447984,0.000000,4.234368,0.000000,0.000000,0.000000,0.000000,86.917351,0.000000,0.000000,0.000000,0.000000,0.000000
418,2,C,0.000000,0.000000,197.901474,0.000000,0.000000,0.000000,0.000000,0.000000,0.000000,201.106308,0.000000,0.000000,0.000000,0.000000,91.050034,0.000000,0.000000,0.000000,0.000000,0.000000,0.000000,38.267208,0.000000,152.258148,0.000000,83.801239,0.000000,137.043121,0.000000,0.000000,41.444191,0.000000,0.000000,0.000000,0.000000,0.000000,0.000000,0.362971,0.000000,0.000000,0.000000,0.000000,0.000000,41.327503,0.000000,0.000000,0.000000,0.000000
419,3,D,0.000000,0.000000,0.000000,0.000000,0.000000,0.000000,0.000000,0.000000,0.000000,0.000000,6.597993,0.000000,0.000000,0.000000,0.000000,0.000000,0.000000,0.000000,0.000000,0.000000,0.000000,130.542923,0.000000,84.350990,0.000000,246.431854,0.000000,327.845276,144.101227,0.000000,0.000000,0.000000,0.000000,0.000000,0.000000,0.000000,0.000000,21.636730,0.000000,0.000000,0.000000,0.000000,77.567863,0.000000,0.000000,0.000000,0.000000,0.000000
420,2,C,0.000000,0.000000,244.951920,0.000000,0.000000,0.000000,0.000000,0.000000,0.000000,331.323212,0.000000,0.000000,0.000000,0.000000,89.044403,0.000000,0.000000,0.000000,0.000000,0.000000,0.000000,44.315388,0.000000,134.763474,0.000000,103.895576,0.000000,128.968353,0.000000,0.000000,0.000000,0.000000,0.000000,0.000000,0.000000,0.000000,0.000000,0.000000,9.175072,0.000000,0.000000,0.000000,0.000000,48.349388,0.000000,0.000000,0.000000,0.000000
421,4,E,0.000000,0.000000,0.000000,0.000000,0.000000,0.000000,0.000000,0.000000,0.000000,122.975555,291.246063,0.000000,0.000000,0.000000,64.493301,0.000000,0.000000,0.000000,0.000000,0.000000,0.000000,0.000000,0.000000,21.560356,0.000000,130.952682,0.000000,165.710312,0.000000,0.000000,27.933092,0.000000,31.272549,70.781609,0.000000,37.421001,0.000000,36.154240,3.328428,16.152742,0.000000,0.000000,0.000000,53.923744,0.000000,0.000000,0.000000,86.254585
422,4,E,0.000000,0.000000,0.000000,0.000000,0.000000,0.000000,0.000000,0.000000,0.000000,218.970642,349.558197,0.000000,0.000000,0.000000,167.445786,0.000000,0.000000,0.000000,0.000000,0.000000,0.000000,62.157368,0.000000,106.833443,0.000000,3.359854,0.000000,94.724968,0.000000,0.000000,0.000000,0.000000,84.224083,98.497520,0.000000,16.706745,0.000000,67.622231,50.769009,13.428988,0.000000,0.000000,0.000000,107.916626,0.000000,0.000000,0.000000,127.721519
423,4,E,0.000000,0.000000,0.000000,0.000000,0.000000,0.000000,0.000000,0.000000,0.000000,70.666779,254.129471,0.000000,0.000000,0.000000,160.851730,0.000000,0.000000,0.000000,0.000000,0.000000,0.000000,245.411835,0.000000,131.206909,0.000000,59.946930,0.000000,62.383480,10.561128,0.000000,211.876526,0.000000,35.287403,120.695366,0.000000,21.099401,0.000000,44.286354,0.000000,0.000000,0.000000,0.000000,0.000000,103.428642,0.000000,47.023090,0.000000,93.302368
424,3,D,0.000000,0.000000,0.000000,0.000000,0.000000,0.000000,0.000000,0.000000,0.000000,0.000000,86.676834,0.000000,0.000000,0.000000,0.000000,0.000000,0.000000,0.000000,0.000000,0.000000,0.000000,167.936554,0.000000,104.134781,0.000000,146.645126,0.000000,312.686676,120.149033,0.000000,0.000000,0.000000,0.000000,2.237834,0.000000,0.000000,0.000000,53.565807,0.000000,0.000000,0.000000,0.000000,37.345196,4.597521,0.000000,0.000000,0.000000,8.676170
425,0,A,0.000000,0.000000,228.535538,0.000000,0.000000,0.000000,0.000000,0.000000,0.000000,125.467636,35.030067,0.000000,0.000000,0.000000,67.107414,0.000000,0.000000,24.219028,0.000000,0.000000,0.000000,85.191254,0.000000,138.238022,0.000000,16.661163,0.000000,138.305115,0.000000,0.000000,54.366104,0.000000,0.000000,10.700291,0.000000,0.000000,0.000000,21.157021,0.000000,0.000000,0.000000,0.000000,0.000000,35.732162,0.000000,0.000000,0.000000,0.000000
426,0,A,0.000000,0.000000,208.241150,0.000000,0.000000,0.000000,0.000000,0.000000,0.000000,133.153122,40.519276,0.000000,0.000000,0.000000,83.221924,0.000000,0.000000,0.000000,0.000000,0.000000,0.000000,68.615471,0.000000,121.032875,0.000000,63.812946,0.000000,126.336578,0.000000,0.000000,88.819885,0.000000,0.000000,24.967529,0.000000,0.000000,0.000000,4.001880,0.000000,0.000000,0.000000,0.000000,0.000000,43.768669,0.000000,0.000000,0.000000,0.000000
427,3,D,0.000000,0.000000,0.000000,0.000000,0.000000,0.000000,0.000000,0.000000,0.000000,0.000000,0.000000,0.000000,0.000000,0.000000,0.000000,0.000000,0.000000,0.000000,0.000000,0.000000,0.000000,104.568588,0.000000,33.086380,0.000000,306.752411,0.000000,300.292755,189.591782,0.000000,0.000000,0.000000,0.000000,0.000000,0.000000,0.000000,0.000000,0.000000,0.000000,0.000000,0.000000,0.000000,88.849800,0.000000,0.000000,0.000000,0.000000,0.000000
428,2,C,0.000000,0.000000,233.425720,0.000000,0.000000,0.000000,0.000000,0.000000,0.000000,155.666092,0.000000,0.000000,0.000000,0.000000,22.554468,0.000000,0.000000,42.461117,0.000000,0.000000,0.000000,70.087326,0.000000,152.634567,0.000000,68.738373,0.000000,160.788498,0.000000,0.000000,51.629875,0.000000,0.000000,0.000000,0.000000,0.000000,0.000000,11.894334,0.000000,0.000000,0.000000,0.000000,0.000000,17.170429,0.000000,0.000000,0.000000,0.000000
429,3,D,0.000000,0.000000,0.000000,0.000000,0.000000,0.000000,0.000000,0.000000,0.000000,0.000000,38.913033,0.000000,0.000000,0.000000,0.000000,0.000000,0.000000,0.000000,0.000000,0.000000,0.000000,140.857391,0.000000,105.712685,0.000000,184.049133,0.000000,301.804077,52.980186,0.000000,0.000000,0.000000,0.000000,0.000000,0.000000,14.060359,0.000000,46.885628,0.000000,0.000000,0.000000,0.000000,52.057213,0.000000,0.000000,0.000000,0.000000,0.000000
430,2,C,0.000000,0.000000,230.195023,0.000000,0.000000,0.000000,0.000000,0.000000,0.000000,229.410278,0.000000,0.000000,0.000000,0.000000,57.545593,0.000000,0.000000,6.464167,0.000000,0.000000,0.000000,38.591621,0.000000,153.556580,0.000000,100.115234,0.000000,147.146820,0.000000,0.000000,1.026186,0.000000,0.000000,0.000000,0.000000,0.000000,0.000000,7.316643,0.000000,0.000000,0.000000,0.000000,0.000000,32.473373,0.000000,0.000000,0.000000,0.000000
431,2,C,0.000000,0.000000,276.289795,0.000000,0.000000,0.000000,0.000000,0.000000,0.000000,328.821747,0.000000,0.000000,0.000000,0.000000,78.862747,0.000000,0.000000,0.000000,0.000000,0.000000,0.000000,49.193863,0.000000,157.632401,0.000000,75.287033,0.000000,140.616623,0.000000,0.000000,0.000000,0.000000,0.000000,0.000000,0.000000,0.000000,0.000000,1.909530,10.685739,0.000000,0.000000,0.000000,0.000000,48.386082,0.000000,0.000000,0.000000,0.000000
432,1,B,0.000000,0.000000,283.279144,0.000000,0.000000,0.000000,0.000000,0.000000,0.000000,24.821709,0.000000,0.000000,0.000000,0.000000,0.000000,0.000000,0.000000,0.000000,0.000000,0.000000,0.000000,174.891434,0.000000,258.116150,0.000000,0.000000,0.000000,304.809387,0.000000,0.000000,0.000000,0.000000,0.000000,0.000000,0.000000,0.000000,0.000000,81.819420,0.000000,0.000000,0.000000,0.000000,0.000000,12.236203,0.000000,0.000000,0.000000,0.000000
433,2,C,0.000000,0.000000,249.205765,0.000000,0.000000,0.000000,0.000000,0.000000,0.000000,324.693390,0.000000,0.000000,0.000000,0.000000,78.133789,0.000000,0.000000,0.000000,0.000000,0.000000,0.000000,35.258057,0.000000,146.301254,0.000000,84.030579,0.000000,143.371887,0.000000,0.000000,0.000000,0.000000,0.000000,0.000000,0.000000,0.000000,0.000000,0.000000,11.662210,0.000000,0.000000,0.000000,0.000000,45.523094,0.000000,0.000000,0.000000,0.000000
434,1,B,0.000000,0.000000,273.160034,0.000000,0.000000,0.000000,0.000000,0.000000,0.000000,57.024529,7.460124,0.000000,0.000000,0.000000,0.000000,0.000000,0.000000,0.000000,0.000000,0.000000,0.000000,204.424820,0.000000,289.656677,0.000000,0.000000,0.000000,322.997894,0.000000,0.000000,0.000000,0.000000,0.000000,0.000000,0.000000,0.000000,0.000000,91.285431,2.239425,0.000000,0.000000,0.000000,0.000000,17.797564,0.000000,0.000000,0.000000,0.000000
435,4,E,0.000000,0.000000,0.000000,0.000000,0.000000,0.000000,0.000000,0.000000,0.000000,0.000000,251.110321,0.000000,0.000000,0.000000,80.636299,0.000000,0.000000,0.000000,0.000000,0.000000,0.000000,125.119186,0.000000,77.084274,0.000000,103.744064,0.000000,201.367416,101.958298,0.000000,0.000000,0.000000,0.000000,64.528145,0.000000,0.000000,0.000000,64.995422,0.000000,0.000000,0.000000,0.000000,0.000000,51.124931,0.000000,0.000000,0.000000,71.132675
436,2,C,0.000000,0.000000,216.603638,0.000000,0.000000,0.000000,0.000000,0.000000,0.000000,117.512711,0.000000,0.000000,0.000000,0.000000,41.262054,0.000000,0.000000,91.063850,0.000000,0.000000,0.000000,69.772530,0.000000,124.440872,0.000000,50.352459,0.000000,143.009659,0.000000,0.000000,34.935856,0.000000,0.000000,0.000000,0.000000,0.000000,0.000000,14.883959,0.000000,0.000000,0.000000,0.000000,0.000000,8.544106,0.000000,0.000000,0.000000,0.000000
437,3,D,0.000000,0.000000,0.000000,0.000000,0.000000,0.000000,0.000000,0.000000,0.000000,0.000000,0.000000,0.000000,0.000000,0.000000,0.000000,0.000000,0.000000,0.000000,0.000000,0.000000,0.000000,119.412956,0.000000,80.362793,0.000000,259.756439,0.000000,328.261444,164.482559,0.000000,0.000000,0.000000,0.000000,0.000000,0.000000,0.000000,0.000000,14.303788,0.000000,0.000000,0.000000,0.000000,82.417168,0.000000,0.000000,0.000000,0.000000,0.000000
438,3,D,0.000000,0.000000,252.993301,0.000000,0.000000,0.000000,0.000000,0.000000,0.000000,287.395569,24.204634,0.000000,0.000000,0.000000,51.464855,0.000000,0.000000,0.000000,0.000000,0.000000,0.000000,7.837307,0.000000,135.308212,0.000000,133.466064,0.000000,175.037582,0.000000,0.000000,50.662975,0.000000,0.000000,0.000000,0.000000,0.000000,0.000000,0.000000,0.000000,0.000000,0.000000,0.000000,0.000000,37.634598,0.000000,0.000000,0.000000,0.000000
439,0,A,0.000000,0.000000,0.000000,0.000000,0.000000,0.000000,0.000000,0.000000,0.000000,193.714203,236.274704,0.000000,0.000000,0.000000,275.882965,0.000000,0.000000,0.000000,0.000000,0.000000,0.000000,2.569943,0.000000,0.000000,0.000000,252.043808,0.000000,0.000000,0.000000,0.000000,0.000000,0.000000,61.124825,68.392296,0.000000,30.909246,0.000000,0.000000,0.000000,0.000000,0.000000,0.000000,0.000000,102.283348,74.809814,0.000000,0.000000,60.625095
440,0,A,0.000000,0.000000,257.516174,0.000000,0.000000,0.000000,0.000000,0.000000,0.000000,99.436287,9.517711,0.000000,0.000000,0.000000,30.320936,0.000000,0.000000,0.832129,0.000000,0.000000,0.000000,79.722221,0.000000,143.231476,0.000000,65.404907,0.000000,170.820847,0.000000,0.000000,97.071358,0.000000,0.000000,12.308187,0.000000,0.000000,0.000000,8.649522,0.000000,0.000000,0.000000,0.000000,0.000000,25.356787,0.000000,0.000000,0.000000,0.000000
441,0,A,0.000000,0.000000,0.000000,0.000000,0.000000,0.000000,0.000000,0.000000,0.000000,195.597260,252.092255,0.000000,0.000000,0.000000,341.043121,0.000000,0.000000,0.000000,0.000000,0.000000,0.000000,0.000000,0.000000,0.000000,0.000000,277.486603,0.000000,0.000000,0.000000,0.000000,58.278427,0.000000,64.584579,90.488922,0.000000,30.394106,0.000000,0.000000,0.000000,0.000000,0.000000,0.000000,0.000000,121.139946,87.893936,0.000000,0.000000,66.284355
442,0,A,0.000000,0.000000,230.038818,0.000000,0.000000,0.000000,0.000000,0.000000,0.000000,121.476768,20.213140,0.000000,0.000000,0.000000,61.201923,0.000000,0.000000,40.752022,0.000000,0.000000,0.000000,82.103775,0.000000,130.704483,0.000000,26.280245,0.000000,138.314377,0.000000,0.000000,46.940231,0.000000,0.000000,0.000000,0.000000,0.000000,0.000000,18.650953,0.000000,0.000000,0.000000,0.000000,0.000000,27.795607,0.000000,0.000000,0.000000,0.000000
443,1,B,0.000000,0.000000,235.196457,0.000000,0.000000,0.000000,0.000000,0.000000,0.000000,0.000000,0.885902,0.000000,0.000000,0.000000,0.000000,0.000000,0.000000,29.272339,0.000000,0.000000,0.000000,209.774902,0.000000,264.369934,0.000000,0.000000,0.000000,330.018646,0.000000,0.000000,0.000000,0.000000,0.000000,0.000000,0.000000,0.000000,0.000000,93.596123,0.000000,0.000000,0.000000,0.000000,0.000000,4.756315,0.000000,0.000000,0.000000,0.000000
444,4,E,0.000000,0.000000,0.000000,0.000000,0.000000,0.000000,0.000000,0.000000,0.000000,52.047306,141.999115,0.000000,0.000000,0.000000,197.978226,0.000000,0.000000,0.000000,0.000000,0.000000,0.000000,130.998215,0.000000,55.604988,0.000000,147.412460,0.000000,60.845284,6.400620,0.000000,152.437683,0.000000,11.694143,76.901176,0.000000,15.822744,0.000000,3.373628,0.000000,0.000000,0.000000,0.000000,0.000000,77.513405,18.567055,20.437218,0.000000,42.213249
445,0,A,0.000000,0.000000,0.000000,0.000000,0.000000,0.000000,0.000000,0.000000,0.000000,225.741287,286.835876,0.000000,0.000000,0.000000,343.604248,0.000000,0.000000,0.000000,0.000000,0.000000,0.000000,0.000000,0.000000,0.000000,0.000000,268.693665,0.000000,0.000000,0.000000,0.000000,0.000000,0.000000,78.256653,87.089401,0.000000,29.654819,0.000000,0.387583,0.000000,0.000000,0.000000,0.000000,0.000000,126.252251,84.392303,0.000000,0.000000,78.088722
446,3,D,0.000000,0.000000,0.000000,0.000000,0.000000,0.000000,0.000000,0.000000,0.000000,0.000000,48.934353,0.000000,0.000000,0.000000,0.000000,0.000000,0.000000,0.000000,0.000000,0.000000,0.000000,148.543594,0.000000,101.605652,0.000000,186.315521,0.000000,300.364197,48.688847,0.000000,0.000000,0.000000,0.000000,0.000000,0.000000,15.903426,0.000000,49.666687,0.000000,0.000000,0.000000,0.000000,49.587013,0.000000,0.000000,0.000000,0.000000,0.000000
447,0,A,0.000000,0.000000,210.219910,0.000000,0.000000,0.000000,0.000000,0.000000,0.000000,100.966354,31.897856,0.000000,0.000000,0.000000,60.062916,0.000000,0.000000,52.933636,0.000000,0.000000,0.000000,89.796555,0.000000,118.283951,0.000000,49.311584,0.000000,134.012085,0.000000,0.000000,66.872643,0.000000,0.000000,2.508468,0.000000,0.000000,0.000000,15.902952,0.000000,0.000000,0.000000,0.000000,0.000000,25.418108,0.000000,0.000000,0.000000,0.000000
448,4,E,0.000000,0.000000,0.000000,0.000000,0.000000,0.000000,0.000000,0.000000,0.000000,177.592285,179.211426,0.000000,0.000000,0.000000,187.226837,0.000000,0.000000,0.000000,0.000000,0.000000,0.000000,48.413860,0.000000,116.947739,0.000000,124.885910,0.000000,53.853207,0.000000,0.000000,183.003357,0.000000,32.436695,87.817215,0.000000,31.114805,0.000000,0.000000,0.000000,0.000000,0.000000,0.000000,0.000000,93.088524,0.000000,11.776358,0.000000,61.226913
449,0,A,0.000000,0.000000,0.000000,0.000000,0.000000,0.000000,0.000000,0.000000,0.000000,55.089920,304.288086,0.000000,0.000000,0.000000,273.474396,0.000000,0.000000,0.000000,0.000000,0.000000,0.000000,0.000000,0.000000,0.000000,0.000000,286.436157,0.000000,0.000000,52.835949,0.000000,22.767759,0.000000,44.579399,98.301186,0.000000,25.824965,0.000000,5.462615,0.000000,0.000000,0.000000,0.000000,0.000000,102.834801,98.089272,0.000000,0.000000,74.469795
450,0,A,0.000000,0.000000,0.000000,0.000000,0.000000,0.000000,0.000000,0.000000,0.000000,61.302570,271.914001,0.000000,0.000000,0.000000,251.450516,0.000000,0.000000,0.000000,0.000000,0.000000,0.000000,0.000000,0.000000,0.000000,0.000000,279.052216,0.000000,0.000000,8.638923,0.000000,7.275728,0.000000,46.773792,82.072189,0.000000,35.765778,0.000000,10.261149,0.000000,0.000000,0.000000,0.000000,0.000000,92.106171,91.617676,0.000000,0.000000,65.419685
451,3,D,0.000000,0.000000,0.000000,0.000000,0.000000,0.000000,0.000000,0.000000,0.000000,0.000000,42.990463,0.000000,0.000000,0.000000,0.000000,0.000000,0.000000,0.000000,0.000000,0.000000,0.000000,83.148407,0.000000,92.747467,0.000000,262.752319,0.000000,316.470764,126.339607,0.000000,0.000000,0.000000,0.000000,0.000000,0.000000,8.783531,0.000000,20.977728,0.000000,0.000000,0.000000,0.000000,68.134796,0.000000,0.000000,0.000000,0.000000,0.000000
452,0,A,0.000000,0.000000,230.785309,0.000000,0.000000,0.000000,0.000000,0.000000,0.000000,78.912544,29.711237,0.000000,0.000000,0.000000,61.516228,0.000000,0.000000,61.093346,0.000000,0.000000,0.000000,64.248291,0.000000,110.607338,0.000000,90.786026,0.000000,140.614166,0.000000,0.000000,101.074646,0.000000,0.000000,5.524067,0.000000,0.000000,0.000000,1.488717,0.000000,0.000000,0.000000,0.000000,0.000000,21.222685,0.000000,0.000000,0.000000,0.000000
453,1,B,0.000000,0.000000,306.152008,0.000000,0.000000,0.000000,0.000000,0.000000,0.000000,129.179245,0.000000,0.000000,0.000000,0.000000,0.000000,0.000000,0.000000,0.000000,0.000000,0.000000,0.000000,174.149536,0.000000,280.902924,0.000000,0.000000,0.000000,272.073456,0.000000,0.000000,0.000000,0.000000,0.000000,0.000000,0.000000,0.000000,0.000000,73.466850,4.160676,0.000000,0.000000,0.000000,0.000000,24.265934,0.000000,0.000000,0.000000,0.000000
454,0,A,0.000000,0.000000,235.023193,0.000000,0.000000,0.000000,0.000000,0.000000,0.000000,56.553265,30.657450,0.000000,0.000000,0.000000,35.466202,0.000000,0.000000,6.821449,0.000000,0.000000,0.000000,96.908806,0.000000,138.665756,0.000000,54.464588,0.000000,162.952438,0.000000,0.000000,103.246216,0.000000,0.000000,21.097687,0.000000,0.000000,0.000000,17.088045,0.000000,0.000000,0.000000,0.000000,0.000000,26.576448,0.000000,0.000000,0.000000,0.000000
455,2,C,0.000000,0.000000,249.180466,0.000000,0.000000,0.000000,0.000000,0.000000,0.000000,328.976257,0.000000,0.000000,0.000000,0.000000,71.995689,0.000000,0.000000,0.000000,0.000000,0.000000,0.000000,42.044868,0.000000,138.529755,0.000000,101.617767,0.000000,135.054596,0.000000,0.000000,0.000000,0.000000,0.000000,0.000000,0.000000,0.000000,0.000000,0.000000,9.314813,0.000000,0.000000,0.000000,0.000000,44.351799,0.000000,0.000000,0.000000,0.000000
456,0,A,0.000000,0.000000,207.062881,0.000000,0.000000,0.000000,0.000000,0.000000,0.000000,91.234451,58.650623,0.000000,0.000000,0.000000,58.516815,0.000000,0.000000,34.022301,0.000000,0.000000,0.000000,71.145676,0.000000,119.304260,0.000000,73.239922,0.000000,133.389374,0.000000,0.000000,115.840485,0.000000,0.000000,24.457331,0.000000,0.000000,0.000000,5.377542,0.000000,0.000000,0.000000,0.000000,0.000000,32.684052,0.000000,0.000000,0.000000,0.000000
457,0,A,0.000000,0.000000,231.855164,0.000000,0.000000,0.000000,0.000000,0.000000,0.000000,97.122650,67.349136,0.000000,0.000000,0.000000,59.348713,0.000000,0.000000,2.226595,0.000000,0.000000,0.000000,86.761642,0.000000,139.343521,0.000000,26.496401,0.000000,143.359482,0.000000,0.000000,103.318275,0.000000,0.000000,36.066830,0.000000,0.000000,0.000000,18.129354,0.000000,0.000000,0.000000,0.000000,0.000000,42.679241,0.000000,0.000000,0.000000,6.568277
458,1,B,0.000000,0.000000,308.687347,0.000000,0.000000,0.000000,0.000000,0.000000,0.000000,101.062065,27.382208,0.000000,0.000000,0.000000,0.000000,0.000000,0.000000,0.000000,0.000000,0.000000,0.000000,188.989059,0.000000,286.134094,0.000000,0.000000,0.000000,289.955414,0.000000,0.000000,0.000000,0.000000,0.000000,0.000000,0.000000,0.000000,0.000000,84.902786,2.044745,0.000000,0.000000,0.000000,0.000000,26.062098,0.000000,0.000000,0.000000,0.000000
459,2,C,0.000000,0.000000,220.540848,0.000000,0.000000,0.000000,0.000000,0.000000,0.000000,285.605103,0.000000,0.000000,0.000000,0.000000,61.687428,0.000000,0.000000,0.000000,0.000000,0.000000,0.000000,26.737778,0.000000,140.843460,0.000000,69.434830,0.000000,152.077042,0.000000,0.000000,0.000000,0.000000,0.000000,0.000000,0.000000,0.000000,0.000000,1.775351,12.410318,0.000000,0.000000,0.000000,0.000000,37.523300,0.000000,0.000000,0.000000,0.000000
460,0,A,0.000000,0.000000,198.692322,0.000000,0.000000,0.000000,0.000000,0.000000,0.000000,101.366333,60.441734,0.000000,0.000000,0.000000,76.924599,0.000000,0.000000,0.000000,0.000000,0.000000,0.000000,73.609612,0.000000,126.593414,0.000000,70.091064,0.000000,128.428497,0.000000,0.000000,119.418243,0.000000,0.000000,37.098019,0.000000,0.000000,0.000000,4.742793,0.000000,0.000000,0.000000,0.000000,0.000000,44.688019,0.000000,0.000000,0.000000,3.369649
461,1,B,0.000000,0.000000,204.583450,0.000000,0.000000,0.000000,0.000000,0.000000,0.000000,66.124344,0.000000,0.000000,0.000000,0.000000,1.641765,0.000000,0.000000,150.622681,0.000000,0.000000,0.000000,56.936180,0.000000,143.985855,0.000000,93.825516,0.000000,152.859055,0.000000,0.000000,80.728134,0.000000,0.000000,0.000000,0.000000,0.000000,0.000000,8.442723,0.000000,0.000000,0.000000,0.000000,9.972274,0.000000,0.000000,0.000000,0.000000,0.000000
462,3,D,0.000000,0.000000,0.000000,0.000000,0.000000,0.000000,0.000000,0.000000,0.000000,0.000000,29.892250,0.000000,0.000000,0.000000,0.000000,0.000000,0.000000,0.000000,0.000000,0.000000,0.000000,177.081802,0.000000,111.671608,0.000000,209.930954,0.000000,309.548401,108.567329,0.000000,0.000000,0.000000,0.000000,0.000000,0.000000,2.880405,0.000000,43.486332,0.000000,0.000000,0.000000,0.000000,63.504284,0.000000,0.000000,0.000000,0.000000,0.000000
463,2,C,0.000000,0.000000,209.430984,0.000000,0.000000,0.000000,0.000000,0.000000,0.000000,192.768311,0.000000,0.000000,0.000000,0.000000,48.770912,0.000000,0.000000,0.000000,0.000000,0.000000,0.000000,49.496300,0.000000,123.208054,0.000000,137.161835,0.000000,153.324844,0.000000,0.000000,74.337021,0.000000,0.000000,0.000000,0.000000,0.000000,0.000000,0.000000,0.000000,0.000000,0.000000,0.000000,0.000000,29.299503,0.000000,0.000000,0.000000,0.000000
464,3,D,0.000000,0.000000,0.000000,0.000000,0.000000,0.000000,0.000000,0.000000,0.000000,0.000000,0.000000,0.000000,0.000000,0.000000,0.000000,0.000000,0.000000,0.000000,0.000000,0.000000,0.000000,127.352776,0.000000,52.294083,0.000000,296.752655,0.000000,323.418335,203.434982,0.000000,0.000000,0.000000,0.000000,0.000000,0.000000,0.000000,0.000000,3.489034,0.000000,0.000000,0.000000,0.000000,90.314667,0.000000,0.000000,0.000000,0.000000,0.000000
465,0,A,0.000000,0.000000,271.399170,0.000000,0.000000,0.000000,0.000000,0.000000,0.000000,207.929993,60.613438,0.000000,0.000000,0.000000,81.419220,0.000000,0.000000,0.000000,0.000000,0.000000,0.000000,102.161621,0.000000,196.013275,0.000000,0.000000,0.000000,149.739166,0.000000,0.000000,13.956452,0.000000,0.000000,14.363340,0.000000,0.000000,0.000000,39.278084,4.387567,0.000000,0.000000,0.000000,0.000000,56.142239,0.000000,0.000000,0.000000,6.209830
466,3,D,0.000000,0.000000,0.000000,0.000000,0.000000,0.000000,0.000000,0.000000,0.000000,0.000000,0.000000,0.000000,0.000000,0.000000,0.000000,0.000000,0.000000,0.000000,0.000000,0.000000,0.000000,115.412025,0.000000,132.191238,0.000000,195.888565,0.000000,352.370605,110.595512,0.000000,0.000000,0.000000,0.000000,0.000000,0.000000,0.000000,0.000000,34.439816,0.000000,0.000000,0.000000,0.000000,70.849922,0.000000,0.000000,0.000000,0.000000,0.000000
467,3,D,0.000000,0.000000,0.000000,0.000000,0.000000,0.000000,0.000000,0.000000,0.000000,19.570591,43.332237,0.000000,0.000000,0.000000,0.000000,0.000000,0.000000,0.000000,0.000000,0.000000,0.000000,140.197632,0.000000,88.449097,0.000000,189.047211,0.000000,284.312805,29.706322,0.000000,0.000000,0.000000,0.000000,0.000000,0.000000,21.177950,0.000000,45.160114,0.000000,0.000000,0.000000,0.000000,47.252338,0.000000,0.000000,0.000000,0.000000,0.000000
468,4,E,0.000000,0.000000,84.844650,0.000000,0.000000,0.000000,0.000000,0.000000,0.000000,156.820770,139.331207,0.000000,0.000000,0.000000,165.974380,0.000000,0.000000,0.000000,0.000000,0.000000,0.000000,12.946894,0.000000,101.162941,0.000000,9.476216,0.000000,152.591675,0.000000,0.000000,160.852158,0.000000,4.131682,76.326523,0.000000,0.000000,0.000000,0.000000,0.000000,0.000000,0.000000,0.000000,0.000000,75.238640,0.000000,0.000000,0.000000,51.182430
469,3,D,0.000000,0.000000,208.530411,0.000000,0.000000,0.000000,0.000000,0.000000,0.000000,111.187431,9.322472,0.000000,0.000000,0.000000,24.548105,0.000000,0.000000,99.115822,0.000000,0.000000,0.000000,64.744484,0.000000,122.270905,0.000000,81.433647,0.000000,152.921585,0.000000,0.000000,60.227238,0.000000,0.000000,0.000000,0.000000,0.000000,0.000000,9.266936,0.000000,0.000000,0.000000,0.000000,0.000000,3.630304,0.000000,0.000000,0.000000,0.000000
470,2,C,0.000000,0.000000,172.695419,0.000000,0.000000,0.000000,0.000000,0.000000,0.000000,230.412292,0.000000,0.000000,0.000000,0.000000,41.056881,0.000000,0.000000,0.000000,0.000000,0.000000,0.000000,9.577934,0.000000,122.137672,0.000000,57.452595,0.000000,168.254440,0.000000,0.000000,0.000000,0.000000,0.000000,0.000000,0.000000,0.000000,0.000000,4.071157,12.979342,0.000000,0.000000,0.000000,0.000000,25.129150,0.000000,0.000000,0.000000,0.000000
471,1,B,0.000000,0.000000,287.318481,0.000000,0.000000,0.000000,0.000000,0.000000,0.000000,169.515976,47.686810,0.000000,0.000000,0.000000,0.000000,0.000000,0.000000,0.000000,0.000000,0.000000,0.000000,165.363815,0.000000,271.741821,0.000000,0.000000,0.000000,262.996582,0.000000,0.000000,0.000000,0.000000,0.000000,0.000000,0.000000,0.000000,0.000000,74.930107,14.028697,0.000000,0.000000,0.000000,0.000000,33.516979,0.000000,0.000000,0.000000,0.000000
472,3,D,0.000000,0.000000,0.000000,0.000000,0.000000,0.000000,0.000000,0.000000,0.000000,20.482477,0.000000,0.000000,0.000000,0.000000,0.000000,0.000000,0.000000,0.000000,0.000000,0.000000,0.000000,56.578915,0.000000,78.053833,0.000000,186.582748,0.000000,296.835785,28.217258,0.000000,0.000000,0.000000,0.000000,0.000000,0.000000,18.112354,0.000000,23.233244,0.000000,0.000000,0.000000,0.000000,56.711029,0.000000,0.000000,0.000000,0.000000,0.000000
473,4,E,0.000000,0.000000,0.000000,0.000000,0.000000,0.000000,0.000000,0.000000,0.000000,39.039909,246.182404,0.000000,0.000000,0.000000,82.233086,0.000000,0.000000,0.000000,0.000000,0.000000,0.000000,1.454326,0.000000,117.761665,0.000000,17.022873,0.000000,247.294403,48.567959,0.000000,0.000000,0.000000,0.000000,63.409840,0.000000,0.000000,0.000000,61.957329,14.711156,11.180692,0.000000,0.000000,0.000000,48.890072,0.000000,0.000000,0.000000,82.243011
474,3,D,0.000000,0.000000,0.000000,0.000000,0.000000,0.000000,0.000000,0.000000,0.000000,0.000000,0.000000,0.000000,0.000000,0.000000,0.000000,0.000000,0.000000,0.000000,0.000000,0.000000,0.000000,103.745285,0.000000,64.043114,0.000000,288.857513,0.000000,301.323029,138.309647,0.000000,0.000000,0.000000,0.000000,0.000000,0.000000,4.411191,0.000000,8.893905,0.000000,0.000000,0.000000,0.000000,83.764893,0.000000,0.000000,0.000000,0.000000,0.000000
475,2,C,0.000000,0.000000,227.026169,0.000000,0.000000,0.000000,0.000000,0.000000,0.000000,140.321701,0.000000,0.000000,0.000000,0.000000,35.610832,0.000000,0.000000,74.694725,0.000000,0.000000,0.000000,62.014698,0.000000,131.660980,0.000000,57.579884,0.000000,148.370499,0.000000,0.000000,40.610374,0.000000,0.000000,0.000000,0.000000,0.000000,0.000000,11.174752,0.000000,0.000000,0.000000,0.000000,0.000000,11.924246,0.000000,0.000000,0.000000,0.000000
476,0,A,0.000000,0.000000,0.000000,0.000000,0.000000,0.000000,0.000000,0.000000,0.000000,0.000000,177.723251,0.000000,0.000000,0.000000,86.981949,0.000000,0.000000,0.000000,0.000000,0.000000,0.000000,74.191345,0.000000,0.000000,0.000000,293.866730,0.000000,164.154404,361.112946,0.000000,69.404663,0.000000,0.000000,59.353867,0.000000,0.000000,0.000000,0.000000,0.000000,0.000000,0.000000,0.000000,5.897628,40.807846,50.530472,0.000000,0.000000,13.987950
477,2,C,0.000000,0.000000,251.358597,0.000000,0.000000,0.000000,0.000000,0.000000,0.000000,206.054672,0.000000,0.000000,0.000000,0.000000,32.085567,0.000000,0.000000,46.118279,0.000000,0.000000,0.000000,53.434135,0.000000,149.876846,0.000000,78.360153,0.000000,147.273117,0.000000,0.000000,35.830383,0.000000,0.000000,0.000000,0.000000,0.000000,0.000000,5.824444,0.000000,0.000000,0.000000,0.000000,0.000000,21.590307,0.000000,0.000000,0.000000,0.000000
478,1,B,0.000000,0.000000,260.854279,0.000000,0.000000,0.000000,0.000000,0.000000,0.000000,0.000000,0.405099,0.000000,0.000000,0.000000,0.000000,0.000000,0.000000,0.000000,0.000000,0.000000,0.000000,236.094559,0.000000,306.629517,0.000000,0.000000,0.000000,372.218384,0.000000,0.000000,0.000000,0.000000,0.000000,0.000000,0.000000,0.000000,0.000000,106.390030,0.000000,0.000000,0.000000,0.000000,0.000000,11.473177,0.000000,0.000000,0.000000,0.000000
479,2,C,0.000000,0.000000,269.973663,0.000000,0.000000,0.000000,0.000000,0.000000,0.000000,317.464203,0.000000,0.000000,0.000000,0.000000,78.528137,0.000000,0.000000,0.000000,0.000000,0.000000,0.000000,48.761616,0.000000,150.012405,0.000000,77.161926,0.000000,137.868454,0.000000,0.000000,0.000000,0.000000,0.000000,0.000000,0.000000,0.000000,0.000000,1.495882,9.240774,0.000000,0.000000,0.000000,0.000000,46.933735,0.000000,0.000000,0.000000,0.000000
480,4,E,0.000000,0.000000,0.000000,0.000000,0.000000,0.000000,0.000000,0.000000,0.000000,125.106110,212.140579,0.000000,0.000000,0.000000,131.552368,0.000000,0.000000,0.000000,0.000000,0.000000,0.000000,37.884087,0.000000,84.273827,0.000000,22.839775,0.000000,140.839310,0.000000,0.000000,20.624638,0.000000,34.067020,62.307415,0.000000,8.297563,0.000000,43.603695,21.833174,3.261148,0.000000,0.000000,0.000000,67.511414,0.000000,0.000000,0.000000,76.216148
481,4,E,0.000000,0.000000,0.000000,0.000000,0.000000,0.000000,0.000000,0.000000,0.000000,54.901115,158.153183,0.000000,0.000000,0.000000,104.682838,0.000000,0.000000,0.000000,0.000000,0.000000,0.000000,161.435303,0.000000,186.621887,0.000000,16.097387,0.000000,159.756943,0.000000,0.000000,48.629288,0.000000,3.269842,51.716099,0.000000,10.585269,0.000000,71.978943,6.303431,0.000000,0.000000,0.000000,0.000000,61.586964,0.000000,9.573556,0.000000,60.442417
482,0,A,0.000000,0.000000,0.000000,0.000000,0.000000,0.000000,0.000000,0.000000,0.000000,222.551712,228.622330,0.000000,0.000000,0.000000,298.206177,0.000000,0.000000,0.000000,0.000000,0.000000,0.000000,0.000000,0.000000,0.000000,0.000000,270.668884,0.000000,0.000000,0.000000,0.000000,0.000000,0.000000,62.364254,66.000031,0.000000,31.410400,0.000000,0.000000,0.000000,0.000000,0.000000,0.000000,0.000000,107.499985,78.502625,0.000000,0.000000,57.105232
483,3,D,0.000000,0.000000,0.000000,0.000000,0.000000,0.000000,0.000000,0.000000,0.000000,34.528343,43.241756,0.000000,0.000000,0.000000,0.000000,0.000000,0.000000,0.000000,0.000000,0.000000,0.000000,129.406540,0.000000,90.031174,0.000000,183.904846,0.000000,274.513702,25.096535,0.000000,0.000000,0.000000,0.000000,0.000000,0.000000,22.763283,0.000000,42.536385,0.000000,0.000000,0.000000,0.000000,43.854065,0.000000,0.000000,0.000000,0.000000,0.000000
484,3,D,0.000000,0.000000,0.000000,0.000000,0.000000,0.000000,0.000000,0.000000,0.000000,25.875273,48.285854,0.000000,0.000000,0.000000,0.000000,0.000000,0.000000,0.000000,0.000000,0.000000,0.000000,129.513885,0.000000,89.710983,0.000000,179.759079,0.000000,281.164368,33.117790,0.000000,0.000000,0.000000,0.000000,0.000000,0.000000,19.800983,0.000000,43.743931,0.000000,0.000000,0.000000,0.000000,43.398056,0.000000,0.000000,0.000000,0.000000,0.000000
485,4,E,0.000000,0.000000,11.521537,0.000000,0.000000,0.000000,0.000000,0.000000,0.000000,279.265717,149.754684,0.000000,0.000000,0.000000,154.382736,0.000000,0.000000,0.000000,0.000000,0.000000,0.000000,0.000000,0.000000,97.520187,0.000000,21.423525,0.000000,108.690247,0.000000,0.000000,140.606827,0.000000,38.701775,67.476509,0.000000,10.246213,0.000000,0.000000,0.000000,0.000000,0.000000,0.000000,0.000000,82.709404,0.000000,0.000000,0.000000,61.887966
486,3,D,0.000000,0.000000,0.000000,0.000000,0.000000,0.000000,0.000000,0.000000,0.000000,0.000000,0.000000,0.000000,0.000000,0.000000,0.000000,0.000000,0.000000,0.000000,0.000000,0.000000,0.000000,70.369774,0.000000,120.807983,0.000000,189.529144,0.000000,328.877808,93.989296,0.000000,0.000000,0.000000,0.000000,0.000000,0.000000,3.066120,0.000000,26.079542,0.000000,0.000000,0.000000,0.000000,65.874565,0.000000,0.000000,0.000000,0.000000,0.000000
487,1,B,0.000000,0.000000,235.636734,0.000000,0.000000,0.000000,0.000000,0.000000,0.000000,90.897530,30.800098,0.000000,0.000000,0.000000,31.942518,0.000000,0.000000,41.914421,0.000000,0.000000,0.000000,97.212830,0.000000,133.808029,0.000000,41.718845,0.000000,158.084320,0.000000,0.000000,66.059860,0.000000,0.000000,2.324345,0.000000,0.000000,0.000000,22.797228,0.000000,0.000000,0.000000,0.000000,0.000000,20.723841,0.000000,0.000000,0.000000,0.000000
488,1,B,0.000000,0.000000,199.116058,0.000000,0.000000,0.000000,0.000000,0.000000,0.000000,67.048332,16.873648,0.000000,0.000000,0.000000,0.000000,0.000000,0.000000,80.955711,0.000000,0.000000,0.000000,162.012360,0.000000,160.065430,0.000000,39.686604,0.000000,206.418259,0.000000,0.000000,0.000000,0.000000,0.000000,0.000000,0.000000,0.000000,0.000000,57.190529,0.000000,0.000000,0.000000,0.000000,0.000000,0.451270,0.000000,0.000000,0.000000,0.000000
489,1,B,0.000000,0.000000,290.742432,0.000000,0.000000,0.000000,0.000000,0.000000,0.000000,98.319275,5.261759,0.000000,0.000000,0.000000,0.000000,0.000000,0.000000,0.000000,0.000000,0.000000,0.000000,174.234421,0.000000,262.597900,0.000000,0.000000,0.000000,284.357239,0.000000,0.000000,0.000000,0.000000,0.000000,0.000000,0.000000,0.000000,0.000000,75.554604,2.515898,0.000000,0.000000,0.000000,0.000000,20.319920,0.000000,0.000000,0.000000,0.000000
490,0,A,0.000000,0.000000,208.239151,0.000000,0.000000,0.000000,0.000000,0.000000,0.000000,61.441513,41.579235,0.000000,0.000000,0.000000,41.099133,0.000000,0.000000,59.846260,0.000000,0.000000,0.000000,90.634445,0.000000,121.396072,0.000000,52.688404,0.000000,152.948776,0.000000,0.000000,78.872780,0.000000,0.000000,4.477116,0.000000,0.000000,0.000000,20.388885,0.000000,0.000000,0.000000,0.000000,0.000000,18.020187,0.000000,0.000000,0.000000,0.000000
491,4,E,0.000000,0.000000,0.000000,0.000000,0.000000,0.000000,0.000000,0.000000,0.000000,25.624552,98.416817,0.000000,0.000000,0.000000,5.702826,0.000000,0.000000,0.000000,0.000000,0.000000,0.000000,135.948532,0.000000,162.556900,0.000000,92.597168,0.000000,176.148849,0.000000,0.000000,0.000000,0.000000,0.000000,9.626059,0.000000,27.240990,0.000000,65.891708,8.000150,0.000000,0.000000,0.000000,5.731305,20.376204,0.000000,0.000000,0.000000,25.863060
492,3,D,0.000000,0.000000,0.000000,0.000000,0.000000,0.000000,0.000000,0.000000,0.000000,0.000000,0.000000,0.000000,0.000000,0.000000,0.000000,0.000000,0.000000,9.762162,0.000000,0.000000,0.000000,151.374176,0.000000,117.754318,0.000000,306.741577,0.000000,230.046204,150.602524,0.000000,0.000000,0.000000,0.000000,0.000000,0.000000,10.364106,0.000000,16.098368,0.000000,0.000000,0.000000,0.000000,88.035118,0.000000,0.000000,0.000000,0.000000,0.000000
493,4,E,0.000000,0.000000,0.000000,0.000000,0.000000,0.000000,0.000000,0.000000,0.000000,187.426224,199.583328,0.000000,0.000000,0.000000,114.763641,0.000000,0.000000,0.000000,0.000000,0.000000,0.000000,6.931400,0.000000,58.662235,0.000000,0.000000,0.000000,94.405937,0.000000,0.000000,80.431862,0.000000,47.027397,70.912590,0.000000,10.955662,0.000000,13.014318,7.481635,0.000000,0.000000,0.000000,0.000000,70.463669,0.000000,0.000000,0.000000,76.726593
494,4,E,0.000000,0.000000,0.000000,0.000000,0.000000,0.000000,0.000000,0.000000,0.000000,199.599396,318.235016,0.000000,0.000000,0.000000,115.582016,0.000000,0.000000,0.000000,0.000000,0.000000,0.000000,0.000000,0.000000,53.987801,0.000000,44.265774,0.000000,146.144394,0.000000,0.000000,0.000000,0.000000,61.626411,80.748329,0.000000,22.410326,0.000000,48.369652,41.085148,24.540007,0.000000,0.000000,0.000000,79.323395,0.000000,0.000000,0.000000,108.706833
495,2,C,0.000000,0.000000,220.102371,0.000000,0.000000,0.000000,0.000000,0.000000,0.000000,130.846451,17.320757,0.000000,0.000000,0.000000,45.531368,0.000000,0.000000,84.668388,0.000000,0.000000,0.000000,82.508339,0.000000,129.585419,0.000000,54.638599,0.000000,140.941666,0.000000,0.000000,42.938118,0.000000,0.000000,0.000000,0.000000,0.000000,0.000000,17.147429,0.000000,0.000000,0.000000,0.000000,0.000000,15.575454,0.000000,0.000000,0.000000,0.000000
496,0,A,0.000000,0.000000,0.000000,0.000000,0.000000,0.000000,0.000000,0.000000,0.000000,173.383179,306.721954,0.000000,0.000000,0.000000,283.637573,0.000000,0.000000,0.000000,0.000000,0.000000,0.000000,36.760506,0.000000,0.000000,0.000000,245.546188,0.000000,0.000000,0.000000,0.000000,18.106590,0.000000,73.658730,93.967453,0.000000,33.862991,0.000000,13.674985,0.000000,0.000000,0.000000,0.000000,0.000000,115.542633,76.885803,0.000000,0.000000,85.447296
497,3,D,0.000000,0.000000,0.000000,0.000000,0.000000,0.000000,0.000000,0.000000,0.000000,0.000000,20.717030,0.000000,0.000000,0.000000,0.000000,0.000000,0.000000,0.000000,0.000000,0.000000,0.000000,221.893433,0.000000,67.199257,0.000000,211.480728,0.000000,284.732056,241.619064,0.000000,0.000000,0.000000,0.000000,0.000000,0.000000,0.000000,0.000000,23.427998,0.000000,0.000000,0.000000,0.000000,71.383163,0.000000,0.000000,0.000000,0.000000,0.000000
498,2,C,0.000000,0.000000,235.039856,0.000000,0.000000,0.000000,0.000000,0.000000,0.000000,348.897827,0.000000,0.000000,0.000000,0.000000,88.227959,0.000000,0.000000,0.000000,0.000000,0.000000,0.000000,25.320469,0.000000,132.073776,0.000000,102.038681,0.000000,128.959488,0.000000,0.000000,0.000000,0.000000,0.000000,0.000000,0.000000,0.000000,0.000000,0.000000,12.692083,0.000000,0.000000,0.000000,0.000000,48.282967,0.000000,0.000000,0.000000,0.000000
499,1,B,0.000000,0.000000,278.743103,0.000000,0.000000,0.000000,0.000000,0.000000,0.000000,55.635727,63.265102,0.000000,0.000000,0.000000,0.000000,0.000000,0.000000,0.000000,0.000000,0.000000,0.000000,218.495026,0.000000,292.599152,0.000000,0.000000,0.000000,309.946320,0.000000,0.000000,0.000000,0.000000,0.000000,1.897203,0.000000,0.000000,0.000000,102.480095,2.881490,0.000000,0.000000,0.000000,0.000000,27.793007,0.000000,0.000000,0.000000,2.523578
500,1,B,0.000000,0.000000,244.983932,0.000000,0.000000,0.000000,0.000000,0.000000,0.000000,26.506304,14.388119,0.000000,0.000000,0.000000,0.000000,0.000000,0.000000,0.000000,0.000000,0.000000,0.000000,177.718552,0.000000,257.148804,0.000000,0.000000,0.000000,295.213654,0.000000,0.000000,6.849184,0.000000,0.000000,0.000000,0.000000,0.000000,0.000000,82.719917,0.000000,0.000000,0.000000,0.000000,0.000000,14.818029,0.000000,0.000000,0.000000,0.000000
501,1,B,0.000000,0.000000,277.519043,0.000000,0.000000,0.000000,0.000000,0.000000,0.000000,160.154861,39.932796,0.000000,0.000000,0.000000,24.095327,0.000000,0.000000,0.000000,0.000000,0.000000,0.000000,134.254349,0.000000,192.806686,0.000000,0.000000,0.000000,195.836029,0.000000,0.000000,15.558579,0.000000,0.000000,2.963369,0.000000,0.000000,0.000000,49.459538,1.321817,0.000000,0.000000,0.000000,0.000000,35.307209,0.000000,0.000000,0.000000,0.000000
502,4,E,0.000000,0.000000,0.000000,0.000000,0.000000,0.000000,0.000000,0.000000,0.000000,124.809937,281.457703,0.000000,0.000000,0.000000,0.000000,0.000000,0.000000,0.000000,0.000000,0.000000,0.000000,0.000000,0.000000,76.762131,0.000000,87.263077,0.000000,233.987732,0.000000,0.000000,0.000000,0.000000,15.532928,54.306782,0.000000,38.552715,0.000000,57.958717,28.463358,25.920576,0.000000,0.000000,0.000000,37.458191,0.000000,0.000000,0.000000,86.397499
503,2,C,0.000000,0.000000,229.845276,0.000000,0.000000,0.000000,0.000000,0.000000,0.000000,248.004990,0.000000,0.000000,0.000000,0.000000,67.154205,0.000000,0.000000,1.393287,0.000000,0.000000,0.000000,31.569296,0.000000,149.540939,0.000000,102.242905,0.000000,139.332718,0.000000,0.000000,7.092359,0.000000,0.000000,0.000000,0.000000,0.000000,0.000000,1.673122,0.000000,0.000000,0.000000,0.000000,0.000000,37.018875,0.000000,0.000000,0.000000,0.000000
504,2,C,0.000000,0.000000,240.567749,0.000000,0.000000,0.000000,0.000000,0.000000,0.000000,348.965698,0.000000,0.000000,0.000000,0.000000,90.146240,0.000000,0.000000,0.000000,0.000000,0.000000,0.000000,24.549402,0.000000,131.804626,0.000000,105.497192,0.000000,126.825676,0.000000,0.000000,0.000000,0.000000,0.000000,0.000000,0.000000,0.000000,0.000000,0.000000,11.036827,0.000000,0.000000,0.000000,0.000000,48.810822,0.000000,0.000000,0.000000,0.000000
505,4,E,0.000000,0.000000,0.000000,0.000000,0.000000,0.000000,0.000000,0.000000,0.000000,0.000000,221.598999,0.000000,0.000000,0.000000,105.239838,0.000000,0.000000,0.000000,0.000000,0.000000,0.000000,147.858978,0.000000,152.144501,0.000000,1.316973,0.000000,211.721588,0.000000,0.000000,0.000000,0.000000,6.918890,60.769783,0.000000,4.193708,0.000000,95.757050,25.087181,7.260975,0.000000,0.000000,0.000000,58.221500,0.000000,0.000000,0.000000,79.838539
506,0,A,0.000000,0.000000,215.410248,0.000000,0.000000,0.000000,0.000000,0.000000,0.000000,137.499771,53.507790,0.000000,0.000000,0.000000,72.496979,0.000000,0.000000,20.368954,0.000000,0.000000,0.000000,73.761093,0.000000,119.073036,0.000000,60.322880,0.000000,126.594910,0.000000,0.000000,90.488983,0.000000,0.000000,22.133398,0.000000,0.000000,0.000000,6.653917,0.000000,0.000000,0.000000,0.000000,0.000000,40.545879,0.000000,0.000000,0.000000,0.000000
507,3,D,0.000000,0.000000,0.000000,0.000000,0.000000,0.000000,0.000000,0.000000,0.000000,0.000000,0.000000,0.000000,0.000000,0.000000,0.000000,0.000000,0.000000,0.000000,0.000000,0.000000,0.000000,115.567680,0.000000,49.511089,0.000000,307.123260,0.000000,315.534149,201.672775,0.000000,0.000000,0.000000,0.000000,0.000000,0.000000,0.000000,0.000000,0.000000,0.000000,0.000000,0.000000,0.000000,91.201920,0.000000,0.000000,0.000000,0.000000,0.000000
508,4,E,0.000000,0.000000,0.000000,0.000000,0.000000,0.000000,0.000000,0.000000,0.000000,127.659012,174.193237,0.000000,0.000000,0.000000,84.037262,0.000000,0.000000,0.000000,0.000000,0.000000,0.000000,56.697762,0.000000,91.219498,0.000000,24.023607,0.000000,203.292282,0.000000,0.000000,0.000000,0.000000,12.502173,38.971069,0.000000,8.544950,0.000000,51.721504,36.238560,9.993398,0.000000,0.000000,0.000000,47.637814,0.000000,0.000000,0.000000,61.640469
509,2,C,0.000000,0.000000,256.019684,0.000000,0.000000,0.000000,0.000000,0.000000,0.000000,320.371918,0.000000,0.000000,0.000000,0.000000,92.114197,0.000000,0.000000,0.000000,0.000000,0.000000,0.000000,40.694752,0.000000,142.232437,0.000000,86.568565,0.000000,129.959763,0.000000,0.000000,0.000000,0.000000,0.000000,0.000000,0.000000,0.000000,0.000000,0.000000,8.592596,0.000000,0.000000,0.000000,0.000000,49.203209,0.000000,0.000000,0.000000,0.000000
510,2,C,0.000000,0.000000,242.515579,0.000000,0.000000,0.000000,0.000000,0.000000,0.000000,203.037048,0.000000,0.000000,0.000000,0.000000,60.345161,0.000000,0.000000,0.000000,0.000000,0.000000,0.000000,39.639549,0.000000,154.467590,0.000000,84.129417,0.000000,144.668213,0.000000,0.000000,25.256401,0.000000,0.000000,0.000000,0.000000,0.000000,0.000000,5.105431,0.000000,0.000000,0.000000,0.000000,0.000000,34.501152,0.000000,0.000000,0.000000,0.000000
511,3,D,0.000000,0.000000,0.000000,0.000000,0.000000,0.000000,0.000000,0.000000,0.000000,0.000000,0.000000,0.000000,0.000000,0.000000,0.000000,0.000000,0.000000,0.000000,0.000000,0.000000,0.000000,233.753250,0.000000,106.707954,0.000000,251.657089,0.000000,294.718109,119.656593,0.000000,0.000000,0.000000,0.000000,0.000000,0.000000,3.708852,0.000000,42.049480,0.000000,0.000000,0.000000,0.000000,79.873009,0.000000,0.000000,0.000000,0.000000,0.000000
512,1,B,0.000000,0.000000,265.257721,0.000000,0.000000,0.000000,0.000000,0.000000,0.000000,10.739639,66.235100,0.000000,0.000000,0.000000,0.000000,0.000000,0.000000,4.861556,0.000000,0.000000,0.000000,143.865555,0.000000,201.356583,0.000000,0.000000,0.000000,239.841202,0.000000,0.000000,55.689369,0.000000,0.000000,19.725952,0.000000,0.000000,0.000000,64.083542,0.000000,0.000000,0.000000,0.000000,0.000000,21.849867,0.000000,0.000000,0.000000,2.035792
513,2,C,0.000000,0.000000,0.000000,0.000000,0.000000,0.000000,0.000000,0.000000,0.000000,365.962311,98.399872,0.000000,0.000000,0.000000,142.909668,0.000000,0.000000,0.000000,0.000000,0.000000,0.000000,0.000000,0.000000,55.673958,0.000000,181.976822,0.000000,100.883400,0.000000,0.000000,0.000000,0.000000,29.388592,6.973740,0.000000,31.968153,0.000000,0.000000,32.767406,0.000000,0.000000,0.000000,0.000000,64.525375,0.000000,0.000000,0.000000,23.754709
514,0,A,0.000000,0.000000,177.410187,0.000000,0.000000,0.000000,0.000000,0.000000,0.000000,54.131550,61.407578,0.000000,0.000000,0.000000,61.802235,0.000000,0.000000,29.747824,0.000000,0.000000,0.000000,85.049454,0.000000,111.591583,0.000000,89.951263,0.000000,134.394989,0.000000,0.000000,126.755249,0.000000,0.000000,29.155188,0.000000,0.000000,0.000000,6.984204,0.000000,0.000000,0.000000,0.000000,0.000000,31.331171,0.000000,0.000000,0.000000,0.000000
515,4,E,0.000000,0.000000,0.000000,0.000000,0.000000,0.000000,0.000000,0.000000,0.000000,162.730026,119.429558,0.000000,0.000000,0.000000,13.540714,0.000000,0.000000,0.000000,0.000000,0.000000,0.000000,0.000000,0.000000,143.811295,0.000000,91.330505,0.000000,228.973526,26.836388,0.000000,0.000000,0.000000,0.000000,9.196054,0.000000,24.466757,0.000000,32.102768,21.991169,0.000000,0.000000,0.000000,0.000000,24.839142,0.000000,0.000000,0.000000,33.364544
516,1,B,0.000000,0.000000,273.963501,0.000000,0.000000,0.000000,0.000000,0.000000,0.000000,58.886551,18.659781,0.000000,0.000000,0.000000,0.000000,0.000000,0.000000,0.000000,0.000000,0.000000,0.000000,215.635147,0.000000,300.030121,0.000000,0.000000,0.000000,328.517792,0.000000,0.000000,0.000000,0.000000,0.000000,0.000000,0.000000,0.000000,0.000000,96.737244,3.705603,0.000000,0.000000,0.000000,0.000000,20.451439,0.000000,0.000000,0.000000,0.000000
517,3,D,0.000000,0.000000,0.000000,0.000000,0.000000,0.000000,0.000000,0.000000,0.000000,12.739883,45.579407,0.000000,0.000000,0.000000,0.000000,0.000000,0.000000,0.000000,0.000000,0.000000,0.000000,134.777328,0.000000,82.844223,0.000000,189.697861,0.000000,281.647003,40.110710,0.000000,0.000000,0.000000,0.000000,0.000000,0.000000,18.342674,0.000000,42.710037,0.000000,0.000000,0.000000,0.000000,47.471043,0.000000,0.000000,0.000000,0.000000,0.000000
518,1,B,0.000000,0.000000,222.372864,0.000000,0.000000,0.000000,0.000000,0.000000,0.000000,118.142288,0.000000,0.000000,0.000000,0.000000,0.000000,0.000000,0.000000,59.625633,0.000000,0.000000,0.000000,118.916695,0.000000,165.802444,0.000000,78.298233,0.000000,196.971970,0.000000,0.000000,0.000000,0.000000,0.000000,0.000000,0.000000,0.000000,0.000000,39.524811,0.000000,0.000000,0.000000,0.000000,0.000000,3.917300,0.000000,0.000000,0.000000,0.000000
519,3,D,0.000000,0.000000,0.000000,0.000000,0.000000,0.000000,0.000000,0.000000,0.000000,0.000000,7.492133,0.000000,0.000000,0.000000,0.000000,0.000000,0.000000,0.000000,0.000000,0.000000,0.000000,134.606567,0.000000,26.648615,0.000000,268.318024,0.000000,268.690613,196.722778,0.000000,0.000000,0.000000,0.000000,0.000000,0.000000,0.000000,0.000000,1.489447,0.000000,0.000000,0.000000,0.000000,78.729126,0.000000,0.000000,0.000000,0.000000,0.000000
520,1,B,0.000000,0.000000,246.167572,0.000000,0.000000,0.000000,0.000000,0.000000,0.000000,24.092672,14.716812,0.000000,0.000000,0.000000,0.000000,0.000000,0.000000,0.000000,0.000000,0.000000,0.000000,174.410538,0.000000,252.627197,0.000000,0.000000,0.000000,293.748260,0.000000,0.000000,4.107255,0.000000,0.000000,0.000000,0.000000,0.000000,0.000000,82.273430,0.000000,0.000000,0.000000,0.000000,0.000000,14.203731,0.000000,0.000000,0.000000,0.000000
521,4,E,0.000000,0.000000,97.430313,0.000000,0.000000,0.000000,0.000000,0.000000,0.000000,229.811600,136.501831,0.000000,0.000000,0.000000,130.467865,0.000000,0.000000,0.000000,0.000000,0.000000,0.000000,62.730808,0.000000,164.180496,0.000000,0.000000,0.000000,173.343979,0.000000,0.000000,44.448395,0.000000,4.398886,42.246006,0.000000,0.000000,0.000000,35.005749,20.495674,0.000000,0.000000,0.000000,0.000000,72.135735,0.000000,0.000000,0.000000,49.250721
522,4,E,0.000000,0.000000,44.369400,0.000000,0.000000,0.000000,0.000000,0.000000,0.000000,161.608383,211.463593,0.000000,0.000000,0.000000,134.941330,0.000000,0.000000,0.000000,0.000000,0.000000,0.000000,105.754593,0.000000,199.344299,0.000000,0.000000,0.000000,73.138992,0.000000,0.000000,0.000000,0.000000,38.009209,60.267193,0.000000,1.882367,0.000000,68.199104,31.635159,0.000000,0.000000,0.000000,0.000000,87.129097,0.000000,0.000000,0.000000,78.004990
523,0,A,0.000000,0.000000,205.414307,0.000000,0.000000,0.000000,0.000000,0.000000,0.000000,137.936096,50.244732,0.000000,0.000000,0.000000,71.588806,0.000000,0.000000,27.053959,0.000000,0.000000,0.000000,61.165787,0.000000,113.705788,0.000000,81.443863,0.000000,126.652496,0.000000,0.000000,99.262497,0.000000,0.000000,19.514980,0.000000,0.000000,0.000000,0.000000,0.000000,0.000000,0.000000,0.000000,0.000000,37.450394,0.000000,0.000000,0.000000,0.000000
524,0,A,0.000000,0.000000,209.069168,0.000000,0.000000,0.000000,0.000000,0.000000,0.000000,97.504578,37.315655,0.000000,0.000000,0.000000,55.413078,0.000000,0.000000,36.813332,0.000000,0.000000,0.000000,82.345551,0.000000,124.361130,0.000000,59.427883,0.000000,145.805847,0.000000,0.000000,77.545532,0.000000,0.000000,9.237713,0.000000,0.000000,0.000000,14.431940,0.000000,0.000000,0.000000,0.000000,0.000000,27.260969,0.000000,0.000000,0.000000,0.000000
525,3,D,0.000000,0.000000,0.000000,0.000000,0.000000,0.000000,0.000000,0.000000,0.000000,0.000000,0.000000,0.000000,0.000000,0.000000,0.000000,0.000000,0.000000,0.000000,0.000000,0.000000,0.000000,105.544449,0.000000,75.548340,0.000000,265.199005,0.000000,327.342255,146.828278,0.000000,0.000000,0.000000,0.000000,0.000000,0.000000,0.000000,0.000000,13.225781,0.000000,0.000000,0.000000,0.000000,81.994446,0.000000,0.000000,0.000000,0.000000,0.000000
526,4,E,0.000000,0.000000,0.000000,0.000000,0.000000,0.000000,0.000000,0.000000,0.000000,98.707512,195.037735,0.000000,0.000000,0.000000,136.971497,0.000000,0.000000,0.000000,0.000000,0.000000,0.000000,153.257950,0.000000,113.684906,0.000000,19.388527,0.000000,135.209122,0.000000,0.000000,0.000000,0.000000,28.144747,54.680889,0.000000,3.844225,0.000000,71.202919,32.378147,0.000000,0.000000,0.000000,0.000000,70.908188,0.000000,0.000000,0.000000,71.624527
527,0,A,0.000000,0.000000,222.415497,0.000000,0.000000,0.000000,0.000000,0.000000,0.000000,64.553757,37.277817,0.000000,0.000000,0.000000,9.532225,0.000000,0.000000,46.853947,0.000000,0.000000,0.000000,81.494705,0.000000,134.248459,0.000000,89.083649,0.000000,165.810837,0.000000,0.000000,117.029694,0.000000,0.000000,8.591308,0.000000,0.000000,0.000000,9.995555,0.000000,0.000000,0.000000,0.000000,0.000000,13.838703,0.000000,0.000000,0.000000,0.000000
528,4,E,0.000000,0.000000,0.000000,0.000000,0.000000,0.000000,0.000000,0.000000,0.000000,98.247581,165.471024,0.000000,0.000000,0.000000,111.727180,0.000000,0.000000,0.000000,0.000000,0.000000,0.000000,151.514923,0.000000,102.027351,0.000000,199.188370,0.000000,134.717056,0.000000,0.000000,74.025566,0.000000,0.000000,47.123447,0.000000,38.487438,0.000000,35.630611,0.000000,0.000000,0.000000,0.000000,0.000000,58.933220,0.000000,0.000000,0.000000,41.300945
529,0,A,0.000000,0.000000,201.135651,0.000000,0.000000,0.000000,0.000000,0.000000,0.000000,65.673485,54.378700,0.000000,0.000000,0.000000,51.876534,0.000000,0.000000,45.549236,0.000000,0.000000,0.000000,76.862198,0.000000,113.236244,0.000000,74.593063,0.000000,136.171646,0.000000,0.000000,117.797531,0.000000,0.000000,20.635191,0.000000,0.000000,0.000000,6.937751,0.000000,0.000000,0.000000,0.000000,0.000000,26.302343,0.000000,0.000000,0.000000,0.000000
530,3,D,0.000000,0.000000,0.000000,0.000000,0.000000,0.000000,0.000000,0.000000,0.000000,0.000000,16.007210,0.000000,0.000000,0.000000,0.000000,0.000000,0.000000,0.000000,0.000000,0.000000,0.000000,205.383850,0.000000,90.643143,0.000000,213.624008,0.000000,304.370331,97.811775,0.000000,0.000000,0.000000,0.000000,0.000000,0.000000,2.891436,0.000000,44.136669,0.000000,0.000000,0.000000,0.000000,67.232658,0.000000,0.000000,0.000000,0.000000,0.000000
531,0,A,0.000000,0.000000,0.000000,0.000000,0.000000,0.000000,0.000000,0.000000,0.000000,196.733307,319.079987,0.000000,0.000000,0.000000,300.096985,0.000000,0.000000,0.000000,0.000000,0.000000,0.000000,0.000000,0.000000,0.000000,0.000000,241.835892,0.000000,0.000000,0.000000,0.000000,18.258051,0.000000,80.545853,98.508957,0.000000,33.573898,0.000000,7.208061,0.000000,0.000000,0.000000,0.000000,0.000000,121.120461,77.935760,0.000000,0.000000,90.643578
532,1,B,0.000000,0.000000,244.325073,0.000000,0.000000,0.000000,0.000000,0.000000,0.000000,26.279158,12.207553,0.000000,0.000000,0.000000,0.000000,0.000000,0.000000,0.000000,0.000000,0.000000,0.000000,170.835068,0.000000,250.466400,0.000000,0.000000,0.000000,291.099548,0.000000,0.000000,5.198556,0.000000,0.000000,0.000000,0.000000,0.000000,0.000000,80.351036,0.000000,0.000000,0.000000,0.000000,0.000000,13.888244,0.000000,0.000000,0.000000,0.000000
533,1,B,0.000000,0.000000,269.433563,0.000000,0.000000,0.000000,0.000000,0.000000,0.000000,0.000000,4.110788,0.000000,0.000000,0.000000,0.000000,0.000000,0.000000,34.729767,0.000000,0.000000,0.000000,217.596466,0.000000,296.931458,0.000000,0.000000,0.000000,358.050568,0.000000,0.000000,0.000000,0.000000,0.000000,0.000000,0.000000,0.000000,0.000000,101.506645,0.000000,0.000000,0.000000,0.000000,0.000000,5.630620,0.000000,0.000000,0.000000,0.000000
534,2,C,0.000000,0.000000,219.343887,0.000000,0.000000,0.000000,0.000000,0.000000,0.000000,347.751709,0.000000,0.000000,0.000000,0.000000,101.227257,0.000000,0.000000,17.290016,0.000000,0.000000,0.000000,1.841052,0.000000,121.074455,0.000000,118.823151,0.000000,109.578476,0.000000,0.000000,0.000000,0.000000,0.000000,0.000000,0.000000,0.000000,0.000000,0.000000,6.415040,0.000000,0.000000,0.000000,0.000000,46.753632,0.000000,0.000000,0.000000,0.000000
535,2,C,0.000000,0.000000,254.652634,0.000000,0.000000,0.000000,0.000000,0.000000,0.000000,194.766220,0.000000,0.000000,0.000000,0.000000,19.302591,0.000000,0.000000,17.412346,0.000000,0.000000,0.000000,49.943779,0.000000,165.135468,0.000000,95.760529,0.000000,174.163345,0.000000,0.000000,50.620689,0.000000,0.000000,0.000000,0.000000,0.000000,0.000000,5.783153,0.000000,0.000000,0.000000,0.000000,0.000000,22.333965,0.000000,0.000000,0.000000,0.000000
536,1,B,0.000000,0.000000,262.440552,0.000000,0.000000,0.000000,0.000000,0.000000,0.000000,0.000000,15.667952,0.000000,0.000000,0.000000,0.000000,0.000000,0.000000,0.000000,0.000000,0.000000,0.000000,228.849365,0.000000,301.537415,0.000000,0.000000,0.000000,340.643219,0.000000,0.000000,0.000000,0.000000,0.000000,0.000000,0.000000,0.000000,0.000000,104.608986,0.000000,0.000000,0.000000,0.000000,0.000000,15.274919,0.000000,0.000000,0.000000,0.000000
537,4,E,0.000000,0.000000,0.000000,0.000000,0.000000,0.000000,0.000000,0.000000,0.000000,125.003922,178.952225,0.000000,0.000000,0.000000,80.958641,0.000000,0.000000,0.000000,0.000000,0.000000,0.000000,55.085171,0.000000,104.036224,0.000000,111.696831,0.000000,95.166199,0.000000,0.000000,87.028763,0.000000,17.017023,57.343246,0.000000,34.320229,0.000000,20.516228,0.000000,0.000000,0.000000,0.000000,0.000000,57.907616,0.000000,0.000000,0.000000,55.594803
538,1,B,0.000000,0.000000,313.330902,0.000000,0.000000,0.000000,0.000000,0.000000,0.000000,105.707771,0.000000,0.000000,0.000000,0.000000,0.000000,0.000000,0.000000,0.000000,0.000000,0.000000,0.000000,179.473160,0.000000,285.358002,0.000000,0.000000,0.000000,287.183807,0.000000,0.000000,0.000000,0.000000,0.000000,0.000000,0.000000,0.000000,0.000000,77.936340,0.530531,0.000000,0.000000,0.000000,0.000000,22.165262,0.000000,0.000000,0.000000,0.000000
539,3,D,0.000000,0.000000,0.000000,0.000000,0.000000,0.000000,0.000000,0.000000,0.000000,0.000000,0.000000,0.000000,0.000000,0.000000,0.000000,0.000000,0.000000,0.000000,0.000000,0.000000,0.000000,127.352493,0.000000,59.804253,0.000000,280.060913,0.000000,326.879517,192.880188,0.000000,0.000000,0.000000,0.000000,0.000000,0.000000,0.000000,0.000000,7.426930,0.000000,0.000000,0.000000,0.000000,87.169640,0.000000,0.000000,0.000000,0.000000,0.000000
540,4,E,0.000000,0.000000,206.070190,0.000000,0.000000,0.000000,0.000000,0.000000,0.000000,264.583252,169.177673,0.000000,0.000000,0.000000,143.248810,0.000000,0.000000,0.000000,0.000000,0.000000,0.000000,54.427170,0.000000,155.576385,0.000000,35.792042,0.000000,92.771454,0.000000,0.000000,144.071518,0.000000,3.016322,75.790390,0.000000,0.000000,0.000000,2.515164,0.000000,0.000000,0.000000,0.000000,0.000000,93.307762,0.000000,0.000000,0.000000,49.702793
541,3,D,0.000000,0.000000,0.000000,0.000000,0.000000,0.000000,0.000000,0.000000,0.000000,0.000000,42.321346,0.000000,0.000000,0.000000,0.000000,0.000000,0.000000,0.000000,0.000000,0.000000,0.000000,147.319794,0.000000,101.293259,0.000000,193.869522,0.000000,303.787750,64.688728,0.000000,0.000000,0.000000,0.000000,0.000000,0.000000,12.417996,0.000000,45.800098,0.000000,0.000000,0.000000,0.000000,53.713848,0.000000,0.000000,0.000000,0.000000,0.000000
542,3,D,0.000000,0.000000,0.000000,0.000000,0.000000,0.000000,0.000000,0.000000,0.000000,0.000000,0.000000,0.000000,0.000000,0.000000,0.000000,0.000000,0.000000,0.000000,0.000000,0.000000,0.000000,122.433403,0.000000,78.998436,0.000000,267.998993,0.000000,328.407562,164.946228,0.000000,0.000000,0.000000,0.000000,0.000000,0.000000,0.000000,0.000000,13.995214,0.000000,0.000000,0.000000,0.000000,83.985779,0.000000,0.000000,0.000000,0.000000,0.000000
543,2,C,0.000000,0.000000,217.083069,0.000000,0.000000,0.000000,0.000000,0.000000,0.000000,337.372101,0.000000,0.000000,0.000000,0.000000,66.676651,0.000000,0.000000,0.000000,0.000000,0.000000,0.000000,21.662174,0.000000,133.046188,0.000000,104.553360,0.000000,143.603531,0.000000,0.000000,0.000000,0.000000,0.000000,0.000000,0.000000,0.000000,0.000000,0.000000,14.184436,0.000000,0.000000,0.000000,0.000000,41.196850,0.000000,0.000000,0.000000,0.000000
544,2,C,0.000000,0.000000,252.923508,0.000000,0.000000,0.000000,0.000000,0.000000,0.000000,326.239532,0.000000,0.000000,0.000000,0.000000,90.916023,0.000000,0.000000,0.000000,0.000000,0.000000,0.000000,39.990780,0.000000,143.872040,0.000000,85.050491,0.000000,131.732513,0.000000,0.000000,0.000000,0.000000,0.000000,0.000000,0.000000,0.000000,0.000000,0.000000,10.378405,0.000000,0.000000,0.000000,0.000000,49.318661,0.000000,0.000000,0.000000,0.000000
545,4,E,0.000000,0.000000,0.000000,0.000000,0.000000,0.000000,0.000000,0.000000,0.000000,0.000000,222.271088,0.000000,0.000000,0.000000,0.000000,0.000000,0.000000,0.000000,0.000000,0.000000,0.000000,229.472427,0.000000,154.257614,0.000000,136.903305,0.000000,258.574982,14.372902,0.000000,26.282204,0.000000,0.000000,43.651478,0.000000,36.055767,0.000000,99.051498,0.000000,0.000000,0.000000,0.000000,0.000000,33.878380,0.000000,0.000000,0.000000,61.627731
546,2,C,0.000000,0.000000,245.853409,0.000000,0.000000,0.000000,0.000000,0.000000,0.000000,241.703140,0.000000,0.000000,0.000000,0.000000,50.636810,0.000000,0.000000,1.895190,0.000000,0.000000,0.000000,52.272625,0.000000,153.137985,0.000000,86.432312,0.000000,148.412445,0.000000,0.000000,0.000000,0.000000,0.000000,0.000000,0.000000,0.000000,0.000000,9.911193,0.000000,0.000000,0.000000,0.000000,0.000000,33.824326,0.000000,0.000000,0.000000,0.000000
547,3,D,0.000000,0.000000,0.000000,0.000000,0.000000,0.000000,0.000000,0.000000,0.000000,23.108370,49.495983,0.000000,0.000000,0.000000,0.000000,0.000000,0.000000,0.000000,0.000000,0.000000,0.000000,130.125961,0.000000,91.000267,0.000000,177.501816,0.000000,275.861725,34.801022,0.000000,0.000000,0.000000,0.000000,0.000000,0.000000,19.316296,0.000000,43.985100,0.000000,0.000000,0.000000,0.000000,42.684258,0.000000,0.000000,0.000000,0.000000,0.000000
548,2,C,0.000000,0.000000,234.346298,0.000000,0.000000,0.000000,0.000000,0.000000,0.000000,292.975037,0.000000,0.000000,0.000000,0.000000,73.359612,0.000000,0.000000,0.000000,0.000000,0.000000,0.000000,30.745157,0.000000,135.281265,0.000000,80.660973,0.000000,140.509125,0.000000,0.000000,0.000000,0.000000,0.000000,0.000000,0.000000,0.000000,0.000000,0.000000,8.862341,0.000000,0.000000,0.000000,0.000000,41.161697,0.000000,0.000000,0.000000,0.000000
549,3,D,0.000000,0.000000,0.000000,0.000000,0.000000,0.000000,0.000000,0.000000,0.000000,0.000000,0.000000,0.000000,0.000000,0.000000,0.000000,0.000000,0.000000,0.000000,0.000000,0.000000,0.000000,167.534805,0.000000,71.077469,0.000000,266.087830,0.000000,311.983917,161.757751,0.000000,0.000000,0.000000,0.000000,0.000000,0.000000,0.000000,0.000000,20.153908,0.000000,0.000000,0.000000,0.000000,83.324875,0.000000,0.000000,0.000000,0.000000,0.000000
550,0,A,0.000000,0.000000,214.660202,0.000000,0.000000,0.000000,0.000000,0.000000,0.000000,129.961151,44.270157,0.000000,0.000000,0.000000,68.289940,0.000000,0.000000,25.738941,0.000000,0.000000,0.000000,69.243690,0.000000,132.248367,0.000000,47.192940,0.000000,130.954422,0.000000,0.000000,84.510887,0.000000,0.000000,17.249084,0.000000,0.000000,0.000000,9.462779,0.000000,0.000000,0.000000,0.000000,0.000000,37.231510,0.000000,0.000000,0.000000,0.000000
551,3,D,0.000000,0.000000,0.000000,0.000000,0.000000,0.000000,0.000000,0.000000,0.000000,0.000000,0.000000,0.000000,0.000000,0.000000,0.000000,0.000000,0.000000,0.000000,0.000000,0.000000,0.000000,130.613266,0.000000,57.756660,0.000000,288.256195,0.000000,329.502747,189.623535,0.000000,0.000000,0.000000,0.000000,0.000000,0.000000,0.000000,0.000000,7.772891,0.000000,0.000000,0.000000,0.000000,88.703140,0.000000,0.000000,0.000000,0.000000,0.000000
552,0,A,0.000000,0.000000,244.830261,0.000000,0.000000,0.000000,0.000000,0.000000,0.000000,92.800407,47.154400,0.000000,0.000000,0.000000,68.139793,0.000000,0.000000,30.216642,0.000000,0.000000,0.000000,68.239143,0.000000,123.978645,0.000000,63.768635,0.000000,148.531845,0.000000,0.000000,101.689758,0.000000,0.000000,20.974976,0.000000,0.000000,0.000000,7.619657,0.000000,0.000000,0.000000,0.000000,0.000000,33.267094,0.000000,0.000000,0.000000,0.000000
553,4,E,0.000000,0.000000,0.000000,0.000000,0.000000,0.000000,0.000000,0.000000,0.000000,106.651894,154.223587,0.000000,0.000000,0.000000,62.295197,0.000000,0.000000,0.000000,0.000000,0.000000,0.000000,240.366257,0.000000,133.132431,0.000000,48.795528,0.000000,214.392746,0.000000,0.000000,0.000000,0.000000,0.000000,28.561481,0.000000,12.391995,0.000000,87.340157,40.183643,0.000000,0.000000,0.000000,0.000000,48.190994,0.000000,0.000000,0.000000,53.446560
554,2,C,0.000000,0.000000,229.976059,0.000000,0.000000,0.000000,0.000000,0.000000,0.000000,128.546310,8.606074,0.000000,0.000000,0.000000,47.171616,0.000000,0.000000,52.030392,0.000000,0.000000,0.000000,69.918350,0.000000,135.258621,0.000000,38.556416,0.000000,145.654892,0.000000,0.000000,47.563347,0.000000,0.000000,0.000000,0.000000,0.000000,0.000000,14.587681,0.000000,0.000000,0.000000,0.000000,0.000000,20.532953,0.000000,0.000000,0.000000,0.000000
555,1,B,0.000000,0.000000,244.499130,0.000000,0.000000,0.000000,0.000000,0.000000,0.000000,0.000000,13.970015,0.000000,0.000000,0.000000,0.000000,0.000000,0.000000,0.000000,0.000000,0.000000,0.000000,210.293808,0.000000,280.021729,0.000000,0.000000,0.000000,330.526306,0.000000,0.000000,0.000000,0.000000,0.000000,0.000000,0.000000,0.000000,0.000000,97.704941,0.000000,0.000000,0.000000,0.000000,0.000000,13.032974,0.000000,0.000000,0.000000,0.000000
556,4,E,0.000000,0.000000,0.000000,0.000000,0.000000,0.000000,0.000000,0.000000,0.000000,180.481262,220.158188,0.000000,0.000000,0.000000,120.398743,0.000000,0.000000,0.000000,0.000000,0.000000,0.000000,0.000000,0.000000,39.618435,0.000000,123.875450,0.000000,179.465775,0.000000,0.000000,0.000000,0.000000,26.163101,48.025322,0.000000,24.169571,0.000000,28.258669,22.561386,8.952788,0.000000,0.000000,0.000000,58.891159,0.000000,0.000000,0.000000,65.827759
557,0,A,0.000000,0.000000,0.000000,0.000000,0.000000,0.000000,0.000000,0.000000,0.000000,0.000000,153.294891,0.000000,0.000000,0.000000,83.647072,0.000000,0.000000,0.000000,0.000000,0.000000,0.000000,80.855461,0.000000,0.000000,0.000000,309.315338,0.000000,151.142746,340.471954,0.000000,58.464840,0.000000,0.000000,48.530628,0.000000,0.000000,0.000000,0.000000,0.000000,0.000000,0.000000,0.000000,15.610366,36.198448,54.602013,0.000000,0.000000,4.551912
558,1,B,0.000000,0.000000,271.848450,0.000000,0.000000,0.000000,0.000000,0.000000,0.000000,97.719231,60.744831,0.000000,0.000000,0.000000,0.000000,0.000000,0.000000,0.000000,0.000000,0.000000,0.000000,163.593384,0.000000,246.464996,0.000000,0.000000,0.000000,253.475143,0.000000,0.000000,9.188981,0.000000,0.000000,4.315451,0.000000,0.000000,0.000000,76.738937,0.427660,0.000000,0.000000,0.000000,0.000000,29.116676,0.000000,0.000000,0.000000,2.377802
559,3,D,0.000000,0.000000,0.000000,0.000000,0.000000,0.000000,0.000000,0.000000,0.000000,0.000000,0.000000,0.000000,0.000000,0.000000,0.000000,0.000000,0.000000,0.000000,0.000000,0.000000,0.000000,122.916412,0.000000,54.729172,0.000000,282.162598,0.000000,324.496582,196.274353,0.000000,0.000000,0.000000,0.000000,0.000000,0.000000,0.000000,0.000000,5.174935,0.000000,0.000000,0.000000,0.000000,87.334183,0.000000,0.000000,0.000000,0.000000,0.000000
560,0,A,0.000000,0.000000,197.193130,0.000000,0.000000,0.000000,0.000000,0.000000,0.000000,105.354080,47.065990,0.000000,0.000000,0.000000,61.883095,0.000000,0.000000,42.776615,0.000000,0.000000,0.000000,79.334038,0.000000,122.775017,0.000000,60.637814,0.000000,131.847000,0.000000,0.000000,85.541557,0.000000,0.000000,12.629629,0.000000,0.000000,0.000000,11.792487,0.000000,0.000000,0.000000,0.000000,0.000000,30.529974,0.000000,0.000000,0.000000,0.000000
561,4,E,0.000000,0.000000,0.000000,0.000000,0.000000,0.000000,0.000000,0.000000,0.000000,29.194042,165.634430,0.000000,0.000000,0.000000,243.858856,0.000000,0.000000,0.000000,0.000000,0.000000,0.000000,178.383926,0.000000,71.394737,0.000000,222.364578,0.000000,146.541321,0.000000,0.000000,66.525269,0.000000,0.000000,61.371387,0.000000,17.838614,0.000000,39.159702,0.000000,0.000000,0.000000,0.000000,0.000000,79.770699,17.470840,0.000000,0.000000,40.239906
562,0,A,0.000000,0.000000,0.000000,0.000000,0.000000,0.000000,0.000000,0.000000,0.000000,257.674988,224.778366,0.000000,0.000000,0.000000,274.262573,0.000000,0.000000,0.000000,0.000000,0.000000,0.000000,0.000000,0.000000,0.000000,0.000000,211.956146,0.000000,0.000000,0.000000,0.000000,0.000000,0.000000,70.383751,64.743851,0.000000,25.391670,0.000000,0.000000,2.908236,0.000000,0.000000,0.000000,0.000000,106.001778,59.834187,0.000000,0.000000,62.960217
563,2,C,0.000000,0.000000,254.991302,0.000000,0.000000,0.000000,0.000000,0.000000,0.000000,334.480835,0.000000,0.000000,0.000000,0.000000,61.642834,0.000000,0.000000,0.000000,0.000000,0.000000,0.000000,23.454201,0.000000,134.016190,0.000000,112.136475,0.000000,137.251572,0.000000,0.000000,0.000000,0.000000,0.000000,0.000000,0.000000,0.000000,0.000000,0.000000,6.799404,0.000000,0.000000,0.000000,0.000000,41.012276,0.000000,0.000000,0.000000,0.000000
564,1,B,0.000000,0.000000,279.362762,0.000000,0.000000,0.000000,0.000000,0.000000,0.000000,107.589912,14.614657,0.000000,0.000000,0.000000,0.000000,0.000000,0.000000,0.000000,0.000000,0.000000,0.000000,175.037399,0.000000,265.789886,0.000000,0.000000,0.000000,284.035431,0.000000,0.000000,0.000000,0.000000,0.000000,0.000000,0.000000,0.000000,0.000000,77.049171,5.917833,0.000000,0.000000,0.000000,0.000000,22.444439,0.000000,0.000000,0.000000,0.000000
565,3,D,0.000000,0.000000,0.000000,0.000000,0.000000,0.000000,0.000000,0.000000,0.000000,0.000000,0.000000,0.000000,0.000000,0.000000,0.000000,0.000000,0.000000,0.000000,0.000000,0.000000,0.000000,125.835007,0.000000,49.915283,0.000000,294.817261,0.000000,327.535675,200.352097,0.000000,0.000000,0.000000,0.000000,0.000000,0.000000,0.000000,0.000000,3.782109,0.000000,0.000000,0.000000,0.000000,90.001228,0.000000,0.000000,0.000000,0.000000,0.000000
566,3,D,0.000000,0.000000,0.000000,0.000000,0.000000,0.000000,0.000000,0.000000,0.000000,0.000000,0.000000,0.000000,0.000000,0.000000,0.000000,0.000000,0.000000,0.000000,0.000000,0.000000,0.000000,119.218719,0.000000,77.177948,0.000000,175.109207,0.000000,299.440491,66.659065,0.000000,0.000000,0.000000,0.000000,0.000000,0.000000,3.958262,0.000000,31.407301,0.000000,0.000000,0.000000,0.000000,60.167019,0.000000,0.000000,0.000000,0.000000,0.000000
567,1,B,0.000000,0.000000,268.059174,0.000000,0.000000,0.000000,0.000000,0.000000,0.000000,67.021896,28.149681,0.000000,0.000000,0.000000,0.000000,0.000000,0.000000,0.000000,0.000000,0.000000,0.000000,226.240952,0.000000,293.209320,0.000000,0.000000,0.000000,333.422363,0.000000,0.000000,0.000000,0.000000,0.000000,0.000000,0.000000,0.000000,0.000000,99.035355,7.390276,0.000000,0.000000,0.000000,0.000000,22.002209,0.000000,0.000000,0.000000,0.000000
568,4,E,0.000000,0.000000,0.000000,0.000000,0.000000,0.000000,0.000000,0.000000,0.000000,131.951828,257.630493,0.000000,0.000000,0.000000,66.844437,0.000000,0.000000,0.000000,0.000000,0.000000,0.000000,57.753361,0.000000,19.212729,0.000000,33.850086,0.000000,176.886475,0.000000,0.000000,0.000000,0.000000,36.128986,61.377907,0.000000,14.508027,0.000000,53.603188,37.895794,31.366932,0.000000,0.000000,0.000000,53.117088,0.000000,0.000000,0.000000,86.672668
569,2,C,0.000000,0.000000,253.949448,0.000000,0.000000,0.000000,0.000000,0.000000,0.000000,321.667023,0.000000,0.000000,0.000000,0.000000,87.993866,0.000000,0.000000,0.000000,0.000000,0.000000,0.000000,43.164005,0.000000,144.749847,0.000000,85.009560,0.000000,132.818970,0.000000,0.000000,0.000000,0.000000,0.000000,0.000000,0.000000,0.000000,0.000000,0.000000,9.824717,0.000000,0.000000,0.000000,0.000000,48.495155,0.000000,0.000000,0.000000,0.000000
570,2,C,0.000000,0.000000,225.897034,0.000000,0.000000,0.000000,0.000000,0.000000,0.000000,247.846115,0.000000,0.000000,0.000000,0.000000,66.667618,0.000000,0.000000,0.291685,0.000000,0.000000,0.000000,32.776127,0.000000,149.415176,0.000000,102.277214,0.000000,138.938995,0.000000,0.000000,6.248861,0.000000,0.000000,0.000000,0.000000,0.000000,0.000000,2.094766,0.000000,0.000000,0.000000,0.000000,0.000000,37.042976,0.000000,0.000000,0.000000,0.000000
571,0,A,0.000000,0.000000,0.000000,0.000000,0.000000,0.000000,0.000000,0.000000,0.000000,0.000000,215.915634,0.000000,0.000000,0.000000,213.156281,0.000000,0.000000,0.000000,0.000000,0.000000,0.000000,0.000000,0.000000,0.000000,0.000000,335.797943,0.000000,26.826870,60.951485,0.000000,5.153857,0.000000,4.795703,61.734165,0.000000,29.627134,0.000000,0.000000,0.000000,0.000000,0.000000,0.000000,0.000000,68.584473,99.310265,0.000000,0.000000,35.275311
572,4,E,0.000000,0.000000,0.000000,0.000000,0.000000,0.000000,0.000000,0.000000,0.000000,0.000000,203.352493,0.000000,0.000000,0.000000,314.345947,0.000000,0.000000,0.000000,0.000000,0.000000,0.000000,70.738197,0.000000,164.574249,0.000000,0.000000,0.000000,47.303215,137.063644,0.000000,111.301704,0.000000,17.388226,115.482040,0.000000,0.000000,0.000000,19.437056,0.000000,0.000000,0.000000,0.000000,0.000000,118.871635,0.000000,32.098377,0.000000,77.582390
573,2,C,0.000000,0.000000,237.662231,0.000000,0.000000,0.000000,0.000000,0.000000,0.000000,346.408386,0.000000,0.000000,0.000000,0.000000,78.909767,0.000000,0.000000,0.000000,0.000000,0.000000,0.000000,22.950436,0.000000,134.350128,0.000000,104.794846,0.000000,135.042328,0.000000,0.000000,0.000000,0.000000,0.000000,0.000000,0.000000,0.000000,0.000000,0.000000,11.893633,0.000000,0.000000,0.000000,0.000000,45.672516,0.000000,0.000000,0.000000,0.000000
574,3,D,0.000000,0.000000,0.000000,0.000000,0.000000,0.000000,0.000000,0.000000,0.000000,0.000000,70.024727,0.000000,0.000000,0.000000,0.000000,0.000000,0.000000,0.000000,0.000000,0.000000,0.000000,165.249924,0.000000,0.000000,0.000000,203.688934,0.000000,266.130493,134.865265,0.000000,15.970527,0.000000,0.000000,0.917688,0.000000,0.000000,0.000000,23.220047,0.000000,0.000000,0.000000,0.000000,45.413494,0.000000,0.000000,0.000000,0.000000,0.000000
575,2,C,0.000000,0.000000,263.036835,0.000000,0.000000,0.000000,0.000000,0.000000,0.000000,296.653503,0.000000,0.000000,0.000000,0.000000,62.140175,0.000000,0.000000,0.000000,0.000000,0.000000,0.000000,56.099689,0.000000,163.334183,0.000000,90.103622,0.000000,154.725616,0.000000,0.000000,18.451220,0.000000,0.000000,0.000000,0.000000,0.000000,0.000000,3.018527,0.000000,0.000000,0.000000,0.000000,0.000000,42.376415,0.000000,0.000000,0.000000,0.000000
576,0,A,0.000000,0.000000,223.923157,0.000000,0.000000,0.000000,0.000000,0.000000,0.000000,129.843140,40.494598,0.000000,0.000000,0.000000,61.069035,0.000000,0.000000,52.207718,0.000000,0.000000,0.000000,81.692741,0.000000,128.199005,0.000000,33.589298,0.000000,132.341751,0.000000,0.000000,56.813416,0.000000,0.000000,3.029634,0.000000,0.000000,0.000000,17.920628,0.000000,0.000000,0.000000,0.000000,0.000000,29.802881,0.000000,0.000000,0.000000,0.000000
577,1,B,0.000000,0.000000,283.298889,0.000000,0.000000,0.000000,0.000000,0.000000,0.000000,94.282249,11.731237,0.000000,0.000000,0.000000,0.000000,0.000000,0.000000,0.000000,0.000000,0.000000,0.000000,203.823746,0.000000,289.043274,0.000000,0.000000,0.000000,315.517609,0.000000,0.000000,0.000000,0.000000,0.000000,0.000000,0.000000,0.000000,0.000000,88.074638,6.697560,0.000000,0.000000,0.000000,0.000000,21.842577,0.000000,0.000000,0.000000,0.000000
578,3,D,0.000000,0.000000,0.000000,0.000000,0.000000,0.000000,0.000000,0.000000,0.000000,0.000000,0.000000,0.000000,0.000000,0.000000,0.000000,0.000000,0.000000,0.000000,0.000000,0.000000,0.000000,128.224930,0.000000,54.600826,0.000000,287.525543,0.000000,323.388489,194.927719,0.000000,0.000000,0.000000,0.000000,0.000000,0.000000,0.000000,0.000000,5.796950,0.000000,0.000000,0.000000,0.000000,88.290764,0.000000,0.000000,0.000000,0.000000,0.000000
579,3,D,0.000000,0.000000,0.000000,0.000000,0.000000,0.000000,0.000000,0.000000,0.000000,0.000000,0.000000,0.000000,0.000000,0.000000,0.000000,0.000000,0.000000,0.000000,0.000000,0.000000,0.000000,132.048981,0.000000,60.481064,0.000000,314.096802,0.000000,319.210266,53.269356,0.000000,0.000000,0.000000,0.000000,0.000000,0.000000,28.841593,0.000000,24.636158,0.000000,0.000000,0.000000,0.000000,85.908669,0.000000,0.000000,0.000000,0.000000,0.000000
580,1,B,0.000000,0.000000,272.692841,0.000000,0.000000,0.000000,0.000000,0.000000,0.000000,60.609974,3.249446,0.000000,0.000000,0.000000,0.000000,0.000000,0.000000,0.000000,0.000000,0.000000,0.000000,196.089478,0.000000,279.213959,0.000000,0.000000,0.000000,316.289825,0.000000,0.000000,0.000000,0.000000,0.000000,0.000000,0.000000,0.000000,0.000000,86.950592,1.969332,0.000000,0.000000,0.000000,0.000000,16.794102,0.000000,0.000000,0.000000,0.000000
581,4,E,0.000000,0.000000,0.000000,0.000000,0.000000,0.000000,0.000000,0.000000,0.000000,55.509815,215.559509,0.000000,0.000000,0.000000,85.251495,0.000000,0.000000,0.000000,0.000000,0.000000,0.000000,64.003357,0.000000,128.257568,0.000000,0.000000,0.000000,194.357193,0.000000,0.000000,82.137581,0.000000,11.972503,73.322365,0.000000,12.473820,0.000000,53.560455,0.000000,0.000000,0.000000,0.000000,0.000000,57.183716,0.000000,1.167324,0.000000,79.693794
582,1,B,0.000000,0.000000,278.463806,0.000000,0.000000,0.000000,0.000000,0.000000,0.000000,5.927523,13.894135,0.000000,0.000000,0.000000,0.000000,0.000000,0.000000,0.000000,0.000000,0.000000,0.000000,219.258835,0.000000,289.546051,0.000000,0.000000,0.000000,342.796997,0.000000,0.000000,0.000000,0.000000,0.000000,0.000000,0.000000,0.000000,0.000000,100.502869,0.000000,0.000000,0.000000,0.000000,0.000000,14.346807,0.000000,0.000000,0.000000,0.000000
583,1,B,0.000000,0.000000,168.485306,0.000000,0.000000,0.000000,0.000000,0.000000,0.000000,70.911865,54.338428,0.000000,0.000000,0.000000,72.414429,0.000000,0.000000,32.053787,0.000000,0.000000,0.000000,86.964516,0.000000,108.777367,0.000000,89.008850,0.000000,132.713608,0.000000,0.000000,100.126503,0.000000,0.000000,21.165169,0.000000,0.000000,0.000000,10.084180,0.000000,0.000000,0.000000,0.000000,0.000000,31.901707,0.000000,0.000000,0.000000,0.000000
584,0,A,0.000000,0.000000,187.527206,0.000000,0.000000,0.000000,0.000000,0.000000,0.000000,111.053436,63.369736,0.000000,0.000000,0.000000,72.487747,0.000000,0.000000,43.508400,0.000000,0.000000,0.000000,68.039436,0.000000,104.600952,0.000000,89.071915,0.000000,116.795815,0.000000,0.000000,111.851181,0.000000,0.000000,22.209360,0.000000,0.000000,0.000000,0.470205,0.000000,0.000000,0.000000,0.000000,0.000000,35.186611,0.000000,0.000000,0.000000,0.000000
585,2,C,0.000000,0.000000,274.231079,0.000000,0.000000,0.000000,0.000000,0.000000,0.000000,252.198288,0.000000,0.000000,0.000000,0.000000,54.596523,0.000000,0.000000,0.000000,0.000000,0.000000,0.000000,28.351025,0.000000,154.618423,0.000000,83.084579,0.000000,146.127167,0.000000,0.000000,17.212957,0.000000,0.000000,0.000000,0.000000,0.000000,0.000000,0.843352,0.000000,0.000000,0.000000,0.000000,0.000000,36.526829,0.000000,0.000000,0.000000,0.000000
586,1,B,0.000000,0.000000,193.689835,0.000000,0.000000,0.000000,0.000000,0.000000,0.000000,85.755768,0.000000,0.000000,0.000000,0.000000,6.193254,0.000000,0.000000,102.983871,0.000000,0.000000,0.000000,109.386505,0.000000,142.255005,0.000000,90.461494,0.000000,166.681885,0.000000,0.000000,24.008198,0.000000,0.000000,0.000000,0.000000,0.000000,0.000000,29.354307,0.000000,0.000000,0.000000,0.000000,3.817405,0.000000,0.000000,0.000000,0.000000,0.000000
587,2,C,0.000000,0.000000,232.968628,0.000000,0.000000,0.000000,0.000000,0.000000,0.000000,147.845551,0.000000,0.000000,0.000000,0.000000,35.961124,0.000000,0.000000,78.983017,0.000000,0.000000,0.000000,69.717796,0.000000,144.444489,0.000000,36.462025,0.000000,151.888474,0.000000,0.000000,15.686646,0.000000,0.000000,0.000000,0.000000,0.000000,0.000000,20.865408,0.000000,0.000000,0.000000,0.000000,0.000000,12.220537,0.000000,0.000000,0.000000,0.000000
588,0,A,0.000000,0.000000,178.472305,0.000000,0.000000,0.000000,0.000000,0.000000,0.000000,50.355476,37.410866,0.000000,0.000000,0.000000,44.435444,0.000000,0.000000,25.652794,0.000000,0.000000,0.000000,87.921570,0.000000,123.505119,0.000000,92.319672,0.000000,151.303085,0.000000,0.000000,112.178741,0.000000,0.000000,17.766651,0.000000,0.000000,0.000000,10.144571,0.000000,0.000000,0.000000,0.000000,0.000000,23.416698,0.000000,0.000000,0.000000,0.000000
589,2,C,0.000000,0.000000,167.841797,0.000000,0.000000,0.000000,0.000000,0.000000,0.000000,388.464294,1.202909,0.000000,0.000000,0.000000,154.148544,0.000000,0.000000,0.000000,0.000000,0.000000,0.000000,9.588467,0.000000,94.040703,0.000000,169.696777,0.000000,97.811798,0.000000,0.000000,1.225366,0.000000,0.000000,0.000000,0.000000,0.000000,0.000000,0.000000,11.292410,0.000000,0.000000,0.000000,0.000000,61.347240,0.000000,0.000000,0.000000,0.000000
590,4,E,0.000000,0.000000,0.000000,0.000000,0.000000,0.000000,0.000000,0.000000,0.000000,0.000000,256.328522,0.000000,0.000000,0.000000,22.494705,0.000000,0.000000,0.000000,0.000000,0.000000,0.000000,168.192932,0.000000,69.807159,0.000000,132.388474,0.000000,251.969666,245.542892,0.000000,0.000000,0.000000,0.000000,60.885979,0.000000,0.000000,0.000000,55.771103,0.000000,0.000000,0.000000,0.000000,0.000000,39.677135,0.000000,0.000000,0.000000,62.184353
591,1,B,0.000000,0.000000,253.243530,0.000000,0.000000,0.000000,0.000000,0.000000,0.000000,139.928177,16.818192,0.000000,0.000000,0.000000,47.928852,0.000000,0.000000,37.762524,0.000000,0.000000,0.000000,83.015892,0.000000,135.511017,0.000000,30.046953,0.000000,144.929062,0.000000,0.000000,49.372322,0.000000,0.000000,0.000000,0.000000,0.000000,0.000000,17.094105,0.000000,0.000000,0.000000,0.000000,0.000000,26.689739,0.000000,0.000000,0.000000,0.000000
592,2,C,0.000000,0.000000,202.993774,0.000000,0.000000,0.000000,0.000000,0.000000,0.000000,192.037872,0.000000,0.000000,0.000000,0.000000,58.786919,0.000000,0.000000,30.785265,0.000000,0.000000,0.000000,42.558216,0.000000,135.242157,0.000000,122.087082,0.000000,141.482529,0.000000,0.000000,36.117634,0.000000,0.000000,0.000000,0.000000,0.000000,0.000000,0.000000,0.000000,0.000000,0.000000,0.000000,0.000000,25.725225,0.000000,0.000000,0.000000,0.000000
593,4,E,0.000000,0.000000,0.000000,0.000000,0.000000,0.000000,0.000000,0.000000,0.000000,100.149956,166.266891,0.000000,0.000000,0.000000,100.666359,0.000000,0.000000,0.000000,0.000000,0.000000,0.000000,109.877388,0.000000,137.627563,0.000000,66.759491,0.000000,157.879150,34.144363,0.000000,0.000000,0.000000,2.476027,39.572559,0.000000,8.091325,0.000000,56.433601,15.868408,0.000000,0.000000,0.000000,0.000000,56.437271,0.000000,0.000000,0.000000,53.939491
594,1,B,0.000000,0.000000,253.437057,0.000000,0.000000,0.000000,0.000000,0.000000,0.000000,94.910667,67.289162,0.000000,0.000000,0.000000,0.000000,0.000000,0.000000,0.000000,0.000000,0.000000,0.000000,150.902191,0.000000,222.033768,0.000000,0.000000,0.000000,238.526642,0.000000,0.000000,31.171227,0.000000,0.000000,11.622622,0.000000,0.000000,0.000000,66.843689,0.000000,0.000000,0.000000,0.000000,0.000000,29.426113,0.000000,0.000000,0.000000,6.287021
595,1,B,0.000000,0.000000,275.570312,0.000000,0.000000,0.000000,0.000000,0.000000,0.000000,55.987423,36.394768,0.000000,0.000000,0.000000,0.000000,0.000000,0.000000,0.000000,0.000000,0.000000,0.000000,205.805695,0.000000,290.466370,0.000000,0.000000,0.000000,315.146027,0.000000,0.000000,0.000000,0.000000,0.000000,0.000000,0.000000,0.000000,0.000000,95.914734,2.131780,0.000000,0.000000,0.000000,0.000000,22.704245,0.000000,0.000000,0.000000,0.000000
596,4,E,0.000000,0.000000,0.000000,0.000000,0.000000,0.000000,0.000000,0.000000,0.000000,80.692192,287.428802,0.000000,0.000000,0.000000,134.717239,0.000000,0.000000,0.000000,0.000000,0.000000,0.000000,114.840340,0.000000,156.088684,0.000000,0.000000,0.000000,135.847855,0.000000,0.000000,0.000000,0.000000,44.205257,81.980659,0.000000,12.313837,0.000000,88.530411,32.454079,4.414031,0.000000,0.000000,0.000000,84.433578,0.000000,0.000000,0.000000,104.633354
597,1,B,0.000000,0.000000,242.920898,0.000000,0.000000,0.000000,0.000000,0.000000,0.000000,22.614035,11.038532,0.000000,0.000000,0.000000,0.000000,0.000000,0.000000,0.000000,0.000000,0.000000,0.000000,172.505249,0.000000,250.293533,0.000000,0.000000,0.000000,289.938477,0.000000,0.000000,4.837783,0.000000,0.000000,0.000000,0.000000,0.000000,0.000000,80.735786,0.000000,0.000000,0.000000,0.000000,0.000000,13.542114,0.000000,0.000000,0.000000,0.000000
598,2,C,0.000000,0.000000,242.103256,0.000000,0.000000,0.000000,0.000000,0.000000,0.000000,203.455353,0.000000,0.000000,0.000000,0.000000,40.805286,0.000000,0.000000,24.104536,0.000000,0.000000,0.000000,81.462120,0.000000,161.020462,0.000000,42.952484,0.000000,155.265091,0.000000,0.000000,10.664474,0.000000,0.000000,0.000000,0.000000,0.000000,0.000000,20.923424,0.000000,0.000000,0.000000,0.000000,0.000000,28.113056,0.000000,0.000000,0.000000,0.000000
599,4,E,0.000000,0.000000,0.000000,0.000000,0.000000,0.000000,0.000000,0.000000,0.000000,136.181946,246.439087,0.000000,0.000000,0.000000,130.080338,0.000000,0.000000,0.000000,0.000000,0.000000,0.000000,2.353277,0.000000,58.603115,0.000000,105.398285,0.000000,77.980705,50.881187,0.000000,17.786768,0.000000,35.268543,70.036316,0.000000,14.127565,0.000000,21.707113,0.000000,0.000000,0.000000,0.000000,0.000000,72.733719,0.824850,0.000000,0.000000,75.323036
600,0,A,0.000000,0.000000,228.621231,0.000000,0.000000,0.000000,0.000000,0.000000,0.000000,126.544250,49.350899,0.000000,0.000000,0.000000,61.963379,0.000000,0.000000,36.746513,0.000000,0.000000,0.000000,73.509529,0.000000,120.235321,0.000000,53.464222,0.000000,133.054031,0.000000,0.000000,87.064186,0.000000,0.000000,15.410596,0.000000,0.000000,0.000000,8.906201,0.000000,0.000000,0.000000,0.000000,0.000000,33.881195,0.000000,0.000000,0.000000,0.000000
601,1,B,0.000000,0.000000,269.388611,0.000000,0.000000,0.000000,0.000000,0.000000,0.000000,0.000000,4.404728,0.000000,0.000000,0.000000,0.000000,0.000000,0.000000,0.000000,0.000000,0.000000,0.000000,225.236359,0.000000,303.840454,0.000000,0.000000,0.000000,353.549255,0.000000,0.000000,0.000000,0.000000,0.000000,0.000000,0.000000,0.000000,0.000000,103.282661,0.000000,0.000000,0.000000,0.000000,0.000000,12.846416,0.000000,0.000000,0.000000,0.000000
602,0,A,0.000000,0.000000,70.435562,0.000000,0.000000,0.000000,0.000000,0.000000,0.000000,0.000000,0.000000,0.000000,0.000000,0.000000,16.277674,0.000000,0.000000,53.131931,0.000000,0.000000,0.000000,89.546997,0.000000,99.684875,0.000000,261.783844,0.000000,207.069977,98.882805,0.000000,101.891785,0.000000,0.000000,0.000000,0.000000,0.000000,0.000000,0.000000,0.000000,0.000000,0.000000,0.000000,52.825161,0.000000,0.000000,0.000000,0.000000,0.000000
603,3,D,0.000000,0.000000,0.000000,0.000000,0.000000,0.000000,0.000000,0.000000,0.000000,0.000000,0.000000,0.000000,0.000000,0.000000,0.000000,0.000000,0.000000,0.000000,0.000000,0.000000,0.000000,124.153870,0.000000,48.610535,0.000000,294.359375,0.000000,326.915588,210.324509,0.000000,0.000000,0.000000,0.000000,0.000000,0.000000,0.000000,0.000000,1.919845,0.000000,0.000000,0.000000,0.000000,90.306488,0.000000,0.000000,0.000000,0.000000,0.000000
604,3,D,0.000000,0.000000,0.000000,0.000000,0.000000,0.000000,0.000000,0.000000,0.000000,0.000000,0.000000,0.000000,0.000000,0.000000,0.000000,0.000000,0.000000,0.000000,0.000000,0.000000,0.000000,80.469719,0.000000,51.180058,0.000000,273.104767,0.000000,285.421875,155.235886,0.000000,0.000000,0.000000,0.000000,0.000000,0.000000,0.000000,0.000000,0.732595,0.000000,0.000000,0.000000,0.000000,79.815033,0.000000,0.000000,0.000000,0.000000,0.000000
605,0,A,0.000000,0.000000,0.000000,0.000000,0.000000,0.000000,0.000000,0.000000,0.000000,139.159729,278.577240,0.000000,0.000000,0.000000,343.061737,0.000000,0.000000,0.000000,0.000000,0.000000,0.000000,0.000000,0.000000,0.000000,0.000000,302.329285,0.000000,0.000000,0.000000,0.000000,18.492949,0.000000,62.449875,90.540733,0.000000,32.915020,0.000000,0.000000,0.000000,0.000000,0.000000,0.000000,0.000000,118.507935,99.237305,0.000000,0.000000,69.849632
606,3,D,0.000000,0.000000,0.000000,0.000000,0.000000,0.000000,0.000000,0.000000,0.000000,0.000000,0.000000,0.000000,0.000000,0.000000,0.000000,0.000000,0.000000,0.000000,0.000000,0.000000,0.000000,116.171333,0.000000,24.180536,0.000000,334.603577,0.000000,326.420410,253.964966,0.000000,0.000000,0.000000,0.000000,0.000000,0.000000,0.000000,0.000000,0.000000,0.000000,0.000000,0.000000,0.000000,99.000443,0.000000,0.000000,0.000000,0.000000,0.000000
607,1,B,0.000000,0.000000,266.521637,0.000000,0.000000,0.000000,0.000000,0.000000,0.000000,0.000000,14.681768,0.000000,0.000000,0.000000,0.000000,0.000000,0.000000,0.000000,0.000000,0.000000,0.000000,219.478165,0.000000,295.657990,0.000000,0.000000,0.000000,347.846405,0.000000,0.000000,0.000000,0.000000,0.000000,0.000000,0.000000,0.000000,0.000000,102.509155,0.000000,0.000000,0.000000,0.000000,0.000000,13.871825,0.000000,0.000000,0.000000,0.000000
608,0,A,0.000000,0.000000,179.330124,0.000000,0.000000,0.000000,0.000000,0.000000,0.000000,24.671415,50.833183,0.000000,0.000000,0.000000,21.621145,0.000000,0.000000,54.946487,0.000000,0.000000,0.000000,101.062569,0.000000,125.795128,0.000000,94.720886,0.000000,156.343430,0.000000,0.000000,123.301048,0.000000,0.000000,13.841354,0.000000,0.000000,0.000000,15.576474,0.000000,0.000000,0.000000,0.000000,0.000000,14.382191,0.000000,0.000000,0.000000,0.000000
609,1,B,0.000000,0.000000,284.019104,0.000000,0.000000,0.000000,0.000000,0.000000,0.000000,45.890507,8.486097,0.000000,0.000000,0.000000,0.000000,0.000000,0.000000,0.000000,0.000000,0.000000,0.000000,205.824127,0.000000,280.297791,0.000000,0.000000,0.000000,317.361816,0.000000,0.000000,0.000000,0.000000,0.000000,0.000000,0.000000,0.000000,0.000000,90.792496,0.000000,0.000000,0.000000,0.000000,0.000000,17.141430,0.000000,0.000000,0.000000,0.000000
610,1,B,0.000000,0.000000,325.346100,0.000000,0.000000,0.000000,0.000000,0.000000,0.000000,25.398535,105.945641,0.000000,0.000000,0.000000,9.679550,0.000000,0.000000,0.000000,0.000000,0.000000,0.000000,0.000000,0.000000,137.393829,0.000000,57.954037,0.000000,151.000137,118.083595,0.000000,318.982697,0.000000,0.000000,96.016014,60.070778,0.000000,0.000000,0.000000,0.000000,0.000000,0.000000,0.000000,0.000000,43.023563,0.000000,0.000000,0.000000,4.694422
611,2,C,0.000000,0.000000,227.239899,0.000000,0.000000,0.000000,0.000000,0.000000,0.000000,328.241699,0.000000,0.000000,0.000000,0.000000,87.704529,0.000000,0.000000,21.293776,0.000000,0.000000,0.000000,29.085239,0.000000,126.343468,0.000000,135.226196,0.000000,126.183266,0.000000,0.000000,3.169549,0.000000,0.000000,0.000000,0.000000,0.000000,0.000000,0.000000,0.467886,0.000000,0.000000,0.000000,0.000000,41.973152,0.000000,0.000000,0.000000,0.000000
612,4,E,0.000000,0.000000,0.000000,0.000000,0.000000,0.000000,0.000000,0.000000,0.000000,43.906666,163.608612,0.000000,0.000000,0.000000,122.203796,0.000000,0.000000,0.000000,0.000000,0.000000,0.000000,189.896179,0.000000,133.149811,0.000000,58.551289,0.000000,142.475632,0.000000,0.000000,103.298012,0.000000,3.723491,65.663681,0.000000,13.590220,0.000000,54.639153,0.000000,0.000000,0.000000,0.000000,0.000000,65.813995,0.000000,18.845161,0.000000,58.281261
613,4,E,0.000000,0.000000,0.000000,0.000000,0.000000,0.000000,0.000000,0.000000,0.000000,80.945702,174.462250,0.000000,0.000000,0.000000,103.020515,0.000000,0.000000,0.000000,0.000000,0.000000,0.000000,129.736084,0.000000,103.500404,0.000000,63.472599,0.000000,160.740891,34.807739,0.000000,68.287300,0.000000,1.497000,58.084801,0.000000,6.690016,0.000000,43.435783,0.000000,0.000000,0.000000,0.000000,0.000000,58.746113,0.000000,0.000000,0.000000,58.071930
614,4,E,0.000000,0.000000,0.000000,0.000000,0.000000,0.000000,0.000000,0.000000,0.000000,201.452545,243.967484,0.000000,0.000000,0.000000,128.957413,0.000000,0.000000,0.000000,0.000000,0.000000,0.000000,65.051270,0.000000,69.688812,0.000000,78.292755,0.000000,62.895996,0.000000,0.000000,203.980026,0.000000,49.414886,106.106644,0.000000,33.305798,0.000000,0.000000,0.000000,0.000000,0.000000,0.000000,0.000000,90.997345,0.000000,12.926412,0.000000,87.080574
615,4,E,0.000000,0.000000,0.000000,0.000000,0.000000,0.000000,0.000000,0.000000,0.000000,62.556767,364.463348,0.000000,0.000000,0.000000,188.037704,0.000000,0.000000,0.000000,0.000000,0.000000,0.000000,125.320641,0.000000,27.354895,0.000000,137.355698,0.000000,113.244835,0.000000,0.000000,0.000000,0.000000,57.652954,102.847137,0.000000,24.042982,0.000000,74.340164,6.419033,17.414703,0.000000,0.000000,0.000000,95.214806,19.388187,0.000000,0.000000,112.819572
616,0,A,0.000000,0.000000,0.000000,0.000000,0.000000,0.000000,0.000000,0.000000,0.000000,23.776497,330.652496,0.000000,0.000000,0.000000,280.821503,0.000000,0.000000,0.000000,0.000000,0.000000,0.000000,0.000000,0.000000,0.000000,0.000000,271.625000,0.000000,0.000000,83.474319,0.000000,114.766502,0.000000,39.572437,129.887848,0.000000,19.774649,0.000000,0.000000,0.000000,0.000000,0.000000,0.000000,0.000000,111.954338,100.440025,0.000000,0.000000,85.788986
617,4,E,0.000000,0.000000,0.000000,0.000000,0.000000,0.000000,0.000000,0.000000,0.000000,89.052681,177.291473,0.000000,0.000000,0.000000,143.288376,0.000000,0.000000,0.000000,0.000000,0.000000,0.000000,156.007675,0.000000,125.704292,0.000000,51.270908,0.000000,202.205109,0.000000,0.000000,80.908127,0.000000,5.217544,62.794865,0.000000,8.505589,0.000000,55.706207,0.000000,0.000000,0.000000,0.000000,0.000000,68.573112,0.000000,5.225177,0.000000,64.005424
618,0,A,0.000000,0.000000,178.709763,0.000000,0.000000,0.000000,0.000000,0.000000,0.000000,33.329277,49.376583,0.000000,0.000000,0.000000,40.294323,0.000000,0.000000,57.712841,0.000000,0.000000,0.000000,90.325119,0.000000,111.303787,0.000000,102.400032,0.000000,147.782532,0.000000,0.000000,122.131088,0.000000,0.000000,14.061188,0.000000,0.000000,0.000000,9.399796,0.000000,0.000000,0.000000,0.000000,0.000000,17.195843,0.000000,0.000000,0.000000,0.000000
619,2,C,0.000000,0.000000,241.195328,0.000000,0.000000,0.000000,0.000000,0.000000,0.000000,335.101898,0.000000,0.000000,0.000000,0.000000,77.641350,0.000000,0.000000,0.000000,0.000000,0.000000,0.000000,35.485718,0.000000,147.064056,0.000000,81.652252,0.000000,144.161636,0.000000,0.000000,0.000000,0.000000,0.000000,0.000000,0.000000,0.000000,0.000000,0.000000,15.049353,0.000000,0.000000,0.000000,0.000000,46.105995,0.000000,0.000000,0.000000,0.000000
620,0,A,0.000000,0.000000,0.000000,0.000000,0.000000,0.000000,0.000000,0.000000,0.000000,0.000000,53.738689,0.000000,0.000000,0.000000,61.671520,0.000000,0.000000,0.000000,0.000000,0.000000,0.000000,253.564194,0.000000,99.505768,0.000000,277.537170,0.000000,197.744659,313.245697,0.000000,75.324257,0.000000,0.000000,19.267227,0.000000,0.000000,0.000000,0.000000,0.000000,0.000000,0.000000,0.000000,48.535320,29.422043,0.000000,0.000000,0.000000,0.000000
621,3,D,0.000000,0.000000,0.000000,0.000000,0.000000,0.000000,0.000000,0.000000,0.000000,0.000000,0.000000,0.000000,0.000000,0.000000,0.000000,0.000000,0.000000,0.000000,0.000000,0.000000,0.000000,98.105682,0.000000,55.964153,0.000000,296.328217,0.000000,295.346405,146.298965,0.000000,0.000000,0.000000,0.000000,0.000000,0.000000,3.348920,0.000000,4.735499,0.000000,0.000000,0.000000,0.000000,84.788643,0.000000,0.000000,0.000000,0.000000,0.000000
622,4,E,0.000000,0.000000,0.000000,0.000000,0.000000,0.000000,0.000000,0.000000,0.000000,149.976120,171.640717,0.000000,0.000000,0.000000,84.678932,0.000000,0.000000,0.000000,0.000000,0.000000,0.000000,84.555672,0.000000,139.485458,0.000000,0.000000,0.000000,201.856812,0.000000,0.000000,0.000000,0.000000,14.481757,38.333179,0.000000,8.399055,0.000000,62.399277,45.117500,1.586142,0.000000,0.000000,0.000000,54.470589,0.000000,0.000000,0.000000,65.338692
623,4,E,0.000000,0.000000,3.007820,0.000000,0.000000,0.000000,0.000000,0.000000,0.000000,417.950470,87.222404,0.000000,0.000000,0.000000,0.000000,0.000000,0.000000,0.000000,0.000000,0.000000,0.000000,0.000000,0.000000,162.400604,0.000000,59.842510,0.000000,248.664200,0.000000,0.000000,0.000000,0.000000,3.571739,0.000000,0.000000,33.258842,0.000000,16.204981,75.991364,0.000000,0.000000,0.000000,0.000000,36.327969,0.000000,0.000000,0.000000,32.798203
624,2,C,0.000000,0.000000,238.717636,0.000000,0.000000,0.000000,0.000000,0.000000,0.000000,323.866913,0.000000,0.000000,0.000000,0.000000,85.311607,0.000000,0.000000,0.000000,0.000000,0.000000,0.000000,33.601143,0.000000,142.409149,0.000000,79.973801,0.000000,137.433456,0.000000,0.000000,0.000000,0.000000,0.000000,0.000000,0.000000,0.000000,0.000000,0.000000,13.076650,0.000000,0.000000,0.000000,0.000000,46.998455,0.000000,0.000000,0.000000,0.000000
625,1,B,0.000000,0.000000,221.796677,0.000000,0.000000,0.000000,0.000000,0.000000,0.000000,0.000000,0.000000,0.000000,0.000000,0.000000,0.000000,0.000000,0.000000,79.370621,0.000000,0.000000,0.000000,245.723557,0.000000,290.558136,0.000000,0.000000,0.000000,383.590393,0.000000,0.000000,0.000000,0.000000,0.000000,0.000000,0.000000,0.000000,0.000000,107.666168,0.000000,0.000000,0.000000,0.000000,7.143183,0.000000,0.000000,0.000000,0.000000,0.000000
626,0,A,0.000000,0.000000,131.311707,0.000000,0.000000,0.000000,0.000000,0.000000,0.000000,8.775408,41.107601,0.000000,0.000000,0.000000,9.338857,0.000000,0.000000,150.150803,0.000000,0.000000,0.000000,81.720734,0.000000,113.186470,0.000000,157.691483,0.000000,160.157120,0.000000,0.000000,116.979828,0.000000,0.000000,0.000000,0.000000,0.000000,0.000000,8.809219,0.000000,0.000000,0.000000,0.000000,28.033888,0.000000,0.000000,0.000000,0.000000,0.000000
627,1,B,0.000000,0.000000,247.496475,0.000000,0.000000,0.000000,0.000000,0.000000,0.000000,24.939768,13.182173,0.000000,0.000000,0.000000,0.000000,0.000000,0.000000,0.000000,0.000000,0.000000,0.000000,173.252625,0.000000,251.649078,0.000000,0.000000,0.000000,290.540771,0.000000,0.000000,6.158187,0.000000,0.000000,0.000000,0.000000,0.000000,0.000000,80.904922,0.000000,0.000000,0.000000,0.000000,0.000000,14.276852,0.000000,0.000000,0.000000,0.000000
628,0,A,0.000000,0.000000,0.000000,0.000000,0.000000,0.000000,0.000000,0.000000,0.000000,9.057472,205.693405,0.000000,0.000000,0.000000,172.871292,0.000000,0.000000,0.000000,0.000000,0.000000,0.000000,89.252701,0.000000,0.000000,0.000000,264.050232,0.000000,76.223579,182.095490,0.000000,76.576271,0.000000,0.000000,76.541748,0.000000,0.000000,0.000000,0.000000,0.000000,0.000000,0.000000,0.000000,0.000000,68.183640,66.437202,0.000000,0.000000,37.308403
629,1,B,0.000000,0.000000,224.629501,0.000000,0.000000,0.000000,0.000000,0.000000,0.000000,125.742744,0.000000,0.000000,0.000000,0.000000,0.000000,0.000000,0.000000,20.617802,0.000000,0.000000,0.000000,111.623421,0.000000,181.657181,0.000000,85.116592,0.000000,215.495590,0.000000,0.000000,26.394575,0.000000,0.000000,0.000000,0.000000,0.000000,0.000000,34.543358,0.000000,0.000000,0.000000,0.000000,0.000000,11.971534,0.000000,0.000000,0.000000,0.000000
630,4,E,0.000000,0.000000,0.000000,0.000000,0.000000,0.000000,0.000000,0.000000,0.000000,125.259521,239.955643,0.000000,0.000000,0.000000,63.720173,0.000000,0.000000,0.000000,0.000000,0.000000,0.000000,35.618896,0.000000,79.308632,0.000000,105.558167,0.000000,121.806709,0.000000,0.000000,0.000000,0.000000,28.928526,53.340351,0.000000,33.791466,0.000000,46.134274,16.309313,3.367420,0.000000,0.000000,0.000000,54.322662,0.000000,0.000000,0.000000,73.068909
631,4,E,0.000000,0.000000,13.542942,0.000000,0.000000,0.000000,0.000000,0.000000,0.000000,156.937805,134.493851,0.000000,0.000000,0.000000,118.950859,0.000000,0.000000,0.000000,0.000000,0.000000,0.000000,63.334747,0.000000,172.244141,0.000000,8.633197,0.000000,89.015739,0.000000,0.000000,171.785446,0.000000,17.927921,72.713280,0.000000,14.380647,0.000000,8.105481,0.000000,0.000000,0.000000,0.000000,0.000000,75.181145,0.000000,22.210257,0.000000,57.288147
632,4,E,0.000000,0.000000,94.591179,0.000000,0.000000,0.000000,0.000000,0.000000,0.000000,104.378395,180.977814,0.000000,0.000000,0.000000,81.776794,0.000000,0.000000,0.000000,0.000000,0.000000,0.000000,137.692139,0.000000,163.927368,0.000000,81.221130,0.000000,227.156601,0.000000,0.000000,140.853653,0.000000,0.000000,67.490921,0.000000,0.000000,0.000000,43.781952,0.000000,0.000000,0.000000,0.000000,0.000000,61.131218,0.000000,0.000000,0.000000,53.501968
633,3,D,0.000000,0.000000,0.000000,0.000000,0.000000,0.000000,0.000000,0.000000,0.000000,89.236885,179.632660,0.000000,0.000000,0.000000,20.675694,0.000000,0.000000,0.000000,0.000000,0.000000,0.000000,58.132336,0.000000,161.913879,0.000000,0.000000,0.000000,182.247696,0.000000,0.000000,0.000000,0.000000,6.344455,37.286850,0.000000,19.350817,0.000000,67.347870,33.337769,1.394352,0.000000,0.000000,0.000000,38.961914,0.000000,0.000000,0.000000,65.046387
634,2,C,0.000000,0.000000,250.053024,0.000000,0.000000,0.000000,0.000000,0.000000,0.000000,230.094803,0.000000,0.000000,0.000000,0.000000,35.867016,0.000000,0.000000,25.535946,0.000000,0.000000,0.000000,62.180157,0.000000,129.066711,0.000000,86.372055,0.000000,153.037460,0.000000,0.000000,5.104784,0.000000,0.000000,0.000000,0.000000,0.000000,0.000000,9.064393,0.000000,0.000000,0.000000,0.000000,0.000000,24.447861,0.000000,0.000000,0.000000,0.000000
635,1,B,0.000000,0.000000,219.518219,0.000000,0.000000,0.000000,0.000000,0.000000,0.000000,74.458817,43.963749,0.000000,0.000000,0.000000,20.497007,0.000000,0.000000,75.009590,0.000000,0.000000,0.000000,82.963959,0.000000,132.418762,0.000000,62.893513,0.000000,159.731033,0.000000,0.000000,88.786560,0.000000,0.000000,0.000000,0.000000,0.000000,0.000000,17.916979,0.000000,0.000000,0.000000,0.000000,0.000000,12.624573,0.000000,0.000000,0.000000,0.000000
636,3,D,0.000000,0.000000,0.000000,0.000000,0.000000,0.000000,0.000000,0.000000,0.000000,0.000000,7.930179,0.000000,0.000000,0.000000,0.000000,0.000000,0.000000,0.000000,0.000000,0.000000,0.000000,163.026657,0.000000,98.149124,0.000000,267.828888,0.000000,204.539612,100.036369,0.000000,0.000000,0.000000,0.000000,0.000000,0.000000,17.024380,0.000000,24.711367,0.000000,0.000000,0.000000,0.000000,71.558441,0.000000,0.000000,0.000000,0.000000,0.000000
637,2,C,0.000000,0.000000,230.307571,0.000000,0.000000,0.000000,0.000000,0.000000,0.000000,198.827484,0.000000,0.000000,0.000000,0.000000,53.163124,0.000000,0.000000,110.178955,0.000000,0.000000,0.000000,54.269714,0.000000,128.327347,0.000000,57.217522,0.000000,129.696854,0.000000,0.000000,0.000000,0.000000,0.000000,0.000000,0.000000,0.000000,0.000000,11.911363,0.000000,0.000000,0.000000,0.000000,0.000000,12.581553,0.000000,0.000000,0.000000,0.000000
638,1,B,0.000000,0.000000,259.345825,0.000000,0.000000,0.000000,0.000000,0.000000,0.000000,12.873019,53.447071,0.000000,0.000000,0.000000,0.000000,0.000000,0.000000,0.000000,0.000000,0.000000,0.000000,195.259842,0.000000,263.068085,0.000000,0.000000,0.000000,294.941620,0.000000,0.000000,0.000000,0.000000,0.000000,1.983454,0.000000,0.000000,0.000000,95.483437,0.000000,0.000000,0.000000,0.000000,0.000000,20.722372,0.000000,0.000000,0.000000,0.000000
639,3,D,0.000000,0.000000,0.000000,0.000000,0.000000,0.000000,0.000000,0.000000,0.000000,12.242593,0.000000,0.000000,0.000000,0.000000,10.040299,0.000000,0.000000,0.000000,0.000000,0.000000,0.000000,100.245422,0.000000,134.423813,0.000000,277.253510,0.000000,281.391296,170.337585,0.000000,0.000000,0.000000,0.000000,0.000000,0.000000,0.227122,0.000000,11.328711,0.000000,0.000000,0.000000,0.000000,79.613846,0.000000,0.000000,0.000000,0.000000,0.000000
640,4,E,0.000000,0.000000,0.000000,0.000000,0.000000,0.000000,0.000000,0.000000,0.000000,89.005722,237.940018,0.000000,0.000000,0.000000,88.369446,0.000000,0.000000,0.000000,0.000000,0.000000,0.000000,65.540237,0.000000,63.575111,0.000000,25.372608,0.000000,193.804474,0.000000,0.000000,16.679853,0.000000,23.926357,63.202171,0.000000,10.735311,0.000000,58.712570,24.964571,18.613871,0.000000,0.000000,0.000000,55.090313,0.000000,0.000000,0.000000,82.035187
641,1,B,0.000000,0.000000,332.234253,0.000000,87.603661,0.000000,18.333164,0.000000,0.000000,113.813110,0.000000,0.000000,0.000000,0.000000,0.000000,0.000000,0.000000,244.129364,0.000000,0.000000,0.000000,179.066147,0.000000,356.480957,0.000000,0.000000,0.000000,473.055420,0.000000,0.000000,0.000000,0.000000,0.000000,0.000000,0.000000,0.000000,0.000000,113.645874,0.000000,0.000000,0.000000,0.000000,22.291649,0.000000,0.000000,0.000000,0.000000,0.000000
642,2,C,0.000000,0.000000,205.334564,0.000000,0.000000,0.000000,0.000000,0.000000,0.000000,153.415039,5.312790,0.000000,0.000000,0.000000,52.301453,0.000000,0.000000,95.623070,0.000000,0.000000,0.000000,78.378502,0.000000,128.720047,0.000000,53.689243,0.000000,138.552017,0.000000,0.000000,18.925768,0.000000,0.000000,0.000000,0.000000,0.000000,0.000000,17.758331,0.000000,0.000000,0.000000,0.000000,0.000000,13.442413,0.000000,0.000000,0.000000,0.000000
643,3,D,0.000000,0.000000,0.000000,0.000000,0.000000,0.000000,0.000000,0.000000,0.000000,0.000000,0.000000,0.000000,0.000000,0.000000,0.000000,0.000000,0.000000,0.000000,0.000000,0.000000,0.000000,95.282768,0.000000,53.144241,0.000000,297.646423,0.000000,301.649902,159.780914,0.000000,0.000000,0.000000,0.000000,0.000000,0.000000,0.000000,0.000000,2.373033,0.000000,0.000000,0.000000,0.000000,86.002327,0.000000,0.000000,0.000000,0.000000,0.000000
644,2,C,0.000000,0.000000,257.184692,0.000000,0.000000,0.000000,0.000000,0.000000,0.000000,280.189789,0.000000,0.000000,0.000000,0.000000,59.218643,0.000000,0.000000,0.000000,0.000000,0.000000,0.000000,46.277874,0.000000,146.330032,0.000000,88.622314,0.000000,139.413956,0.000000,0.000000,6.932748,0.000000,0.000000,0.000000,0.000000,0.000000,0.000000,2.054302,0.341402,0.000000,0.000000,0.000000,0.000000,39.279015,0.000000,0.000000,0.000000,0.000000
645,3,D,0.000000,0.000000,0.000000,0.000000,0.000000,0.000000,0.000000,0.000000,0.000000,0.000000,0.000000,0.000000,0.000000,0.000000,0.000000,0.000000,0.000000,0.000000,0.000000,0.000000,0.000000,102.742767,0.000000,86.134171,0.000000,248.481598,0.000000,282.199402,157.785660,0.000000,0.000000,0.000000,0.000000,0.000000,0.000000,0.000000,0.000000,10.479476,0.000000,0.000000,0.000000,0.000000,76.601112,0.000000,0.000000,0.000000,0.000000,0.000000
646,2,C,0.000000,0.000000,221.353714,0.000000,0.000000,0.000000,0.000000,0.000000,0.000000,293.437836,0.000000,0.000000,0.000000,0.000000,72.355499,0.000000,0.000000,0.000000,0.000000,0.000000,0.000000,27.164093,0.000000,136.373734,0.000000,74.655228,0.000000,147.400848,0.000000,0.000000,0.000000,0.000000,0.000000,0.000000,0.000000,0.000000,0.000000,0.000000,12.127485,0.000000,0.000000,0.000000,0.000000,40.325027,0.000000,0.000000,0.000000,0.000000
647,4,E,0.000000,0.000000,0.000000,0.000000,0.000000,0.000000,0.000000,0.000000,0.000000,234.339264,109.705772,0.000000,0.000000,0.000000,96.908340,0.000000,0.000000,0.000000,0.000000,0.000000,0.000000,13.794894,0.000000,115.270020,0.000000,0.000000,0.000000,91.230461,0.000000,0.000000,27.541468,0.000000,31.680420,29.885561,0.000000,10.017313,0.000000,14.953170,33.804688,0.000000,0.000000,0.000000,0.000000,58.507336,0.000000,0.000000,0.000000,47.027184
648,3,D,0.000000,0.000000,0.000000,0.000000,0.000000,0.000000,0.000000,0.000000,0.000000,0.000000,0.000000,0.000000,0.000000,0.000000,0.000000,0.000000,0.000000,0.000000,0.000000,0.000000,0.000000,121.074150,0.000000,52.183544,0.000000,288.840027,0.000000,322.478912,202.595093,0.000000,0.000000,0.000000,0.000000,0.000000,0.000000,0.000000,0.000000,3.001693,0.000000,0.000000,0.000000,0.000000,88.618011,0.000000,0.000000,0.000000,0.000000,0.000000
649,2,C,0.000000,0.000000,265.024384,0.000000,0.000000,0.000000,0.000000,0.000000,0.000000,319.342468,0.000000,0.000000,0.000000,0.000000,101.538704,0.000000,0.000000,0.000000,0.000000,0.000000,0.000000,36.199059,0.000000,139.209122,0.000000,74.102379,0.000000,119.487167,0.000000,0.000000,4.544878,0.000000,0.000000,0.000000,0.000000,0.000000,0.000000,0.000000,6.373897,0.000000,0.000000,0.000000,0.000000,52.262074,0.000000,0.000000,0.000000,0.000000
650,4,E,0.000000,0.000000,0.000000,0.000000,0.000000,0.000000,0.000000,0.000000,0.000000,59.877819,226.934586,0.000000,0.000000,0.000000,5.235020,0.000000,0.000000,0.000000,0.000000,0.000000,0.000000,98.392311,0.000000,118.804283,0.000000,3.324548,0.000000,209.812546,0.000000,0.000000,26.072611,0.000000,7.917953,54.571526,0.000000,20.327620,0.000000,75.332138,24.553699,12.117633,0.000000,0.000000,0.000000,38.577984,0.000000,0.000000,0.000000,79.501152
651,4,E,0.000000,0.000000,0.000000,0.000000,0.000000,0.000000,0.000000,0.000000,0.000000,31.370033,303.555298,0.000000,0.000000,0.000000,66.729134,0.000000,0.000000,0.000000,0.000000,0.000000,0.000000,114.268661,0.000000,108.200027,0.000000,0.000000,0.000000,207.487747,0.000000,0.000000,0.000000,0.000000,27.435596,78.734138,0.000000,14.201550,0.000000,95.934654,32.667904,27.488173,0.000000,0.000000,0.000000,60.009571,0.000000,0.000000,0.000000,105.791809
652,4,E,0.000000,0.000000,0.000000,0.000000,0.000000,0.000000,0.000000,0.000000,0.000000,0.000000,205.883163,0.000000,0.000000,0.000000,112.052177,0.000000,0.000000,0.000000,0.000000,0.000000,0.000000,146.672623,0.000000,85.412674,0.000000,137.060593,0.000000,201.969193,83.611595,0.000000,0.000000,0.000000,0.000000,52.113335,0.000000,0.000000,0.000000,61.651470,0.000000,0.000000,0.000000,0.000000,0.000000,51.428226,0.000000,0.000000,0.000000,54.063034
653,4,E,0.000000,0.000000,0.000000,0.000000,0.000000,0.000000,0.000000,0.000000,0.000000,162.043213,215.337479,0.000000,0.000000,0.000000,91.211929,0.000000,0.000000,0.000000,0.000000,0.000000,0.000000,15.117219,0.000000,171.133072,0.000000,55.795147,0.000000,97.524284,0.000000,0.000000,210.807755,0.000000,26.733459,96.495888,0.000000,39.743309,0.000000,2.080415,0.000000,0.000000,0.000000,0.000000,0.000000,79.033943,0.000000,13.654167,0.000000,79.671242
654,0,A,0.000000,0.000000,233.258789,0.000000,0.000000,0.000000,0.000000,0.000000,0.000000,159.685745,34.099640,0.000000,0.000000,0.000000,78.189522,0.000000,0.000000,25.892414,0.000000,0.000000,0.000000,72.553871,0.000000,132.416931,0.000000,21.052263,0.000000,125.950867,0.000000,0.000000,50.681190,0.000000,0.000000,9.189615,0.000000,0.000000,0.000000,14.450108,0.000000,0.000000,0.000000,0.000000,0.000000,39.908447,0.000000,0.000000,0.000000,0.000000
655,1,B,0.000000,0.000000,297.656677,0.000000,0.000000,0.000000,0.000000,0.000000,0.000000,208.130371,57.533623,0.000000,0.000000,0.000000,0.000000,0.000000,0.000000,0.000000,0.000000,0.000000,0.000000,131.629547,0.000000,260.960754,0.000000,0.000000,0.000000,229.683548,0.000000,0.000000,25.267073,0.000000,0.000000,3.070545,0.000000,0.000000,0.000000,57.874790,4.719274,0.000000,0.000000,0.000000,0.000000,39.402657,0.000000,0.000000,0.000000,1.879835
656,2,C,0.000000,0.000000,233.943420,0.000000,0.000000,0.000000,0.000000,0.000000,0.000000,152.268768,0.000000,0.000000,0.000000,0.000000,53.200020,0.000000,0.000000,91.791679,0.000000,0.000000,0.000000,54.786854,0.000000,124.814774,0.000000,35.969181,0.000000,138.945221,0.000000,0.000000,10.566682,0.000000,0.000000,0.000000,0.000000,0.000000,0.000000,15.074991,0.000000,0.000000,0.000000,0.000000,0.000000,12.693119,0.000000,0.000000,0.000000,0.000000
657,2,C,0.000000,0.000000,244.773117,0.000000,0.000000,0.000000,0.000000,0.000000,0.000000,337.131653,0.000000,0.000000,0.000000,0.000000,92.029800,0.000000,0.000000,0.000000,0.000000,0.000000,0.000000,36.222912,0.000000,132.942383,0.000000,104.332123,0.000000,122.598953,0.000000,0.000000,0.000000,0.000000,0.000000,0.000000,0.000000,0.000000,0.000000,0.000000,9.061190,0.000000,0.000000,0.000000,0.000000,49.363129,0.000000,0.000000,0.000000,0.000000
658,1,B,0.000000,0.000000,303.053162,0.000000,0.000000,0.000000,0.000000,0.000000,0.000000,76.657341,0.000000,0.000000,0.000000,0.000000,0.000000,13.525251,0.000000,0.000000,0.000000,0.000000,0.000000,199.901535,0.000000,289.555298,0.000000,83.289154,0.000000,429.291626,0.000000,0.000000,0.000000,0.000000,0.000000,0.000000,0.000000,0.000000,0.000000,89.611938,0.000000,0.000000,0.000000,0.000000,0.000000,9.216669,0.000000,0.000000,0.000000,0.000000
659,0,A,0.000000,0.000000,0.000000,0.000000,0.000000,0.000000,0.000000,0.000000,0.000000,53.048275,331.838165,0.000000,0.000000,0.000000,298.479889,0.000000,0.000000,0.000000,0.000000,0.000000,0.000000,0.000000,0.000000,0.000000,0.000000,261.662567,0.000000,0.000000,49.834953,0.000000,107.320503,0.000000,52.211128,128.496994,0.000000,24.936241,0.000000,0.000000,0.000000,0.000000,0.000000,0.000000,0.000000,117.254501,96.778831,0.000000,0.000000,89.667236
660,1,B,0.000000,0.000000,241.015274,0.000000,0.000000,0.000000,0.000000,0.000000,0.000000,15.428596,0.734876,0.000000,0.000000,0.000000,0.000000,0.000000,0.000000,5.134971,0.000000,0.000000,0.000000,197.041748,0.000000,270.000122,0.000000,0.000000,0.000000,322.999359,0.000000,0.000000,0.000000,0.000000,0.000000,0.000000,0.000000,0.000000,0.000000,90.109131,0.000000,0.000000,0.000000,0.000000,0.000000,10.488383,0.000000,0.000000,0.000000,0.000000
661,0,A,0.000000,0.000000,231.225204,0.000000,0.000000,0.000000,0.000000,0.000000,0.000000,115.149796,42.962936,0.000000,0.000000,0.000000,66.498795,0.000000,0.000000,0.000000,0.000000,0.000000,0.000000,82.128517,0.000000,133.674210,0.000000,31.789059,0.000000,140.261932,0.000000,0.000000,80.953255,0.000000,0.000000,24.885267,0.000000,0.000000,0.000000,15.177444,0.000000,0.000000,0.000000,0.000000,0.000000,40.633728,0.000000,0.000000,0.000000,0.000000
662,3,D,0.000000,0.000000,0.000000,0.000000,0.000000,0.000000,0.000000,0.000000,0.000000,0.000000,0.000000,0.000000,0.000000,0.000000,0.000000,0.000000,0.000000,0.000000,0.000000,0.000000,0.000000,119.551910,0.000000,68.017456,0.000000,271.451050,0.000000,327.136658,170.790146,0.000000,0.000000,0.000000,0.000000,0.000000,0.000000,0.000000,0.000000,10.870809,0.000000,0.000000,0.000000,0.000000,84.503784,0.000000,0.000000,0.000000,0.000000,0.000000
663,3,D,0.000000,0.000000,0.000000,0.000000,0.000000,0.000000,0.000000,0.000000,0.000000,0.000000,0.000000,0.000000,0.000000,0.000000,0.000000,0.000000,0.000000,0.000000,0.000000,0.000000,0.000000,121.888542,0.000000,26.238777,0.000000,337.077972,0.000000,324.698761,237.533203,0.000000,0.000000,0.000000,0.000000,0.000000,0.000000,0.000000,0.000000,0.000000,0.000000,0.000000,0.000000,0.000000,98.693123,0.000000,0.000000,0.000000,0.000000,0.000000
664,0,A,0.000000,0.000000,264.288330,0.000000,0.000000,0.000000,0.000000,0.000000,0.000000,196.202347,0.000000,0.000000,0.000000,0.000000,20.639307,0.000000,0.000000,8.299795,0.000000,0.000000,0.000000,71.965935,0.000000,178.051086,0.000000,49.630516,0.000000,168.085495,0.000000,0.000000,50.735424,0.000000,0.000000,0.000000,0.000000,0.000000,0.000000,13.889329,0.000000,0.000000,0.000000,0.000000,0.000000,28.146444,0.000000,0.000000,0.000000,0.000000
665,2,C,0.000000,0.000000,233.694946,0.000000,0.000000,0.000000,0.000000,0.000000,0.000000,276.358185,0.000000,0.000000,0.000000,0.000000,80.811172,0.000000,0.000000,0.000000,0.000000,0.000000,0.000000,38.386349,0.000000,153.124115,0.000000,100.238998,0.000000,140.476166,0.000000,0.000000,38.741283,0.000000,0.000000,0.000000,0.000000,0.000000,0.000000,0.000000,0.000000,0.000000,0.000000,0.000000,0.000000,44.605274,0.000000,0.000000,0.000000,0.000000
666,2,C,0.000000,0.000000,245.321838,0.000000,0.000000,0.000000,0.000000,0.000000,0.000000,242.801636,0.000000,0.000000,0.000000,0.000000,48.310265,0.000000,0.000000,3.810932,0.000000,0.000000,0.000000,59.013611,0.000000,155.060211,0.000000,85.306244,0.000000,147.793030,0.000000,0.000000,3.727762,0.000000,0.000000,0.000000,0.000000,0.000000,0.000000,10.543787,0.000000,0.000000,0.000000,0.000000,0.000000,33.767727,0.000000,0.000000,0.000000,0.000000
667,2,C,0.000000,0.000000,247.277039,0.000000,0.000000,0.000000,0.000000,0.000000,0.000000,306.275848,0.000000,0.000000,0.000000,0.000000,49.552658,0.000000,0.000000,31.579967,0.000000,0.000000,0.000000,37.004810,0.000000,133.164062,0.000000,121.933899,0.000000,141.997147,0.000000,0.000000,0.000000,0.000000,0.000000,0.000000,0.000000,0.000000,0.000000,0.000000,0.000000,0.000000,0.000000,0.000000,0.000000,30.602324,0.000000,0.000000,0.000000,0.000000
668,2,C,0.000000,0.000000,234.860626,0.000000,0.000000,0.000000,0.000000,0.000000,0.000000,421.613708,0.000000,0.000000,0.000000,0.000000,117.745346,0.000000,0.000000,0.000000,0.000000,0.000000,0.000000,0.000000,0.000000,117.401115,0.000000,145.308304,0.000000,121.095078,0.000000,0.000000,0.000000,0.000000,0.000000,0.000000,0.000000,0.000000,0.000000,0.000000,14.165686,0.000000,0.000000,0.000000,0.000000,57.234543,0.000000,0.000000,0.000000,0.000000
669,0,A,0.000000,0.000000,0.000000,0.000000,0.000000,0.000000,0.000000,0.000000,0.000000,223.424698,307.998566,0.000000,0.000000,0.000000,324.688354,0.000000,0.000000,0.000000,0.000000,0.000000,0.000000,0.000000,0.000000,0.000000,0.000000,258.462158,0.000000,0.000000,0.000000,0.000000,0.000000,0.000000,81.941917,91.736259,0.000000,32.162365,0.000000,5.355002,0.000000,0.000000,0.000000,0.000000,0.000000,125.381180,81.209641,0.000000,0.000000,85.771034
670,0,A,0.000000,0.000000,0.000000,0.000000,0.000000,0.000000,0.000000,0.000000,0.000000,144.136353,278.935974,0.000000,0.000000,0.000000,243.881195,0.000000,0.000000,0.000000,0.000000,0.000000,0.000000,0.000000,0.000000,0.000000,0.000000,234.254730,0.000000,0.000000,0.000000,0.000000,0.000000,0.000000,63.791481,80.421410,0.000000,34.207180,0.000000,10.942611,0.000000,0.000000,0.000000,0.000000,0.000000,98.332420,73.686035,0.000000,0.000000,74.911858
671,3,D,0.000000,0.000000,0.000000,0.000000,0.000000,0.000000,0.000000,0.000000,0.000000,0.000000,0.000000,0.000000,0.000000,0.000000,0.000000,0.000000,0.000000,0.000000,0.000000,0.000000,0.000000,158.978958,0.000000,141.508789,0.000000,212.610397,0.000000,310.209808,142.424286,0.000000,0.000000,0.000000,0.000000,0.000000,0.000000,0.000000,0.000000,34.504200,0.000000,0.000000,0.000000,0.000000,73.893349,0.000000,0.000000,0.000000,0.000000,0.000000
672,3,D,0.000000,0.000000,0.000000,0.000000,0.000000,0.000000,0.000000,0.000000,0.000000,0.000000,19.644444,0.000000,0.000000,0.000000,0.000000,0.000000,0.000000,0.000000,0.000000,0.000000,0.000000,155.542603,0.000000,60.033325,0.000000,244.843506,0.000000,311.938049,160.870056,0.000000,0.000000,0.000000,0.000000,0.000000,0.000000,0.000000,0.000000,21.522078,0.000000,0.000000,0.000000,0.000000,73.661949,0.000000,0.000000,0.000000,0.000000,0.000000
673,2,C,0.000000,0.000000,249.222641,0.000000,0.000000,0.000000,0.000000,0.000000,0.000000,272.826172,0.000000,0.000000,0.000000,0.000000,58.048977,0.000000,0.000000,3.264509,0.000000,0.000000,0.000000,40.000629,0.000000,139.553802,0.000000,96.519867,0.000000,143.268997,0.000000,0.000000,0.000000,0.000000,0.000000,0.000000,0.000000,0.000000,0.000000,2.062138,1.211683,0.000000,0.000000,0.000000,0.000000,36.139877,0.000000,0.000000,0.000000,0.000000
674,0,A,0.000000,0.000000,0.000000,0.000000,0.000000,0.000000,0.000000,0.000000,0.000000,193.078644,245.923553,0.000000,0.000000,0.000000,283.710144,0.000000,0.000000,0.000000,0.000000,0.000000,0.000000,0.000000,0.000000,0.000000,0.000000,104.636635,0.000000,0.000000,0.000000,0.000000,0.000000,0.000000,80.808884,82.322464,0.000000,5.145874,0.000000,9.802928,12.336430,0.000000,0.000000,0.000000,0.000000,109.437721,43.257179,0.000000,0.000000,81.660522
675,0,A,0.000000,0.000000,0.000000,0.000000,0.000000,0.000000,0.000000,0.000000,0.000000,0.000000,109.366463,0.000000,0.000000,0.000000,82.257866,0.000000,0.000000,0.000000,0.000000,0.000000,0.000000,57.433025,0.000000,0.000000,0.000000,308.846954,0.000000,150.957092,323.426086,0.000000,6.536764,0.000000,0.000000,24.536844,0.000000,0.000000,0.000000,0.000000,0.000000,0.000000,0.000000,0.000000,32.278980,25.260265,53.283009,0.000000,0.000000,0.000000
676,1,B,0.000000,0.000000,260.956055,0.000000,0.000000,0.000000,0.000000,0.000000,0.000000,8.031493,0.000000,0.000000,0.000000,0.000000,0.000000,0.000000,0.000000,0.000000,0.000000,0.000000,0.000000,254.158279,0.000000,345.884888,0.000000,0.000000,0.000000,386.573425,0.000000,0.000000,0.000000,0.000000,0.000000,0.000000,0.000000,0.000000,0.000000,115.127655,2.078317,0.000000,0.000000,0.000000,0.000000,14.567790,0.000000,0.000000,0.000000,0.000000
677,3,D,0.000000,0.000000,0.000000,0.000000,0.000000,0.000000,0.000000,0.000000,0.000000,0.000000,66.390594,0.000000,0.000000,0.000000,0.000000,0.000000,0.000000,0.000000,0.000000,0.000000,0.000000,142.902237,0.000000,93.997231,0.000000,179.133606,0.000000,285.023834,44.432213,0.000000,0.000000,0.000000,0.000000,0.000000,0.000000,17.324972,0.000000,50.539238,0.000000,0.000000,0.000000,0.000000,42.068005,0.000000,0.000000,0.000000,0.000000,0.717471
678,3,D,0.000000,0.000000,0.000000,0.000000,0.000000,0.000000,0.000000,0.000000,0.000000,0.000000,0.000000,0.000000,0.000000,0.000000,0.000000,0.000000,0.000000,0.000000,0.000000,0.000000,0.000000,126.746819,0.000000,56.131008,0.000000,287.524048,0.000000,327.509705,188.874527,0.000000,0.000000,0.000000,0.000000,0.000000,0.000000,0.000000,0.000000,6.890201,0.000000,0.000000,0.000000,0.000000,88.263878,0.000000,0.000000,0.000000,0.000000,0.000000
679,1,B,0.000000,0.000000,258.035065,0.000000,0.000000,0.000000,0.000000,0.000000,0.000000,41.147469,0.000000,0.000000,0.000000,0.000000,0.000000,0.000000,0.000000,0.000000,0.000000,0.000000,0.000000,225.069794,0.000000,291.967041,0.000000,0.000000,0.000000,330.669220,0.000000,0.000000,0.000000,0.000000,0.000000,0.000000,0.000000,0.000000,0.000000,96.022324,3.298700,0.000000,0.000000,0.000000,0.000000,15.784506,0.000000,0.000000,0.000000,0.000000
680,4,E,0.000000,0.000000,0.000000,0.000000,0.000000,0.000000,0.000000,0.000000,0.000000,0.000000,216.026764,0.000000,0.000000,0.000000,125.319183,0.000000,0.000000,0.000000,0.000000,0.000000,0.000000,237.966827,0.000000,126.170876,0.000000,100.381401,0.000000,203.123123,0.000000,0.000000,45.767296,0.000000,0.000000,64.542183,0.000000,16.247961,0.000000,88.535789,0.000000,0.000000,0.000000,0.000000,0.000000,64.227600,0.000000,1.202962,0.000000,68.376579
681,2,C,0.000000,0.000000,201.050980,0.000000,0.000000,0.000000,0.000000,0.000000,0.000000,277.703033,0.000000,0.000000,0.000000,0.000000,103.825348,0.000000,0.000000,20.616802,0.000000,0.000000,0.000000,29.537172,0.000000,132.800919,0.000000,119.038925,0.000000,115.916664,0.000000,0.000000,27.006281,0.000000,0.000000,0.000000,0.000000,0.000000,0.000000,0.000000,0.000000,0.000000,0.000000,0.000000,0.000000,44.228661,0.000000,0.000000,0.000000,0.000000
682,1,B,0.000000,0.000000,259.324951,0.000000,0.000000,0.000000,0.000000,0.000000,0.000000,14.505021,0.000000,0.000000,0.000000,0.000000,0.000000,0.000000,0.000000,0.000000,0.000000,0.000000,0.000000,253.542923,0.000000,337.820038,0.000000,0.000000,0.000000,379.385864,0.000000,0.000000,0.000000,0.000000,0.000000,0.000000,0.000000,0.000000,0.000000,112.900688,3.015474,0.000000,0.000000,0.000000,0.000000,14.926667,0.000000,0.000000,0.000000,0.000000
683,1,B,0.000000,0.000000,274.712158,0.000000,0.000000,0.000000,0.000000,0.000000,0.000000,64.946274,34.531239,0.000000,0.000000,0.000000,0.000000,0.000000,0.000000,0.000000,0.000000,0.000000,0.000000,201.403534,0.000000,287.958069,0.000000,0.000000,0.000000,314.333893,0.000000,0.000000,0.000000,0.000000,0.000000,0.000000,0.000000,0.000000,0.000000,93.722260,3.411469,0.000000,0.000000,0.000000,0.000000,22.758570,0.000000,0.000000,0.000000,0.000000
684,3,D,0.000000,0.000000,0.000000,0.000000,0.000000,0.000000,0.000000,0.000000,0.000000,0.000000,0.000000,0.000000,0.000000,0.000000,0.000000,0.000000,0.000000,0.000000,0.000000,0.000000,0.000000,128.392746,0.000000,57.624466,0.000000,281.314117,0.000000,330.004059,202.992752,0.000000,0.000000,0.000000,0.000000,0.000000,0.000000,0.000000,0.000000,6.057737,0.000000,0.000000,0.000000,0.000000,88.096565,0.000000,0.000000,0.000000,0.000000,0.000000
685,1,B,0.000000,0.000000,246.532166,0.000000,0.000000,0.000000,0.000000,0.000000,0.000000,0.000000,24.130011,0.000000,0.000000,0.000000,0.000000,0.000000,0.000000,0.000000,0.000000,0.000000,0.000000,214.978134,0.000000,274.280304,0.000000,0.000000,0.000000,339.791809,0.000000,0.000000,0.000000,0.000000,0.000000,0.000000,0.000000,0.000000,0.000000,100.109344,0.000000,0.000000,0.000000,0.000000,0.000000,13.738047,0.000000,0.000000,0.000000,0.000000
686,2,C,0.000000,0.000000,263.990387,0.000000,0.000000,0.000000,0.000000,0.000000,0.000000,318.282959,0.000000,0.000000,0.000000,0.000000,93.664635,0.000000,0.000000,0.000000,0.000000,0.000000,0.000000,40.850361,0.000000,142.381134,0.000000,75.839447,0.000000,123.676308,0.000000,0.000000,0.000000,0.000000,0.000000,0.000000,0.000000,0.000000,0.000000,0.000000,8.640684,0.000000,0.000000,0.000000,0.000000,50.303570,0.000000,0.000000,0.000000,0.000000
687,0,A,0.000000,0.000000,0.000000,0.000000,0.000000,0.000000,0.000000,0.000000,0.000000,0.000000,134.314468,0.000000,0.000000,0.000000,76.197868,0.000000,0.000000,0.000000,0.000000,0.000000,0.000000,48.798801,0.000000,0.000000,0.000000,309.343170,0.000000,159.776398,377.290985,0.000000,49.340973,0.000000,0.000000,41.692528,0.000000,0.000000,0.000000,0.000000,0.000000,0.000000,0.000000,0.000000,25.343109,30.092419,53.646187,0.000000,0.000000,0.000000
688,2,C,0.000000,0.000000,245.134369,0.000000,0.000000,0.000000,0.000000,0.000000,0.000000,257.120636,0.000000,0.000000,0.000000,0.000000,60.479389,0.000000,0.000000,0.000000,0.000000,0.000000,0.000000,36.673653,0.000000,151.966583,0.000000,97.576279,0.000000,144.331558,0.000000,0.000000,3.723001,0.000000,0.000000,0.000000,0.000000,0.000000,0.000000,3.569963,0.000000,0.000000,0.000000,0.000000,0.000000,36.795490,0.000000,0.000000,0.000000,0.000000
689,0,A,0.000000,0.000000,182.391769,0.000000,0.000000,0.000000,0.000000,0.000000,0.000000,144.921722,50.381184,0.000000,0.000000,0.000000,89.146126,0.000000,0.000000,28.997768,0.000000,0.000000,0.000000,59.344334,0.000000,115.568069,0.000000,79.158112,0.000000,108.534966,0.000000,0.000000,96.416122,0.000000,0.000000,20.478844,0.000000,0.000000,0.000000,0.000000,0.000000,0.000000,0.000000,0.000000,0.000000,42.240990,0.000000,0.000000,0.000000,0.000000
690,2,C,0.000000,0.000000,258.009521,0.000000,0.000000,0.000000,0.000000,0.000000,0.000000,279.746582,0.000000,0.000000,0.000000,0.000000,56.076447,0.000000,0.000000,0.000000,0.000000,0.000000,0.000000,49.191330,0.000000,151.983459,0.000000,85.697723,0.000000,141.849731,0.000000,0.000000,4.017183,0.000000,0.000000,0.000000,0.000000,0.000000,0.000000,4.467845,2.226003,0.000000,0.000000,0.000000,0.000000,38.866196,0.000000,0.000000,0.000000,0.000000
691,2,C,0.000000,0.000000,235.560547,0.000000,0.000000,0.000000,0.000000,0.000000,0.000000,225.342316,0.000000,0.000000,0.000000,0.000000,63.859444,0.000000,0.000000,0.000000,0.000000,0.000000,0.000000,35.118027,0.000000,148.324615,0.000000,95.680115,0.000000,140.002640,0.000000,0.000000,16.644907,0.000000,0.000000,0.000000,0.000000,0.000000,0.000000,2.394480,0.000000,0.000000,0.000000,0.000000,0.000000,35.693741,0.000000,0.000000,0.000000,0.000000
692,2,C,0.000000,0.000000,277.486420,0.000000,0.000000,0.000000,0.000000,0.000000,0.000000,254.458878,0.000000,0.000000,0.000000,0.000000,28.495333,0.000000,0.000000,7.983727,0.000000,0.000000,0.000000,34.941738,0.000000,161.152359,0.000000,98.694504,0.000000,161.196487,0.000000,0.000000,52.423717,0.000000,0.000000,0.000000,0.000000,0.000000,0.000000,0.000000,0.000000,0.000000,0.000000,0.000000,0.000000,30.803812,0.000000,0.000000,0.000000,0.000000
693,1,B,0.000000,0.000000,175.057587,0.000000,0.000000,0.000000,0.000000,0.000000,0.000000,36.214260,52.524014,0.000000,0.000000,0.000000,50.004692,0.000000,0.000000,95.987701,0.000000,0.000000,0.000000,86.624573,0.000000,111.857010,0.000000,78.589127,0.000000,137.548874,0.000000,0.000000,94.955650,0.000000,0.000000,1.223404,0.000000,0.000000,0.000000,16.102913,0.000000,0.000000,0.000000,0.000000,0.000000,13.103804,0.000000,0.000000,0.000000,0.000000
694,1,B,0.000000,0.000000,250.201447,0.000000,0.000000,0.000000,0.000000,0.000000,0.000000,27.508095,36.302700,0.000000,0.000000,0.000000,0.000000,0.000000,0.000000,31.338657,0.000000,0.000000,0.000000,139.804672,0.000000,189.316772,0.000000,13.104449,0.000000,223.384323,0.000000,0.000000,59.151634,0.000000,0.000000,3.495167,0.000000,0.000000,0.000000,52.819397,0.000000,0.000000,0.000000,0.000000,0.000000,13.715301,0.000000,0.000000,0.000000,0.000000
695,4,E,0.000000,0.000000,0.000000,0.000000,0.000000,0.000000,0.000000,0.000000,0.000000,129.821808,194.444870,0.000000,0.000000,0.000000,87.508278,0.000000,0.000000,0.000000,0.000000,0.000000,0.000000,143.182816,0.000000,190.494461,0.000000,0.567400,0.000000,114.335289,0.000000,0.000000,46.775494,0.000000,26.802353,59.078400,0.000000,18.336294,0.000000,67.855453,19.700687,0.000000,0.000000,0.000000,0.000000,71.718018,0.000000,4.150869,0.000000,75.613113
696,0,A,0.000000,0.000000,0.000000,0.000000,0.000000,0.000000,0.000000,0.000000,0.000000,130.260986,286.308167,0.000000,0.000000,0.000000,314.423828,0.000000,0.000000,0.000000,0.000000,0.000000,0.000000,0.000000,0.000000,0.000000,0.000000,246.050079,0.000000,0.000000,0.000000,0.000000,80.390877,0.000000,65.020050,107.207222,0.000000,30.341587,0.000000,0.000000,0.000000,0.000000,0.000000,0.000000,0.000000,117.609116,85.362755,0.000000,0.000000,79.810677
697,2,C,0.000000,0.000000,262.593475,0.000000,0.000000,0.000000,0.000000,0.000000,0.000000,251.254196,0.000000,0.000000,0.000000,0.000000,60.157276,0.000000,0.000000,0.000000,0.000000,0.000000,0.000000,34.177773,0.000000,151.485519,0.000000,90.582161,0.000000,141.905746,0.000000,0.000000,24.542479,0.000000,0.000000,0.000000,0.000000,0.000000,0.000000,0.000000,0.000000,0.000000,0.000000,0.000000,0.000000,37.947956,0.000000,0.000000,0.000000,0.000000
698,3,D,0.000000,0.000000,0.000000,0.000000,0.000000,0.000000,0.000000,0.000000,0.000000,0.000000,0.000000,0.000000,0.000000,0.000000,0.000000,0.000000,0.000000,0.000000,0.000000,0.000000,0.000000,216.450851,0.000000,106.206375,0.000000,220.459427,0.000000,325.829742,217.848953,0.000000,0.000000,0.000000,0.000000,0.000000,0.000000,0.000000,0.000000,29.949467,0.000000,0.000000,0.000000,0.000000,80.851830,0.000000,0.000000,0.000000,0.000000,0.000000
699,3,D,0.000000,0.000000,0.000000,0.000000,0.000000,0.000000,0.000000,0.000000,0.000000,0.000000,0.000000,0.000000,0.000000,0.000000,0.000000,0.000000,0.000000,0.000000,0.000000,0.000000,0.000000,104.238182,0.000000,37.248569,0.000000,307.197296,0.000000,276.410492,150.124954,0.000000,0.000000,0.000000,0.000000,0.000000,0.000000,3.314880,0.000000,0.571291,0.000000,0.000000,0.000000,0.000000,85.396736,0.000000,0.000000,0.000000,0.000000,0.000000
700,0,A,0.000000,0.000000,190.199036,0.000000,0.000000,0.000000,0.000000,0.000000,0.000000,46.133545,7.839996,0.000000,0.000000,0.000000,0.000000,0.000000,0.000000,108.000320,0.000000,0.000000,0.000000,73.176163,0.000000,129.382690,0.000000,108.650688,0.000000,155.986832,0.000000,0.000000,106.876457,0.000000,0.000000,0.000000,0.000000,0.000000,0.000000,5.623125,0.000000,0.000000,0.000000,0.000000,0.867920,0.000000,0.000000,0.000000,0.000000,0.000000
701,2,C,0.000000,0.000000,207.502213,0.000000,0.000000,0.000000,0.000000,0.000000,0.000000,183.821793,0.000000,0.000000,0.000000,0.000000,62.659233,0.000000,0.000000,43.824989,0.000000,0.000000,0.000000,33.986835,0.000000,147.237686,0.000000,104.231369,0.000000,142.446335,0.000000,0.000000,32.435741,0.000000,0.000000,0.000000,0.000000,0.000000,0.000000,2.153527,0.000000,0.000000,0.000000,0.000000,0.000000,24.477505,0.000000,0.000000,0.000000,0.000000
702,2,C,0.000000,0.000000,219.531113,0.000000,0.000000,0.000000,0.000000,0.000000,0.000000,288.514587,17.613771,0.000000,0.000000,0.000000,83.728310,0.000000,0.000000,0.000000,0.000000,0.000000,0.000000,68.174118,0.000000,149.090408,0.000000,72.543686,0.000000,141.801346,0.000000,0.000000,17.796511,0.000000,0.000000,0.000000,0.000000,0.000000,0.000000,7.271903,6.938806,0.000000,0.000000,0.000000,0.000000,49.128647,0.000000,0.000000,0.000000,0.000000
703,4,E,0.000000,0.000000,0.000000,0.000000,0.000000,0.000000,0.000000,0.000000,0.000000,117.478859,200.708664,0.000000,0.000000,0.000000,111.344322,0.000000,0.000000,0.000000,0.000000,0.000000,0.000000,38.823071,0.000000,171.474777,0.000000,39.902142,0.000000,130.965103,0.000000,0.000000,0.000000,0.000000,24.398733,51.146374,0.000000,19.854391,0.000000,57.272057,23.553764,0.000000,0.000000,0.000000,0.000000,66.111755,0.000000,0.000000,0.000000,70.698357
704,3,D,0.000000,0.000000,0.000000,0.000000,0.000000,0.000000,0.000000,0.000000,0.000000,0.000000,18.756243,0.000000,0.000000,0.000000,0.000000,0.000000,0.000000,0.000000,0.000000,0.000000,0.000000,222.810776,0.000000,158.467651,0.000000,138.170105,0.000000,277.585938,61.486046,0.000000,30.576914,0.000000,0.000000,0.000000,0.000000,7.407018,0.000000,58.437336,0.000000,0.000000,0.000000,0.000000,47.517456,3.794487,0.000000,0.000000,0.000000,0.000000
705,4,E,0.000000,0.000000,0.000000,0.000000,0.000000,0.000000,0.000000,0.000000,0.000000,103.716850,224.070541,0.000000,0.000000,0.000000,158.924271,0.000000,0.000000,0.000000,0.000000,0.000000,0.000000,2.822258,0.000000,45.731361,0.000000,230.309235,0.000000,143.553787,20.288475,0.000000,0.000000,0.000000,11.058043,51.912479,0.000000,31.905458,0.000000,22.204205,0.000000,0.000000,0.000000,0.000000,0.000000,62.653168,23.392731,0.000000,0.000000,53.247730
706,0,A,0.000000,0.000000,219.844177,0.000000,0.000000,0.000000,0.000000,0.000000,0.000000,63.693302,30.122503,0.000000,0.000000,0.000000,24.097450,0.000000,0.000000,44.924595,0.000000,0.000000,0.000000,91.566399,0.000000,115.410950,0.000000,107.170578,0.000000,168.867676,0.000000,0.000000,107.707687,0.000000,0.000000,5.494495,0.000000,0.000000,0.000000,8.722005,0.000000,0.000000,0.000000,0.000000,0.000000,14.097188,0.000000,0.000000,0.000000,0.000000
707,3,D,0.000000,0.000000,0.000000,0.000000,0.000000,0.000000,0.000000,0.000000,0.000000,0.000000,0.000000,0.000000,0.000000,0.000000,0.000000,0.000000,0.000000,0.000000,0.000000,0.000000,0.000000,148.618088,0.000000,50.947296,0.000000,337.947754,0.000000,330.702515,232.025375,0.000000,0.000000,0.000000,0.000000,0.000000,0.000000,0.000000,0.000000,0.600931,0.000000,0.000000,0.000000,0.000000,100.198219,0.000000,0.000000,0.000000,0.000000,0.000000
708,1,B,0.000000,0.000000,272.691437,0.000000,0.000000,0.000000,0.000000,0.000000,0.000000,49.853340,24.387264,0.000000,0.000000,0.000000,0.000000,0.000000,0.000000,0.000000,0.000000,0.000000,0.000000,209.124390,0.000000,298.180298,0.000000,0.000000,0.000000,324.843872,0.000000,0.000000,0.000000,0.000000,0.000000,0.000000,0.000000,0.000000,0.000000,96.788399,1.876600,0.000000,0.000000,0.000000,0.000000,20.433102,0.000000,0.000000,0.000000,0.000000
709,3,D,0.000000,0.000000,0.000000,0.000000,0.000000,0.000000,0.000000,0.000000,0.000000,0.000000,0.000000,0.000000,0.000000,0.000000,0.000000,0.000000,0.000000,0.000000,0.000000,0.000000,0.000000,143.990372,0.000000,66.344238,0.000000,247.961761,0.000000,210.959900,75.420746,0.000000,0.000000,0.000000,0.000000,0.000000,0.000000,16.664223,0.000000,21.162273,0.000000,0.000000,0.000000,0.000000,68.109283,0.000000,0.000000,0.000000,0.000000,0.000000
710,4,E,0.000000,0.000000,0.000000,0.000000,0.000000,0.000000,0.000000,0.000000,0.000000,83.806671,228.275131,0.000000,0.000000,0.000000,90.159630,0.000000,0.000000,0.000000,0.000000,0.000000,0.000000,85.274742,0.000000,214.068512,0.000000,39.019493,0.000000,217.590866,1.575837,0.000000,56.531300,0.000000,4.843812,65.727814,0.000000,24.827549,0.000000,72.751053,4.482994,0.000000,0.000000,0.000000,0.000000,65.139244,0.000000,0.000000,0.000000,80.950455
711,0,A,0.000000,0.000000,209.860229,0.000000,0.000000,0.000000,0.000000,0.000000,0.000000,129.884567,55.877197,0.000000,0.000000,0.000000,71.842506,0.000000,0.000000,13.030388,0.000000,0.000000,0.000000,79.969742,0.000000,122.359085,0.000000,62.188019,0.000000,127.218002,0.000000,0.000000,92.671608,0.000000,0.000000,25.310997,0.000000,0.000000,0.000000,8.669553,0.000000,0.000000,0.000000,0.000000,0.000000,41.882267,0.000000,0.000000,0.000000,0.000000
712,0,A,0.000000,0.000000,0.000000,0.000000,0.000000,0.000000,0.000000,0.000000,0.000000,126.365990,248.669922,0.000000,0.000000,0.000000,268.524261,0.000000,0.000000,0.000000,0.000000,0.000000,0.000000,0.000000,0.000000,0.000000,0.000000,285.655945,0.000000,0.000000,93.598083,0.000000,83.588776,0.000000,30.981543,93.541214,0.000000,16.486389,0.000000,0.000000,0.000000,0.000000,0.000000,0.000000,0.000000,102.992699,90.368576,0.000000,0.000000,57.525646
713,4,E,0.000000,0.000000,0.000000,0.000000,0.000000,0.000000,0.000000,0.000000,0.000000,0.000000,271.940094,0.000000,0.000000,0.000000,74.461067,0.000000,0.000000,0.000000,0.000000,0.000000,0.000000,218.837692,0.000000,65.817436,0.000000,91.261421,0.000000,206.889923,0.000000,0.000000,261.241486,0.000000,0.373942,121.895592,0.000000,31.301016,0.000000,41.029381,0.000000,0.000000,0.000000,0.000000,0.000000,67.638596,0.000000,35.026173,0.000000,91.143745
714,4,E,0.000000,0.000000,0.000000,0.000000,0.000000,0.000000,0.000000,0.000000,0.000000,274.699554,180.397675,0.000000,0.000000,0.000000,46.213646,0.000000,0.000000,0.000000,0.000000,0.000000,0.000000,50.494682,0.000000,88.128983,0.000000,174.608948,0.000000,129.777634,0.000000,0.000000,0.000000,0.000000,21.977024,22.258213,0.000000,48.208057,0.000000,23.848185,28.772017,0.000000,0.000000,0.000000,0.000000,51.582199,0.000000,0.000000,0.000000,48.106506
715,0,A,0.000000,0.000000,0.000000,0.000000,0.000000,0.000000,0.000000,0.000000,0.000000,156.563751,306.871521,0.000000,0.000000,0.000000,348.708221,0.000000,0.000000,0.000000,0.000000,0.000000,0.000000,0.000000,0.000000,0.000000,0.000000,225.187546,0.000000,0.000000,0.000000,0.000000,90.282829,0.000000,76.833977,118.955299,0.000000,24.978943,0.000000,0.000000,0.000000,0.000000,0.000000,0.000000,0.000000,131.160095,82.626106,0.000000,0.000000,90.986336
716,2,C,0.000000,0.000000,257.774872,0.000000,0.000000,0.000000,0.000000,0.000000,0.000000,126.249855,0.000000,0.000000,0.000000,0.000000,0.000000,0.000000,0.000000,0.000000,0.000000,0.000000,0.000000,108.840660,0.000000,172.803482,0.000000,95.743881,0.000000,225.482346,0.000000,0.000000,43.241905,0.000000,0.000000,0.000000,0.000000,0.000000,0.000000,28.515556,0.000000,0.000000,0.000000,0.000000,0.000000,15.383849,0.000000,0.000000,0.000000,0.000000
717,4,E,0.000000,0.000000,0.000000,0.000000,0.000000,0.000000,0.000000,0.000000,0.000000,0.000000,199.385361,0.000000,0.000000,0.000000,92.506271,0.000000,0.000000,0.000000,0.000000,0.000000,0.000000,151.130081,0.000000,89.482727,0.000000,85.106438,0.000000,108.036491,0.000000,0.000000,1.494783,0.000000,13.031508,53.065365,0.000000,17.736912,0.000000,70.445984,2.705775,0.000000,0.000000,0.000000,0.000000,52.881786,0.000000,0.000000,0.000000,61.419991
718,0,A,0.000000,0.000000,0.000000,0.000000,0.000000,0.000000,0.000000,0.000000,0.000000,143.407700,321.564819,0.000000,0.000000,0.000000,329.228729,0.000000,0.000000,0.000000,0.000000,0.000000,0.000000,0.000000,0.000000,0.000000,0.000000,251.624084,0.000000,0.000000,0.000000,0.000000,65.712494,0.000000,74.618629,114.434639,0.000000,31.894384,0.000000,0.000000,0.000000,0.000000,0.000000,0.000000,0.000000,126.076546,88.096283,0.000000,0.000000,91.205635
719,3,D,0.000000,0.000000,0.000000,0.000000,0.000000,0.000000,0.000000,0.000000,0.000000,0.000000,16.401503,0.000000,0.000000,0.000000,0.000000,0.000000,0.000000,0.000000,0.000000,0.000000,0.000000,287.376648,0.000000,155.807129,0.000000,233.661102,0.000000,321.535492,233.388290,0.000000,0.000000,0.000000,0.000000,0.000000,0.000000,0.000000,0.000000,48.230095,0.000000,0.000000,0.000000,0.000000,82.228592,2.782389,0.000000,0.000000,0.000000,0.000000
720,4,E,0.000000,0.000000,0.000000,0.000000,0.000000,0.000000,0.000000,0.000000,0.000000,133.949539,136.578644,0.000000,0.000000,0.000000,74.253639,0.000000,0.000000,0.000000,0.000000,0.000000,0.000000,0.000000,0.000000,57.131634,0.000000,113.818192,0.000000,242.644424,0.000000,0.000000,0.000000,0.000000,0.000000,19.688938,0.000000,19.219065,0.000000,27.186619,19.482630,6.263667,0.000000,0.000000,0.000000,30.175980,0.000000,0.000000,0.000000,36.896385
721,2,C,0.000000,0.000000,222.330444,0.000000,0.000000,0.000000,0.000000,0.000000,0.000000,443.667542,0.000000,0.000000,0.000000,0.000000,113.611908,0.000000,0.000000,0.000000,0.000000,0.000000,0.000000,7.450627,0.000000,115.580215,0.000000,145.261108,0.000000,122.361046,0.000000,0.000000,0.000000,0.000000,0.000000,0.000000,0.000000,0.000000,0.000000,0.000000,20.389860,0.000000,0.000000,0.000000,0.000000,57.848549,0.000000,0.000000,0.000000,0.000000
722,3,D,0.000000,0.000000,0.000000,0.000000,0.000000,0.000000,0.000000,0.000000,0.000000,0.000000,67.137627,0.000000,0.000000,0.000000,0.000000,0.000000,0.000000,0.000000,0.000000,0.000000,0.000000,145.063202,0.000000,97.244728,0.000000,176.335541,0.000000,289.404205,39.476582,0.000000,0.000000,0.000000,0.000000,0.000000,0.000000,18.212154,0.000000,52.691032,0.000000,0.000000,0.000000,0.000000,41.539276,0.000000,0.000000,0.000000,0.000000,1.559108
723,3,D,0.000000,0.000000,0.000000,0.000000,0.000000,0.000000,0.000000,0.000000,0.000000,0.000000,0.000000,0.000000,0.000000,0.000000,0.000000,0.000000,0.000000,0.000000,0.000000,0.000000,0.000000,202.522949,0.000000,119.372429,0.000000,210.249329,0.000000,310.654297,148.809204,0.000000,0.000000,0.000000,0.000000,0.000000,0.000000,0.000000,0.000000,38.457989,0.000000,0.000000,0.000000,0.000000,74.435547,0.000000,0.000000,0.000000,0.000000,0.000000
724,3,D,0.000000,0.000000,0.000000,0.000000,0.000000,0.000000,0.000000,0.000000,0.000000,0.000000,0.000000,0.000000,0.000000,0.000000,0.000000,0.000000,0.000000,0.000000,0.000000,0.000000,0.000000,61.171444,0.000000,76.287338,0.000000,288.504761,0.000000,292.072876,171.608398,0.000000,0.000000,0.000000,0.000000,0.000000,0.000000,0.000000,0.000000,0.000000,0.000000,0.000000,0.000000,0.000000,83.934250,0.000000,0.000000,0.000000,0.000000,0.000000
725,2,C,0.000000,0.000000,258.476929,0.000000,0.000000,0.000000,0.000000,0.000000,0.000000,336.017609,0.000000,0.000000,0.000000,0.000000,70.502121,0.000000,0.000000,0.000000,0.000000,0.000000,0.000000,30.692680,0.000000,138.735016,0.000000,105.386475,0.000000,139.719330,0.000000,0.000000,0.000000,0.000000,0.000000,0.000000,0.000000,0.000000,0.000000,0.000000,8.129164,0.000000,0.000000,0.000000,0.000000,43.798862,0.000000,0.000000,0.000000,0.000000
726,4,E,0.000000,0.000000,0.000000,0.000000,0.000000,0.000000,0.000000,0.000000,0.000000,84.201271,208.130585,0.000000,0.000000,0.000000,158.288620,0.000000,0.000000,0.000000,0.000000,0.000000,0.000000,159.020020,0.000000,109.765671,0.000000,97.491142,0.000000,148.530762,0.000000,0.000000,0.000000,0.000000,19.744410,55.267490,0.000000,13.956290,0.000000,69.781403,16.584723,0.000000,0.000000,0.000000,0.000000,73.236427,0.000000,0.000000,0.000000,66.847954
727,1,B,0.000000,0.000000,253.552704,0.000000,0.000000,0.000000,0.000000,0.000000,0.000000,0.000000,0.552279,0.000000,0.000000,0.000000,0.000000,0.000000,0.000000,28.756554,0.000000,0.000000,0.000000,201.446045,0.000000,268.608978,0.000000,0.000000,0.000000,324.183105,0.000000,0.000000,0.000000,0.000000,0.000000,0.000000,0.000000,0.000000,0.000000,91.970215,0.000000,0.000000,0.000000,0.000000,0.000000,5.483306,0.000000,0.000000,0.000000,0.000000
728,1,B,0.000000,0.000000,276.278870,0.000000,0.000000,0.000000,0.000000,0.000000,0.000000,63.285233,22.883265,0.000000,0.000000,0.000000,0.000000,0.000000,0.000000,0.000000,0.000000,0.000000,0.000000,221.565231,0.000000,284.883423,0.000000,0.000000,0.000000,335.263214,0.000000,0.000000,0.000000,0.000000,0.000000,0.000000,0.000000,0.000000,0.000000,96.564308,5.448640,0.000000,0.000000,0.000000,0.000000,20.188791,0.000000,0.000000,0.000000,0.000000
729,2,C,0.000000,0.000000,239.814682,0.000000,0.000000,0.000000,0.000000,0.000000,0.000000,358.038666,18.199949,0.000000,0.000000,0.000000,125.957603,0.000000,0.000000,0.000000,0.000000,0.000000,0.000000,9.227262,0.000000,121.849136,0.000000,136.524155,0.000000,111.436378,0.000000,0.000000,39.408024,0.000000,0.000000,0.000000,0.000000,0.000000,0.000000,0.000000,0.000000,0.000000,0.000000,0.000000,0.000000,60.807884,0.000000,0.000000,0.000000,0.000000
730,0,A,0.000000,0.000000,220.669556,0.000000,0.000000,0.000000,0.000000,0.000000,0.000000,192.578979,34.137909,0.000000,0.000000,0.000000,101.184998,0.000000,0.000000,31.615763,0.000000,0.000000,0.000000,57.765602,0.000000,122.442841,0.000000,41.214756,0.000000,109.213638,0.000000,0.000000,51.018799,0.000000,0.000000,7.823399,0.000000,0.000000,0.000000,4.649191,0.000000,0.000000,0.000000,0.000000,0.000000,45.355640,0.000000,0.000000,0.000000,0.000000
731,3,D,0.000000,0.000000,0.000000,0.000000,0.000000,0.000000,0.000000,0.000000,0.000000,0.000000,0.000000,0.000000,0.000000,0.000000,0.000000,0.000000,0.000000,0.000000,0.000000,0.000000,0.000000,109.220024,0.000000,86.504349,0.000000,281.023315,0.000000,312.800537,123.714462,0.000000,0.000000,0.000000,0.000000,0.000000,0.000000,8.111052,0.000000,16.296560,0.000000,0.000000,0.000000,0.000000,83.028984,0.000000,0.000000,0.000000,0.000000,0.000000
732,1,B,0.000000,0.000000,285.623718,0.000000,0.000000,0.000000,0.000000,0.000000,0.000000,0.000000,10.898654,0.000000,0.000000,0.000000,0.000000,0.000000,0.000000,0.000000,0.000000,0.000000,0.000000,226.747238,0.000000,303.058136,0.000000,0.000000,0.000000,351.986725,0.000000,0.000000,0.000000,0.000000,0.000000,0.000000,0.000000,0.000000,0.000000,104.187469,0.000000,0.000000,0.000000,0.000000,0.000000,14.247886,0.000000,0.000000,0.000000,0.000000
733,0,A,0.000000,0.000000,0.000000,0.000000,0.000000,0.000000,0.000000,0.000000,0.000000,130.092621,294.048706,0.000000,0.000000,0.000000,307.030334,0.000000,0.000000,0.000000,0.000000,0.000000,0.000000,7.181165,0.000000,0.000000,0.000000,246.436569,0.000000,0.000000,0.000000,0.000000,82.394104,0.000000,65.828873,108.929779,0.000000,31.986555,0.000000,0.000000,0.000000,0.000000,0.000000,0.000000,0.000000,117.551361,84.668213,0.000000,0.000000,82.252441
734,2,C,0.000000,0.000000,247.883957,0.000000,0.000000,0.000000,0.000000,0.000000,0.000000,346.951538,0.000000,0.000000,0.000000,0.000000,85.938271,0.000000,0.000000,0.000000,0.000000,0.000000,0.000000,32.408588,0.000000,133.018906,0.000000,106.168488,0.000000,128.195633,0.000000,0.000000,0.000000,0.000000,0.000000,0.000000,0.000000,0.000000,0.000000,0.000000,10.268719,0.000000,0.000000,0.000000,0.000000,48.217793,0.000000,0.000000,0.000000,0.000000
735,3,D,0.000000,0.000000,0.000000,0.000000,0.000000,0.000000,0.000000,0.000000,0.000000,0.000000,0.000000,0.000000,0.000000,0.000000,3.265791,0.000000,0.000000,0.000000,0.000000,0.000000,0.000000,276.567047,0.000000,151.020096,0.000000,126.475960,0.000000,194.722580,111.104156,0.000000,122.923203,0.000000,0.000000,10.275138,0.000000,0.000000,0.000000,30.933586,0.000000,0.000000,0.000000,0.000000,36.643063,15.762184,0.000000,7.654187,0.000000,0.000000
736,2,C,0.000000,0.000000,270.009949,0.000000,0.000000,0.000000,0.000000,0.000000,0.000000,298.495850,0.000000,0.000000,0.000000,0.000000,79.509377,0.000000,0.000000,0.000000,0.000000,0.000000,0.000000,45.649410,0.000000,152.574371,0.000000,73.021378,0.000000,136.891373,0.000000,0.000000,12.890111,0.000000,0.000000,0.000000,0.000000,0.000000,0.000000,0.188679,1.179124,0.000000,0.000000,0.000000,0.000000,46.640381,0.000000,0.000000,0.000000,0.000000
737,3,D,0.000000,0.000000,229.776321,0.000000,0.000000,0.000000,0.000000,0.000000,0.000000,174.151047,0.000000,0.000000,0.000000,0.000000,0.000000,0.000000,0.000000,136.924622,0.000000,0.000000,0.000000,82.591293,0.000000,135.590363,0.000000,104.523331,0.000000,166.660767,0.000000,0.000000,0.000000,0.000000,0.000000,0.000000,0.000000,0.000000,0.000000,20.746359,0.000000,0.000000,0.000000,0.000000,3.136375,0.000000,0.000000,0.000000,0.000000,0.000000
738,2,C,0.000000,0.000000,242.403946,0.000000,0.000000,0.000000,0.000000,0.000000,0.000000,266.743774,0.000000,0.000000,0.000000,0.000000,75.990219,0.000000,0.000000,0.000000,0.000000,0.000000,0.000000,40.033478,0.000000,160.166214,0.000000,97.028107,0.000000,146.975113,0.000000,0.000000,29.788347,0.000000,0.000000,0.000000,0.000000,0.000000,0.000000,0.000000,0.000000,0.000000,0.000000,0.000000,0.000000,42.750278,0.000000,0.000000,0.000000,0.000000
739,1,B,0.000000,0.000000,317.123505,0.000000,0.000000,0.000000,0.000000,0.000000,0.000000,43.264885,4.379329,0.000000,0.000000,0.000000,0.000000,0.000000,0.000000,0.000000,0.000000,0.000000,0.000000,187.431702,0.000000,287.465515,0.000000,0.000000,0.000000,312.935638,0.000000,0.000000,0.000000,0.000000,0.000000,0.000000,0.000000,0.000000,0.000000,87.300117,0.000000,0.000000,0.000000,0.000000,0.000000,16.967346,0.000000,0.000000,0.000000,0.000000
740,3,D,0.000000,0.000000,0.000000,0.000000,0.000000,0.000000,0.000000,0.000000,0.000000,0.000000,0.000000,0.000000,0.000000,0.000000,0.000000,0.000000,0.000000,0.000000,0.000000,0.000000,0.000000,177.185013,0.000000,103.083900,0.000000,215.182373,0.000000,302.592987,36.632484,0.000000,0.000000,0.000000,0.000000,0.000000,0.000000,19.346289,0.000000,46.452175,0.000000,0.000000,0.000000,0.000000,68.141144,0.000000,0.000000,0.000000,0.000000,0.000000
741,3,D,0.000000,0.000000,0.000000,0.000000,0.000000,0.000000,0.000000,0.000000,0.000000,0.000000,27.836975,0.000000,0.000000,0.000000,0.000000,0.000000,0.000000,0.000000,0.000000,0.000000,0.000000,134.105530,0.000000,85.365486,0.000000,238.209564,0.000000,334.702362,156.020706,0.000000,0.000000,0.000000,0.000000,0.000000,0.000000,0.000000,0.000000,25.384823,0.000000,0.000000,0.000000,0.000000,71.603806,0.000000,0.000000,0.000000,0.000000,0.000000
742,4,E,0.000000,0.000000,0.000000,0.000000,0.000000,0.000000,0.000000,0.000000,0.000000,0.000000,170.453705,0.000000,0.000000,0.000000,137.421982,0.000000,0.000000,0.000000,0.000000,0.000000,0.000000,243.045319,0.000000,192.916885,0.000000,0.000000,0.000000,228.995544,24.858154,0.000000,0.000000,0.000000,0.000000,49.485882,0.000000,0.000000,0.000000,106.349953,24.887642,0.000000,0.000000,0.000000,0.000000,64.245697,0.000000,9.103587,0.000000,64.492607
743,4,E,0.000000,0.000000,0.000000,0.000000,0.000000,0.000000,0.000000,0.000000,0.000000,44.453686,213.712601,0.000000,0.000000,0.000000,115.029602,0.000000,0.000000,0.000000,0.000000,0.000000,0.000000,118.671768,0.000000,54.543747,0.000000,87.810677,0.000000,124.214249,54.167160,0.000000,148.575012,0.000000,6.112701,90.571411,0.000000,7.628983,0.000000,19.185146,0.000000,0.000000,0.000000,0.000000,0.000000,67.039116,0.000000,8.069413,0.000000,68.301018
744,3,D,0.000000,0.000000,270.060547,0.000000,0.000000,0.000000,0.000000,0.000000,0.000000,362.889404,0.000000,0.000000,0.000000,0.000000,0.000000,0.000000,0.000000,0.000000,0.000000,0.000000,0.000000,0.000000,0.000000,72.147797,0.000000,208.441940,0.000000,177.004623,0.000000,0.000000,0.000000,0.000000,0.000000,0.000000,0.000000,0.000000,0.000000,0.000000,0.000000,0.000000,0.000000,0.000000,0.000000,19.121405,0.000000,0.000000,0.000000,0.000000
745,0,A,0.000000,0.000000,210.968109,0.000000,0.000000,0.000000,0.000000,0.000000,0.000000,72.688782,42.197620,0.000000,0.000000,0.000000,44.292545,0.000000,0.000000,65.195305,0.000000,0.000000,0.000000,82.745125,0.000000,117.019562,0.000000,63.508301,0.000000,146.116379,0.000000,0.000000,85.451157,0.000000,0.000000,4.025773,0.000000,0.000000,0.000000,14.766366,0.000000,0.000000,0.000000,0.000000,0.000000,18.615244,0.000000,0.000000,0.000000,0.000000
746,4,E,0.000000,0.000000,0.000000,0.000000,0.000000,0.000000,0.000000,0.000000,0.000000,150.304367,255.477875,0.000000,0.000000,0.000000,88.572296,0.000000,0.000000,0.000000,0.000000,0.000000,0.000000,35.096413,0.000000,149.838608,0.000000,0.000000,0.000000,206.065094,0.000000,0.000000,0.000000,0.000000,30.465099,61.922646,0.000000,16.599836,0.000000,69.291603,44.439198,10.908701,0.000000,0.000000,0.000000,65.893639,0.000000,0.000000,0.000000,93.061821
747,1,B,0.000000,0.000000,151.144455,0.000000,0.000000,0.000000,0.000000,0.000000,0.000000,10.254583,50.110874,0.000000,0.000000,0.000000,27.505690,0.000000,0.000000,80.864784,0.000000,0.000000,0.000000,106.945747,0.000000,119.369545,0.000000,100.867371,0.000000,151.030334,0.000000,0.000000,111.552963,0.000000,0.000000,4.393126,0.000000,0.000000,0.000000,18.921356,0.000000,0.000000,0.000000,0.000000,0.000000,8.828052,0.000000,0.000000,0.000000,0.000000
748,1,B,0.000000,0.000000,267.953613,0.000000,0.000000,0.000000,0.000000,0.000000,0.000000,21.724140,0.000000,0.000000,0.000000,0.000000,0.000000,0.000000,0.000000,0.000000,0.000000,0.000000,0.000000,217.407959,0.000000,279.633484,0.000000,0.000000,0.000000,335.480164,0.000000,0.000000,0.000000,0.000000,0.000000,0.000000,0.000000,0.000000,0.000000,94.850807,0.000000,0.000000,0.000000,0.000000,0.000000,12.995982,0.000000,0.000000,0.000000,0.000000
749,1,B,0.000000,0.000000,263.563477,0.000000,0.000000,0.000000,0.000000,0.000000,0.000000,59.152756,19.902615,0.000000,0.000000,0.000000,0.000000,0.000000,0.000000,0.000000,0.000000,0.000000,0.000000,218.697052,0.000000,280.569336,0.000000,0.000000,0.000000,321.035065,0.000000,0.000000,0.000000,0.000000,0.000000,0.000000,0.000000,0.000000,0.000000,94.438469,5.313898,0.000000,0.000000,0.000000,0.000000,19.753117,0.000000,0.000000,0.000000,0.000000
750,2,C,0.000000,0.000000,235.091171,0.000000,0.000000,0.000000,0.000000,0.000000,0.000000,375.449799,19.989178,0.000000,0.000000,0.000000,155.576828,0.000000,0.000000,0.000000,0.000000,0.000000,0.000000,5.060223,0.000000,123.113190,0.000000,93.790710,0.000000,73.350792,0.000000,0.000000,57.459579,0.000000,0.000000,9.750219,0.000000,0.000000,0.000000,0.000000,0.000000,0.000000,0.000000,0.000000,0.000000,73.427711,0.000000,0.000000,0.000000,0.000000
751,0,A,0.000000,0.000000,0.000000,0.000000,0.000000,0.000000,0.000000,0.000000,0.000000,216.044159,297.958710,0.000000,0.000000,0.000000,358.147583,0.000000,0.000000,0.000000,0.000000,0.000000,0.000000,0.000000,0.000000,0.000000,0.000000,209.438461,0.000000,0.000000,0.000000,0.000000,57.583557,0.000000,85.365021,108.724205,0.000000,20.639498,0.000000,0.000000,0.000000,0.000000,0.000000,0.000000,0.000000,135.041595,74.291061,0.000000,0.000000,90.628105
752,2,C,0.000000,0.000000,221.062393,0.000000,0.000000,0.000000,0.000000,0.000000,0.000000,278.404755,0.000000,0.000000,0.000000,0.000000,53.447590,0.000000,0.000000,0.000000,0.000000,0.000000,0.000000,27.118782,0.000000,139.050522,0.000000,74.367722,0.000000,159.907043,0.000000,0.000000,0.000000,0.000000,0.000000,0.000000,0.000000,0.000000,0.000000,2.632003,11.063673,0.000000,0.000000,0.000000,0.000000,34.413818,0.000000,0.000000,0.000000,0.000000
753,0,A,0.000000,0.000000,217.069641,0.000000,0.000000,0.000000,0.000000,0.000000,0.000000,85.457298,0.000000,0.000000,0.000000,0.000000,12.910621,0.000000,0.000000,63.693230,0.000000,0.000000,0.000000,103.682785,0.000000,127.703606,0.000000,109.272675,0.000000,180.692886,0.000000,0.000000,47.723335,0.000000,0.000000,0.000000,0.000000,0.000000,0.000000,20.151480,0.000000,0.000000,0.000000,0.000000,0.000000,2.897882,0.000000,0.000000,0.000000,0.000000
754,3,D,0.000000,0.000000,0.000000,0.000000,0.000000,0.000000,0.000000,0.000000,0.000000,0.000000,0.000000,0.000000,0.000000,0.000000,0.000000,0.000000,0.000000,0.000000,0.000000,0.000000,0.000000,146.440567,0.000000,8.613535,0.000000,368.876556,0.000000,336.592255,307.605042,0.000000,0.000000,0.000000,0.000000,0.000000,0.000000,0.000000,0.000000,0.000000,0.000000,0.000000,0.000000,0.000000,109.007477,0.000000,9.554543,0.000000,0.000000,0.000000
755,0,A,0.000000,0.000000,208.405411,0.000000,0.000000,0.000000,0.000000,0.000000,0.000000,144.981888,34.213909,0.000000,0.000000,0.000000,82.046204,0.000000,0.000000,4.513896,0.000000,0.000000,0.000000,84.952332,0.000000,130.147888,0.000000,49.686558,0.000000,128.163498,0.000000,0.000000,66.147049,0.000000,0.000000,17.114393,0.000000,0.000000,0.000000,12.293936,0.000000,0.000000,0.000000,0.000000,0.000000,43.142296,0.000000,0.000000,0.000000,0.000000
756,2,C,0.000000,0.000000,146.201706,0.000000,0.000000,0.000000,0.000000,0.000000,0.000000,168.657242,0.000000,0.000000,0.000000,0.000000,99.460831,0.000000,0.000000,18.531628,0.000000,0.000000,0.000000,45.399002,0.000000,134.861206,0.000000,115.084213,0.000000,120.457542,0.000000,0.000000,42.668118,0.000000,0.000000,0.000000,0.000000,0.000000,0.000000,0.000000,0.000000,0.000000,0.000000,0.000000,0.000000,35.953846,0.000000,0.000000,0.000000,0.000000
757,4,E,0.000000,0.000000,0.000000,0.000000,0.000000,0.000000,0.000000,0.000000,0.000000,0.000000,240.555954,0.000000,0.000000,0.000000,168.685257,0.000000,0.000000,0.000000,0.000000,0.000000,0.000000,292.430328,0.000000,155.923309,0.000000,64.232094,0.000000,166.730606,119.871956,0.000000,15.663751,0.000000,0.000000,77.979462,0.000000,0.000000,0.000000,94.877029,0.000000,0.000000,0.000000,0.000000,0.000000,86.583435,0.000000,0.706780,0.000000,77.769653
758,1,B,0.000000,0.000000,293.141602,0.000000,0.000000,0.000000,0.000000,0.000000,0.000000,138.983109,0.000000,0.000000,0.000000,0.000000,0.000000,0.000000,0.000000,0.000000,0.000000,0.000000,0.000000,171.963318,0.000000,276.107819,0.000000,0.000000,0.000000,270.173309,0.000000,0.000000,0.000000,0.000000,0.000000,0.000000,0.000000,0.000000,0.000000,71.678268,7.449296,0.000000,0.000000,0.000000,0.000000,24.435167,0.000000,0.000000,0.000000,0.000000
759,0,A,0.000000,0.000000,204.567795,0.000000,0.000000,0.000000,0.000000,0.000000,0.000000,136.716019,49.750340,0.000000,0.000000,0.000000,72.326187,0.000000,0.000000,40.333866,0.000000,0.000000,0.000000,75.834274,0.000000,115.099670,0.000000,68.498535,0.000000,125.520622,0.000000,0.000000,80.743263,0.000000,0.000000,12.639832,0.000000,0.000000,0.000000,7.668346,0.000000,0.000000,0.000000,0.000000,0.000000,35.363914,0.000000,0.000000,0.000000,0.000000
760,1,B,0.000000,0.000000,281.638733,0.000000,0.000000,0.000000,0.000000,0.000000,0.000000,29.227234,10.579897,0.000000,0.000000,0.000000,0.000000,0.000000,0.000000,0.000000,0.000000,0.000000,0.000000,220.132355,0.000000,305.556427,0.000000,0.000000,0.000000,337.091553,0.000000,0.000000,0.000000,0.000000,0.000000,0.000000,0.000000,0.000000,0.000000,99.871887,0.000000,0.000000,0.000000,0.000000,0.000000,17.202702,0.000000,0.000000,0.000000,0.000000
761,4,E,0.000000,0.000000,0.000000,0.000000,0.000000,0.000000,0.000000,0.000000,0.000000,51.519974,146.739212,0.000000,0.000000,0.000000,161.648346,0.000000,0.000000,0.000000,0.000000,0.000000,0.000000,67.291443,0.000000,156.170624,0.000000,41.327644,0.000000,169.459396,0.000000,0.000000,0.000000,0.000000,4.495746,43.043224,0.000000,2.908963,0.000000,57.997936,13.968493,0.000000,0.000000,0.000000,0.000000,61.693958,0.000000,0.000000,0.000000,52.342720
762,0,A,0.000000,0.000000,0.000000,0.000000,0.000000,0.000000,0.000000,0.000000,0.000000,204.556351,282.135803,0.000000,0.000000,0.000000,313.429871,0.000000,0.000000,0.000000,0.000000,0.000000,0.000000,0.000000,0.000000,0.000000,0.000000,114.617737,0.000000,0.000000,0.000000,0.000000,36.384495,0.000000,89.202538,102.143295,0.000000,7.775703,0.000000,5.297918,0.000000,0.000000,0.000000,0.000000,0.000000,123.717758,49.000633,0.000000,0.000000,94.606522
763,1,B,0.000000,0.000000,244.529800,0.000000,0.000000,0.000000,0.000000,0.000000,0.000000,27.072344,9.383392,0.000000,0.000000,0.000000,0.000000,0.000000,0.000000,0.000000,0.000000,0.000000,0.000000,174.195572,0.000000,253.490204,0.000000,0.000000,0.000000,294.833160,0.000000,0.000000,0.793803,0.000000,0.000000,0.000000,0.000000,0.000000,0.000000,82.057732,0.000000,0.000000,0.000000,0.000000,0.000000,13.406460,0.000000,0.000000,0.000000,0.000000
764,0,A,0.000000,0.000000,0.000000,0.000000,0.000000,0.000000,0.000000,0.000000,0.000000,90.936401,315.490417,0.000000,0.000000,0.000000,315.841248,0.000000,0.000000,0.000000,0.000000,0.000000,0.000000,0.000000,0.000000,0.000000,0.000000,249.626892,0.000000,0.000000,30.218657,0.000000,86.749519,0.000000,60.329441,119.675903,0.000000,24.421894,0.000000,0.000000,0.000000,0.000000,0.000000,0.000000,0.000000,120.237015,91.399429,0.000000,0.000000,87.231552
765,0,A,0.000000,0.000000,192.081909,0.000000,0.000000,0.000000,0.000000,0.000000,0.000000,121.035225,50.226612,0.000000,0.000000,0.000000,76.957848,0.000000,0.000000,33.400242,0.000000,0.000000,0.000000,65.041405,0.000000,116.724419,0.000000,72.090340,0.000000,122.893814,0.000000,0.000000,96.501968,0.000000,0.000000,19.032629,0.000000,0.000000,0.000000,3.417914,0.000000,0.000000,0.000000,0.000000,0.000000,36.766689,0.000000,0.000000,0.000000,0.000000
766,0,A,0.000000,0.000000,0.000000,0.000000,0.000000,0.000000,0.000000,0.000000,0.000000,0.000000,319.096222,0.000000,0.000000,0.000000,301.844696,0.000000,0.000000,0.000000,0.000000,0.000000,0.000000,0.000000,0.000000,0.000000,0.000000,294.297516,0.000000,0.000000,102.203110,0.000000,60.355103,0.000000,32.150055,117.620476,0.000000,11.754694,0.000000,0.000000,0.000000,0.000000,0.000000,0.000000,0.000000,109.991455,109.184296,0.000000,0.000000,77.084618
767,3,D,0.000000,0.000000,0.000000,0.000000,0.000000,0.000000,0.000000,0.000000,0.000000,0.000000,46.408878,0.000000,0.000000,0.000000,0.000000,0.000000,0.000000,0.000000,0.000000,0.000000,0.000000,129.405945,0.000000,87.122040,0.000000,193.391891,0.000000,304.383331,107.175285,0.000000,0.000000,0.000000,0.000000,0.000000,0.000000,0.941043,0.000000,35.656578,0.000000,0.000000,0.000000,0.000000,53.952999,0.000000,0.000000,0.000000,0.000000,0.000000
768,2,C,0.000000,0.000000,278.994110,0.000000,0.000000,0.000000,0.000000,0.000000,0.000000,178.310974,8.565089,0.000000,0.000000,0.000000,22.144012,0.000000,0.000000,32.956287,0.000000,0.000000,0.000000,61.202091,0.000000,167.626862,0.000000,2.550021,0.000000,157.811020,0.000000,0.000000,47.195267,0.000000,0.000000,0.000000,0.000000,0.000000,0.000000,16.846062,0.000000,0.000000,0.000000,0.000000,0.000000,25.073612,0.000000,0.000000,0.000000,0.000000
769,3,D,0.000000,0.000000,0.000000,0.000000,0.000000,0.000000,0.000000,0.000000,0.000000,21.443449,0.000000,0.000000,0.000000,0.000000,0.000000,0.000000,0.000000,0.000000,0.000000,0.000000,0.000000,110.152603,0.000000,124.870323,0.000000,254.954376,0.000000,316.953796,36.071007,0.000000,0.000000,0.000000,0.000000,0.000000,0.000000,29.883398,0.000000,34.184593,0.000000,0.000000,0.000000,0.000000,73.118172,0.000000,0.000000,0.000000,0.000000,0.000000
770,2,C,0.000000,0.000000,242.061615,0.000000,0.000000,0.000000,0.000000,0.000000,0.000000,359.664337,0.000000,0.000000,0.000000,0.000000,116.747635,0.000000,0.000000,0.000000,0.000000,0.000000,0.000000,37.741234,0.000000,138.505936,0.000000,96.258148,0.000000,116.890968,0.000000,0.000000,10.611108,0.000000,0.000000,0.000000,0.000000,0.000000,0.000000,0.000000,9.275866,0.000000,0.000000,0.000000,0.000000,57.996170,0.000000,0.000000,0.000000,0.000000
771,4,E,0.000000,0.000000,0.000000,0.000000,0.000000,0.000000,0.000000,0.000000,0.000000,41.460365,182.699341,0.000000,0.000000,0.000000,125.720703,0.000000,0.000000,0.000000,0.000000,0.000000,0.000000,105.011055,0.000000,83.064735,0.000000,116.449226,0.000000,85.336807,0.000000,0.000000,129.020676,0.000000,12.875699,76.442535,0.000000,25.931120,0.000000,22.261805,0.000000,0.000000,0.000000,0.000000,0.000000,65.554237,0.000000,9.704563,0.000000,56.946606
772,2,C,0.000000,0.000000,233.367599,0.000000,0.000000,0.000000,0.000000,0.000000,0.000000,291.754059,0.000000,0.000000,0.000000,0.000000,92.646614,0.000000,0.000000,9.046774,0.000000,0.000000,0.000000,30.538675,0.000000,123.145592,0.000000,110.862213,0.000000,110.989471,0.000000,0.000000,34.543434,0.000000,0.000000,0.000000,0.000000,0.000000,0.000000,0.000000,0.000000,0.000000,0.000000,0.000000,0.000000,45.830414,0.000000,0.000000,0.000000,0.000000
773,0,A,0.000000,0.000000,221.643265,0.000000,0.000000,0.000000,0.000000,0.000000,0.000000,154.616806,38.064877,0.000000,0.000000,0.000000,70.683372,0.000000,0.000000,42.325527,0.000000,0.000000,0.000000,84.204933,0.000000,131.098969,0.000000,29.283909,0.000000,130.178619,0.000000,0.000000,42.994205,0.000000,0.000000,2.362507,0.000000,0.000000,0.000000,19.248508,0.000000,0.000000,0.000000,0.000000,0.000000,34.907928,0.000000,0.000000,0.000000,0.000000
774,4,E,0.000000,0.000000,0.000000,0.000000,0.000000,0.000000,0.000000,0.000000,0.000000,0.000000,235.836304,0.000000,0.000000,0.000000,148.288025,0.000000,0.000000,0.000000,0.000000,0.000000,0.000000,196.681442,0.000000,154.141586,0.000000,116.743462,0.000000,146.530136,0.000000,0.000000,53.290371,0.000000,8.562942,75.443153,0.000000,23.711721,0.000000,80.667419,0.000000,0.000000,0.000000,0.000000,0.000000,76.097382,0.000000,2.001364,0.000000,74.209023
775,0,A,0.000000,0.000000,0.000000,0.000000,0.000000,0.000000,0.000000,0.000000,0.000000,205.842850,309.097504,0.000000,0.000000,0.000000,314.266724,0.000000,0.000000,0.000000,0.000000,0.000000,0.000000,0.000000,0.000000,0.000000,0.000000,253.512314,0.000000,0.000000,0.000000,0.000000,0.000000,0.000000,79.981102,92.108559,0.000000,32.267975,0.000000,7.615339,0.000000,0.000000,0.000000,0.000000,0.000000,122.114326,80.650696,0.000000,0.000000,86.038063
776,3,D,0.000000,0.000000,0.000000,0.000000,0.000000,0.000000,0.000000,0.000000,0.000000,0.000000,0.000000,0.000000,0.000000,0.000000,0.000000,0.000000,0.000000,0.000000,0.000000,0.000000,0.000000,94.951317,0.000000,94.947487,0.000000,277.213715,0.000000,304.617096,138.297241,0.000000,0.000000,0.000000,0.000000,0.000000,0.000000,5.129889,0.000000,12.582377,0.000000,0.000000,0.000000,0.000000,82.338387,0.000000,0.000000,0.000000,0.000000,0.000000
777,4,E,0.000000,0.000000,0.000000,0.000000,0.000000,0.000000,0.000000,0.000000,0.000000,160.344101,220.908783,0.000000,0.000000,0.000000,4.837471,0.000000,0.000000,0.000000,0.000000,0.000000,0.000000,98.098610,0.000000,78.309227,0.000000,102.305489,0.000000,133.544724,0.000000,0.000000,74.386505,0.000000,19.787413,55.295280,0.000000,42.343273,0.000000,37.088020,0.000000,0.000000,0.000000,0.000000,0.000000,47.254307,0.000000,0.000000,0.000000,68.776962
778,1,B,0.000000,0.000000,256.605438,0.000000,0.000000,0.000000,0.000000,0.000000,0.000000,83.848213,0.000000,0.000000,0.000000,0.000000,0.000000,0.000000,0.000000,0.000000,0.000000,0.000000,0.000000,185.959595,0.000000,267.272186,0.000000,0.000000,0.000000,301.257416,0.000000,0.000000,0.000000,0.000000,0.000000,0.000000,0.000000,0.000000,0.000000,80.247398,6.544313,0.000000,0.000000,0.000000,0.000000,17.476439,0.000000,0.000000,0.000000,0.000000
779,1,B,0.000000,0.000000,276.313782,0.000000,0.000000,0.000000,0.000000,0.000000,0.000000,67.603958,2.220478,0.000000,0.000000,0.000000,0.000000,0.000000,0.000000,0.000000,0.000000,0.000000,0.000000,189.729858,0.000000,276.770050,0.000000,0.000000,0.000000,309.787506,0.000000,0.000000,0.000000,0.000000,0.000000,0.000000,0.000000,0.000000,0.000000,84.239944,1.781999,0.000000,0.000000,0.000000,0.000000,17.226755,0.000000,0.000000,0.000000,0.000000
780,1,B,0.000000,0.000000,171.377625,0.000000,0.000000,0.000000,0.000000,0.000000,0.000000,55.674305,38.887596,0.000000,0.000000,0.000000,54.264969,0.000000,0.000000,61.511856,0.000000,0.000000,0.000000,96.628426,0.000000,109.352463,0.000000,93.673248,0.000000,142.280624,0.000000,0.000000,86.414391,0.000000,0.000000,3.570290,0.000000,0.000000,0.000000,14.547086,0.000000,0.000000,0.000000,0.000000,0.000000,18.447630,0.000000,0.000000,0.000000,0.000000
781,0,A,0.000000,0.000000,304.196106,0.000000,0.000000,0.000000,0.000000,0.000000,0.000000,257.043762,44.419754,0.000000,0.000000,0.000000,95.086617,0.000000,0.000000,0.000000,0.000000,0.000000,0.000000,16.480766,0.000000,178.404724,0.000000,0.000000,0.000000,117.750618,0.000000,0.000000,134.647903,0.000000,0.000000,37.487446,0.000000,0.000000,0.000000,0.000000,0.000000,0.000000,0.000000,0.000000,0.000000,64.456062,0.000000,0.000000,0.000000,1.492749
782,3,D,0.000000,0.000000,0.000000,0.000000,0.000000,0.000000,0.000000,0.000000,0.000000,0.000000,7.004426,0.000000,0.000000,0.000000,0.000000,0.000000,0.000000,0.000000,0.000000,0.000000,0.000000,172.838699,0.000000,127.153442,0.000000,223.478317,0.000000,254.663620,211.431503,0.000000,0.000000,0.000000,0.000000,0.000000,0.000000,0.000000,0.000000,21.669262,0.000000,0.000000,0.000000,0.000000,73.700127,0.000000,0.000000,0.000000,0.000000,0.000000
783,4,E,0.000000,0.000000,0.000000,0.000000,0.000000,0.000000,0.000000,0.000000,0.000000,32.325939,132.639130,0.000000,0.000000,0.000000,189.129028,0.000000,0.000000,0.000000,0.000000,0.000000,0.000000,78.741310,0.000000,111.669090,0.000000,51.771732,0.000000,117.694466,0.000000,0.000000,91.102211,0.000000,8.635779,64.636253,0.000000,1.481216,0.000000,27.718880,0.000000,0.000000,0.000000,0.000000,0.000000,69.672981,0.000000,17.177053,0.000000,48.718414
784,2,C,0.000000,0.000000,247.329422,0.000000,0.000000,0.000000,0.000000,0.000000,0.000000,370.235840,0.000000,0.000000,0.000000,0.000000,88.973793,0.000000,0.000000,0.000000,0.000000,0.000000,0.000000,15.606704,0.000000,132.340576,0.000000,111.792747,0.000000,128.376724,0.000000,0.000000,0.000000,0.000000,0.000000,0.000000,0.000000,0.000000,0.000000,0.000000,12.060569,0.000000,0.000000,0.000000,0.000000,49.610737,0.000000,0.000000,0.000000,0.000000
785,0,A,0.000000,0.000000,0.000000,0.000000,0.000000,0.000000,0.000000,0.000000,0.000000,137.975204,250.265396,0.000000,0.000000,0.000000,232.276627,0.000000,0.000000,0.000000,0.000000,0.000000,0.000000,42.783924,0.000000,0.000000,0.000000,266.903809,0.000000,19.840851,126.547707,0.000000,80.572731,0.000000,22.288469,90.354607,0.000000,8.320490,0.000000,0.000000,0.000000,0.000000,0.000000,0.000000,0.000000,97.903801,76.066643,0.000000,0.000000,58.482235
786,0,A,0.000000,0.000000,0.000000,0.000000,0.000000,0.000000,0.000000,0.000000,0.000000,305.630402,299.886139,0.000000,0.000000,0.000000,365.535614,0.000000,0.000000,0.000000,0.000000,0.000000,0.000000,0.000000,0.000000,0.000000,0.000000,166.460632,0.000000,0.000000,0.000000,0.000000,56.943398,0.000000,101.203392,108.593239,0.000000,15.217121,0.000000,0.000000,0.000000,0.000000,0.000000,0.000000,0.000000,144.764954,57.678047,0.000000,0.000000,98.619148
787,4,E,0.000000,0.000000,23.725527,0.000000,0.000000,0.000000,0.000000,0.000000,0.000000,247.822906,139.565872,0.000000,0.000000,0.000000,16.944887,0.000000,0.000000,0.000000,0.000000,0.000000,0.000000,73.627563,0.000000,204.040741,0.000000,0.000000,0.000000,219.175964,0.000000,0.000000,0.000000,0.000000,2.324232,16.295284,0.000000,16.193283,0.000000,58.605019,58.501423,0.000000,0.000000,0.000000,0.000000,45.533821,0.000000,0.000000,0.000000,53.725113
788,0,A,0.000000,0.000000,176.624054,0.000000,0.000000,0.000000,0.000000,0.000000,0.000000,42.759899,55.321026,0.000000,0.000000,0.000000,41.495598,0.000000,0.000000,33.322140,0.000000,0.000000,0.000000,91.171379,0.000000,122.201431,0.000000,83.239075,0.000000,142.199051,0.000000,0.000000,121.859398,0.000000,0.000000,23.695591,0.000000,0.000000,0.000000,12.119817,0.000000,0.000000,0.000000,0.000000,0.000000,24.946295,0.000000,0.000000,0.000000,0.000000
789,1,B,0.000000,0.000000,273.800842,0.000000,0.000000,0.000000,0.000000,0.000000,0.000000,17.929434,9.712637,0.000000,0.000000,0.000000,0.000000,0.000000,0.000000,0.000000,0.000000,0.000000,0.000000,226.506470,0.000000,306.859192,0.000000,0.000000,0.000000,349.339630,0.000000,0.000000,0.000000,0.000000,0.000000,0.000000,0.000000,0.000000,0.000000,102.953781,0.000000,0.000000,0.000000,0.000000,0.000000,15.608155,0.000000,0.000000,0.000000,0.000000
790,2,C,0.000000,0.000000,244.590668,0.000000,0.000000,0.000000,0.000000,0.000000,0.000000,252.468277,0.000000,0.000000,0.000000,0.000000,61.079746,0.000000,0.000000,0.000000,0.000000,0.000000,0.000000,35.177231,0.000000,150.700058,0.000000,97.999039,0.000000,143.739609,0.000000,0.000000,7.233110,0.000000,0.000000,0.000000,0.000000,0.000000,0.000000,2.658063,0.000000,0.000000,0.000000,0.000000,0.000000,36.627338,0.000000,0.000000,0.000000,0.000000
791,1,B,0.000000,0.000000,295.554138,0.000000,0.000000,0.000000,0.000000,0.000000,0.000000,88.564980,16.987661,0.000000,0.000000,0.000000,0.000000,0.000000,0.000000,0.000000,0.000000,0.000000,0.000000,181.185135,0.000000,278.199493,0.000000,0.000000,0.000000,298.690857,0.000000,0.000000,0.000000,0.000000,0.000000,0.000000,0.000000,0.000000,0.000000,82.601562,1.713102,0.000000,0.000000,0.000000,0.000000,21.825399,0.000000,0.000000,0.000000,0.000000
792,0,A,0.000000,0.000000,0.000000,0.000000,0.000000,0.000000,0.000000,0.000000,0.000000,0.000000,186.086197,0.000000,0.000000,0.000000,29.381741,0.000000,0.000000,0.000000,0.000000,0.000000,0.000000,96.213020,0.000000,0.000000,0.000000,318.386536,0.000000,204.362823,419.484192,0.000000,70.157028,0.000000,0.000000,54.216686,0.000000,0.000000,0.000000,0.000000,0.000000,0.000000,0.000000,0.000000,29.404778,28.404949,42.426605,0.000000,0.000000,9.959542
793,3,D,0.000000,0.000000,0.000000,0.000000,0.000000,0.000000,0.000000,0.000000,0.000000,0.000000,0.000000,0.000000,0.000000,0.000000,0.000000,0.000000,0.000000,0.000000,0.000000,0.000000,0.000000,122.971283,0.000000,53.150501,0.000000,287.207733,0.000000,326.645050,201.534485,0.000000,0.000000,0.000000,0.000000,0.000000,0.000000,0.000000,0.000000,4.038106,0.000000,0.000000,0.000000,0.000000,88.623604,0.000000,0.000000,0.000000,0.000000,0.000000
794,4,E,0.000000,0.000000,0.000000,0.000000,0.000000,0.000000,0.000000,0.000000,0.000000,256.806122,243.759872,0.000000,0.000000,0.000000,48.339005,0.000000,0.000000,0.000000,0.000000,0.000000,0.000000,0.000000,0.000000,33.867725,0.000000,6.507556,0.000000,235.400803,0.000000,0.000000,0.000000,0.000000,38.103802,48.786591,0.000000,15.315307,0.000000,39.854660,64.243965,34.878590,0.000000,0.000000,0.000000,51.401741,0.000000,0.000000,0.000000,87.063705
795,1,B,0.000000,0.000000,281.514252,0.000000,0.000000,0.000000,0.000000,0.000000,0.000000,0.000000,111.895439,0.000000,0.000000,0.000000,0.000000,0.000000,0.000000,0.000000,0.000000,0.000000,0.000000,218.636322,0.000000,287.761932,0.000000,0.000000,0.000000,304.933685,0.000000,0.000000,4.141542,0.000000,0.000000,19.325901,0.000000,0.000000,0.000000,113.161232,0.000000,0.000000,0.000000,0.000000,0.000000,31.132687,0.000000,0.000000,0.000000,17.256598
796,0,A,0.000000,0.000000,0.000000,0.000000,0.000000,0.000000,0.000000,0.000000,0.000000,49.624321,320.426453,0.000000,0.000000,0.000000,303.755249,0.000000,0.000000,0.000000,0.000000,0.000000,0.000000,0.000000,0.000000,0.000000,0.000000,232.681686,0.000000,0.000000,30.400200,0.000000,86.280754,0.000000,57.785091,122.834961,0.000000,22.157610,0.000000,0.719492,0.000000,0.000000,0.000000,0.000000,0.000000,115.735390,90.214531,0.000000,0.000000,89.611305
797,2,C,0.000000,0.000000,257.606781,0.000000,0.000000,0.000000,0.000000,0.000000,0.000000,259.526276,0.000000,0.000000,0.000000,0.000000,51.745239,0.000000,0.000000,2.762572,0.000000,0.000000,0.000000,45.733803,0.000000,151.192963,0.000000,85.976967,0.000000,146.516357,0.000000,0.000000,0.000000,0.000000,0.000000,0.000000,0.000000,0.000000,0.000000,6.765854,0.369241,0.000000,0.000000,0.000000,0.000000,35.181004,0.000000,0.000000,0.000000,0.000000
798,4,E,0.000000,0.000000,0.000000,0.000000,0.000000,0.000000,0.000000,0.000000,0.000000,76.365891,304.660309,0.000000,0.000000,0.000000,46.346138,0.000000,0.000000,0.000000,0.000000,0.000000,0.000000,96.724701,0.000000,143.475861,0.000000,0.000000,0.000000,158.213455,0.000000,0.000000,0.000000,0.000000,37.197010,76.554550,0.000000,24.179377,0.000000,90.975021,35.484890,15.909988,0.000000,0.000000,0.000000,64.178856,0.000000,0.000000,0.000000,107.265030
799,3,D,0.000000,0.000000,0.000000,0.000000,0.000000,0.000000,0.000000,0.000000,0.000000,26.992561,42.021507,0.000000,0.000000,0.000000,0.000000,0.000000,0.000000,0.000000,0.000000,0.000000,0.000000,127.658783,0.000000,104.374352,0.000000,182.858170,0.000000,293.036652,32.293907,0.000000,0.000000,0.000000,0.000000,0.000000,0.000000,20.863882,0.000000,45.020004,0.000000,0.000000,0.000000,0.000000,46.568676,0.000000,0.000000,0.000000,0.000000,0.000000
800,1,B,0.000000,0.000000,285.971436,0.000000,0.000000,0.000000,0.000000,0.000000,0.000000,22.883635,13.601147,0.000000,0.000000,0.000000,0.000000,0.000000,0.000000,0.000000,0.000000,0.000000,0.000000,205.486679,0.000000,297.268372,0.000000,0.000000,0.000000,334.631165,0.000000,0.000000,0.000000,0.000000,0.000000,0.000000,0.000000,0.000000,0.000000,96.990952,0.000000,0.000000,0.000000,0.000000,0.000000,16.192019,0.000000,0.000000,0.000000,0.000000
801,3,D,0.000000,0.000000,0.000000,0.000000,0.000000,0.000000,0.000000,0.000000,0.000000,0.000000,0.000000,0.000000,0.000000,0.000000,0.000000,0.000000,0.000000,0.000000,0.000000,0.000000,0.000000,236.927658,0.000000,151.588242,0.000000,179.881165,0.000000,279.708496,72.197609,0.000000,0.000000,0.000000,0.000000,0.000000,0.000000,7.916013,0.000000,59.273319,0.000000,0.000000,0.000000,0.000000,64.557068,0.000000,0.000000,0.000000,0.000000,0.000000
802,4,E,0.000000,0.000000,0.000000,0.000000,0.000000,0.000000,0.000000,0.000000,0.000000,143.519867,145.607895,0.000000,0.000000,0.000000,6.988308,0.000000,0.000000,0.000000,0.000000,0.000000,0.000000,45.172886,0.000000,113.577469,0.000000,55.317242,0.000000,200.118454,0.000000,0.000000,0.000000,0.000000,0.000000,19.616085,0.000000,25.141043,0.000000,46.225182,33.002312,1.198928,0.000000,0.000000,0.000000,28.211733,0.000000,0.000000,0.000000,46.850063
803,1,B,0.000000,0.000000,264.747345,0.000000,0.000000,0.000000,0.000000,0.000000,0.000000,0.000000,5.811459,0.000000,0.000000,0.000000,0.000000,0.000000,0.000000,0.000000,0.000000,0.000000,0.000000,212.180649,0.000000,286.737579,0.000000,0.000000,0.000000,338.795776,0.000000,0.000000,0.000000,0.000000,0.000000,0.000000,0.000000,0.000000,0.000000,97.918526,0.000000,0.000000,0.000000,0.000000,0.000000,12.205894,0.000000,0.000000,0.000000,0.000000
804,0,A,0.000000,0.000000,175.615112,0.000000,0.000000,0.000000,0.000000,0.000000,0.000000,33.694698,53.200291,0.000000,0.000000,0.000000,28.192240,0.000000,0.000000,42.305782,0.000000,0.000000,0.000000,95.100967,0.000000,117.011696,0.000000,102.126068,0.000000,153.723129,0.000000,0.000000,125.531792,0.000000,0.000000,18.499557,0.000000,0.000000,0.000000,11.595376,0.000000,0.000000,0.000000,0.000000,0.000000,18.156796,0.000000,0.000000,0.000000,0.000000
805,1,B,0.000000,0.000000,252.716156,0.000000,0.000000,0.000000,0.000000,0.000000,0.000000,67.560287,21.009951,0.000000,0.000000,0.000000,0.000000,0.000000,0.000000,0.000000,0.000000,0.000000,0.000000,218.606369,0.000000,277.013275,0.000000,0.000000,0.000000,309.276062,0.000000,0.000000,0.000000,0.000000,0.000000,0.000000,0.000000,0.000000,0.000000,92.714005,7.509042,0.000000,0.000000,0.000000,0.000000,20.894180,0.000000,0.000000,0.000000,0.000000
806,0,A,0.000000,0.000000,0.000000,0.000000,0.000000,0.000000,0.000000,0.000000,0.000000,147.817337,306.600769,0.000000,0.000000,0.000000,215.543747,0.000000,0.000000,0.000000,0.000000,0.000000,0.000000,90.780731,0.000000,8.141725,0.000000,220.845627,0.000000,101.267990,22.815475,0.000000,0.000000,0.000000,46.842438,81.581825,0.000000,26.524832,0.000000,38.294998,0.000000,0.000000,0.000000,0.000000,0.000000,95.060738,41.492470,0.000000,0.000000,84.717918
807,1,B,0.000000,0.000000,278.017578,0.000000,0.000000,0.000000,0.000000,0.000000,0.000000,109.001038,11.523128,0.000000,0.000000,0.000000,0.000000,0.000000,0.000000,0.000000,0.000000,0.000000,0.000000,179.057938,0.000000,273.340485,0.000000,0.000000,0.000000,290.247772,0.000000,0.000000,0.000000,0.000000,0.000000,0.000000,0.000000,0.000000,0.000000,78.610367,6.799947,0.000000,0.000000,0.000000,0.000000,22.342237,0.000000,0.000000,0.000000,0.000000
808,3,D,0.000000,0.000000,0.000000,0.000000,0.000000,0.000000,0.000000,0.000000,0.000000,0.000000,3.561407,0.000000,0.000000,0.000000,0.000000,0.000000,0.000000,0.000000,0.000000,0.000000,0.000000,173.361145,0.000000,130.249222,0.000000,169.800827,0.000000,280.244171,26.133289,0.000000,0.000000,0.000000,0.000000,0.000000,0.000000,17.887016,0.000000,53.093655,0.000000,0.000000,0.000000,0.000000,57.436607,0.000000,0.000000,0.000000,0.000000,0.000000
809,2,C,0.000000,0.000000,256.316040,0.000000,0.000000,0.000000,0.000000,0.000000,0.000000,319.561157,0.000000,0.000000,0.000000,0.000000,83.147758,0.000000,0.000000,0.000000,0.000000,0.000000,0.000000,49.528851,0.000000,145.377380,0.000000,78.838615,0.000000,136.515869,0.000000,0.000000,0.000000,0.000000,0.000000,0.000000,0.000000,0.000000,0.000000,0.674672,11.101408,0.000000,0.000000,0.000000,0.000000,47.582451,0.000000,0.000000,0.000000,0.000000
810,2,C,0.000000,0.000000,233.157883,0.000000,0.000000,0.000000,0.000000,0.000000,0.000000,365.010498,4.692880,0.000000,0.000000,0.000000,127.718498,0.000000,0.000000,0.000000,0.000000,0.000000,0.000000,9.619225,0.000000,127.474373,0.000000,124.242165,0.000000,98.265396,0.000000,0.000000,31.548014,0.000000,0.000000,0.000000,0.000000,0.000000,0.000000,0.000000,0.000000,0.000000,0.000000,0.000000,0.000000,60.849636,0.000000,0.000000,0.000000,0.000000
811,2,C,0.000000,0.000000,90.483154,0.000000,0.000000,0.000000,0.000000,0.000000,0.000000,390.834686,1.178593,0.000000,0.000000,0.000000,70.282570,0.000000,0.000000,0.000000,0.000000,0.000000,0.000000,3.823460,0.000000,75.319290,0.000000,205.493790,0.000000,162.826157,0.000000,0.000000,0.000000,0.000000,0.000000,0.000000,0.000000,10.342882,0.000000,0.000000,23.389004,0.000000,0.000000,0.000000,0.000000,34.573730,0.000000,0.000000,0.000000,0.000000
812,4,E,0.000000,0.000000,0.000000,0.000000,0.000000,0.000000,0.000000,0.000000,0.000000,38.750412,162.460724,0.000000,0.000000,0.000000,122.586456,0.000000,0.000000,0.000000,0.000000,0.000000,0.000000,139.147171,0.000000,70.646179,0.000000,119.882568,0.000000,134.062256,54.422028,0.000000,144.487564,0.000000,0.000000,73.604309,0.000000,7.980149,0.000000,15.909904,0.000000,0.000000,0.000000,0.000000,0.000000,60.942436,0.000000,7.419099,0.000000,47.813438
813,1,B,0.000000,0.000000,155.185989,0.000000,0.000000,0.000000,0.000000,0.000000,0.000000,30.436148,71.745102,0.000000,0.000000,0.000000,63.629028,0.000000,0.000000,88.431725,0.000000,0.000000,0.000000,91.540627,0.000000,108.596939,0.000000,71.955307,0.000000,129.850220,0.000000,0.000000,99.469971,0.000000,0.000000,11.878076,0.000000,0.000000,0.000000,18.957190,0.000000,0.000000,0.000000,0.000000,0.000000,20.351818,0.000000,0.000000,0.000000,0.000000
814,0,A,0.000000,0.000000,0.000000,0.000000,0.000000,0.000000,0.000000,0.000000,0.000000,157.764648,305.469391,0.000000,0.000000,0.000000,298.182739,0.000000,0.000000,0.000000,0.000000,0.000000,0.000000,0.000000,0.000000,0.000000,0.000000,247.548584,0.000000,0.000000,0.000000,0.000000,57.083649,0.000000,71.281853,104.326477,0.000000,34.237942,0.000000,0.000000,0.000000,0.000000,0.000000,0.000000,0.000000,117.679832,82.212341,0.000000,0.000000,85.541939
815,1,B,0.000000,0.000000,249.728104,0.000000,0.000000,0.000000,0.000000,0.000000,0.000000,92.846115,38.887936,0.000000,0.000000,0.000000,0.000000,0.000000,0.000000,0.000000,0.000000,0.000000,0.000000,176.065796,0.000000,267.002228,0.000000,0.000000,0.000000,274.902374,0.000000,0.000000,0.000000,0.000000,0.000000,0.000000,0.000000,0.000000,0.000000,82.348312,7.687200,0.000000,0.000000,0.000000,0.000000,25.116133,0.000000,0.000000,0.000000,0.000000
816,2,C,0.000000,0.000000,234.169449,0.000000,0.000000,0.000000,0.000000,0.000000,0.000000,157.710785,0.000000,0.000000,0.000000,0.000000,35.000874,0.000000,0.000000,100.425919,0.000000,0.000000,0.000000,77.844856,0.000000,142.435211,0.000000,33.126087,0.000000,151.125061,0.000000,0.000000,0.363145,0.000000,0.000000,0.000000,0.000000,0.000000,0.000000,24.917646,0.000000,0.000000,0.000000,0.000000,0.000000,8.617128,0.000000,0.000000,0.000000,0.000000
817,4,E,0.000000,0.000000,0.000000,0.000000,0.000000,0.000000,0.000000,0.000000,0.000000,74.722069,95.534866,0.000000,0.000000,0.000000,108.225929,0.000000,0.000000,0.000000,0.000000,0.000000,0.000000,45.570965,0.000000,138.539749,0.000000,30.085558,0.000000,145.582382,0.000000,0.000000,0.000000,0.000000,0.000000,24.053383,0.000000,4.942636,0.000000,41.929832,17.193581,0.000000,0.000000,0.000000,0.000000,44.014019,0.000000,0.000000,0.000000,35.207397
818,2,C,0.000000,0.000000,258.966858,0.000000,0.000000,0.000000,0.000000,0.000000,0.000000,316.963837,0.000000,0.000000,0.000000,0.000000,95.143730,0.000000,0.000000,0.000000,0.000000,0.000000,0.000000,43.795891,0.000000,142.225189,0.000000,82.533569,0.000000,128.940018,0.000000,0.000000,3.751771,0.000000,0.000000,0.000000,0.000000,0.000000,0.000000,0.000000,6.870336,0.000000,0.000000,0.000000,0.000000,50.190266,0.000000,0.000000,0.000000,0.000000
819,0,A,0.000000,0.000000,242.399673,0.000000,0.000000,0.000000,0.000000,0.000000,0.000000,100.844521,43.299126,0.000000,0.000000,0.000000,59.596649,0.000000,0.000000,40.883087,0.000000,0.000000,0.000000,84.752167,0.000000,131.435501,0.000000,22.693651,0.000000,148.734146,0.000000,0.000000,57.679619,0.000000,0.000000,8.799314,0.000000,0.000000,0.000000,23.272377,0.000000,0.000000,0.000000,0.000000,0.000000,29.653366,0.000000,0.000000,0.000000,0.000000
820,0,A,0.000000,0.000000,169.421509,0.000000,0.000000,0.000000,0.000000,0.000000,0.000000,110.709450,55.533318,0.000000,0.000000,0.000000,73.568375,0.000000,0.000000,44.322929,0.000000,0.000000,0.000000,67.753670,0.000000,105.197433,0.000000,94.028412,0.000000,117.898499,0.000000,0.000000,107.258278,0.000000,0.000000,18.190132,0.000000,0.000000,0.000000,0.181894,0.000000,0.000000,0.000000,0.000000,0.000000,33.311069,0.000000,0.000000,0.000000,0.000000
821,3,D,0.000000,0.000000,0.000000,0.000000,0.000000,0.000000,0.000000,0.000000,0.000000,3.268126,0.000000,0.000000,0.000000,0.000000,0.000000,0.000000,0.000000,0.000000,0.000000,0.000000,0.000000,70.384537,0.000000,34.989212,0.000000,347.288330,0.000000,273.315277,150.075348,0.000000,0.000000,0.000000,0.000000,0.000000,0.000000,11.098189,0.000000,0.000000,0.000000,0.000000,0.000000,0.000000,91.223320,0.000000,10.297687,0.000000,0.000000,0.000000
822,4,E,0.000000,0.000000,0.000000,0.000000,0.000000,0.000000,0.000000,0.000000,0.000000,173.274185,204.708450,0.000000,0.000000,0.000000,50.815113,0.000000,0.000000,0.000000,0.000000,0.000000,0.000000,68.182976,0.000000,122.559128,0.000000,96.371223,0.000000,139.016907,0.000000,0.000000,0.000000,0.000000,21.486176,39.046608,0.000000,34.889542,0.000000,50.105640,27.908768,0.000000,0.000000,0.000000,0.000000,53.433140,0.000000,0.000000,0.000000,64.174355
823,3,D,0.000000,0.000000,0.000000,0.000000,0.000000,0.000000,0.000000,0.000000,0.000000,0.000000,0.000000,0.000000,0.000000,0.000000,0.000000,0.000000,0.000000,0.000000,0.000000,0.000000,0.000000,103.487595,0.000000,29.014736,0.000000,361.212677,0.000000,268.907654,146.425491,0.000000,0.000000,0.000000,0.000000,0.000000,0.000000,13.244282,0.000000,0.000000,0.000000,0.000000,0.000000,0.000000,94.255661,0.000000,14.645002,0.000000,0.000000,0.000000
824,0,A,0.000000,0.000000,0.000000,0.000000,0.000000,0.000000,0.000000,0.000000,0.000000,71.271202,301.598602,0.000000,0.000000,0.000000,285.014709,0.000000,0.000000,0.000000,0.000000,0.000000,0.000000,0.000000,0.000000,0.000000,0.000000,283.318909,0.000000,0.000000,42.244110,0.000000,72.530655,0.000000,47.255264,108.480438,0.000000,29.004572,0.000000,0.000000,0.000000,0.000000,0.000000,0.000000,0.000000,108.600662,97.190918,0.000000,0.000000,76.397171
825,3,D,0.000000,0.000000,0.000000,0.000000,0.000000,0.000000,0.000000,0.000000,0.000000,0.000000,0.000000,0.000000,0.000000,0.000000,0.000000,0.000000,0.000000,0.000000,0.000000,0.000000,0.000000,121.662216,0.000000,73.758492,0.000000,269.243011,0.000000,326.359741,157.386108,0.000000,0.000000,0.000000,0.000000,0.000000,0.000000,0.000000,0.000000,13.965497,0.000000,0.000000,0.000000,0.000000,83.556686,0.000000,0.000000,0.000000,0.000000,0.000000
826,2,C,0.000000,0.000000,251.535843,0.000000,0.000000,0.000000,0.000000,0.000000,0.000000,281.507324,0.000000,0.000000,0.000000,0.000000,62.367321,0.000000,0.000000,0.000000,0.000000,0.000000,0.000000,51.814655,0.000000,148.860870,0.000000,87.623489,0.000000,140.315994,0.000000,0.000000,6.436983,0.000000,0.000000,0.000000,0.000000,0.000000,0.000000,3.490023,2.025312,0.000000,0.000000,0.000000,0.000000,40.317299,0.000000,0.000000,0.000000,0.000000
827,4,E,0.000000,0.000000,0.000000,0.000000,0.000000,0.000000,0.000000,0.000000,0.000000,222.014236,170.964798,0.000000,0.000000,0.000000,25.023195,0.000000,0.000000,0.000000,0.000000,0.000000,0.000000,78.340828,0.000000,108.894630,0.000000,42.020496,0.000000,211.668503,0.000000,0.000000,0.000000,0.000000,12.840512,25.123032,0.000000,23.290524,0.000000,50.534256,52.121696,4.250706,0.000000,0.000000,0.000000,42.447411,0.000000,0.000000,0.000000,59.353493
828,1,B,0.000000,0.000000,268.009705,0.000000,0.000000,0.000000,0.000000,0.000000,0.000000,25.938448,20.581078,0.000000,0.000000,0.000000,0.000000,0.000000,0.000000,0.000000,0.000000,0.000000,0.000000,215.884430,0.000000,297.476562,0.000000,0.000000,0.000000,340.219574,0.000000,0.000000,0.000000,0.000000,0.000000,0.000000,0.000000,0.000000,0.000000,100.401291,0.000000,0.000000,0.000000,0.000000,0.000000,17.190901,0.000000,0.000000,0.000000,0.000000
829,1,B,0.000000,0.000000,179.771973,0.000000,0.000000,0.000000,0.000000,0.000000,0.000000,84.646988,40.335720,0.000000,0.000000,0.000000,60.422737,0.000000,0.000000,94.125923,0.000000,0.000000,0.000000,79.950623,0.000000,113.931076,0.000000,73.578903,0.000000,132.538788,0.000000,0.000000,66.590195,0.000000,0.000000,0.000000,0.000000,0.000000,0.000000,15.155252,0.000000,0.000000,0.000000,0.000000,0.000000,16.424709,0.000000,0.000000,0.000000,0.000000
830,4,E,0.000000,0.000000,0.000000,0.000000,0.000000,0.000000,0.000000,0.000000,0.000000,0.000000,230.132584,0.000000,0.000000,0.000000,271.862030,0.000000,0.000000,35.681999,0.000000,0.000000,0.000000,166.147583,0.000000,116.443924,0.000000,102.169395,0.000000,100.888100,78.010910,0.000000,30.936098,0.000000,14.832591,79.119316,0.000000,0.000000,0.000000,58.002514,0.000000,0.000000,0.000000,0.000000,0.000000,96.141624,0.208953,0.000000,0.000000,64.837364
831,3,D,0.000000,0.000000,0.000000,0.000000,0.000000,0.000000,0.000000,0.000000,0.000000,20.992664,0.000000,0.000000,0.000000,0.000000,0.000000,0.000000,0.000000,0.000000,0.000000,0.000000,0.000000,52.096924,0.000000,48.569443,0.000000,307.013275,0.000000,273.190460,146.851868,0.000000,0.000000,0.000000,0.000000,0.000000,0.000000,7.134485,0.000000,0.000000,0.000000,0.000000,0.000000,0.000000,82.007980,0.000000,0.000000,0.000000,0.000000,0.000000
832,4,E,0.000000,0.000000,0.000000,0.000000,0.000000,0.000000,0.000000,0.000000,0.000000,292.301270,275.191925,0.000000,0.000000,0.000000,137.515945,0.000000,0.000000,0.000000,0.000000,0.000000,0.000000,0.000000,0.000000,145.403412,0.000000,0.000000,0.000000,133.601868,0.000000,0.000000,33.834518,0.000000,65.300255,76.571472,0.000000,21.201714,0.000000,40.042660,46.410839,0.000000,0.000000,0.000000,0.000000,94.900696,0.000000,0.000000,0.000000,104.996925
833,3,D,0.000000,0.000000,0.000000,0.000000,0.000000,0.000000,0.000000,0.000000,0.000000,0.000000,41.105930,0.000000,0.000000,0.000000,0.000000,0.000000,0.000000,0.000000,0.000000,0.000000,0.000000,132.235504,0.000000,84.036392,0.000000,132.638214,0.000000,295.805023,18.764101,0.000000,0.000000,0.000000,0.000000,0.000000,0.000000,12.707165,0.000000,50.886501,1.067857,0.000000,0.000000,0.000000,39.366375,0.000000,0.000000,0.000000,0.000000,0.000000
834,0,A,0.000000,0.000000,183.939453,0.000000,0.000000,0.000000,0.000000,0.000000,0.000000,57.839352,50.040298,0.000000,0.000000,0.000000,46.676132,0.000000,0.000000,53.110847,0.000000,0.000000,0.000000,83.189232,0.000000,122.693253,0.000000,78.623283,0.000000,144.480240,0.000000,0.000000,108.822891,0.000000,0.000000,14.035719,0.000000,0.000000,0.000000,11.949874,0.000000,0.000000,0.000000,0.000000,0.000000,22.080311,0.000000,0.000000,0.000000,0.000000
835,2,C,0.000000,0.000000,230.703568,0.000000,0.000000,0.000000,0.000000,0.000000,0.000000,136.433014,15.567785,0.000000,0.000000,0.000000,41.033646,0.000000,0.000000,73.238632,0.000000,0.000000,0.000000,71.901062,0.000000,127.854599,0.000000,55.007435,0.000000,140.544647,0.000000,0.000000,55.872688,0.000000,0.000000,0.000000,0.000000,0.000000,0.000000,11.314276,0.000000,0.000000,0.000000,0.000000,0.000000,17.040186,0.000000,0.000000,0.000000,0.000000
836,2,C,0.000000,0.000000,255.655411,0.000000,0.000000,0.000000,0.000000,0.000000,0.000000,277.772400,0.000000,0.000000,0.000000,0.000000,61.984344,0.000000,0.000000,0.000000,0.000000,0.000000,0.000000,48.830997,0.000000,150.641190,0.000000,81.933807,0.000000,138.475372,0.000000,0.000000,6.645566,0.000000,0.000000,0.000000,0.000000,0.000000,0.000000,3.697830,1.439012,0.000000,0.000000,0.000000,0.000000,40.328171,0.000000,0.000000,0.000000,0.000000
837,0,A,0.000000,0.000000,0.000000,0.000000,0.000000,0.000000,0.000000,0.000000,0.000000,292.872498,370.020966,0.000000,0.000000,0.000000,345.096191,0.000000,0.000000,0.000000,0.000000,0.000000,0.000000,0.000000,0.000000,0.000000,0.000000,140.598495,0.000000,0.000000,0.000000,0.000000,13.108223,0.000000,116.905174,118.890816,0.000000,16.881620,0.000000,15.121711,19.186935,0.000000,0.000000,0.000000,0.000000,148.159531,53.233086,0.000000,0.000000,123.022667
838,0,A,0.000000,0.000000,0.000000,0.000000,0.000000,0.000000,0.000000,0.000000,0.000000,177.906723,307.255646,0.000000,0.000000,0.000000,338.464661,0.000000,0.000000,0.000000,0.000000,0.000000,0.000000,0.000000,0.000000,0.000000,0.000000,250.676071,0.000000,0.000000,0.000000,0.000000,0.000000,0.000000,78.803085,95.789146,0.000000,27.367920,0.000000,9.138457,0.000000,0.000000,0.000000,0.000000,0.000000,125.112625,84.788422,0.000000,0.000000,85.823601
839,2,C,0.000000,0.000000,212.854858,0.000000,0.000000,0.000000,0.000000,0.000000,0.000000,151.556625,22.935171,0.000000,0.000000,0.000000,58.552124,0.000000,0.000000,91.044456,0.000000,0.000000,0.000000,67.421341,0.000000,118.667282,0.000000,67.205963,0.000000,132.266342,0.000000,0.000000,45.861710,0.000000,0.000000,0.000000,0.000000,0.000000,0.000000,9.873939,0.000000,0.000000,0.000000,0.000000,0.000000,18.475040,0.000000,0.000000,0.000000,0.000000
840,2,C,0.000000,0.000000,264.797699,0.000000,0.000000,0.000000,0.000000,0.000000,0.000000,272.562775,0.000000,0.000000,0.000000,0.000000,54.608994,0.000000,0.000000,0.000000,0.000000,0.000000,0.000000,42.224697,0.000000,164.342194,0.000000,83.311005,0.000000,153.865311,0.000000,0.000000,20.595575,0.000000,0.000000,0.000000,0.000000,0.000000,0.000000,2.836039,0.000000,0.000000,0.000000,0.000000,0.000000,38.793030,0.000000,0.000000,0.000000,0.000000
841,3,D,0.000000,0.000000,0.000000,0.000000,0.000000,0.000000,0.000000,0.000000,0.000000,0.000000,0.000000,0.000000,0.000000,0.000000,0.000000,0.000000,0.000000,0.000000,0.000000,0.000000,0.000000,127.767464,0.000000,59.010254,0.000000,293.968262,0.000000,323.691345,192.347366,0.000000,0.000000,0.000000,0.000000,0.000000,0.000000,0.000000,0.000000,6.217641,0.000000,0.000000,0.000000,0.000000,89.430092,0.000000,0.000000,0.000000,0.000000,0.000000
842,0,A,0.000000,0.000000,0.000000,0.000000,0.000000,0.000000,0.000000,0.000000,0.000000,64.961441,347.307861,0.000000,0.000000,0.000000,290.425262,0.000000,0.000000,0.000000,0.000000,0.000000,0.000000,0.000000,0.000000,0.000000,0.000000,272.492828,0.000000,0.000000,48.250908,0.000000,62.343811,0.000000,56.684326,120.882957,0.000000,27.911499,0.000000,4.236093,0.000000,0.000000,0.000000,0.000000,0.000000,115.965767,97.561295,0.000000,0.000000,92.414284
843,4,E,0.000000,0.000000,0.000000,0.000000,0.000000,0.000000,0.000000,0.000000,0.000000,0.000000,204.433182,0.000000,0.000000,0.000000,113.804764,0.000000,0.000000,0.000000,0.000000,0.000000,0.000000,117.252655,0.000000,0.000000,0.000000,244.527145,0.000000,141.513077,238.788910,0.000000,34.923012,0.000000,0.000000,61.794888,0.000000,0.000000,0.000000,3.258326,0.000000,0.000000,0.000000,0.000000,0.000000,50.882236,43.090012,0.000000,0.000000,33.980049
844,2,C,0.000000,0.000000,258.972198,0.000000,0.000000,0.000000,0.000000,0.000000,0.000000,313.134613,0.000000,0.000000,0.000000,0.000000,88.869835,0.000000,0.000000,0.000000,0.000000,0.000000,0.000000,47.951775,0.000000,146.885696,0.000000,78.632423,0.000000,132.106033,0.000000,0.000000,0.000000,0.000000,0.000000,0.000000,0.000000,0.000000,0.000000,0.620658,9.066178,0.000000,0.000000,0.000000,0.000000,48.749428,0.000000,0.000000,0.000000,0.000000
845,4,E,0.000000,0.000000,3.668293,0.000000,0.000000,0.000000,0.000000,0.000000,0.000000,189.654419,113.344673,0.000000,0.000000,0.000000,0.000000,0.000000,0.000000,0.000000,0.000000,0.000000,0.000000,53.513565,0.000000,173.375931,0.000000,0.000000,0.000000,230.178253,0.000000,0.000000,10.516894,0.000000,0.000000,11.784653,0.000000,18.422796,0.000000,50.608280,46.948967,0.000000,0.000000,0.000000,0.000000,30.003275,0.000000,0.000000,0.000000,44.547832
846,0,A,0.000000,0.000000,207.920990,0.000000,0.000000,0.000000,0.000000,0.000000,0.000000,255.958038,60.972370,0.000000,0.000000,0.000000,119.123398,0.000000,0.000000,3.352107,0.000000,0.000000,0.000000,45.779087,0.000000,123.683281,0.000000,68.223091,0.000000,91.621643,0.000000,0.000000,71.292892,0.000000,0.000000,25.215630,0.000000,0.000000,0.000000,0.000000,0.000000,0.000000,0.000000,0.000000,0.000000,63.636024,0.000000,0.000000,0.000000,5.346737
847,2,C,0.000000,0.000000,257.405151,0.000000,0.000000,0.000000,0.000000,0.000000,0.000000,318.197601,0.000000,0.000000,0.000000,0.000000,89.714783,0.000000,0.000000,0.000000,0.000000,0.000000,0.000000,46.461872,0.000000,146.765717,0.000000,81.996902,0.000000,132.771622,0.000000,0.000000,0.000000,0.000000,0.000000,0.000000,0.000000,0.000000,0.000000,0.000000,9.440681,0.000000,0.000000,0.000000,0.000000,49.059544,0.000000,0.000000,0.000000,0.000000
848,1,B,0.000000,0.000000,192.965195,0.000000,0.000000,0.000000,0.000000,0.000000,0.000000,42.950211,23.310566,0.000000,0.000000,0.000000,28.644655,0.000000,0.000000,79.121002,0.000000,0.000000,0.000000,108.442627,0.000000,132.361221,0.000000,54.380840,0.000000,159.329773,0.000000,0.000000,59.846283,0.000000,0.000000,0.000000,0.000000,0.000000,0.000000,28.644430,0.000000,0.000000,0.000000,0.000000,0.000000,7.679694,0.000000,0.000000,0.000000,0.000000
849,1,B,0.000000,0.000000,297.423065,0.000000,0.000000,0.000000,0.000000,0.000000,0.000000,104.312241,11.212185,0.000000,0.000000,0.000000,0.000000,0.000000,0.000000,0.000000,0.000000,0.000000,0.000000,175.351898,0.000000,270.988831,0.000000,0.000000,0.000000,290.935333,0.000000,0.000000,0.000000,0.000000,0.000000,0.000000,0.000000,0.000000,0.000000,77.772087,3.149180,0.000000,0.000000,0.000000,0.000000,21.951193,0.000000,0.000000,0.000000,0.000000
850,4,E,0.000000,0.000000,217.793076,0.000000,0.000000,0.000000,0.000000,0.000000,0.000000,141.685165,233.211456,0.000000,0.000000,0.000000,141.023102,0.000000,0.000000,0.000000,0.000000,0.000000,0.000000,40.879665,0.000000,272.575958,0.000000,0.000000,0.000000,106.865211,0.000000,0.000000,115.407509,0.000000,0.000000,93.999207,0.000000,0.000000,0.000000,46.369316,0.000000,0.000000,0.000000,0.000000,0.000000,99.465233,0.000000,0.000000,0.000000,72.556641
851,2,C,0.000000,0.000000,253.662369,0.000000,0.000000,0.000000,0.000000,0.000000,0.000000,334.048889,0.000000,0.000000,0.000000,0.000000,79.778816,0.000000,0.000000,0.000000,0.000000,0.000000,0.000000,25.549059,0.000000,136.081924,0.000000,100.028748,0.000000,129.343002,0.000000,0.000000,0.000000,0.000000,0.000000,0.000000,0.000000,0.000000,0.000000,0.000000,8.168074,0.000000,0.000000,0.000000,0.000000,46.032459,0.000000,0.000000,0.000000,0.000000
852,4,E,0.000000,0.000000,0.000000,0.000000,0.000000,0.000000,0.000000,0.000000,0.000000,127.325294,209.682648,0.000000,0.000000,0.000000,130.963135,0.000000,0.000000,0.000000,0.000000,0.000000,0.000000,76.119041,0.000000,100.061722,0.000000,40.552799,0.000000,157.410339,0.000000,0.000000,132.299927,0.000000,23.688736,83.018471,0.000000,16.219894,0.000000,27.008162,0.000000,0.000000,0.000000,0.000000,0.000000,74.219505,0.000000,6.867167,0.000000,76.907478
853,4,E,0.000000,0.000000,0.000000,0.000000,0.000000,0.000000,0.000000,0.000000,0.000000,0.000000,156.019791,0.000000,0.000000,0.000000,114.714859,0.000000,0.000000,0.000000,0.000000,0.000000,0.000000,273.647583,0.000000,108.491646,0.000000,72.595673,0.000000,130.644928,59.614647,0.000000,197.086166,0.000000,0.000000,86.772865,0.000000,0.487883,0.000000,37.522301,0.000000,0.000000,0.000000,0.000000,0.000000,68.616066,0.000000,41.261673,0.000000,53.458191
854,4,E,0.000000,0.000000,204.864151,0.000000,0.000000,0.000000,0.000000,0.000000,0.000000,180.437805,239.241516,0.000000,0.000000,0.000000,0.000000,0.000000,0.000000,0.000000,0.000000,0.000000,0.000000,194.870071,0.000000,246.280807,0.000000,0.000000,0.000000,195.103271,0.000000,0.000000,0.000000,0.000000,0.000000,49.079845,0.000000,0.000000,0.000000,103.693062,30.883446,0.000000,0.000000,0.000000,0.000000,65.263275,0.000000,0.000000,0.000000,70.185036
855,0,A,0.000000,0.000000,253.911469,0.000000,0.000000,0.000000,0.000000,0.000000,0.000000,85.497009,49.471996,0.000000,0.000000,0.000000,37.528831,0.000000,0.000000,0.000000,0.000000,0.000000,0.000000,88.772476,0.000000,138.455521,0.000000,55.637989,0.000000,161.166519,0.000000,0.000000,119.920029,0.000000,0.000000,31.060553,0.000000,0.000000,0.000000,12.150241,0.000000,0.000000,0.000000,0.000000,0.000000,34.085999,0.000000,0.000000,0.000000,0.000000
856,0,A,0.000000,0.000000,210.184174,0.000000,0.000000,0.000000,0.000000,0.000000,0.000000,96.868721,54.226788,0.000000,0.000000,0.000000,54.008739,0.000000,0.000000,28.179573,0.000000,0.000000,0.000000,82.089218,0.000000,116.986946,0.000000,74.573952,0.000000,142.617477,0.000000,0.000000,100.831161,0.000000,0.000000,20.439650,0.000000,0.000000,0.000000,9.744936,0.000000,0.000000,0.000000,0.000000,0.000000,31.411631,0.000000,0.000000,0.000000,0.000000
857,0,A,0.000000,0.000000,238.171280,0.000000,0.000000,0.000000,0.000000,0.000000,0.000000,194.954773,34.213326,0.000000,0.000000,0.000000,101.651558,0.000000,0.000000,23.526247,0.000000,0.000000,0.000000,51.973320,0.000000,127.051147,0.000000,22.936028,0.000000,108.790375,0.000000,0.000000,53.728607,0.000000,0.000000,12.284395,0.000000,0.000000,0.000000,4.478853,0.000000,0.000000,0.000000,0.000000,0.000000,48.144272,0.000000,0.000000,0.000000,0.000000
858,0,A,0.000000,0.000000,0.000000,0.000000,0.000000,0.000000,0.000000,0.000000,0.000000,95.334457,338.013641,0.000000,0.000000,0.000000,284.072388,0.000000,0.000000,0.000000,0.000000,0.000000,0.000000,13.064098,0.000000,0.000000,0.000000,274.632812,0.000000,0.000000,25.742886,0.000000,20.209827,0.000000,63.160431,106.019508,0.000000,32.911201,0.000000,14.959282,0.000000,0.000000,0.000000,0.000000,0.000000,113.267998,93.044357,0.000000,0.000000,89.450653
859,2,C,0.000000,0.000000,256.946167,0.000000,0.000000,0.000000,0.000000,0.000000,0.000000,366.615570,0.000000,0.000000,0.000000,0.000000,83.716431,0.000000,0.000000,0.000000,0.000000,0.000000,0.000000,18.321165,0.000000,131.638885,0.000000,114.815765,0.000000,129.730194,0.000000,0.000000,0.000000,0.000000,0.000000,0.000000,0.000000,0.000000,0.000000,0.000000,9.991544,0.000000,0.000000,0.000000,0.000000,48.282837,0.000000,0.000000,0.000000,0.000000
860,3,D,0.000000,0.000000,0.000000,0.000000,0.000000,0.000000,0.000000,0.000000,0.000000,0.000000,72.885223,0.000000,0.000000,0.000000,0.000000,0.000000,0.000000,0.000000,0.000000,0.000000,0.000000,273.461609,0.000000,189.470200,0.000000,150.148178,0.000000,354.004730,195.990524,0.000000,0.000000,0.000000,0.000000,0.000000,0.000000,0.000000,0.000000,73.377724,0.000000,0.000000,0.000000,0.000000,52.816967,12.077860,0.000000,0.000000,0.000000,3.068774
861,1,B,0.000000,0.000000,272.006500,0.000000,0.000000,0.000000,0.000000,0.000000,0.000000,0.000000,19.848974,0.000000,0.000000,0.000000,0.000000,0.000000,0.000000,0.000000,0.000000,0.000000,0.000000,235.845978,0.000000,309.562836,0.000000,0.000000,0.000000,370.938660,0.000000,0.000000,0.000000,0.000000,0.000000,0.000000,0.000000,0.000000,0.000000,109.728294,0.000000,0.000000,0.000000,0.000000,0.000000,14.844579,0.000000,0.000000,0.000000,0.000000
862,3,D,0.000000,0.000000,0.000000,0.000000,0.000000,0.000000,0.000000,0.000000,0.000000,0.000000,77.154259,0.000000,0.000000,0.000000,0.000000,0.000000,0.000000,0.000000,0.000000,0.000000,0.000000,88.904068,0.000000,12.014519,0.000000,254.183624,0.000000,312.163452,207.456024,0.000000,0.000000,0.000000,0.000000,0.000000,0.000000,0.000000,0.000000,5.944593,0.000000,0.000000,0.000000,0.000000,59.651642,0.000000,0.000000,0.000000,0.000000,0.000000
863,3,D,0.000000,0.000000,0.000000,0.000000,0.000000,0.000000,0.000000,0.000000,0.000000,0.000000,0.000000,0.000000,0.000000,0.000000,0.000000,0.000000,0.000000,0.000000,0.000000,0.000000,0.000000,101.377937,0.000000,62.587929,0.000000,291.523315,0.000000,298.885925,141.820892,0.000000,0.000000,0.000000,0.000000,0.000000,0.000000,4.007638,0.000000,7.424581,0.000000,0.000000,0.000000,0.000000,84.164772,0.000000,0.000000,0.000000,0.000000,0.000000
864,1,B,0.000000,0.000000,274.221375,0.000000,0.000000,0.000000,0.000000,0.000000,0.000000,60.414650,5.410172,0.000000,0.000000,0.000000,0.000000,0.000000,0.000000,0.000000,0.000000,0.000000,0.000000,195.781174,0.000000,279.351562,0.000000,0.000000,0.000000,314.952179,0.000000,0.000000,0.000000,0.000000,0.000000,0.000000,0.000000,0.000000,0.000000,87.170326,1.671163,0.000000,0.000000,0.000000,0.000000,17.217484,0.000000,0.000000,0.000000,0.000000
865,4,E,0.000000,0.000000,0.000000,0.000000,0.000000,0.000000,0.000000,0.000000,0.000000,167.443832,237.083084,0.000000,0.000000,0.000000,7.899620,0.000000,0.000000,0.000000,0.000000,0.000000,0.000000,90.142357,0.000000,174.893311,0.000000,0.000000,0.000000,195.236847,0.000000,0.000000,0.000000,0.000000,22.361727,47.167622,0.000000,28.178118,0.000000,79.153030,51.472279,4.609322,0.000000,0.000000,0.000000,51.913204,0.000000,0.000000,0.000000,86.067375
866,0,A,0.000000,0.000000,0.000000,0.000000,0.000000,0.000000,0.000000,0.000000,0.000000,131.869965,309.468170,0.000000,0.000000,0.000000,277.024445,0.000000,0.000000,0.000000,0.000000,0.000000,0.000000,0.000000,0.000000,0.000000,0.000000,250.183289,0.000000,0.000000,0.000000,0.000000,56.235336,0.000000,67.284111,104.024055,0.000000,37.071354,0.000000,2.506633,0.000000,0.000000,0.000000,0.000000,0.000000,111.629753,83.106888,0.000000,0.000000,85.352356
867,3,D,0.000000,0.000000,0.000000,0.000000,0.000000,0.000000,0.000000,0.000000,0.000000,0.000000,0.000000,0.000000,0.000000,0.000000,0.000000,0.000000,0.000000,0.000000,0.000000,0.000000,0.000000,126.325020,0.000000,116.186295,0.000000,237.947067,0.000000,237.929718,76.352928,0.000000,0.000000,0.000000,0.000000,0.000000,0.000000,18.232632,0.000000,27.350800,0.000000,0.000000,0.000000,0.000000,68.831436,0.000000,0.000000,0.000000,0.000000,0.000000
868,3,D,0.000000,0.000000,217.276215,0.000000,0.000000,0.000000,0.000000,0.000000,0.000000,113.438416,0.000000,0.000000,0.000000,0.000000,0.000000,0.000000,0.000000,102.639732,0.000000,0.000000,0.000000,85.785339,0.000000,139.663742,0.000000,130.664825,0.000000,194.512451,0.000000,0.000000,27.060236,0.000000,0.000000,0.000000,0.000000,0.000000,0.000000,20.961708,0.000000,0.000000,0.000000,0.000000,5.099735,0.000000,0.000000,0.000000,0.000000,0.000000
869,0,A,0.000000,0.000000,287.976654,0.000000,0.000000,0.000000,0.000000,0.000000,0.000000,111.752098,48.270050,0.000000,0.000000,0.000000,8.964339,0.000000,0.000000,0.000000,0.000000,0.000000,0.000000,100.314255,0.000000,191.813980,0.000000,0.000000,0.000000,195.939117,0.000000,0.000000,69.673576,0.000000,0.000000,17.929489,0.000000,0.000000,0.000000,37.036476,0.000000,0.000000,0.000000,0.000000,0.000000,31.084587,0.000000,0.000000,0.000000,0.000000
870,2,C,0.000000,0.000000,245.900406,0.000000,0.000000,0.000000,0.000000,0.000000,0.000000,332.113953,0.000000,0.000000,0.000000,0.000000,86.324097,0.000000,0.000000,0.000000,0.000000,0.000000,0.000000,38.770134,0.000000,134.463821,0.000000,102.236458,0.000000,125.866554,0.000000,0.000000,0.000000,0.000000,0.000000,0.000000,0.000000,0.000000,0.000000,0.000000,8.982211,0.000000,0.000000,0.000000,0.000000,47.826153,0.000000,0.000000,0.000000,0.000000
871,0,A,0.000000,0.000000,218.906876,0.000000,0.000000,0.000000,0.000000,0.000000,0.000000,108.922348,48.895508,0.000000,0.000000,0.000000,62.216213,0.000000,0.000000,5.733640,0.000000,0.000000,0.000000,75.892258,0.000000,133.905258,0.000000,40.869171,0.000000,136.258362,0.000000,0.000000,97.901573,0.000000,0.000000,27.690754,0.000000,0.000000,0.000000,11.215555,0.000000,0.000000,0.000000,0.000000,0.000000,39.520256,0.000000,0.000000,0.000000,0.000000
872,3,D,0.000000,0.000000,0.000000,0.000000,0.000000,0.000000,0.000000,0.000000,0.000000,0.000000,0.000000,0.000000,0.000000,0.000000,0.000000,0.000000,0.000000,0.000000,0.000000,0.000000,0.000000,105.753738,0.000000,31.767082,0.000000,312.358673,0.000000,302.304962,194.480759,0.000000,0.000000,0.000000,0.000000,0.000000,0.000000,0.000000,0.000000,0.000000,0.000000,0.000000,0.000000,0.000000,90.246819,0.000000,0.000000,0.000000,0.000000,0.000000
873,2,C,0.000000,0.000000,239.232391,0.000000,0.000000,0.000000,0.000000,0.000000,0.000000,360.058929,0.000000,0.000000,0.000000,0.000000,124.698235,0.000000,0.000000,0.000000,0.000000,0.000000,0.000000,12.001673,0.000000,123.569336,0.000000,122.630302,0.000000,111.432770,0.000000,0.000000,29.455660,0.000000,0.000000,0.000000,0.000000,0.000000,0.000000,0.000000,0.000000,0.000000,0.000000,0.000000,0.000000,58.106579,0.000000,0.000000,0.000000,0.000000
874,0,A,0.000000,0.000000,0.000000,0.000000,0.000000,0.000000,0.000000,0.000000,0.000000,114.271271,395.509399,0.000000,0.000000,0.000000,282.408356,0.000000,0.000000,0.000000,0.000000,0.000000,0.000000,101.136490,0.000000,0.000000,0.000000,161.128540,0.000000,3.639303,0.000000,0.000000,13.961183,0.000000,94.111870,125.954361,0.000000,22.932840,0.000000,51.855396,0.000000,4.313860,0.000000,0.000000,0.000000,128.844803,62.347916,0.000000,0.000000,124.255676
875,3,D,0.000000,0.000000,0.000000,0.000000,0.000000,0.000000,0.000000,0.000000,0.000000,0.000000,43.482876,0.000000,0.000000,0.000000,0.000000,0.000000,0.000000,0.000000,0.000000,0.000000,0.000000,242.533661,0.000000,111.859734,0.000000,191.124069,0.000000,275.210327,151.781952,0.000000,0.000000,0.000000,0.000000,0.000000,0.000000,0.000000,0.000000,49.997341,0.000000,0.000000,0.000000,0.000000,57.970207,4.231341,0.000000,0.000000,0.000000,0.000000
876,2,C,0.000000,0.000000,255.028137,0.000000,0.000000,0.000000,0.000000,0.000000,0.000000,274.844635,0.000000,0.000000,0.000000,0.000000,62.198536,0.000000,0.000000,0.000000,0.000000,0.000000,0.000000,47.982811,0.000000,149.686539,0.000000,83.791733,0.000000,137.995010,0.000000,0.000000,7.927324,0.000000,0.000000,0.000000,0.000000,0.000000,0.000000,3.209080,0.085603,0.000000,0.000000,0.000000,0.000000,40.088020,0.000000,0.000000,0.000000,0.000000
877,3,D,0.000000,0.000000,0.000000,0.000000,0.000000,0.000000,0.000000,0.000000,0.000000,0.000000,0.000000,0.000000,0.000000,0.000000,0.000000,0.000000,0.000000,0.000000,0.000000,0.000000,0.000000,96.281776,0.000000,46.059258,0.000000,306.982361,0.000000,297.059082,165.919250,0.000000,0.000000,0.000000,0.000000,0.000000,0.000000,0.000000,0.000000,0.000000,0.000000,0.000000,0.000000,0.000000,87.554070,0.000000,0.000000,0.000000,0.000000,0.000000
878,3,D,0.000000,0.000000,0.000000,0.000000,0.000000,0.000000,0.000000,0.000000,0.000000,0.000000,63.371204,0.000000,0.000000,0.000000,0.000000,0.000000,0.000000,0.000000,0.000000,0.000000,0.000000,142.347839,0.000000,78.923164,0.000000,221.274979,0.000000,310.165955,183.121948,0.000000,0.000000,0.000000,0.000000,0.000000,0.000000,0.000000,0.000000,27.518154,0.000000,0.000000,0.000000,0.000000,58.830772,0.000000,0.000000,0.000000,0.000000,0.000000
879,3,D,0.000000,0.000000,0.000000,0.000000,0.000000,0.000000,0.000000,0.000000,0.000000,0.000000,35.124569,0.000000,0.000000,0.000000,0.000000,0.000000,0.000000,0.000000,0.000000,0.000000,0.000000,133.821686,0.000000,94.255684,0.000000,192.751740,0.000000,305.030243,80.049889,0.000000,0.000000,0.000000,0.000000,0.000000,0.000000,7.347284,0.000000,39.355377,0.000000,0.000000,0.000000,0.000000,55.791859,0.000000,0.000000,0.000000,0.000000,0.000000
880,2,C,0.000000,0.000000,73.622200,0.000000,0.000000,0.000000,0.000000,0.000000,0.000000,257.433167,0.000000,0.000000,0.000000,0.000000,70.861191,0.000000,0.000000,43.815575,0.000000,0.000000,0.000000,55.667442,0.000000,96.857193,0.000000,174.641861,0.000000,151.336792,0.000000,0.000000,0.000000,0.000000,0.000000,0.000000,0.000000,3.949862,0.000000,0.000000,5.823494,0.000000,0.000000,0.000000,0.000000,22.227072,0.000000,0.000000,0.000000,0.000000
881,1,B,0.000000,0.000000,266.605896,0.000000,0.000000,0.000000,0.000000,0.000000,0.000000,76.849747,93.161774,0.000000,0.000000,0.000000,0.000000,0.000000,0.000000,0.000000,0.000000,0.000000,0.000000,172.483353,0.000000,242.187698,0.000000,0.000000,0.000000,245.357864,0.000000,0.000000,25.263514,0.000000,0.000000,18.046391,0.000000,0.000000,0.000000,80.717079,0.000000,0.000000,0.000000,0.000000,0.000000,33.763103,0.000000,0.000000,0.000000,13.665515
882,1,B,0.000000,0.000000,296.485504,0.000000,0.000000,0.000000,0.000000,0.000000,0.000000,60.297955,28.554386,0.000000,0.000000,0.000000,0.000000,0.000000,0.000000,0.000000,0.000000,0.000000,0.000000,203.079926,0.000000,289.359680,0.000000,0.000000,0.000000,319.601593,0.000000,0.000000,0.000000,0.000000,0.000000,0.000000,0.000000,0.000000,0.000000,93.687355,0.000000,0.000000,0.000000,0.000000,0.000000,21.767950,0.000000,0.000000,0.000000,0.000000
883,4,E,0.000000,0.000000,0.000000,0.000000,0.000000,0.000000,0.000000,0.000000,0.000000,0.000000,215.972214,0.000000,0.000000,0.000000,47.006950,0.000000,0.000000,0.000000,0.000000,0.000000,0.000000,170.471939,0.000000,15.419657,0.000000,38.273106,0.000000,143.400604,87.588486,0.000000,37.674316,0.000000,0.000000,66.350937,0.000000,0.000000,0.000000,53.812290,0.000000,0.000000,0.000000,0.000000,0.000000,43.936974,0.000000,0.000000,0.000000,67.459740
884,1,B,0.000000,0.000000,294.539246,0.000000,0.000000,0.000000,0.000000,0.000000,0.000000,140.056061,11.391402,0.000000,0.000000,0.000000,0.000000,0.000000,0.000000,0.000000,0.000000,0.000000,0.000000,155.607590,0.000000,251.378937,0.000000,0.000000,0.000000,253.006287,0.000000,0.000000,0.000000,0.000000,0.000000,0.000000,0.000000,0.000000,0.000000,66.033119,5.996068,0.000000,0.000000,0.000000,0.000000,24.953167,0.000000,0.000000,0.000000,0.000000
885,0,A,0.000000,0.000000,231.295807,0.000000,0.000000,0.000000,0.000000,0.000000,0.000000,115.855888,34.874859,0.000000,0.000000,0.000000,63.924473,0.000000,0.000000,26.662849,0.000000,0.000000,0.000000,83.101799,0.000000,129.158646,0.000000,27.783831,0.000000,137.553268,0.000000,0.000000,63.819588,0.000000,0.000000,11.525920,0.000000,0.000000,0.000000,17.442169,0.000000,0.000000,0.000000,0.000000,0.000000,33.438248,0.000000,0.000000,0.000000,0.000000
886,4,E,0.000000,0.000000,0.000000,0.000000,0.000000,0.000000,0.000000,0.000000,0.000000,193.895767,196.513794,0.000000,0.000000,0.000000,76.342163,0.000000,0.000000,0.000000,0.000000,0.000000,0.000000,29.671885,0.000000,113.316666,0.000000,113.296036,0.000000,131.033508,0.000000,0.000000,49.114098,0.000000,22.376802,48.510891,0.000000,36.992317,0.000000,25.711843,4.271612,0.000000,0.000000,0.000000,0.000000,59.561359,0.000000,0.000000,0.000000,61.419327
887,3,D,0.000000,0.000000,0.000000,0.000000,0.000000,0.000000,0.000000,0.000000,0.000000,0.000000,4.447530,0.000000,0.000000,0.000000,0.000000,0.000000,0.000000,0.000000,0.000000,0.000000,0.000000,129.569778,0.000000,81.083344,0.000000,251.982468,0.000000,325.845856,141.822647,0.000000,0.000000,0.000000,0.000000,0.000000,0.000000,0.000000,0.000000,20.435827,0.000000,0.000000,0.000000,0.000000,78.796310,0.000000,0.000000,0.000000,0.000000,0.000000
888,2,C,0.000000,0.000000,239.344086,0.000000,0.000000,0.000000,0.000000,0.000000,0.000000,358.601837,0.000000,0.000000,0.000000,0.000000,88.689323,0.000000,0.000000,0.000000,0.000000,0.000000,0.000000,15.870288,0.000000,128.707901,0.000000,109.425285,0.000000,125.682724,0.000000,0.000000,0.000000,0.000000,0.000000,0.000000,0.000000,0.000000,0.000000,0.000000,11.555704,0.000000,0.000000,0.000000,0.000000,48.542442,0.000000,0.000000,0.000000,0.000000
889,2,C,0.000000,0.000000,237.632446,0.000000,0.000000,0.000000,0.000000,0.000000,0.000000,244.802353,0.000000,0.000000,0.000000,0.000000,52.281281,0.000000,0.000000,4.978272,0.000000,0.000000,0.000000,50.586823,0.000000,143.467545,0.000000,92.540367,0.000000,146.386856,0.000000,0.000000,0.000000,0.000000,0.000000,0.000000,0.000000,0.000000,0.000000,7.560446,0.000000,0.000000,0.000000,0.000000,0.000000,32.930729,0.000000,0.000000,0.000000,0.000000
890,0,A,0.000000,0.000000,216.601547,0.000000,0.000000,0.000000,0.000000,0.000000,0.000000,109.272545,30.552542,0.000000,0.000000,0.000000,65.310165,0.000000,0.000000,0.393116,0.000000,0.000000,0.000000,78.156242,0.000000,129.326782,0.000000,65.795181,0.000000,139.114487,0.000000,0.000000,93.443512,0.000000,0.000000,21.597733,0.000000,0.000000,0.000000,7.223739,0.000000,0.000000,0.000000,0.000000,0.000000,37.035835,0.000000,0.000000,0.000000,0.000000
891,3,D,0.000000,0.000000,0.000000,0.000000,0.000000,0.000000,0.000000,0.000000,0.000000,0.000000,64.167259,0.000000,0.000000,0.000000,0.000000,0.000000,0.000000,0.000000,0.000000,0.000000,0.000000,106.277840,0.000000,0.000000,0.000000,240.648163,0.000000,318.580200,191.759857,0.000000,0.000000,0.000000,0.000000,0.000000,0.000000,0.000000,0.000000,8.846282,0.000000,0.000000,0.000000,0.000000,60.493458,0.000000,0.000000,0.000000,0.000000,0.000000
892,1,B,0.000000,0.000000,195.423370,0.000000,0.000000,0.000000,0.000000,0.000000,0.000000,32.443718,54.256844,0.000000,0.000000,0.000000,39.269001,0.000000,0.000000,71.710747,0.000000,0.000000,0.000000,84.322723,0.000000,124.329865,0.000000,55.092381,0.000000,149.199707,0.000000,0.000000,99.778244,0.000000,0.000000,10.049424,0.000000,0.000000,0.000000,19.357014,0.000000,0.000000,0.000000,0.000000,0.000000,16.236811,0.000000,0.000000,0.000000,0.000000
893,4,E,0.000000,0.000000,103.185745,0.000000,0.000000,0.000000,0.000000,0.000000,0.000000,166.686234,187.226349,0.000000,0.000000,0.000000,92.122124,0.000000,0.000000,0.000000,0.000000,0.000000,0.000000,97.193481,0.000000,165.518280,0.000000,0.000000,0.000000,171.325989,0.000000,0.000000,50.636349,0.000000,3.532585,56.586128,0.000000,0.000000,0.000000,54.223598,11.283633,0.000000,0.000000,0.000000,0.000000,68.838287,0.000000,0.000000,0.000000,63.637127
894,4,E,0.000000,0.000000,0.000000,0.000000,0.000000,0.000000,0.000000,0.000000,0.000000,85.126236,131.505020,0.000000,0.000000,0.000000,134.031433,0.000000,0.000000,0.000000,0.000000,0.000000,0.000000,191.001266,0.000000,187.907684,0.000000,21.523317,0.000000,132.861923,0.000000,0.000000,196.752090,0.000000,1.852733,78.458153,0.000000,13.688207,0.000000,34.388149,0.000000,0.000000,0.000000,0.000000,0.000000,77.200035,0.000000,44.827251,0.000000,56.842140
895,3,D,0.000000,0.000000,0.000000,0.000000,0.000000,0.000000,0.000000,0.000000,0.000000,0.000000,6.442206,0.000000,0.000000,0.000000,0.000000,0.000000,0.000000,0.000000,0.000000,0.000000,0.000000,47.458588,0.000000,12.100748,0.000000,319.499969,0.000000,379.562408,183.706909,0.000000,0.000000,0.000000,0.000000,0.000000,0.000000,0.000000,0.000000,0.000000,0.000000,0.000000,0.000000,0.000000,92.655823,0.000000,0.000000,0.000000,0.000000,0.000000
896,3,D,0.000000,0.000000,0.000000,0.000000,0.000000,0.000000,0.000000,0.000000,0.000000,0.000000,0.000000,0.000000,0.000000,0.000000,0.000000,0.000000,0.000000,0.000000,0.000000,0.000000,0.000000,75.942421,0.000000,138.253693,0.000000,255.078140,0.000000,308.445801,157.890320,0.000000,0.000000,0.000000,0.000000,0.000000,0.000000,0.290726,0.000000,14.232417,0.000000,0.000000,0.000000,0.000000,80.051392,0.000000,0.000000,0.000000,0.000000,0.000000
897,2,C,0.000000,0.000000,74.037338,0.000000,0.000000,0.000000,0.000000,0.000000,0.000000,392.397217,19.469442,0.000000,0.000000,0.000000,87.782127,0.000000,0.000000,0.000000,0.000000,0.000000,0.000000,21.270773,0.000000,91.624855,0.000000,186.470352,0.000000,149.648880,0.000000,0.000000,0.000000,0.000000,0.000000,0.000000,0.000000,12.753078,0.000000,0.000000,29.409761,0.000000,0.000000,0.000000,0.000000,44.258492,0.000000,0.000000,0.000000,0.000000
898,1,B,0.000000,0.000000,170.239136,0.000000,0.000000,0.000000,0.000000,0.000000,0.000000,49.381516,57.362316,0.000000,0.000000,0.000000,53.739880,0.000000,0.000000,94.247360,0.000000,0.000000,0.000000,87.163933,0.000000,113.421486,0.000000,81.597435,0.000000,136.271820,0.000000,0.000000,94.431992,0.000000,0.000000,2.447651,0.000000,0.000000,0.000000,15.891987,0.000000,0.000000,0.000000,0.000000,0.000000,15.923071,0.000000,0.000000,0.000000,0.000000
899,2,C,0.000000,0.000000,253.673645,0.000000,0.000000,0.000000,0.000000,0.000000,0.000000,323.400269,0.000000,0.000000,0.000000,0.000000,77.071060,0.000000,0.000000,0.000000,0.000000,0.000000,0.000000,36.624947,0.000000,149.694382,0.000000,79.037964,0.000000,143.105591,0.000000,0.000000,0.000000,0.000000,0.000000,0.000000,0.000000,0.000000,0.000000,0.000000,11.782293,0.000000,0.000000,0.000000,0.000000,45.743587,0.000000,0.000000,0.000000,0.000000
900,2,C,0.000000,0.000000,239.728577,0.000000,0.000000,0.000000,0.000000,0.000000,0.000000,337.474915,0.000000,0.000000,0.000000,0.000000,82.570488,0.000000,0.000000,0.000000,0.000000,0.000000,0.000000,34.931129,0.000000,132.481415,0.000000,105.017082,0.000000,127.764137,0.000000,0.000000,0.000000,0.000000,0.000000,0.000000,0.000000,0.000000,0.000000,0.000000,10.261911,0.000000,0.000000,0.000000,0.000000,46.761795,0.000000,0.000000,0.000000,0.000000
901,1,B,0.000000,0.000000,244.434036,0.000000,0.000000,0.000000,0.000000,0.000000,0.000000,28.669128,13.479602,0.000000,0.000000,0.000000,0.000000,0.000000,0.000000,0.000000,0.000000,0.000000,0.000000,175.512115,0.000000,254.299362,0.000000,0.000000,0.000000,293.285034,0.000000,0.000000,2.181658,0.000000,0.000000,0.000000,0.000000,0.000000,0.000000,82.524750,0.000000,0.000000,0.000000,0.000000,0.000000,14.424358,0.000000,0.000000,0.000000,0.000000
902,2,C,0.000000,0.000000,200.236664,0.000000,0.000000,0.000000,0.000000,0.000000,0.000000,81.309624,7.511091,0.000000,0.000000,0.000000,26.627008,0.000000,0.000000,91.894402,0.000000,0.000000,0.000000,82.487648,0.000000,122.165817,0.000000,80.965370,0.000000,154.725189,0.000000,0.000000,61.879345,0.000000,0.000000,0.000000,0.000000,0.000000,0.000000,14.300014,0.000000,0.000000,0.000000,0.000000,0.000000,3.462122,0.000000,0.000000,0.000000,0.000000
903,1,B,0.000000,0.000000,292.695343,0.000000,0.000000,0.000000,0.000000,0.000000,0.000000,130.597321,0.000000,0.000000,0.000000,0.000000,0.000000,0.000000,0.000000,0.000000,0.000000,0.000000,0.000000,157.403015,0.000000,256.639526,0.000000,0.000000,0.000000,288.578857,0.000000,0.000000,0.000000,0.000000,0.000000,0.000000,0.000000,0.000000,0.000000,68.604553,6.849817,0.000000,0.000000,0.000000,0.000000,20.501499,0.000000,0.000000,0.000000,0.000000
904,2,C,0.000000,0.000000,232.561111,0.000000,0.000000,0.000000,0.000000,0.000000,0.000000,241.543121,0.000000,0.000000,0.000000,0.000000,62.091553,0.000000,0.000000,3.368139,0.000000,0.000000,0.000000,34.931973,0.000000,152.038712,0.000000,98.454880,0.000000,141.781601,0.000000,0.000000,4.265138,0.000000,0.000000,0.000000,0.000000,0.000000,0.000000,4.316549,0.000000,0.000000,0.000000,0.000000,0.000000,35.265141,0.000000,0.000000,0.000000,0.000000
905,2,C,0.000000,0.000000,222.008698,0.000000,0.000000,0.000000,0.000000,0.000000,0.000000,156.704681,5.392760,0.000000,0.000000,0.000000,38.873390,0.000000,0.000000,71.901146,0.000000,0.000000,0.000000,68.787231,0.000000,129.143585,0.000000,75.089706,0.000000,141.809326,0.000000,0.000000,53.409996,0.000000,0.000000,0.000000,0.000000,0.000000,0.000000,6.943775,0.000000,0.000000,0.000000,0.000000,0.000000,15.793232,0.000000,0.000000,0.000000,0.000000
906,1,B,0.000000,0.000000,308.979706,0.000000,0.000000,0.000000,0.000000,0.000000,0.000000,92.422028,19.776232,0.000000,0.000000,0.000000,0.000000,0.000000,0.000000,0.000000,0.000000,0.000000,0.000000,177.766235,0.000000,286.069916,0.000000,0.000000,0.000000,294.104492,0.000000,0.000000,0.000000,0.000000,0.000000,0.000000,0.000000,0.000000,0.000000,82.683350,0.000000,0.000000,0.000000,0.000000,0.000000,23.501350,0.000000,0.000000,0.000000,0.000000
907,4,E,0.000000,0.000000,257.484436,0.000000,0.000000,0.000000,0.000000,0.000000,0.000000,173.861511,140.291672,0.000000,0.000000,0.000000,116.920067,0.000000,0.000000,0.000000,0.000000,0.000000,0.000000,51.065945,0.000000,164.149612,0.000000,0.000000,0.000000,114.484047,0.000000,0.000000,166.907043,0.000000,0.000000,76.664276,0.000000,0.000000,0.000000,4.859663,0.000000,0.000000,0.000000,0.000000,0.000000,78.753960,0.000000,0.000000,0.000000,37.460674
908,0,A,0.000000,0.000000,0.000000,0.000000,0.000000,0.000000,0.000000,0.000000,0.000000,0.000000,149.600113,0.000000,0.000000,0.000000,76.743256,0.000000,0.000000,0.000000,0.000000,0.000000,0.000000,55.960068,0.000000,0.000000,0.000000,332.439606,0.000000,160.831116,389.190094,0.000000,46.986610,0.000000,0.000000,44.258888,0.000000,0.000000,0.000000,0.000000,0.000000,0.000000,0.000000,0.000000,26.428371,32.212612,59.034496,0.000000,0.000000,0.000000
909,4,E,0.000000,0.000000,0.000000,0.000000,0.000000,0.000000,0.000000,0.000000,0.000000,12.242880,221.495270,0.000000,0.000000,0.000000,103.910362,0.000000,0.000000,0.000000,0.000000,0.000000,0.000000,242.139038,0.000000,182.871201,0.000000,1.291781,0.000000,118.961624,0.000000,0.000000,0.000000,0.000000,21.692326,63.468601,0.000000,9.269378,0.000000,108.392357,26.185509,0.000000,0.000000,0.000000,0.000000,71.721001,0.000000,12.696218,0.000000,81.909454
910,4,E,0.000000,0.000000,0.000000,0.000000,0.000000,0.000000,0.000000,0.000000,0.000000,115.377380,161.327682,0.000000,0.000000,0.000000,75.240501,0.000000,0.000000,0.000000,0.000000,0.000000,0.000000,3.416552,0.000000,39.885319,0.000000,119.515686,0.000000,126.934074,0.000000,0.000000,0.000000,0.000000,12.984405,32.618290,0.000000,24.967857,0.000000,22.036114,8.348357,1.160337,0.000000,0.000000,0.000000,39.526913,0.000000,0.000000,0.000000,44.268726
911,1,B,0.000000,0.000000,278.925598,0.000000,0.000000,0.000000,0.000000,0.000000,0.000000,2.942821,5.060215,0.000000,0.000000,0.000000,0.000000,0.000000,0.000000,0.000000,0.000000,0.000000,0.000000,230.522400,0.000000,304.131622,0.000000,0.000000,0.000000,344.597687,0.000000,0.000000,0.000000,0.000000,0.000000,0.000000,0.000000,0.000000,0.000000,103.315758,0.000000,0.000000,0.000000,0.000000,0.000000,14.234319,0.000000,0.000000,0.000000,0.000000
912,3,D,0.000000,0.000000,0.000000,0.000000,0.000000,0.000000,0.000000,0.000000,0.000000,0.000000,0.000000,0.000000,0.000000,0.000000,0.000000,0.000000,0.000000,0.000000,0.000000,0.000000,0.000000,111.407745,0.000000,29.407028,0.000000,295.145142,0.000000,282.538483,74.120522,0.000000,0.000000,0.000000,0.000000,0.000000,0.000000,19.608902,0.000000,12.640854,0.000000,0.000000,0.000000,0.000000,79.828163,0.000000,0.000000,0.000000,0.000000,0.000000
913,3,D,0.000000,0.000000,0.000000,0.000000,0.000000,0.000000,0.000000,0.000000,0.000000,0.000000,0.000000,0.000000,0.000000,0.000000,0.000000,0.000000,0.000000,0.000000,0.000000,0.000000,0.000000,126.739967,0.000000,51.248398,0.000000,293.702362,0.000000,324.764191,199.503189,0.000000,0.000000,0.000000,0.000000,0.000000,0.000000,0.000000,0.000000,4.109767,0.000000,0.000000,0.000000,0.000000,89.619751,0.000000,0.000000,0.000000,0.000000,0.000000
914,1,B,0.000000,0.000000,259.059937,0.000000,0.000000,0.000000,0.000000,0.000000,0.000000,10.645560,9.519600,0.000000,0.000000,0.000000,0.000000,0.000000,0.000000,0.000000,0.000000,0.000000,0.000000,203.414291,0.000000,283.784027,0.000000,0.000000,0.000000,327.221649,0.000000,0.000000,0.000000,0.000000,0.000000,0.000000,0.000000,0.000000,0.000000,94.956970,0.000000,0.000000,0.000000,0.000000,0.000000,13.633619,0.000000,0.000000,0.000000,0.000000
915,2,C,0.000000,0.000000,262.118896,0.000000,0.000000,0.000000,0.000000,0.000000,0.000000,324.836060,0.000000,0.000000,0.000000,0.000000,83.784286,0.000000,0.000000,0.000000,0.000000,0.000000,0.000000,49.088440,0.000000,153.738510,0.000000,82.680016,0.000000,139.850159,0.000000,0.000000,0.000000,0.000000,0.000000,0.000000,0.000000,0.000000,0.000000,1.158238,10.485174,0.000000,0.000000,0.000000,0.000000,48.447803,0.000000,0.000000,0.000000,0.000000
916,2,C,0.000000,0.000000,236.620834,0.000000,0.000000,0.000000,0.000000,0.000000,0.000000,258.203857,0.000000,0.000000,0.000000,0.000000,56.619171,0.000000,0.000000,5.498959,0.000000,0.000000,0.000000,48.919765,0.000000,141.565079,0.000000,98.634186,0.000000,145.694473,0.000000,0.000000,0.000000,0.000000,0.000000,0.000000,0.000000,0.000000,0.000000,5.326093,0.598051,0.000000,0.000000,0.000000,0.000000,34.423958,0.000000,0.000000,0.000000,0.000000
917,4,E,0.000000,0.000000,0.000000,0.000000,0.000000,0.000000,0.000000,0.000000,0.000000,150.685242,139.921051,0.000000,0.000000,0.000000,213.171539,0.000000,0.000000,0.000000,0.000000,0.000000,0.000000,58.938473,0.000000,74.626686,0.000000,0.000000,0.000000,58.862286,0.000000,0.000000,29.261751,0.000000,45.623684,57.106712,0.000000,0.000000,0.000000,23.297544,18.037764,0.000000,0.000000,0.000000,0.000000,83.603111,0.000000,7.605218,0.000000,58.397232
918,3,D,0.000000,0.000000,0.000000,0.000000,0.000000,0.000000,0.000000,0.000000,0.000000,0.000000,0.000000,0.000000,0.000000,0.000000,0.000000,0.000000,0.000000,0.000000,0.000000,0.000000,0.000000,129.423721,0.000000,56.009434,0.000000,286.174988,0.000000,328.181396,188.848831,0.000000,0.000000,0.000000,0.000000,0.000000,0.000000,0.000000,0.000000,7.492360,0.000000,0.000000,0.000000,0.000000,88.129814,0.000000,0.000000,0.000000,0.000000,0.000000
919,0,A,0.000000,0.000000,0.000000,0.000000,0.000000,0.000000,0.000000,0.000000,0.000000,0.000000,130.470215,0.000000,0.000000,0.000000,174.475571,0.000000,0.000000,0.000000,0.000000,0.000000,0.000000,199.585342,0.000000,112.830818,0.000000,162.802307,0.000000,107.087326,146.037735,0.000000,81.571541,0.000000,0.000000,59.870968,0.000000,0.000000,0.000000,24.617603,0.000000,0.000000,0.000000,0.000000,0.000000,69.796761,0.000000,0.000000,0.000000,28.774912
920,0,A,0.000000,0.000000,207.434280,0.000000,0.000000,0.000000,0.000000,0.000000,0.000000,64.492249,51.983513,0.000000,0.000000,0.000000,32.577766,0.000000,0.000000,32.602592,0.000000,0.000000,0.000000,89.036415,0.000000,126.685181,0.000000,84.363434,0.000000,155.060272,0.000000,0.000000,117.583183,0.000000,0.000000,19.935831,0.000000,0.000000,0.000000,11.667489,0.000000,0.000000,0.000000,0.000000,0.000000,23.921738,0.000000,0.000000,0.000000,0.000000
921,1,B,0.000000,0.000000,185.739395,0.000000,0.000000,0.000000,0.000000,0.000000,0.000000,191.287415,51.150967,0.000000,0.000000,0.000000,120.011261,0.000000,0.000000,26.901987,0.000000,0.000000,0.000000,91.281548,0.000000,125.071861,0.000000,41.325428,0.000000,112.811417,0.000000,0.000000,26.203371,0.000000,0.000000,9.647938,0.000000,0.000000,0.000000,19.468782,0.000000,0.000000,0.000000,0.000000,0.000000,52.142429,0.000000,0.000000,0.000000,0.000000
922,3,D,0.000000,0.000000,0.000000,0.000000,0.000000,0.000000,0.000000,0.000000,0.000000,0.000000,0.000000,0.000000,0.000000,0.000000,0.000000,0.000000,0.000000,0.000000,0.000000,0.000000,0.000000,127.219162,0.000000,57.038158,0.000000,287.479706,0.000000,327.119293,197.158737,0.000000,0.000000,0.000000,0.000000,0.000000,0.000000,0.000000,0.000000,5.919681,0.000000,0.000000,0.000000,0.000000,88.677345,0.000000,0.000000,0.000000,0.000000,0.000000
923,1,B,0.000000,0.000000,175.651688,0.000000,0.000000,0.000000,0.000000,0.000000,0.000000,4.422561,67.708382,0.000000,0.000000,0.000000,42.388744,0.000000,0.000000,90.543976,0.000000,0.000000,0.000000,86.551773,0.000000,104.297997,0.000000,84.010025,0.000000,143.458054,0.000000,0.000000,121.450958,0.000000,0.000000,12.823322,0.000000,0.000000,0.000000,14.546628,0.000000,0.000000,0.000000,0.000000,0.000000,12.580156,0.000000,0.000000,0.000000,0.000000
924,4,E,0.000000,0.000000,0.000000,0.000000,0.000000,0.000000,0.000000,0.000000,0.000000,105.733345,184.121857,0.000000,0.000000,0.000000,76.315063,0.000000,0.000000,0.000000,0.000000,0.000000,0.000000,61.006317,0.000000,163.288712,0.000000,73.207008,0.000000,134.008240,0.000000,0.000000,0.000000,0.000000,13.030942,40.815311,0.000000,27.372894,0.000000,56.999271,17.739275,0.000000,0.000000,0.000000,0.000000,54.454124,0.000000,0.000000,0.000000,59.986141
925,0,A,0.000000,0.000000,220.165756,0.000000,0.000000,0.000000,0.000000,0.000000,0.000000,86.783958,42.182423,0.000000,0.000000,0.000000,40.840553,0.000000,0.000000,29.557997,0.000000,0.000000,0.000000,97.118713,0.000000,138.243195,0.000000,39.898949,0.000000,160.915192,0.000000,0.000000,68.949684,0.000000,0.000000,10.429010,0.000000,0.000000,0.000000,25.203983,0.000000,0.000000,0.000000,0.000000,0.000000,26.184048,0.000000,0.000000,0.000000,0.000000
926,0,A,0.000000,0.000000,175.545898,0.000000,0.000000,0.000000,0.000000,0.000000,0.000000,124.201111,66.660599,0.000000,0.000000,0.000000,87.452057,0.000000,0.000000,47.644028,0.000000,0.000000,0.000000,60.301025,0.000000,106.593422,0.000000,82.865105,0.000000,105.795441,0.000000,0.000000,107.946762,0.000000,0.000000,22.811831,0.000000,0.000000,0.000000,0.000000,0.000000,0.000000,0.000000,0.000000,0.000000,39.473003,0.000000,0.000000,0.000000,0.000000
927,2,C,0.000000,0.000000,256.951904,0.000000,0.000000,0.000000,0.000000,0.000000,0.000000,329.901337,0.000000,0.000000,0.000000,0.000000,86.730515,0.000000,0.000000,0.000000,0.000000,0.000000,0.000000,44.101288,0.000000,147.776886,0.000000,81.951057,0.000000,134.294388,0.000000,0.000000,0.000000,0.000000,0.000000,0.000000,0.000000,0.000000,0.000000,0.000000,11.508802,0.000000,0.000000,0.000000,0.000000,49.128128,0.000000,0.000000,0.000000,0.000000
928,3,D,0.000000,0.000000,227.363358,0.000000,0.000000,0.000000,0.000000,0.000000,0.000000,107.230690,0.000000,0.000000,0.000000,0.000000,0.000000,0.000000,0.000000,92.563492,0.000000,0.000000,0.000000,109.977074,0.000000,142.785324,0.000000,83.783920,0.000000,199.281769,0.000000,0.000000,10.748689,0.000000,0.000000,0.000000,0.000000,0.000000,0.000000,33.290318,0.000000,0.000000,0.000000,0.000000,0.000000,0.000000,0.000000,0.000000,0.000000,0.000000
929,4,E,0.000000,0.000000,0.000000,0.000000,0.000000,0.000000,0.000000,0.000000,0.000000,2.368525,263.522278,0.000000,0.000000,0.000000,146.234589,0.000000,0.000000,0.000000,0.000000,0.000000,0.000000,160.236465,0.000000,117.173943,0.000000,0.000000,0.000000,72.832748,54.344345,0.000000,55.116692,0.000000,32.376785,97.459755,0.000000,0.000000,0.000000,68.902481,0.000000,0.000000,0.000000,0.000000,0.000000,85.492126,0.000000,15.812063,0.000000,94.570549
930,0,A,0.000000,0.000000,0.000000,0.000000,0.000000,0.000000,0.000000,0.000000,0.000000,240.889389,185.688797,0.000000,0.000000,0.000000,261.001556,0.000000,0.000000,0.000000,0.000000,0.000000,0.000000,0.000000,0.000000,1.506564,0.000000,83.352303,0.000000,0.000000,0.000000,0.000000,0.000000,0.000000,74.530983,62.281769,0.000000,1.355295,0.000000,0.000000,23.160534,0.000000,0.000000,0.000000,0.000000,99.869316,29.447861,0.000000,0.000000,64.605499
931,0,A,0.000000,0.000000,0.000000,0.000000,0.000000,0.000000,0.000000,0.000000,0.000000,0.000000,47.637108,0.000000,0.000000,0.000000,76.613358,0.000000,0.000000,0.000000,0.000000,0.000000,0.000000,190.826035,0.000000,129.155777,0.000000,197.141296,0.000000,175.539841,159.956848,0.000000,97.115768,0.000000,0.000000,24.417624,0.000000,0.000000,0.000000,11.381699,0.000000,0.000000,0.000000,0.000000,18.968130,32.423874,0.000000,0.000000,0.000000,0.000000
932,0,A,0.000000,0.000000,206.964615,0.000000,0.000000,0.000000,0.000000,0.000000,0.000000,115.065910,44.910870,0.000000,0.000000,0.000000,64.916740,0.000000,0.000000,51.355755,0.000000,0.000000,0.000000,69.385513,0.000000,112.635902,0.000000,65.321899,0.000000,130.447586,0.000000,0.000000,83.337059,0.000000,0.000000,9.063983,0.000000,0.000000,0.000000,7.430634,0.000000,0.000000,0.000000,0.000000,0.000000,28.984758,0.000000,0.000000,0.000000,0.000000
933,4,E,0.000000,0.000000,182.476410,0.000000,0.000000,0.000000,0.000000,0.000000,0.000000,78.441956,146.437927,0.000000,0.000000,0.000000,164.117416,0.000000,0.000000,0.000000,0.000000,0.000000,0.000000,166.176163,0.000000,195.918015,0.000000,0.000000,0.000000,139.171616,0.000000,0.000000,128.860535,0.000000,0.000000,76.530182,0.000000,0.000000,0.000000,47.973358,0.000000,0.000000,0.000000,0.000000,0.000000,85.091682,0.000000,0.000000,0.000000,46.231266
934,0,A,0.000000,0.000000,0.000000,0.000000,0.000000,0.000000,0.000000,0.000000,0.000000,138.755630,331.496490,0.000000,0.000000,0.000000,343.296295,0.000000,0.000000,0.000000,0.000000,0.000000,0.000000,0.000000,0.000000,0.000000,0.000000,251.414062,0.000000,0.000000,0.000000,0.000000,92.204193,0.000000,76.269196,124.636528,0.000000,31.794706,0.000000,0.000000,0.000000,0.000000,0.000000,0.000000,0.000000,131.650803,90.401520,0.000000,0.000000,95.546043
935,1,B,0.000000,0.000000,183.261719,0.000000,0.000000,0.000000,0.000000,0.000000,0.000000,146.716522,58.037472,0.000000,0.000000,0.000000,74.607132,0.000000,0.000000,66.000458,0.000000,0.000000,0.000000,100.236099,0.000000,127.923592,0.000000,62.310074,0.000000,130.426224,0.000000,0.000000,50.627220,0.000000,0.000000,0.492279,0.000000,0.000000,0.000000,22.051292,0.000000,0.000000,0.000000,0.000000,0.000000,33.204010,0.000000,0.000000,0.000000,0.000000
936,0,A,0.000000,0.000000,234.807800,0.000000,0.000000,0.000000,0.000000,0.000000,0.000000,87.385719,7.367623,0.000000,0.000000,0.000000,9.496159,0.000000,0.000000,25.343771,0.000000,0.000000,0.000000,84.617371,0.000000,140.736023,0.000000,95.809845,0.000000,177.221466,0.000000,0.000000,97.953125,0.000000,0.000000,0.374702,0.000000,0.000000,0.000000,8.871188,0.000000,0.000000,0.000000,0.000000,0.000000,13.697072,0.000000,0.000000,0.000000,0.000000
937,1,B,0.000000,0.000000,277.463104,0.000000,0.000000,0.000000,0.000000,0.000000,0.000000,2.792965,15.543961,0.000000,0.000000,0.000000,0.000000,0.000000,0.000000,0.000000,0.000000,0.000000,0.000000,224.778946,0.000000,303.044128,0.000000,0.000000,0.000000,343.215210,0.000000,0.000000,0.000000,0.000000,0.000000,0.000000,0.000000,0.000000,0.000000,103.842438,0.000000,0.000000,0.000000,0.000000,0.000000,15.500947,0.000000,0.000000,0.000000,0.000000
938,2,C,0.000000,0.000000,249.242538,0.000000,0.000000,0.000000,0.000000,0.000000,0.000000,318.828461,0.000000,0.000000,0.000000,0.000000,74.165588,0.000000,0.000000,0.000000,0.000000,0.000000,0.000000,33.204327,0.000000,130.600769,0.000000,115.177673,0.000000,135.434326,0.000000,0.000000,0.000000,0.000000,0.000000,0.000000,0.000000,0.000000,0.000000,0.000000,4.610975,0.000000,0.000000,0.000000,0.000000,42.705589,0.000000,0.000000,0.000000,0.000000
939,3,D,0.000000,0.000000,0.000000,0.000000,0.000000,0.000000,0.000000,0.000000,0.000000,0.000000,0.000000,0.000000,0.000000,0.000000,0.000000,0.000000,0.000000,0.000000,0.000000,0.000000,0.000000,124.310997,0.000000,82.683235,0.000000,259.616180,0.000000,334.741821,159.498596,0.000000,0.000000,0.000000,0.000000,0.000000,0.000000,0.000000,0.000000,16.651909,0.000000,0.000000,0.000000,0.000000,82.758553,0.000000,0.000000,0.000000,0.000000,0.000000
940,3,D,0.000000,0.000000,0.000000,0.000000,0.000000,0.000000,0.000000,0.000000,0.000000,0.000000,0.000000,0.000000,0.000000,0.000000,0.000000,0.000000,0.000000,0.000000,0.000000,0.000000,0.000000,138.657059,0.000000,59.853218,0.000000,259.416809,0.000000,318.663727,129.973389,0.000000,0.000000,0.000000,0.000000,0.000000,0.000000,0.000000,0.000000,19.010214,0.000000,0.000000,0.000000,0.000000,80.004051,0.000000,0.000000,0.000000,0.000000,0.000000
941,4,E,0.000000,0.000000,0.000000,0.000000,0.000000,0.000000,0.000000,0.000000,0.000000,104.049622,413.852173,0.000000,0.000000,0.000000,228.370636,0.000000,0.000000,0.000000,0.000000,0.000000,0.000000,114.670326,0.000000,34.742382,0.000000,112.855629,0.000000,76.105705,0.000000,0.000000,0.000000,0.000000,84.064163,122.309692,0.000000,22.116695,0.000000,76.217857,14.826044,18.639961,0.000000,0.000000,0.000000,117.667488,21.939161,0.000000,0.000000,134.461014
942,4,E,0.000000,0.000000,0.000000,0.000000,0.000000,0.000000,0.000000,0.000000,0.000000,41.418224,196.357452,0.000000,0.000000,0.000000,121.775543,0.000000,0.000000,0.000000,0.000000,0.000000,0.000000,86.520638,0.000000,105.611504,0.000000,164.150909,0.000000,180.464981,47.805840,0.000000,48.763489,0.000000,0.000000,56.651253,0.000000,18.118366,0.000000,39.218746,0.000000,0.000000,0.000000,0.000000,0.000000,56.344795,0.000000,0.000000,0.000000,51.453575
943,4,E,0.000000,0.000000,228.951981,0.000000,0.000000,0.000000,0.000000,0.000000,0.000000,61.818127,81.417419,0.000000,0.000000,0.000000,46.007496,0.000000,0.000000,0.000000,0.000000,0.000000,0.000000,90.516747,0.000000,155.682098,0.000000,22.307924,0.000000,157.931717,0.000000,0.000000,123.009567,0.000000,0.000000,44.456261,0.000000,0.000000,0.000000,23.605349,0.000000,0.000000,0.000000,0.000000,0.000000,41.010727,0.000000,0.000000,0.000000,12.167588
944,1,B,0.000000,0.000000,307.024475,0.000000,0.000000,0.000000,0.000000,0.000000,0.000000,109.161095,54.787926,0.000000,0.000000,0.000000,0.000000,0.000000,0.000000,0.000000,0.000000,0.000000,0.000000,137.207245,0.000000,260.690186,0.000000,0.000000,0.000000,247.008469,0.000000,0.000000,19.341532,0.000000,0.000000,5.224629,0.000000,0.000000,0.000000,68.910408,0.000000,0.000000,0.000000,0.000000,0.000000,30.557758,0.000000,0.000000,0.000000,0.000000
945,3,D,0.000000,0.000000,0.000000,0.000000,0.000000,0.000000,0.000000,0.000000,0.000000,0.000000,0.000000,0.000000,0.000000,0.000000,0.000000,0.000000,0.000000,0.000000,0.000000,0.000000,0.000000,169.880737,0.000000,106.068710,0.000000,267.866333,0.000000,271.323669,75.237953,0.000000,25.996473,0.000000,0.000000,0.000000,0.000000,21.553307,0.000000,28.302376,0.000000,0.000000,0.000000,0.000000,74.264961,0.000000,0.000000,0.000000,0.000000,0.000000
946,1,B,0.000000,0.000000,214.638794,0.000000,0.000000,0.000000,0.000000,0.000000,0.000000,87.817116,41.518627,0.000000,0.000000,0.000000,52.107548,0.000000,0.000000,43.352772,0.000000,0.000000,0.000000,78.600113,0.000000,122.676910,0.000000,73.803391,0.000000,146.222290,0.000000,0.000000,92.845146,0.000000,0.000000,11.047665,0.000000,0.000000,0.000000,10.690850,0.000000,0.000000,0.000000,0.000000,0.000000,25.495216,0.000000,0.000000,0.000000,0.000000
947,1,B,0.000000,0.000000,267.377167,0.000000,0.000000,0.000000,0.000000,0.000000,0.000000,56.449524,9.689745,0.000000,0.000000,0.000000,0.000000,0.000000,0.000000,0.000000,0.000000,0.000000,0.000000,185.372452,0.000000,277.061188,0.000000,0.000000,0.000000,312.227264,0.000000,0.000000,0.000000,0.000000,0.000000,0.000000,0.000000,0.000000,0.000000,85.974365,1.248701,0.000000,0.000000,0.000000,0.000000,16.977509,0.000000,0.000000,0.000000,0.000000
948,3,D,0.000000,0.000000,0.000000,0.000000,0.000000,0.000000,0.000000,0.000000,0.000000,0.000000,0.000000,0.000000,0.000000,0.000000,0.000000,0.000000,0.000000,0.000000,0.000000,0.000000,0.000000,133.808517,0.000000,56.213322,0.000000,295.352112,0.000000,330.742676,203.091248,0.000000,0.000000,0.000000,0.000000,0.000000,0.000000,0.000000,0.000000,5.833734,0.000000,0.000000,0.000000,0.000000,90.793587,0.000000,0.000000,0.000000,0.000000,0.000000
949,4,E,0.000000,0.000000,0.000000,0.000000,0.000000,0.000000,0.000000,0.000000,0.000000,55.969925,257.320526,0.000000,0.000000,0.000000,103.340523,0.000000,0.000000,0.000000,0.000000,0.000000,0.000000,51.764946,0.000000,82.579651,0.000000,26.287148,0.000000,149.282318,0.000000,0.000000,0.000000,0.000000,32.309555,70.054504,0.000000,12.468494,0.000000,64.670059,21.690191,17.272242,0.000000,0.000000,0.000000,61.659847,0.000000,0.000000,0.000000,88.008591
950,1,B,0.000000,0.000000,248.267334,0.000000,0.000000,0.000000,0.000000,0.000000,0.000000,25.993017,10.459890,0.000000,0.000000,0.000000,0.000000,0.000000,0.000000,0.000000,0.000000,0.000000,0.000000,172.729156,0.000000,250.972565,0.000000,0.000000,0.000000,289.278381,0.000000,0.000000,5.999612,0.000000,0.000000,0.000000,0.000000,0.000000,0.000000,80.115028,0.000000,0.000000,0.000000,0.000000,0.000000,13.977308,0.000000,0.000000,0.000000,0.000000
951,1,B,0.000000,0.000000,218.510208,0.000000,0.000000,0.000000,0.000000,0.000000,0.000000,0.000000,0.000000,0.000000,0.000000,0.000000,0.000000,0.000000,0.000000,101.935028,0.000000,0.000000,0.000000,218.550720,0.000000,258.570923,0.000000,5.828904,0.000000,342.550537,0.000000,0.000000,0.000000,0.000000,0.000000,0.000000,0.000000,0.000000,0.000000,95.340553,0.000000,0.000000,0.000000,0.000000,11.570243,0.000000,0.000000,0.000000,0.000000,0.000000
952,4,E,0.000000,0.000000,0.000000,0.000000,0.000000,0.000000,0.000000,0.000000,0.000000,0.000000,264.924896,0.000000,0.000000,0.000000,176.095276,0.000000,0.000000,0.000000,0.000000,0.000000,0.000000,97.732094,0.000000,0.000000,0.000000,30.008120,0.000000,173.034943,0.000000,0.000000,43.874336,0.000000,32.363190,91.595108,0.000000,0.000000,0.000000,57.295067,0.000000,22.861727,0.000000,0.000000,0.000000,71.315422,0.000000,1.001445,0.000000,90.938538
953,1,B,0.000000,0.000000,143.545898,0.000000,0.000000,0.000000,0.000000,0.000000,0.000000,0.000000,82.223976,0.000000,0.000000,0.000000,59.583912,0.000000,0.000000,99.794334,0.000000,0.000000,0.000000,95.490463,0.000000,98.954399,0.000000,85.167175,0.000000,131.059830,0.000000,0.000000,121.391251,0.000000,0.000000,16.165003,0.000000,0.000000,0.000000,17.186522,0.000000,0.000000,0.000000,0.000000,0.000000,16.754896,0.000000,0.000000,0.000000,0.000000
954,0,A,0.000000,0.000000,0.000000,0.000000,0.000000,0.000000,0.000000,0.000000,0.000000,140.437805,308.978394,0.000000,0.000000,0.000000,328.907379,0.000000,0.000000,0.000000,0.000000,0.000000,0.000000,0.000000,0.000000,0.000000,0.000000,252.025787,0.000000,0.000000,0.000000,0.000000,73.393402,0.000000,71.407242,112.665848,0.000000,31.235081,0.000000,0.000000,0.000000,0.000000,0.000000,0.000000,0.000000,124.320770,88.012146,0.000000,0.000000,87.096947
955,1,B,0.000000,0.000000,258.998993,0.000000,0.000000,0.000000,0.000000,0.000000,0.000000,0.000000,0.000000,0.000000,0.000000,0.000000,0.000000,0.000000,0.000000,0.000000,0.000000,0.000000,0.000000,254.412964,0.000000,338.002350,0.000000,0.000000,0.000000,388.267090,0.000000,0.000000,0.000000,0.000000,0.000000,0.000000,0.000000,0.000000,0.000000,114.927521,1.295971,0.000000,0.000000,0.000000,0.000000,13.277205,0.000000,0.000000,0.000000,0.000000
956,4,E,0.000000,0.000000,0.000000,0.000000,0.000000,0.000000,0.000000,0.000000,0.000000,34.823406,152.641541,0.000000,0.000000,0.000000,80.824944,0.000000,0.000000,0.000000,0.000000,0.000000,0.000000,218.556732,0.000000,169.543091,0.000000,83.489670,0.000000,122.581512,0.000000,0.000000,0.000000,0.000000,0.000000,35.054966,0.000000,21.021950,0.000000,84.121506,12.236231,0.000000,0.000000,0.000000,0.000000,53.626438,0.000000,0.000000,0.000000,48.508617
957,0,A,0.000000,0.000000,230.919250,0.000000,0.000000,0.000000,0.000000,0.000000,0.000000,155.611816,30.510550,0.000000,0.000000,0.000000,72.955521,0.000000,0.000000,35.067787,0.000000,0.000000,0.000000,76.195435,0.000000,131.334808,0.000000,24.731401,0.000000,130.590195,0.000000,0.000000,41.090439,0.000000,0.000000,2.638288,0.000000,0.000000,0.000000,17.103226,0.000000,0.000000,0.000000,0.000000,0.000000,35.458046,0.000000,0.000000,0.000000,0.000000
958,0,A,0.000000,0.000000,206.978012,0.000000,0.000000,0.000000,0.000000,0.000000,0.000000,37.329155,41.389046,0.000000,0.000000,0.000000,23.022236,0.000000,0.000000,15.701105,0.000000,0.000000,0.000000,103.037720,0.000000,131.895340,0.000000,86.276863,0.000000,174.561356,0.000000,0.000000,114.525398,0.000000,0.000000,20.275469,0.000000,0.000000,0.000000,17.423216,0.000000,0.000000,0.000000,0.000000,0.000000,20.616369,0.000000,0.000000,0.000000,0.000000
959,4,E,0.000000,0.000000,0.000000,0.000000,0.000000,0.000000,0.000000,0.000000,0.000000,124.279686,274.030151,0.000000,0.000000,0.000000,140.804184,0.000000,0.000000,0.000000,0.000000,0.000000,0.000000,139.363831,0.000000,90.164597,0.000000,0.000000,0.000000,111.130920,0.000000,0.000000,61.279659,0.000000,52.690674,91.691345,0.000000,9.428534,0.000000,62.628750,15.463367,0.000000,0.000000,0.000000,0.000000,88.466339,0.000000,6.113149,0.000000,102.120300
960,1,B,0.000000,0.000000,258.532166,0.000000,0.000000,0.000000,0.000000,0.000000,0.000000,92.645714,20.223858,0.000000,0.000000,0.000000,0.000000,0.000000,0.000000,0.000000,0.000000,0.000000,0.000000,149.487457,0.000000,223.751587,0.000000,13.825777,0.000000,254.927551,0.000000,0.000000,31.943037,0.000000,0.000000,0.000000,0.000000,0.000000,0.000000,59.159527,0.000000,0.000000,0.000000,0.000000,0.000000,20.973139,0.000000,0.000000,0.000000,0.000000
961,1,B,0.000000,0.000000,260.977753,0.000000,0.000000,0.000000,0.000000,0.000000,0.000000,194.254227,3.295995,0.000000,0.000000,0.000000,68.368324,0.000000,0.000000,0.000000,0.000000,0.000000,0.000000,58.557274,0.000000,159.866043,0.000000,0.000000,0.000000,148.293564,0.000000,0.000000,5.644229,0.000000,0.000000,0.000000,0.000000,0.000000,0.000000,20.657990,3.303865,0.000000,0.000000,0.000000,0.000000,38.791809,0.000000,0.000000,0.000000,0.000000
962,1,B,0.000000,0.000000,230.465179,0.000000,0.000000,0.000000,0.000000,0.000000,0.000000,124.456856,0.000000,0.000000,0.000000,0.000000,0.000000,0.000000,0.000000,32.584663,0.000000,0.000000,0.000000,128.126953,0.000000,190.535431,0.000000,68.447411,0.000000,214.508774,0.000000,0.000000,0.000000,0.000000,0.000000,0.000000,0.000000,0.000000,0.000000,45.684841,0.000000,0.000000,0.000000,0.000000,0.000000,10.440737,0.000000,0.000000,0.000000,0.000000
963,4,E,0.000000,0.000000,0.000000,0.000000,0.000000,0.000000,0.000000,0.000000,0.000000,86.822899,219.736298,0.000000,0.000000,0.000000,58.370049,0.000000,0.000000,0.000000,0.000000,0.000000,0.000000,0.000000,0.000000,115.324089,0.000000,153.463547,0.000000,134.407578,106.954338,0.000000,1.557512,0.000000,0.000000,49.369827,0.000000,15.951372,0.000000,26.941555,0.000000,0.000000,0.000000,0.000000,0.000000,48.533070,0.000000,0.000000,0.000000,55.646187
964,3,D,0.000000,0.000000,0.000000,0.000000,0.000000,0.000000,0.000000,0.000000,0.000000,0.000000,0.000000,0.000000,0.000000,0.000000,8.786202,0.000000,0.000000,0.000000,0.000000,0.000000,0.000000,199.943176,0.000000,155.807220,0.000000,197.536087,0.000000,239.055527,129.980148,0.000000,0.000000,0.000000,0.000000,0.000000,0.000000,0.000000,0.000000,40.826183,0.000000,0.000000,0.000000,0.000000,64.717857,2.692798,0.000000,0.000000,0.000000,0.000000
965,3,D,0.000000,0.000000,0.000000,0.000000,0.000000,0.000000,0.000000,0.000000,0.000000,0.000000,0.000000,0.000000,0.000000,0.000000,0.000000,0.000000,0.000000,0.000000,0.000000,0.000000,0.000000,105.975983,0.000000,37.044281,0.000000,303.419037,0.000000,299.859863,188.255264,0.000000,0.000000,0.000000,0.000000,0.000000,0.000000,0.000000,0.000000,0.000000,0.000000,0.000000,0.000000,0.000000,88.272888,0.000000,0.000000,0.000000,0.000000,0.000000
966,4,E,0.000000,0.000000,0.000000,0.000000,0.000000,0.000000,0.000000,0.000000,0.000000,0.000000,277.369995,0.000000,0.000000,0.000000,198.578476,0.000000,0.000000,0.000000,0.000000,0.000000,0.000000,53.203419,0.000000,14.441193,0.000000,0.000000,0.000000,0.000000,0.000000,0.000000,88.722336,0.000000,67.045097,117.116608,0.000000,0.000000,0.000000,32.255768,0.000000,0.000000,0.000000,0.000000,0.000000,92.301483,23.181023,25.494150,0.000000,101.065056
967,4,E,0.000000,0.000000,0.000000,0.000000,0.000000,0.000000,0.000000,0.000000,0.000000,215.081619,184.598633,0.000000,0.000000,0.000000,31.321211,0.000000,0.000000,0.000000,0.000000,0.000000,0.000000,62.539394,0.000000,172.848007,0.000000,0.000000,0.000000,201.733627,0.000000,0.000000,0.000000,0.000000,18.010181,32.679504,0.000000,22.363527,0.000000,61.298244,55.908360,0.000000,0.000000,0.000000,0.000000,50.945362,0.000000,0.000000,0.000000,69.991501
968,0,A,0.000000,0.000000,0.000000,0.000000,0.000000,0.000000,0.000000,0.000000,0.000000,10.954120,344.184692,0.000000,0.000000,0.000000,291.535858,0.000000,0.000000,0.000000,0.000000,0.000000,0.000000,0.000000,0.000000,0.000000,0.000000,290.521423,0.000000,0.000000,101.699326,0.000000,101.091919,0.000000,36.602127,131.897919,0.000000,16.948648,0.000000,0.000000,0.000000,0.000000,0.000000,0.000000,0.000000,114.496269,107.561897,0.000000,0.000000,86.960686
969,3,D,0.000000,0.000000,0.000000,0.000000,0.000000,0.000000,0.000000,0.000000,0.000000,0.000000,41.458118,0.000000,0.000000,0.000000,0.000000,0.000000,0.000000,0.000000,0.000000,0.000000,0.000000,138.945541,0.000000,89.038315,0.000000,198.840164,0.000000,299.030273,58.949318,0.000000,0.000000,0.000000,0.000000,0.000000,0.000000,14.022675,0.000000,42.639198,0.000000,0.000000,0.000000,0.000000,53.749012,0.000000,0.000000,0.000000,0.000000,0.000000
970,3,D,0.000000,0.000000,0.000000,0.000000,0.000000,0.000000,0.000000,0.000000,0.000000,36.615459,16.174309,0.000000,0.000000,0.000000,0.000000,0.000000,0.000000,0.000000,0.000000,0.000000,0.000000,50.975029,0.000000,22.317419,0.000000,205.008682,0.000000,263.347473,45.849762,0.000000,0.000000,0.000000,0.000000,0.000000,0.000000,15.403714,0.000000,9.905313,0.000000,0.000000,0.000000,0.000000,51.509365,0.000000,0.000000,0.000000,0.000000,0.000000
971,0,A,0.000000,0.000000,222.443878,0.000000,0.000000,0.000000,0.000000,0.000000,0.000000,134.038864,40.191120,0.000000,0.000000,0.000000,65.957390,0.000000,0.000000,49.963711,0.000000,0.000000,0.000000,83.973442,0.000000,127.759041,0.000000,32.094048,0.000000,130.618530,0.000000,0.000000,55.585541,0.000000,0.000000,3.798504,0.000000,0.000000,0.000000,17.993568,0.000000,0.000000,0.000000,0.000000,0.000000,31.663790,0.000000,0.000000,0.000000,0.000000
972,1,B,0.000000,0.000000,266.295685,0.000000,0.000000,0.000000,0.000000,0.000000,0.000000,0.000000,6.030334,0.000000,0.000000,0.000000,0.000000,0.000000,0.000000,0.000000,0.000000,0.000000,0.000000,244.208481,0.000000,319.097870,0.000000,0.000000,0.000000,375.763641,0.000000,0.000000,0.000000,0.000000,0.000000,0.000000,0.000000,0.000000,0.000000,110.596725,0.000000,0.000000,0.000000,0.000000,0.000000,13.401241,0.000000,0.000000,0.000000,0.000000
973,2,C,0.000000,0.000000,223.121094,0.000000,0.000000,0.000000,0.000000,0.000000,0.000000,140.758316,0.000000,0.000000,0.000000,0.000000,52.803989,0.000000,0.000000,77.935555,0.000000,0.000000,0.000000,61.964561,0.000000,129.573517,0.000000,45.722713,0.000000,135.206741,0.000000,0.000000,37.148705,0.000000,0.000000,0.000000,0.000000,0.000000,0.000000,11.102509,0.000000,0.000000,0.000000,0.000000,0.000000,15.981150,0.000000,0.000000,0.000000,0.000000
974,4,E,0.000000,0.000000,0.000000,0.000000,0.000000,0.000000,0.000000,0.000000,0.000000,57.292191,176.431641,0.000000,0.000000,0.000000,248.259109,0.000000,0.000000,0.000000,0.000000,0.000000,0.000000,113.451523,0.000000,142.452209,0.000000,0.000000,0.000000,175.776047,0.000000,0.000000,69.813484,0.000000,19.871508,77.956108,0.000000,0.000000,0.000000,54.340996,0.000000,0.000000,0.000000,0.000000,0.000000,90.869484,0.000000,21.472500,0.000000,71.821297
975,3,D,0.000000,0.000000,0.000000,0.000000,0.000000,0.000000,0.000000,0.000000,0.000000,0.000000,125.677612,0.000000,0.000000,0.000000,0.000000,0.000000,0.000000,0.000000,0.000000,0.000000,0.000000,164.508865,0.000000,93.949310,0.000000,119.573738,0.000000,287.083221,83.888763,0.000000,0.000000,0.000000,0.000000,14.833799,0.000000,1.160924,0.000000,63.180611,0.000000,0.000000,0.000000,0.000000,18.183130,11.203519,0.000000,0.000000,0.000000,26.227400
976,4,E,0.000000,0.000000,0.000000,0.000000,0.000000,0.000000,0.000000,0.000000,0.000000,97.270905,205.884735,0.000000,0.000000,0.000000,94.395363,0.000000,0.000000,0.000000,0.000000,0.000000,0.000000,67.173729,0.000000,138.578552,0.000000,82.054749,0.000000,113.401192,12.660514,0.000000,30.190870,0.000000,18.373907,56.770252,0.000000,24.674898,0.000000,47.970661,0.000000,0.000000,0.000000,0.000000,0.000000,62.587132,0.000000,0.000000,0.000000,66.507088
977,1,B,0.000000,0.000000,245.783188,0.000000,0.000000,0.000000,0.000000,0.000000,0.000000,23.866171,11.288860,0.000000,0.000000,0.000000,0.000000,0.000000,0.000000,0.000000,0.000000,0.000000,0.000000,171.883102,0.000000,253.026245,0.000000,0.000000,0.000000,290.843994,0.000000,0.000000,4.924428,0.000000,0.000000,0.000000,0.000000,0.000000,0.000000,80.941689,0.000000,0.000000,0.000000,0.000000,0.000000,13.832093,0.000000,0.000000,0.000000,0.000000
978,1,B,0.000000,0.000000,239.167984,0.000000,0.000000,0.000000,0.000000,0.000000,0.000000,0.000000,30.675632,0.000000,0.000000,0.000000,0.000000,0.000000,0.000000,26.315142,0.000000,0.000000,0.000000,232.424622,0.000000,296.669525,0.000000,0.000000,0.000000,367.906525,0.000000,0.000000,0.000000,0.000000,0.000000,0.000000,0.000000,0.000000,0.000000,109.571442,0.000000,0.000000,0.000000,0.000000,0.000000,10.381672,0.000000,0.000000,0.000000,0.000000
979,1,B,0.000000,0.000000,254.573654,0.000000,0.000000,0.000000,0.000000,0.000000,0.000000,31.058826,0.000000,0.000000,0.000000,0.000000,0.000000,0.000000,0.000000,39.969875,0.000000,0.000000,0.000000,188.189438,0.000000,257.655029,0.000000,0.000000,0.000000,313.463379,0.000000,0.000000,0.000000,0.000000,0.000000,0.000000,0.000000,0.000000,0.000000,84.818619,0.000000,0.000000,0.000000,0.000000,0.000000,5.160061,0.000000,0.000000,0.000000,0.000000
980,0,A,0.000000,0.000000,0.000000,0.000000,0.000000,0.000000,0.000000,0.000000,0.000000,0.000000,171.087387,0.000000,0.000000,0.000000,98.873543,0.000000,0.000000,0.000000,0.000000,0.000000,0.000000,88.217316,0.000000,0.000000,0.000000,241.485825,0.000000,166.770844,306.354797,0.000000,73.903885,0.000000,0.000000,61.110916,0.000000,0.000000,0.000000,0.000000,0.000000,0.000000,0.000000,0.000000,0.000000,43.328453,37.581661,0.000000,0.000000,20.799726
981,3,D,0.000000,0.000000,0.000000,0.000000,0.000000,0.000000,0.000000,0.000000,0.000000,28.491465,0.000000,0.000000,0.000000,0.000000,0.000000,0.000000,0.000000,0.000000,0.000000,0.000000,0.000000,60.366730,0.000000,72.931206,0.000000,282.861481,0.000000,312.575378,59.016167,0.000000,0.000000,0.000000,0.000000,0.000000,0.000000,25.918795,0.000000,12.459620,0.000000,0.000000,0.000000,0.000000,75.983513,0.000000,0.000000,0.000000,0.000000,0.000000
982,3,D,0.000000,0.000000,0.000000,0.000000,0.000000,0.000000,0.000000,0.000000,0.000000,0.000000,0.000000,0.000000,0.000000,0.000000,0.000000,0.000000,0.000000,0.000000,0.000000,0.000000,0.000000,123.030815,0.000000,75.579994,0.000000,269.630829,0.000000,327.399994,172.506378,0.000000,0.000000,0.000000,0.000000,0.000000,0.000000,0.000000,0.000000,12.401250,0.000000,0.000000,0.000000,0.000000,84.532211,0.000000,0.000000,0.000000,0.000000,0.000000
983,3,D,0.000000,0.000000,0.000000,0.000000,0.000000,0.000000,0.000000,0.000000,0.000000,0.000000,0.000000,0.000000,0.000000,0.000000,0.000000,0.000000,0.000000,0.000000,0.000000,0.000000,0.000000,158.166504,0.000000,54.080433,0.000000,352.839111,0.000000,348.341400,198.152588,0.000000,0.000000,0.000000,0.000000,0.000000,0.000000,0.000000,0.000000,7.611175,0.000000,0.000000,0.000000,0.000000,102.700195,0.000000,0.000000,0.000000,0.000000,0.000000
984,3,D,0.000000,0.000000,0.000000,0.000000,0.000000,0.000000,0.000000,0.000000,0.000000,0.000000,0.000000,0.000000,0.000000,0.000000,0.000000,0.000000,0.000000,0.000000,0.000000,0.000000,0.000000,92.565323,0.000000,54.556831,0.000000,292.010651,0.000000,289.885529,154.427567,0.000000,0.000000,0.000000,0.000000,0.000000,0.000000,0.762498,0.000000,2.361863,0.000000,0.000000,0.000000,0.000000,83.873520,0.000000,0.000000,0.000000,0.000000,0.000000
985,3,D,0.000000,0.000000,0.000000,0.000000,0.000000,0.000000,0.000000,0.000000,0.000000,0.000000,0.000000,0.000000,0.000000,0.000000,0.000000,0.000000,0.000000,0.000000,0.000000,0.000000,0.000000,185.241272,0.000000,157.659851,0.000000,194.430359,0.000000,298.922882,63.747463,0.000000,0.000000,0.000000,0.000000,0.000000,0.000000,13.488981,0.000000,52.621929,0.000000,0.000000,0.000000,0.000000,66.899559,0.000000,0.000000,0.000000,0.000000,0.000000
986,3,D,0.000000,0.000000,0.000000,0.000000,0.000000,0.000000,0.000000,0.000000,0.000000,0.000000,9.817550,0.000000,0.000000,0.000000,0.000000,0.000000,0.000000,0.000000,0.000000,0.000000,0.000000,132.160202,0.000000,70.144012,0.000000,305.064545,0.000000,240.580246,106.677742,0.000000,0.000000,0.000000,0.000000,0.000000,0.000000,18.646606,0.000000,14.966661,0.000000,0.000000,0.000000,0.000000,79.186676,0.000000,0.000000,0.000000,0.000000,0.000000
987,4,E,0.000000,0.000000,0.000000,0.000000,0.000000,0.000000,0.000000,0.000000,0.000000,294.595032,200.483612,0.000000,0.000000,0.000000,0.000000,0.000000,0.000000,0.000000,0.000000,0.000000,0.000000,0.000000,0.000000,42.314140,0.000000,64.039970,0.000000,116.374901,0.000000,0.000000,0.000000,0.000000,42.641674,30.952543,0.000000,35.565662,0.000000,18.942696,51.335800,10.342690,0.000000,0.000000,0.000000,44.565006,0.000000,0.000000,0.000000,65.891907
988,1,B,0.000000,0.000000,243.534866,0.000000,0.000000,0.000000,0.000000,0.000000,0.000000,21.962866,10.952951,0.000000,0.000000,0.000000,0.000000,0.000000,0.000000,0.000000,0.000000,0.000000,0.000000,181.546387,0.000000,260.471619,0.000000,0.000000,0.000000,305.140625,0.000000,0.000000,0.000000,0.000000,0.000000,0.000000,0.000000,0.000000,0.000000,85.907806,0.000000,0.000000,0.000000,0.000000,0.000000,13.299533,0.000000,0.000000,0.000000,0.000000
989,2,C,0.000000,0.000000,213.135406,0.000000,0.000000,0.000000,0.000000,0.000000,0.000000,133.014587,0.000000,0.000000,0.000000,0.000000,29.307325,0.000000,0.000000,92.262009,0.000000,0.000000,0.000000,75.035820,0.000000,131.897339,0.000000,76.863663,0.000000,145.137451,0.000000,0.000000,43.347672,0.000000,0.000000,0.000000,0.000000,0.000000,0.000000,12.276398,0.000000,0.000000,0.000000,0.000000,0.000000,7.115763,0.000000,0.000000,0.000000,0.000000
990,0,A,0.000000,0.000000,225.041397,0.000000,0.000000,0.000000,0.000000,0.000000,0.000000,89.072350,41.183903,0.000000,0.000000,0.000000,57.938545,0.000000,0.000000,42.095570,0.000000,0.000000,0.000000,80.968147,0.000000,122.322578,0.000000,33.834568,0.000000,139.911697,0.000000,0.000000,79.617523,0.000000,0.000000,12.349902,0.000000,0.000000,0.000000,15.960132,0.000000,0.000000,0.000000,0.000000,0.000000,28.196415,0.000000,0.000000,0.000000,0.000000
991,3,D,0.000000,0.000000,0.000000,0.000000,0.000000,0.000000,0.000000,0.000000,0.000000,0.000000,0.000000,0.000000,0.000000,0.000000,0.000000,0.000000,0.000000,0.000000,0.000000,0.000000,0.000000,102.254822,0.000000,75.330299,0.000000,302.282623,0.000000,341.029358,164.218567,0.000000,0.000000,0.000000,0.000000,0.000000,0.000000,0.000000,0.000000,8.537512,0.000000,0.000000,0.000000,0.000000,90.414055,0.000000,0.000000,0.000000,0.000000,0.000000
992,0,A,0.000000,0.000000,169.730331,0.000000,0.000000,0.000000,0.000000,0.000000,0.000000,93.198624,74.075294,0.000000,0.000000,0.000000,62.280598,0.000000,0.000000,19.372684,0.000000,0.000000,0.000000,133.246796,0.000000,134.218872,0.000000,92.643875,0.000000,166.605606,0.000000,0.000000,67.382317,0.000000,0.000000,18.791643,0.000000,0.000000,0.000000,32.721481,0.000000,0.000000,0.000000,0.000000,0.000000,36.180965,0.000000,0.000000,0.000000,1.982704
993,4,E,0.000000,0.000000,0.000000,0.000000,0.000000,0.000000,0.000000,0.000000,0.000000,86.945915,115.996994,0.000000,0.000000,0.000000,151.081406,0.000000,0.000000,0.000000,0.000000,0.000000,0.000000,110.216240,0.000000,179.897720,0.000000,106.437141,0.000000,80.491249,7.081947,0.000000,38.255932,0.000000,4.511831,39.126495,0.000000,19.150742,0.000000,40.096622,0.000000,0.000000,0.000000,0.000000,0.000000,67.616432,0.000000,0.000000,0.000000,36.779037
994,3,D,0.000000,0.000000,0.000000,0.000000,0.000000,0.000000,0.000000,0.000000,0.000000,17.467764,62.596378,0.000000,0.000000,0.000000,0.000000,0.000000,0.000000,0.000000,0.000000,0.000000,0.000000,169.482788,0.000000,113.391899,0.000000,178.601334,0.000000,288.064941,22.424887,0.000000,0.000000,0.000000,0.000000,0.000000,0.000000,24.058023,0.000000,59.020962,0.000000,0.000000,0.000000,0.000000,41.597954,1.605072,0.000000,0.000000,0.000000,1.380725
995,1,B,0.000000,0.000000,228.267319,0.000000,0.000000,0.000000,0.000000,0.000000,0.000000,125.665726,24.834036,0.000000,0.000000,0.000000,0.000000,0.000000,0.000000,67.150536,0.000000,0.000000,0.000000,97.872505,0.000000,158.988693,0.000000,68.897041,0.000000,192.879517,0.000000,0.000000,41.581852,0.000000,0.000000,0.000000,0.000000,0.000000,0.000000,29.592915,0.000000,0.000000,0.000000,0.000000,0.000000,8.251774,0.000000,0.000000,0.000000,0.000000
996,3,D,0.000000,0.000000,0.000000,0.000000,0.000000,0.000000,0.000000,0.000000,0.000000,0.000000,0.000000,0.000000,0.000000,0.000000,0.000000,0.000000,0.000000,4.791789,0.000000,0.000000,0.000000,169.453003,0.000000,129.448669,0.000000,300.646820,0.000000,237.770325,159.409744,0.000000,0.000000,0.000000,0.000000,0.000000,0.000000,7.624700,0.000000,20.582844,0.000000,0.000000,0.000000,0.000000,87.131546,0.000000,0.000000,0.000000,0.000000,0.000000
997,0,A,0.000000,0.000000,0.000000,0.000000,0.000000,0.000000,0.000000,0.000000,0.000000,0.000000,179.152267,0.000000,0.000000,0.000000,84.429405,0.000000,0.000000,0.000000,0.000000,0.000000,0.000000,73.127312,0.000000,0.000000,0.000000,315.444977,0.000000,162.664612,356.033569,0.000000,85.859680,0.000000,0.000000,61.351650,0.000000,0.000000,0.000000,0.000000,0.000000,0.000000,0.000000,0.000000,7.754809,40.651085,55.521149,0.000000,0.000000,12.448873
998,3,D,0.000000,0.000000,0.000000,0.000000,0.000000,0.000000,0.000000,0.000000,0.000000,5.422060,0.000000,0.000000,0.000000,0.000000,0.000000,0.000000,0.000000,0.000000,0.000000,0.000000,0.000000,89.837563,0.000000,82.322563,0.000000,240.505356,0.000000,284.535065,107.281845,0.000000,0.000000,0.000000,0.000000,0.000000,0.000000,6.810949,0.000000,15.032184,0.000000,0.000000,0.000000,0.000000,71.881233,0.000000,0.000000,0.000000,0.000000,0.000000
999,2,C,0.000000,0.000000,258.712555,0.000000,0.000000,0.000000,0.000000,0.000000,0.000000,282.139648,0.000000,0.000000,0.000000,0.000000,60.979908,0.000000,0.000000,0.000000,0.000000,0.000000,0.000000,46.900639,0.000000,150.284439,0.000000,83.398636,0.000000,138.580383,0.000000,0.000000,6.656066,0.000000,0.000000,0.000000,0.000000,0.000000,0.000000,2.842522,1.391138,0.000000,0.000000,0.000000,0.000000,40.332993,0.000000,0.000000,0.000000,0.000000
1000,2,C,0.000000,0.000000,283.777039,0.000000,0.000000,0.000000,0.000000,0.000000,0.000000,345.279877,0.000000,0.000000,0.000000,0.000000,73.724052,0.000000,0.000000,0.000000,0.000000,0.000000,0.000000,38.392971,0.000000,163.507263,0.000000,87.122528,0.000000,150.195358,0.000000,0.000000,13.189397,0.000000,0.000000,0.000000,0.000000,0.000000,0.000000,0.000000,4.832521,0.000000,0.000000,0.000000,0.000000,48.243217,0.000000,0.000000,0.000000,0.000000
1001,0,A,0.000000,0.000000,0.000000,0.000000,0.000000,0.000000,0.000000,0.000000,0.000000,104.379013,313.237671,0.000000,0.000000,0.000000,328.656219,0.000000,0.000000,0.000000,0.000000,0.000000,0.000000,0.000000,0.000000,0.000000,0.000000,249.370850,0.000000,0.000000,6.148208,0.000000,87.949173,0.000000,66.898499,119.118507,0.000000,29.083048,0.000000,0.000000,0.000000,0.000000,0.000000,0.000000,0.000000,123.201469,90.919922,0.000000,0.000000,88.163620
1002,0,A,0.000000,0.000000,178.109665,0.000000,0.000000,0.000000,0.000000,0.000000,0.000000,69.597000,62.785671,0.000000,0.000000,0.000000,53.184803,0.000000,0.000000,58.936523,0.000000,0.000000,0.000000,78.588844,0.000000,120.357750,0.000000,80.551147,0.000000,134.813919,0.000000,0.000000,113.112152,0.000000,0.000000,17.208389,0.000000,0.000000,0.000000,10.119213,0.000000,0.000000,0.000000,0.000000,0.000000,25.593946,0.000000,0.000000,0.000000,0.000000
1003,0,A,0.000000,0.000000,209.282898,0.000000,0.000000,0.000000,0.000000,0.000000,0.000000,82.189285,34.653439,0.000000,0.000000,0.000000,47.512531,0.000000,0.000000,55.379944,0.000000,0.000000,0.000000,89.440163,0.000000,124.334419,0.000000,50.754017,0.000000,149.040878,0.000000,0.000000,69.278152,0.000000,0.000000,1.767187,0.000000,0.000000,0.000000,19.489813,0.000000,0.000000,0.000000,0.000000,0.000000,20.702700,0.000000,0.000000,0.000000,0.000000
1004,0,A,0.000000,0.000000,186.222565,0.000000,0.000000,0.000000,0.000000,0.000000,0.000000,185.535233,59.530674,0.000000,0.000000,0.000000,109.152771,0.000000,0.000000,31.103455,0.000000,0.000000,0.000000,45.397659,0.000000,110.453590,0.000000,72.640144,0.000000,90.842453,0.000000,0.000000,92.689713,0.000000,0.000000,23.285408,0.000000,0.000000,0.000000,0.000000,0.000000,0.000000,0.000000,0.000000,0.000000,50.896847,0.000000,0.000000,0.000000,0.000000
1005,2,C,0.000000,0.000000,257.839478,0.000000,0.000000,0.000000,0.000000,0.000000,0.000000,262.647125,0.000000,0.000000,0.000000,0.000000,60.999809,0.000000,0.000000,0.000000,0.000000,0.000000,0.000000,47.013077,0.000000,152.390060,0.000000,82.564865,0.000000,137.468582,0.000000,0.000000,26.344553,0.000000,0.000000,0.000000,0.000000,0.000000,0.000000,0.360705,0.000000,0.000000,0.000000,0.000000,0.000000,40.160297,0.000000,0.000000,0.000000,0.000000
1006,4,E,0.000000,0.000000,0.000000,0.000000,0.000000,0.000000,0.000000,0.000000,0.000000,28.997969,293.644592,0.000000,0.000000,0.000000,105.458389,0.000000,0.000000,0.000000,0.000000,0.000000,0.000000,188.107178,0.000000,153.872009,0.000000,20.539042,0.000000,259.478302,0.000000,0.000000,0.000000,0.000000,14.043262,75.667152,0.000000,11.466251,0.000000,114.783691,34.656631,15.865657,0.000000,0.000000,0.000000,69.119339,0.000000,0.000000,0.000000,102.414749
1007,0,A,0.000000,0.000000,208.658829,0.000000,0.000000,0.000000,0.000000,0.000000,0.000000,111.894875,42.323513,0.000000,0.000000,0.000000,66.269882,0.000000,0.000000,44.378353,0.000000,0.000000,0.000000,79.168800,0.000000,118.275841,0.000000,54.337345,0.000000,131.085770,0.000000,0.000000,76.075569,0.000000,0.000000,9.747023,0.000000,0.000000,0.000000,12.074690,0.000000,0.000000,0.000000,0.000000,0.000000,30.631746,0.000000,0.000000,0.000000,0.000000
1008,4,E,0.000000,0.000000,0.000000,0.000000,0.000000,0.000000,0.000000,0.000000,0.000000,27.400993,243.526581,0.000000,0.000000,0.000000,151.661407,0.000000,0.000000,0.000000,0.000000,0.000000,0.000000,145.746017,0.000000,112.880020,0.000000,0.000000,0.000000,233.335297,0.000000,0.000000,0.000000,0.000000,16.942739,70.143944,0.000000,0.000000,0.000000,92.007286,31.511484,17.207685,0.000000,0.000000,0.000000,69.277130,0.000000,0.000000,0.000000,88.410423
1009,4,E,0.000000,0.000000,0.000000,0.000000,0.000000,0.000000,0.000000,0.000000,0.000000,194.124557,239.316757,0.000000,0.000000,0.000000,62.978184,0.000000,0.000000,0.000000,0.000000,0.000000,0.000000,58.868935,0.000000,83.782845,0.000000,45.116856,0.000000,190.561920,0.000000,0.000000,0.000000,0.000000,31.353598,50.700520,0.000000,22.467916,0.000000,54.605412,45.554817,14.473622,0.000000,0.000000,0.000000,57.464863,0.000000,0.000000,0.000000,81.638260
1010,2,C,0.000000,0.000000,210.208221,0.000000,0.000000,0.000000,0.000000,0.000000,0.000000,128.787598,0.202187,0.000000,0.000000,0.000000,39.485115,0.000000,0.000000,92.789230,0.000000,0.000000,0.000000,66.489822,0.000000,131.365585,0.000000,52.322330,0.000000,142.822617,0.000000,0.000000,40.144775,0.000000,0.000000,0.000000,0.000000,0.000000,0.000000,13.182314,0.000000,0.000000,0.000000,0.000000,0.000000,9.162075,0.000000,0.000000,0.000000,0.000000
1011,3,D,0.000000,0.000000,0.000000,0.000000,0.000000,0.000000,0.000000,0.000000,0.000000,0.000000,0.000000,0.000000,0.000000,0.000000,0.000000,0.000000,0.000000,45.087498,0.000000,0.000000,0.000000,181.551163,0.000000,123.315292,0.000000,321.316833,0.000000,261.473785,177.775406,0.000000,0.000000,0.000000,0.000000,0.000000,0.000000,2.048681,0.000000,19.815434,0.000000,0.000000,0.000000,0.000000,105.621391,0.000000,0.000000,0.000000,0.000000,0.000000
1012,0,A,0.000000,0.000000,0.000000,0.000000,0.000000,0.000000,0.000000,0.000000,0.000000,210.149429,306.605042,0.000000,0.000000,0.000000,330.556824,0.000000,0.000000,0.000000,0.000000,0.000000,0.000000,0.000000,0.000000,0.000000,0.000000,252.631836,0.000000,0.000000,0.000000,0.000000,23.038570,0.000000,80.500694,97.975670,0.000000,30.858248,0.000000,1.366965,0.000000,0.000000,0.000000,0.000000,0.000000,126.841064,81.767380,0.000000,0.000000,86.492905
1013,2,C,0.000000,0.000000,245.103012,0.000000,0.000000,0.000000,0.000000,0.000000,0.000000,332.515259,0.000000,0.000000,0.000000,0.000000,65.502548,0.000000,0.000000,2.152326,0.000000,0.000000,0.000000,33.075768,0.000000,135.499222,0.000000,121.856232,0.000000,141.868073,0.000000,0.000000,0.000000,0.000000,0.000000,0.000000,0.000000,0.000000,0.000000,0.000000,6.601908,0.000000,0.000000,0.000000,0.000000,41.078728,0.000000,0.000000,0.000000,0.000000
1014,2,C,0.000000,0.000000,252.850159,0.000000,0.000000,0.000000,0.000000,0.000000,0.000000,270.841248,0.000000,0.000000,0.000000,0.000000,72.094734,0.000000,0.000000,0.000000,0.000000,0.000000,0.000000,50.721764,0.000000,156.673157,0.000000,75.796188,0.000000,140.470367,0.000000,0.000000,4.584824,0.000000,0.000000,0.000000,0.000000,0.000000,0.000000,6.213731,2.487960,0.000000,0.000000,0.000000,0.000000,42.390911,0.000000,0.000000,0.000000,0.000000
1015,2,C,0.000000,0.000000,251.418427,0.000000,0.000000,0.000000,0.000000,0.000000,0.000000,332.506134,0.000000,0.000000,0.000000,0.000000,86.244125,0.000000,0.000000,0.000000,0.000000,0.000000,0.000000,36.258343,0.000000,134.610062,0.000000,99.359550,0.000000,125.459335,0.000000,0.000000,0.000000,0.000000,0.000000,0.000000,0.000000,0.000000,0.000000,0.000000,8.619584,0.000000,0.000000,0.000000,0.000000,47.953083,0.000000,0.000000,0.000000,0.000000
1016,1,B,0.000000,0.000000,251.870926,0.000000,0.000000,0.000000,0.000000,0.000000,0.000000,0.000000,10.823693,0.000000,0.000000,0.000000,0.000000,0.000000,0.000000,0.000000,0.000000,0.000000,0.000000,218.379456,0.000000,280.979401,0.000000,0.000000,0.000000,321.718201,0.000000,0.000000,0.000000,0.000000,0.000000,0.000000,0.000000,0.000000,0.000000,97.962387,0.000000,0.000000,0.000000,0.000000,0.000000,13.762597,0.000000,0.000000,0.000000,0.000000
1017,3,D,0.000000,0.000000,0.000000,0.000000,0.000000,0.000000,0.000000,0.000000,0.000000,0.000000,0.000000,0.000000,0.000000,0.000000,0.000000,0.000000,0.000000,0.000000,0.000000,0.000000,0.000000,125.679245,0.000000,48.943512,0.000000,294.524567,0.000000,324.545410,198.972153,0.000000,0.000000,0.000000,0.000000,0.000000,0.000000,0.000000,0.000000,3.614565,0.000000,0.000000,0.000000,0.000000,89.649513,0.000000,0.000000,0.000000,0.000000,0.000000
1018,0,A,0.000000,0.000000,0.000000,0.000000,0.000000,0.000000,0.000000,0.000000,0.000000,67.811668,317.006897,0.000000,0.000000,0.000000,282.033508,0.000000,0.000000,0.000000,0.000000,0.000000,0.000000,0.000000,0.000000,0.000000,0.000000,263.666443,0.000000,0.000000,61.837967,0.000000,58.221573,0.000000,48.858009,111.691544,0.000000,21.481705,0.000000,0.000000,0.000000,0.000000,0.000000,0.000000,0.000000,110.230904,93.633614,0.000000,0.000000,82.556656
1019,3,D,0.000000,0.000000,0.000000,0.000000,0.000000,0.000000,0.000000,0.000000,0.000000,0.000000,61.283794,0.000000,0.000000,0.000000,0.000000,0.000000,0.000000,0.000000,0.000000,0.000000,0.000000,274.136902,0.000000,186.088348,0.000000,127.780685,0.000000,276.533539,174.221649,0.000000,33.169506,0.000000,0.000000,6.003157,0.000000,0.000000,0.000000,62.626816,0.000000,0.000000,0.000000,0.000000,41.497913,17.437733,0.000000,0.000000,0.000000,3.903890
1020,0,A,0.000000,0.000000,0.000000,0.000000,0.000000,0.000000,0.000000,0.000000,0.000000,86.129944,320.940643,0.000000,0.000000,0.000000,315.617554,0.000000,0.000000,0.000000,0.000000,0.000000,0.000000,0.000000,0.000000,0.000000,0.000000,220.205383,0.000000,0.000000,17.670845,0.000000,99.992973,0.000000,66.187157,125.806023,0.000000,23.480629,0.000000,0.000000,0.000000,0.000000,0.000000,0.000000,0.000000,121.877342,85.301117,0.000000,0.000000,93.306053
1021,1,B,0.000000,0.000000,275.445496,0.000000,0.000000,0.000000,0.000000,0.000000,0.000000,22.842173,5.550755,0.000000,0.000000,0.000000,0.000000,0.000000,0.000000,0.000000,0.000000,0.000000,0.000000,222.072845,0.000000,302.822571,0.000000,0.000000,0.000000,346.860016,0.000000,0.000000,0.000000,0.000000,0.000000,0.000000,0.000000,0.000000,0.000000,100.341469,0.000000,0.000000,0.000000,0.000000,0.000000,15.080983,0.000000,0.000000,0.000000,0.000000
1022,0,A,0.000000,0.000000,221.212662,0.000000,0.000000,0.000000,0.000000,0.000000,0.000000,264.874390,39.972828,0.000000,0.000000,0.000000,75.520012,0.000000,0.000000,0.000000,0.000000,0.000000,0.000000,69.003983,0.000000,189.557648,0.000000,0.000000,0.000000,141.957870,0.000000,0.000000,17.108194,0.000000,0.000000,5.474449,0.000000,0.000000,0.000000,24.110189,16.634260,0.000000,0.000000,0.000000,0.000000,53.799385,0.000000,0.000000,0.000000,4.776027
1023,0,A,0.000000,0.000000,0.000000,0.000000,0.000000,0.000000,0.000000,0.000000,0.000000,68.805260,343.147003,0.000000,0.000000,0.000000,297.402679,0.000000,0.000000,0.000000,0.000000,0.000000,0.000000,0.000000,0.000000,0.000000,0.000000,258.282593,0.000000,0.000000,39.166195,0.000000,59.421257,0.000000,60.303978,120.315346,0.000000,26.464981,0.000000,5.980910,0.000000,0.000000,0.000000,0.000000,0.000000,117.194832,94.408615,0.000000,0.000000,93.294823
1024,4,E,0.000000,0.000000,0.000000,0.000000,0.000000,0.000000,0.000000,0.000000,0.000000,299.066956,105.393089,0.000000,0.000000,0.000000,37.272537,0.000000,0.000000,0.000000,0.000000,0.000000,0.000000,0.000000,0.000000,156.704727,0.000000,0.000000,0.000000,148.198380,0.000000,0.000000,0.000000,0.000000,22.023214,10.148761,0.000000,20.170744,0.000000,24.053278,59.875282,0.000000,0.000000,0.000000,0.000000,46.550224,0.000000,0.000000,0.000000,44.990166
1025,4,E,0.000000,0.000000,0.000000,0.000000,0.000000,0.000000,0.000000,0.000000,0.000000,47.903721,261.627350,0.000000,0.000000,0.000000,158.224045,0.000000,0.000000,0.000000,0.000000,0.000000,0.000000,112.281174,0.000000,86.612152,0.000000,0.000000,0.000000,129.051620,0.000000,0.000000,102.216911,0.000000,38.952339,101.962860,0.000000,4.949321,0.000000,53.397770,0.000000,0.000000,0.000000,0.000000,0.000000,84.178886,0.000000,18.555342,0.000000,97.465897
1026,4,E,0.000000,0.000000,140.795837,0.000000,0.000000,0.000000,0.000000,0.000000,0.000000,153.154251,23.894876,0.000000,0.000000,0.000000,53.023785,0.000000,0.000000,0.000000,0.000000,0.000000,0.000000,139.734039,0.000000,111.727303,0.000000,37.720490,0.000000,241.979187,0.000000,0.000000,0.000000,0.000000,0.000000,0.000000,0.000000,0.000000,0.000000,42.688225,22.521185,0.000000,0.000000,0.000000,0.000000,25.500275,0.000000,0.000000,0.000000,0.000000
1027,4,E,0.000000,0.000000,0.000000,0.000000,0.000000,0.000000,0.000000,0.000000,0.000000,130.388962,168.037109,0.000000,0.000000,0.000000,28.047949,0.000000,0.000000,0.000000,0.000000,0.000000,0.000000,118.394943,0.000000,178.072144,0.000000,0.000000,0.000000,68.922264,0.000000,0.000000,35.009895,0.000000,25.853769,45.080956,0.000000,25.267078,0.000000,58.308006,21.004080,0.000000,0.000000,0.000000,0.000000,55.510914,0.000000,0.000000,0.000000,64.615051
1028,3,D,0.000000,0.000000,0.000000,0.000000,0.000000,0.000000,0.000000,0.000000,0.000000,0.000000,0.000000,0.000000,0.000000,0.000000,0.000000,0.000000,0.000000,0.000000,0.000000,0.000000,0.000000,195.804810,0.000000,151.984604,0.000000,236.963425,0.000000,315.801788,17.542404,0.000000,0.000000,0.000000,0.000000,0.000000,0.000000,31.226789,0.000000,58.274807,0.000000,0.000000,0.000000,0.000000,73.555771,0.000000,0.000000,0.000000,0.000000,0.000000
1029,4,E,0.000000,0.000000,25.560442,0.000000,0.000000,0.000000,0.000000,0.000000,0.000000,140.310257,140.120270,0.000000,0.000000,0.000000,90.083038,0.000000,0.000000,0.000000,0.000000,0.000000,0.000000,162.993591,0.000000,243.984207,0.000000,48.108540,0.000000,186.811630,0.000000,0.000000,22.256540,0.000000,0.000000,31.692305,0.000000,14.197036,0.000000,75.527168,22.694101,0.000000,0.000000,0.000000,0.000000,62.480900,0.000000,0.000000,0.000000,49.975788
1030,1,B,0.000000,0.000000,308.439209,0.000000,0.000000,0.000000,0.000000,0.000000,0.000000,104.088089,7.839486,0.000000,0.000000,0.000000,0.000000,0.000000,0.000000,0.000000,0.000000,0.000000,0.000000,180.170975,0.000000,278.285980,0.000000,0.000000,0.000000,289.833008,0.000000,0.000000,0.000000,0.000000,0.000000,0.000000,0.000000,0.000000,0.000000,78.813484,1.561990,0.000000,0.000000,0.000000,0.000000,22.458950,0.000000,0.000000,0.000000,0.000000
1031,4,E,0.000000,0.000000,0.000000,0.000000,0.000000,0.000000,0.000000,0.000000,0.000000,95.957634,235.972794,0.000000,0.000000,0.000000,16.119190,0.000000,0.000000,0.000000,0.000000,0.000000,0.000000,78.295258,0.000000,43.715790,0.000000,145.269699,0.000000,241.471909,0.000000,0.000000,0.000000,0.000000,0.000000,40.454395,0.000000,36.694134,0.000000,57.881729,17.339617,18.505835,0.000000,0.000000,0.000000,31.190683,0.000000,0.000000,0.000000,64.254128
1032,3,D,0.000000,0.000000,0.000000,0.000000,0.000000,0.000000,0.000000,0.000000,0.000000,28.161875,42.636402,0.000000,0.000000,0.000000,0.000000,0.000000,0.000000,0.000000,0.000000,0.000000,0.000000,130.926758,0.000000,89.265129,0.000000,185.429733,0.000000,275.480957,29.764168,0.000000,0.000000,0.000000,0.000000,0.000000,0.000000,21.430132,0.000000,42.432289,0.000000,0.000000,0.000000,0.000000,45.189537,0.000000,0.000000,0.000000,0.000000,0.000000
1033,2,C,0.000000,0.000000,233.358154,0.000000,0.000000,0.000000,0.000000,0.000000,0.000000,225.324112,0.000000,0.000000,0.000000,0.000000,65.738365,0.000000,0.000000,0.000000,0.000000,0.000000,0.000000,41.468685,0.000000,150.793381,0.000000,95.275406,0.000000,139.745010,0.000000,0.000000,21.493444,0.000000,0.000000,0.000000,0.000000,0.000000,0.000000,2.747132,0.000000,0.000000,0.000000,0.000000,0.000000,36.801788,0.000000,0.000000,0.000000,0.000000
1034,0,A,0.000000,0.000000,0.000000,0.000000,0.000000,0.000000,0.000000,0.000000,0.000000,229.878204,303.508698,0.000000,0.000000,0.000000,337.479950,0.000000,0.000000,0.000000,0.000000,0.000000,0.000000,0.000000,0.000000,0.000000,0.000000,254.149216,0.000000,0.000000,0.000000,0.000000,0.000000,0.000000,83.268898,91.872185,0.000000,29.486353,0.000000,4.048022,0.000000,0.000000,0.000000,0.000000,0.000000,128.101166,80.787537,0.000000,0.000000,85.300407
1035,0,A,0.000000,0.000000,0.000000,0.000000,0.000000,0.000000,0.000000,0.000000,0.000000,123.946022,294.448273,0.000000,0.000000,0.000000,331.806152,0.000000,0.000000,0.000000,0.000000,0.000000,0.000000,0.000000,0.000000,0.000000,0.000000,218.535080,0.000000,0.000000,2.667923,0.000000,82.032997,0.000000,69.990410,114.056938,0.000000,23.026329,0.000000,0.000000,0.000000,0.000000,0.000000,0.000000,0.000000,123.051521,81.858162,0.000000,0.000000,86.104378
1036,0,A,0.000000,0.000000,0.000000,0.000000,0.000000,0.000000,0.000000,0.000000,0.000000,198.082962,292.897980,0.000000,0.000000,0.000000,329.911896,0.000000,0.000000,0.000000,0.000000,0.000000,0.000000,0.000000,0.000000,0.000000,0.000000,235.588104,0.000000,0.000000,0.000000,0.000000,61.577740,0.000000,76.933434,104.134956,0.000000,28.261133,0.000000,0.000000,0.000000,0.000000,0.000000,0.000000,0.000000,126.289528,78.740005,0.000000,0.000000,84.715286
1037,2,C,0.000000,0.000000,258.363434,0.000000,0.000000,0.000000,0.000000,0.000000,0.000000,316.791077,0.000000,0.000000,0.000000,0.000000,89.720047,0.000000,0.000000,0.000000,0.000000,0.000000,0.000000,46.101353,0.000000,145.960739,0.000000,80.095932,0.000000,130.843857,0.000000,0.000000,0.000000,0.000000,0.000000,0.000000,0.000000,0.000000,0.000000,0.000000,9.278642,0.000000,0.000000,0.000000,0.000000,49.091320,0.000000,0.000000,0.000000,0.000000
1038,0,A,0.000000,0.000000,218.642456,0.000000,0.000000,0.000000,0.000000,0.000000,0.000000,98.702682,38.449814,0.000000,0.000000,0.000000,59.506447,0.000000,0.000000,44.881046,0.000000,0.000000,0.000000,86.332397,0.000000,125.558258,0.000000,37.274696,0.000000,142.570572,0.000000,0.000000,63.143734,0.000000,0.000000,6.424710,0.000000,0.000000,0.000000,19.743275,0.000000,0.000000,0.000000,0.000000,0.000000,27.560177,0.000000,0.000000,0.000000,0.000000
1039,0,A,0.000000,0.000000,238.716354,0.000000,0.000000,0.000000,0.000000,0.000000,0.000000,119.301285,58.167702,0.000000,0.000000,0.000000,65.067406,0.000000,0.000000,9.298485,0.000000,0.000000,0.000000,72.677109,0.000000,135.018631,0.000000,23.282923,0.000000,132.985535,0.000000,0.000000,94.964745,0.000000,0.000000,30.207170,0.000000,0.000000,0.000000,12.861520,0.000000,0.000000,0.000000,0.000000,0.000000,42.555885,0.000000,0.000000,0.000000,1.888643
1040,4,E,0.000000,0.000000,122.676125,0.000000,0.000000,0.000000,0.000000,0.000000,0.000000,69.373665,176.346420,0.000000,0.000000,0.000000,93.811714,0.000000,0.000000,0.000000,0.000000,0.000000,0.000000,120.704742,0.000000,112.329353,0.000000,113.385597,0.000000,120.719582,0.000000,0.000000,223.084396,0.000000,0.000000,90.623482,0.000000,0.000000,0.000000,6.812000,0.000000,0.000000,0.000000,0.000000,0.000000,67.475121,0.000000,0.000000,0.000000,46.616226
1041,2,C,0.000000,0.000000,225.186264,0.000000,0.000000,0.000000,0.000000,0.000000,0.000000,248.467346,0.000000,0.000000,0.000000,0.000000,63.039795,0.000000,0.000000,3.248050,0.000000,0.000000,0.000000,35.978031,0.000000,153.451874,0.000000,104.674240,0.000000,142.773849,0.000000,0.000000,0.157014,0.000000,0.000000,0.000000,0.000000,0.000000,0.000000,4.727029,0.000000,0.000000,0.000000,0.000000,0.000000,35.544670,0.000000,0.000000,0.000000,0.000000
1042,3,D,0.000000,0.000000,0.000000,0.000000,0.000000,0.000000,0.000000,0.000000,0.000000,0.000000,0.000000,0.000000,0.000000,0.000000,0.000000,0.000000,0.000000,0.000000,0.000000,0.000000,0.000000,99.157738,0.000000,56.280022,0.000000,295.851562,0.000000,294.985687,145.669556,0.000000,0.000000,0.000000,0.000000,0.000000,0.000000,3.446405,0.000000,5.056027,0.000000,0.000000,0.000000,0.000000,84.679741,0.000000,0.000000,0.000000,0.000000,0.000000
1043,3,D,0.000000,0.000000,0.000000,0.000000,0.000000,0.000000,0.000000,0.000000,0.000000,0.000000,0.000000,0.000000,0.000000,0.000000,0.000000,0.000000,0.000000,0.000000,0.000000,0.000000,0.000000,174.433060,0.000000,93.252762,0.000000,204.472870,0.000000,204.606018,169.056488,0.000000,0.000000,0.000000,0.000000,0.000000,0.000000,0.000000,0.000000,19.773987,0.000000,0.000000,0.000000,0.000000,65.883415,0.000000,0.000000,0.000000,0.000000,0.000000
1044,1,B,0.000000,0.000000,295.261566,0.000000,0.000000,0.000000,0.000000,0.000000,0.000000,147.378357,48.266682,0.000000,0.000000,0.000000,0.000000,0.000000,0.000000,0.000000,0.000000,0.000000,0.000000,181.866119,0.000000,300.007294,0.000000,0.000000,0.000000,276.804993,0.000000,0.000000,0.000000,0.000000,0.000000,0.000000,0.000000,0.000000,0.000000,84.407806,10.684149,0.000000,0.000000,0.000000,0.000000,33.874977,0.000000,0.000000,0.000000,0.000000
1045,4,E,0.000000,0.000000,0.000000,0.000000,0.000000,0.000000,0.000000,0.000000,0.000000,270.541168,100.535439,0.000000,0.000000,0.000000,44.363068,0.000000,0.000000,0.000000,0.000000,0.000000,0.000000,0.000000,0.000000,65.530426,0.000000,105.200150,0.000000,217.031494,0.000000,0.000000,0.000000,0.000000,0.170565,1.466343,0.000000,25.192543,0.000000,10.690948,41.939270,0.000000,0.000000,0.000000,0.000000,31.106625,0.000000,0.000000,0.000000,28.404703
1046,0,A,0.000000,0.000000,0.000000,0.000000,0.000000,0.000000,0.000000,0.000000,0.000000,182.328827,322.080139,0.000000,0.000000,0.000000,342.291626,0.000000,0.000000,0.000000,0.000000,0.000000,0.000000,24.815088,0.000000,0.000000,0.000000,184.736755,0.000000,0.000000,0.000000,0.000000,71.987572,0.000000,87.527405,120.044235,0.000000,19.529526,0.000000,4.312114,0.000000,0.000000,0.000000,0.000000,0.000000,135.237640,69.900337,0.000000,0.000000,101.038765
1047,4,E,0.000000,0.000000,18.145582,0.000000,0.000000,0.000000,0.000000,0.000000,0.000000,182.111481,82.575928,0.000000,0.000000,0.000000,93.302933,0.000000,0.000000,0.000000,0.000000,0.000000,0.000000,122.926140,0.000000,214.123718,0.000000,46.548912,0.000000,159.623154,0.000000,0.000000,41.830105,0.000000,0.000000,19.939232,0.000000,12.818127,0.000000,45.330379,17.262783,0.000000,0.000000,0.000000,0.000000,56.709862,0.000000,0.000000,0.000000,32.424202
1048,3,D,0.000000,0.000000,0.000000,0.000000,0.000000,0.000000,0.000000,0.000000,0.000000,0.000000,0.000000,0.000000,0.000000,0.000000,0.000000,0.000000,0.000000,0.000000,0.000000,0.000000,0.000000,130.248810,0.000000,59.346710,0.000000,285.993896,0.000000,330.518555,185.582642,0.000000,0.000000,0.000000,0.000000,0.000000,0.000000,0.000000,0.000000,8.722054,0.000000,0.000000,0.000000,0.000000,88.186302,0.000000,0.000000,0.000000,0.000000,0.000000
1049,3,D,0.000000,0.000000,213.268845,0.000000,0.000000,0.000000,0.000000,0.000000,0.000000,0.000000,86.845589,0.000000,0.000000,0.000000,0.000000,0.000000,0.000000,0.000000,0.000000,0.000000,0.000000,243.907974,0.000000,188.278168,0.000000,72.158325,0.000000,341.808105,0.000000,0.000000,60.218807,0.000000,0.000000,17.292953,0.000000,0.000000,0.000000,86.109024,0.000000,0.000000,0.000000,0.000000,0.000000,18.615606,0.000000,0.000000,0.000000,6.404325
1050,2,C,0.000000,0.000000,175.881027,0.000000,0.000000,0.000000,0.000000,0.000000,0.000000,231.759171,0.000000,0.000000,0.000000,0.000000,40.340660,0.000000,0.000000,0.000000,0.000000,0.000000,0.000000,8.126087,0.000000,121.624023,0.000000,57.283371,0.000000,168.264679,0.000000,0.000000,0.000000,0.000000,0.000000,0.000000,0.000000,0.000000,0.000000,3.629338,12.731236,0.000000,0.000000,0.000000,0.000000,25.038507,0.000000,0.000000,0.000000,0.000000
1051,2,C,0.000000,0.000000,258.911407,0.000000,0.000000,0.000000,0.000000,0.000000,0.000000,310.304169,0.000000,0.000000,0.000000,0.000000,77.477699,0.000000,0.000000,0.000000,0.000000,0.000000,0.000000,48.695763,0.000000,148.227692,0.000000,75.488953,0.000000,141.668549,0.000000,0.000000,0.000000,0.000000,0.000000,0.000000,0.000000,0.000000,0.000000,2.412635,10.216262,0.000000,0.000000,0.000000,0.000000,45.611145,0.000000,0.000000,0.000000,0.000000
1052,2,C,0.000000,0.000000,259.501343,0.000000,0.000000,0.000000,0.000000,0.000000,0.000000,256.589172,0.000000,0.000000,0.000000,0.000000,65.768112,0.000000,0.000000,0.000000,0.000000,0.000000,0.000000,41.730713,0.000000,166.418396,0.000000,80.248528,0.000000,152.436966,0.000000,0.000000,37.779400,0.000000,0.000000,0.000000,0.000000,0.000000,0.000000,0.408024,0.000000,0.000000,0.000000,0.000000,0.000000,41.140465,0.000000,0.000000,0.000000,0.000000
1053,0,A,0.000000,0.000000,228.101837,0.000000,0.000000,0.000000,0.000000,0.000000,0.000000,140.382370,36.677013,0.000000,0.000000,0.000000,63.131790,0.000000,0.000000,24.825552,0.000000,0.000000,0.000000,71.484665,0.000000,127.373886,0.000000,59.981022,0.000000,133.171280,0.000000,0.000000,84.439415,0.000000,0.000000,13.630019,0.000000,0.000000,0.000000,6.294310,0.000000,0.000000,0.000000,0.000000,0.000000,35.425987,0.000000,0.000000,0.000000,0.000000
1054,3,D,0.000000,0.000000,0.000000,0.000000,0.000000,0.000000,0.000000,0.000000,0.000000,0.000000,0.000000,0.000000,0.000000,0.000000,0.000000,0.000000,0.000000,0.000000,0.000000,0.000000,0.000000,95.760803,0.000000,104.775406,0.000000,186.709320,0.000000,263.375244,87.915154,0.000000,0.000000,0.000000,0.000000,0.000000,0.000000,5.016181,0.000000,24.522863,0.000000,0.000000,0.000000,0.000000,60.875595,0.000000,0.000000,0.000000,0.000000,0.000000
1055,1,B,0.000000,0.000000,273.683197,0.000000,0.000000,0.000000,0.000000,0.000000,0.000000,59.737808,2.649580,0.000000,0.000000,0.000000,0.000000,0.000000,0.000000,0.000000,0.000000,0.000000,0.000000,193.420731,0.000000,276.481445,0.000000,0.000000,0.000000,314.155334,0.000000,0.000000,0.000000,0.000000,0.000000,0.000000,0.000000,0.000000,0.000000,85.919319,1.393759,0.000000,0.000000,0.000000,0.000000,16.497585,0.000000,0.000000,0.000000,0.000000
1056,4,E,0.000000,0.000000,0.000000,0.000000,0.000000,0.000000,0.000000,0.000000,0.000000,149.824112,193.256836,0.000000,0.000000,0.000000,0.000000,0.000000,0.000000,0.000000,0.000000,0.000000,0.000000,77.807014,0.000000,130.909424,0.000000,63.968815,0.000000,198.131088,0.000000,0.000000,0.000000,0.000000,5.788295,30.921879,0.000000,32.539967,0.000000,61.053234,35.782803,1.431090,0.000000,0.000000,0.000000,36.773453,0.000000,0.000000,0.000000,62.267319
1057,1,B,0.000000,0.000000,307.853577,0.000000,0.000000,0.000000,0.000000,0.000000,0.000000,92.183365,18.949753,0.000000,0.000000,0.000000,0.000000,0.000000,0.000000,0.000000,0.000000,0.000000,0.000000,168.058044,0.000000,278.005798,0.000000,0.000000,0.000000,286.970673,0.000000,0.000000,0.954971,0.000000,0.000000,0.000000,0.000000,0.000000,0.000000,79.067482,0.000000,0.000000,0.000000,0.000000,0.000000,22.883945,0.000000,0.000000,0.000000,0.000000
1058,1,B,0.000000,0.000000,292.914856,0.000000,0.000000,0.000000,0.000000,0.000000,0.000000,105.720375,9.691520,0.000000,0.000000,0.000000,0.000000,0.000000,0.000000,0.000000,0.000000,0.000000,0.000000,174.642731,0.000000,272.261993,0.000000,0.000000,0.000000,293.187378,0.000000,0.000000,0.000000,0.000000,0.000000,0.000000,0.000000,0.000000,0.000000,77.679153,4.054998,0.000000,0.000000,0.000000,0.000000,21.641809,0.000000,0.000000,0.000000,0.000000
1059,4,E,0.000000,0.000000,0.000000,0.000000,0.000000,0.000000,0.000000,0.000000,0.000000,8.045448,234.808380,0.000000,0.000000,0.000000,51.666702,0.000000,0.000000,0.000000,0.000000,0.000000,0.000000,198.712891,0.000000,198.471420,0.000000,0.000000,0.000000,181.994659,67.939781,0.000000,0.000000,0.000000,0.000000,61.591076,0.000000,0.000000,0.000000,102.263657,16.302542,0.000000,0.000000,0.000000,0.000000,58.341568,0.000000,0.000000,0.000000,81.824699
1060,3,D,0.000000,0.000000,0.000000,0.000000,0.000000,0.000000,0.000000,0.000000,0.000000,0.000000,0.000000,0.000000,0.000000,0.000000,0.000000,0.000000,0.000000,0.000000,0.000000,0.000000,0.000000,130.904388,0.000000,60.144253,0.000000,285.365204,0.000000,324.486389,181.744141,0.000000,0.000000,0.000000,0.000000,0.000000,0.000000,0.000000,0.000000,9.070342,0.000000,0.000000,0.000000,0.000000,87.501556,0.000000,0.000000,0.000000,0.000000,0.000000
1061,4,E,0.000000,0.000000,0.000000,0.000000,0.000000,0.000000,0.000000,0.000000,0.000000,0.000000,280.931458,0.000000,0.000000,0.000000,69.502106,0.000000,0.000000,0.000000,0.000000,0.000000,0.000000,242.717117,0.000000,188.792313,0.000000,0.000000,0.000000,114.130493,0.000000,0.000000,0.000000,0.000000,30.156187,77.058716,0.000000,18.991390,0.000000,120.838791,26.753395,0.000000,0.000000,0.000000,0.000000,72.914383,0.000000,8.097688,0.000000,100.737389
1062,4,E,0.000000,0.000000,0.000000,0.000000,0.000000,0.000000,0.000000,0.000000,0.000000,189.252151,111.723984,0.000000,0.000000,0.000000,1.357995,0.000000,0.000000,0.000000,0.000000,0.000000,0.000000,0.000000,0.000000,58.669991,0.000000,93.942680,0.000000,286.949951,0.000000,0.000000,0.000000,0.000000,0.000000,1.524829,0.000000,23.835600,0.000000,25.473234,37.019188,11.801340,0.000000,0.000000,0.000000,12.342977,0.000000,0.000000,0.000000,30.013762
1063,1,B,0.000000,0.000000,262.129303,0.000000,0.000000,0.000000,0.000000,0.000000,0.000000,54.191067,23.123476,0.000000,0.000000,0.000000,0.000000,0.000000,0.000000,0.000000,0.000000,0.000000,0.000000,214.241318,0.000000,284.660706,0.000000,0.000000,0.000000,327.149994,0.000000,0.000000,0.000000,0.000000,0.000000,0.000000,0.000000,0.000000,0.000000,95.624557,4.828643,0.000000,0.000000,0.000000,0.000000,19.488522,0.000000,0.000000,0.000000,0.000000
1064,0,A,0.000000,0.000000,0.000000,0.000000,0.000000,0.000000,0.000000,0.000000,0.000000,102.898804,288.647430,0.000000,0.000000,0.000000,292.273590,0.000000,0.000000,0.000000,0.000000,0.000000,0.000000,0.000000,0.000000,0.000000,0.000000,264.956055,0.000000,0.000000,20.789087,0.000000,77.779327,0.000000,54.695076,105.706375,0.000000,30.531935,0.000000,0.000000,0.000000,0.000000,0.000000,0.000000,0.000000,110.915070,90.224594,0.000000,0.000000,76.189575
1065,1,B,0.000000,0.000000,243.457260,0.000000,0.000000,0.000000,0.000000,0.000000,0.000000,124.307503,39.778877,0.000000,0.000000,0.000000,41.709080,0.000000,0.000000,4.846385,0.000000,0.000000,0.000000,85.757927,0.000000,144.732132,0.000000,40.333286,0.000000,160.446350,0.000000,0.000000,76.429764,0.000000,0.000000,17.091902,0.000000,0.000000,0.000000,18.431755,0.000000,0.000000,0.000000,0.000000,0.000000,33.900799,0.000000,0.000000,0.000000,0.000000
1066,3,D,0.000000,0.000000,0.000000,0.000000,0.000000,0.000000,0.000000,0.000000,0.000000,0.000000,8.377177,0.000000,0.000000,0.000000,0.000000,0.000000,0.000000,0.000000,0.000000,0.000000,0.000000,133.576889,0.000000,81.623146,0.000000,254.245621,0.000000,333.520599,161.473907,0.000000,0.000000,0.000000,0.000000,0.000000,0.000000,0.000000,0.000000,19.544930,0.000000,0.000000,0.000000,0.000000,79.783386,0.000000,0.000000,0.000000,0.000000,0.000000
1067,1,B,0.000000,0.000000,283.634399,0.000000,0.000000,0.000000,0.000000,0.000000,0.000000,85.165237,12.126657,0.000000,0.000000,0.000000,0.000000,0.000000,0.000000,0.000000,0.000000,0.000000,0.000000,179.795044,0.000000,274.975830,0.000000,0.000000,0.000000,284.619934,0.000000,0.000000,0.000000,0.000000,0.000000,0.000000,0.000000,0.000000,0.000000,80.507362,1.620043,0.000000,0.000000,0.000000,0.000000,21.314528,0.000000,0.000000,0.000000,0.000000
1068,2,C,0.000000,0.000000,252.722229,0.000000,0.000000,0.000000,0.000000,0.000000,0.000000,299.692932,0.000000,0.000000,0.000000,0.000000,44.230202,0.000000,0.000000,34.216694,0.000000,0.000000,0.000000,35.808018,0.000000,135.925537,0.000000,121.326904,0.000000,145.987076,0.000000,0.000000,0.000000,0.000000,0.000000,0.000000,0.000000,0.000000,0.000000,0.000000,0.000000,0.000000,0.000000,0.000000,0.000000,28.483677,0.000000,0.000000,0.000000,0.000000
1069,2,C,0.000000,0.000000,239.076859,0.000000,0.000000,0.000000,0.000000,0.000000,0.000000,219.458221,0.000000,0.000000,0.000000,0.000000,64.560463,0.000000,0.000000,0.000000,0.000000,0.000000,0.000000,40.299149,0.000000,155.000717,0.000000,86.749039,0.000000,140.143570,0.000000,0.000000,26.447187,0.000000,0.000000,0.000000,0.000000,0.000000,0.000000,3.091331,0.000000,0.000000,0.000000,0.000000,0.000000,36.938332,0.000000,0.000000,0.000000,0.000000
1070,2,C,0.000000,0.000000,223.902954,0.000000,0.000000,0.000000,0.000000,0.000000,0.000000,155.876328,0.000000,0.000000,0.000000,0.000000,36.304077,0.000000,0.000000,72.363098,0.000000,0.000000,0.000000,67.171761,0.000000,140.999908,0.000000,75.911743,0.000000,139.586288,0.000000,0.000000,45.107872,0.000000,0.000000,0.000000,0.000000,0.000000,0.000000,9.076317,0.000000,0.000000,0.000000,0.000000,0.000000,14.784528,0.000000,0.000000,0.000000,0.000000
1071,0,A,0.000000,0.000000,0.000000,0.000000,0.000000,0.000000,0.000000,0.000000,0.000000,0.000000,206.071564,0.000000,0.000000,0.000000,89.438194,0.000000,0.000000,0.000000,0.000000,0.000000,0.000000,99.929977,0.000000,0.000000,0.000000,278.960480,0.000000,177.637512,349.949951,0.000000,56.409023,0.000000,0.000000,64.590797,0.000000,0.000000,0.000000,0.000000,0.000000,0.000000,0.000000,0.000000,0.000000,45.237061,44.160072,0.000000,0.000000,25.569811
1072,3,D,0.000000,0.000000,0.000000,0.000000,0.000000,0.000000,0.000000,0.000000,0.000000,0.000000,97.611801,0.000000,0.000000,0.000000,0.000000,0.000000,0.000000,0.000000,0.000000,0.000000,0.000000,169.709579,0.000000,100.682816,0.000000,175.819336,0.000000,341.235382,155.171341,0.000000,0.000000,0.000000,0.000000,3.336508,0.000000,0.000000,0.000000,50.388290,0.000000,0.000000,0.000000,0.000000,43.381985,4.039044,0.000000,0.000000,0.000000,7.275783
1073,3,D,0.000000,0.000000,0.000000,0.000000,0.000000,0.000000,0.000000,0.000000,0.000000,0.000000,0.000000,0.000000,0.000000,0.000000,0.000000,0.000000,0.000000,0.000000,0.000000,0.000000,0.000000,127.730362,0.000000,52.258896,0.000000,299.423706,0.000000,326.122681,212.443924,0.000000,0.000000,0.000000,0.000000,0.000000,0.000000,0.000000,0.000000,2.309186,0.000000,0.000000,0.000000,0.000000,91.443542,0.000000,0.000000,0.000000,0.000000,0.000000
1074,3,D,0.000000,0.000000,0.000000,0.000000,0.000000,0.000000,0.000000,0.000000,0.000000,0.000000,46.138866,0.000000,0.000000,0.000000,0.000000,0.000000,0.000000,0.000000,0.000000,0.000000,0.000000,130.218216,0.000000,88.817574,0.000000,190.400375,0.000000,308.217102,105.978653,0.000000,0.000000,0.000000,0.000000,0.000000,0.000000,0.668565,0.000000,36.649166,0.000000,0.000000,0.000000,0.000000,53.743969,0.000000,0.000000,0.000000,0.000000,0.000000
1075,2,C,0.000000,0.000000,244.727188,0.000000,0.000000,0.000000,0.000000,0.000000,0.000000,365.640564,0.000000,0.000000,0.000000,0.000000,87.827621,0.000000,0.000000,0.000000,0.000000,0.000000,0.000000,20.535660,0.000000,133.189560,0.000000,110.769180,0.000000,130.435135,0.000000,0.000000,0.000000,0.000000,0.000000,0.000000,0.000000,0.000000,0.000000,0.000000,12.325552,0.000000,0.000000,0.000000,0.000000,49.137966,0.000000,0.000000,0.000000,0.000000
1076,4,E,0.000000,0.000000,0.000000,0.000000,0.000000,0.000000,0.000000,0.000000,0.000000,231.198624,158.202499,0.000000,0.000000,0.000000,105.736214,0.000000,0.000000,0.000000,0.000000,0.000000,0.000000,0.000000,0.000000,15.585709,0.000000,20.905985,0.000000,157.005310,0.000000,0.000000,96.241806,0.000000,31.841391,55.898220,0.000000,8.295321,0.000000,0.000000,8.437972,0.000000,0.000000,0.000000,0.000000,58.190098,0.000000,0.000000,0.000000,60.488304
1077,0,A,0.000000,0.000000,0.000000,0.000000,0.000000,0.000000,0.000000,0.000000,0.000000,186.998932,305.824463,0.000000,0.000000,0.000000,365.472504,0.000000,0.000000,0.000000,0.000000,0.000000,0.000000,0.000000,0.000000,0.000000,0.000000,235.508606,0.000000,0.000000,0.000000,0.000000,92.897499,0.000000,79.997559,118.845940,0.000000,25.466841,0.000000,0.000000,0.000000,0.000000,0.000000,0.000000,0.000000,136.751175,83.908051,0.000000,0.000000,90.633293
1078,4,E,0.000000,0.000000,0.000000,0.000000,0.000000,0.000000,0.000000,0.000000,0.000000,150.140656,162.489548,0.000000,0.000000,0.000000,64.847916,0.000000,0.000000,0.000000,0.000000,0.000000,0.000000,0.000000,0.000000,94.192307,0.000000,134.039413,0.000000,135.748718,19.665169,0.000000,0.000000,0.000000,5.974290,28.872950,0.000000,29.488186,0.000000,23.207104,7.466637,0.000000,0.000000,0.000000,0.000000,43.076027,0.000000,0.000000,0.000000,43.539757
1079,1,B,0.000000,0.000000,273.917358,0.000000,0.000000,0.000000,0.000000,0.000000,0.000000,43.106300,28.959034,0.000000,0.000000,0.000000,0.000000,0.000000,0.000000,0.000000,0.000000,0.000000,0.000000,219.849548,0.000000,303.544891,0.000000,0.000000,0.000000,333.850983,0.000000,0.000000,0.000000,0.000000,0.000000,0.000000,0.000000,0.000000,0.000000,101.341133,1.946596,0.000000,0.000000,0.000000,0.000000,20.864311,0.000000,0.000000,0.000000,0.000000
1080,2,C,0.000000,0.000000,240.029739,0.000000,0.000000,0.000000,0.000000,0.000000,0.000000,160.351181,0.000000,0.000000,0.000000,0.000000,14.982259,0.000000,0.000000,54.894394,0.000000,0.000000,0.000000,78.409874,0.000000,159.165802,0.000000,59.612965,0.000000,165.355942,0.000000,0.000000,30.633158,0.000000,0.000000,0.000000,0.000000,0.000000,0.000000,19.676765,0.000000,0.000000,0.000000,0.000000,0.000000,13.516116,0.000000,0.000000,0.000000,0.000000
1081,1,B,0.000000,0.000000,272.681610,0.000000,0.000000,0.000000,0.000000,0.000000,0.000000,24.566685,0.000000,0.000000,0.000000,0.000000,0.000000,0.000000,0.000000,0.000000,0.000000,0.000000,0.000000,182.985229,0.000000,274.749542,0.000000,0.000000,0.000000,314.550842,0.000000,0.000000,0.000000,0.000000,0.000000,0.000000,0.000000,0.000000,0.000000,86.341385,0.000000,0.000000,0.000000,0.000000,0.000000,12.856307,0.000000,0.000000,0.000000,0.000000
1082,1,B,0.000000,0.000000,275.233368,0.000000,0.000000,0.000000,0.000000,0.000000,0.000000,60.828823,4.075024,0.000000,0.000000,0.000000,0.000000,0.000000,0.000000,0.000000,0.000000,0.000000,0.000000,195.965332,0.000000,279.804596,0.000000,0.000000,0.000000,317.837250,0.000000,0.000000,0.000000,0.000000,0.000000,0.000000,0.000000,0.000000,0.000000,87.208710,1.767805,0.000000,0.000000,0.000000,0.000000,16.909868,0.000000,0.000000,0.000000,0.000000
1083,1,B,0.000000,0.000000,271.713623,0.000000,0.000000,0.000000,0.000000,0.000000,0.000000,124.683411,20.247986,0.000000,0.000000,0.000000,0.000000,0.000000,0.000000,0.000000,0.000000,0.000000,0.000000,179.432480,0.000000,273.530121,0.000000,0.000000,0.000000,284.446136,0.000000,0.000000,0.000000,0.000000,0.000000,0.000000,0.000000,0.000000,0.000000,78.524529,10.203722,0.000000,0.000000,0.000000,0.000000,25.103149,0.000000,0.000000,0.000000,0.000000
1084,3,D,0.000000,0.000000,0.000000,0.000000,0.000000,0.000000,0.000000,0.000000,0.000000,0.000000,0.000000,0.000000,0.000000,0.000000,0.000000,0.000000,0.000000,0.000000,0.000000,0.000000,0.000000,125.335503,0.000000,55.134289,0.000000,289.272369,0.000000,328.745148,193.244217,0.000000,0.000000,0.000000,0.000000,0.000000,0.000000,0.000000,0.000000,5.870568,0.000000,0.000000,0.000000,0.000000,88.826324,0.000000,0.000000,0.000000,0.000000,0.000000
1085,1,B,0.000000,0.000000,211.866211,0.000000,0.000000,0.000000,0.000000,0.000000,0.000000,74.339394,40.094872,0.000000,0.000000,0.000000,40.225437,0.000000,0.000000,60.664555,0.000000,0.000000,0.000000,93.981041,0.000000,123.891640,0.000000,61.427406,0.000000,150.415985,0.000000,0.000000,79.722733,0.000000,0.000000,2.822755,0.000000,0.000000,0.000000,18.972551,0.000000,0.000000,0.000000,0.000000,0.000000,18.795923,0.000000,0.000000,0.000000,0.000000
1086,3,D,0.000000,0.000000,0.000000,0.000000,0.000000,0.000000,0.000000,0.000000,0.000000,0.000000,0.000000,0.000000,0.000000,0.000000,0.000000,0.000000,0.000000,1.898776,0.000000,0.000000,0.000000,189.486877,0.000000,117.921684,0.000000,317.656555,0.000000,230.528458,173.691574,0.000000,0.000000,0.000000,0.000000,0.000000,0.000000,5.946656,0.000000,18.762665,0.000000,0.000000,0.000000,0.000000,89.817085,0.000000,0.000000,0.000000,0.000000,0.000000
1087,4,E,0.000000,0.000000,0.000000,0.000000,0.000000,0.000000,0.000000,0.000000,0.000000,303.658722,187.974625,0.000000,0.000000,0.000000,4.467604,0.000000,0.000000,0.000000,0.000000,0.000000,0.000000,0.000000,0.000000,2.957760,0.000000,110.061943,0.000000,184.965851,0.000000,0.000000,0.000000,0.000000,26.916384,21.615414,0.000000,35.790710,0.000000,12.516623,49.506241,17.032711,0.000000,0.000000,0.000000,35.524094,0.000000,0.000000,0.000000,55.550911
1088,4,E,0.000000,0.000000,0.000000,0.000000,0.000000,0.000000,0.000000,0.000000,0.000000,31.781893,358.431061,0.000000,0.000000,0.000000,137.406860,0.000000,0.000000,0.000000,0.000000,0.000000,0.000000,129.672394,0.000000,89.177719,0.000000,90.846687,0.000000,155.120560,0.000000,0.000000,65.373779,0.000000,41.126266,111.792236,0.000000,27.942055,0.000000,78.259224,0.000000,1.284721,0.000000,0.000000,0.000000,87.373863,0.000000,0.000000,0.000000,116.994644
1089,3,D,0.000000,0.000000,227.886078,0.000000,0.000000,0.000000,0.000000,0.000000,0.000000,117.943817,24.572514,0.000000,0.000000,0.000000,57.443733,0.000000,0.000000,66.585442,0.000000,0.000000,0.000000,84.216934,0.000000,127.443932,0.000000,32.576496,0.000000,137.724991,0.000000,0.000000,47.704468,0.000000,0.000000,0.000000,0.000000,0.000000,0.000000,19.199781,0.000000,0.000000,0.000000,0.000000,0.000000,22.602140,0.000000,0.000000,0.000000,0.000000
1090,2,C,0.000000,0.000000,234.307129,0.000000,0.000000,0.000000,0.000000,0.000000,0.000000,300.770050,0.000000,0.000000,0.000000,0.000000,69.765015,0.000000,0.000000,0.000000,0.000000,0.000000,0.000000,27.209120,0.000000,140.848541,0.000000,75.721222,0.000000,145.026840,0.000000,0.000000,0.000000,0.000000,0.000000,0.000000,0.000000,0.000000,0.000000,0.000000,11.180792,0.000000,0.000000,0.000000,0.000000,41.010540,0.000000,0.000000,0.000000,0.000000
1091,3,D,0.000000,0.000000,0.000000,0.000000,0.000000,0.000000,0.000000,0.000000,0.000000,45.351139,55.934116,0.000000,0.000000,0.000000,0.000000,0.000000,0.000000,0.000000,0.000000,0.000000,0.000000,146.606552,0.000000,107.245430,0.000000,179.374939,0.000000,285.141815,9.071631,0.000000,0.000000,0.000000,0.000000,0.000000,0.000000,28.104237,0.000000,52.405106,1.999283,0.000000,0.000000,0.000000,39.405422,1.095632,0.000000,0.000000,0.000000,0.000000
1092,4,E,0.000000,0.000000,0.000000,0.000000,0.000000,0.000000,0.000000,0.000000,0.000000,0.000000,143.197205,0.000000,0.000000,0.000000,203.286148,0.000000,0.000000,0.000000,0.000000,0.000000,0.000000,228.264908,0.000000,161.009857,0.000000,71.307404,0.000000,229.031479,136.357361,0.000000,58.241058,0.000000,0.000000,61.371174,0.000000,0.000000,0.000000,59.651684,0.000000,0.000000,0.000000,0.000000,0.000000,75.249496,0.000000,4.212205,0.000000,45.182838
1093,3,D,0.000000,0.000000,0.000000,0.000000,0.000000,0.000000,0.000000,0.000000,0.000000,0.000000,0.000000,0.000000,0.000000,0.000000,0.000000,0.000000,0.000000,0.000000,0.000000,0.000000,0.000000,107.623817,0.000000,73.575348,0.000000,266.710754,0.000000,335.781250,204.823761,0.000000,0.000000,0.000000,0.000000,0.000000,0.000000,0.000000,0.000000,5.807231,0.000000,0.000000,0.000000,0.000000,85.768967,0.000000,0.000000,0.000000,0.000000,0.000000
1094,1,B,0.000000,0.000000,272.903992,0.000000,0.000000,0.000000,0.000000,0.000000,0.000000,60.885204,2.135193,0.000000,0.000000,0.000000,0.000000,0.000000,0.000000,0.000000,0.000000,0.000000,0.000000,194.064758,0.000000,277.883209,0.000000,0.000000,0.000000,315.392761,0.000000,0.000000,0.000000,0.000000,0.000000,0.000000,0.000000,0.000000,0.000000,86.142342,1.781961,0.000000,0.000000,0.000000,0.000000,16.532099,0.000000,0.000000,0.000000,0.000000
1095,1,B,0.000000,0.000000,243.879684,0.000000,0.000000,0.000000,0.000000,0.000000,0.000000,23.252901,16.475206,0.000000,0.000000,0.000000,0.000000,0.000000,0.000000,0.000000,0.000000,0.000000,0.000000,177.532394,0.000000,254.819550,0.000000,0.000000,0.000000,295.657471,0.000000,0.000000,4.402308,0.000000,0.000000,0.000000,0.000000,0.000000,0.000000,83.579247,0.000000,0.000000,0.000000,0.000000,0.000000,14.532713,0.000000,0.000000,0.000000,0.000000
1096,3,D,0.000000,0.000000,0.000000,0.000000,0.000000,0.000000,0.000000,0.000000,0.000000,24.400059,0.000000,0.000000,0.000000,0.000000,0.000000,0.000000,0.000000,0.000000,0.000000,0.000000,0.000000,22.763317,0.000000,72.420578,0.000000,199.273407,0.000000,319.346588,105.309578,0.000000,0.000000,0.000000,0.000000,0.000000,0.000000,0.000000,0.000000,6.340233,0.000000,0.000000,0.000000,0.000000,63.084648,0.000000,0.000000,0.000000,0.000000,0.000000
1097,0,A,0.000000,0.000000,213.461319,0.000000,0.000000,0.000000,0.000000,0.000000,0.000000,136.692749,63.319508,0.000000,0.000000,0.000000,86.549850,0.000000,0.000000,41.187332,0.000000,0.000000,0.000000,77.276352,0.000000,120.318451,0.000000,26.420485,0.000000,119.057861,0.000000,0.000000,66.089088,0.000000,0.000000,17.938555,0.000000,0.000000,0.000000,16.200483,0.000000,0.000000,0.000000,0.000000,0.000000,41.792648,0.000000,0.000000,0.000000,0.000000
1098,0,A,0.000000,0.000000,0.000000,0.000000,0.000000,0.000000,0.000000,0.000000,0.000000,72.238007,300.531738,0.000000,0.000000,0.000000,274.217316,0.000000,0.000000,0.000000,0.000000,0.000000,0.000000,0.000000,0.000000,0.000000,0.000000,282.992737,0.000000,0.000000,56.923759,0.000000,59.502632,0.000000,44.037472,104.773926,0.000000,26.021828,0.000000,0.000000,0.000000,0.000000,0.000000,0.000000,0.000000,105.832794,96.101898,0.000000,0.000000,74.864090
1099,2,C,0.000000,0.000000,249.651627,0.000000,0.000000,0.000000,0.000000,0.000000,0.000000,269.341766,0.000000,0.000000,0.000000,0.000000,61.146870,0.000000,0.000000,0.000000,0.000000,0.000000,0.000000,35.025631,0.000000,153.131348,0.000000,99.189194,0.000000,142.457901,0.000000,0.000000,4.444385,0.000000,0.000000,0.000000,0.000000,0.000000,0.000000,1.945238,0.000000,0.000000,0.000000,0.000000,0.000000,38.065125,0.000000,0.000000,0.000000,0.000000
1100,0,A,0.000000,0.000000,0.000000,0.000000,0.000000,0.000000,0.000000,0.000000,0.000000,64.010452,347.312836,0.000000,0.000000,0.000000,312.878876,0.000000,0.000000,0.000000,0.000000,0.000000,0.000000,0.000000,0.000000,0.000000,0.000000,229.095886,0.000000,0.000000,40.295658,0.000000,74.758171,0.000000,64.469666,128.769058,0.000000,19.874479,0.000000,5.213745,0.000000,0.000000,0.000000,0.000000,0.000000,122.479362,90.136421,0.000000,0.000000,98.874527
1101,3,D,0.000000,0.000000,0.000000,0.000000,0.000000,0.000000,0.000000,0.000000,0.000000,0.000000,0.000000,0.000000,0.000000,0.000000,0.000000,0.000000,0.000000,0.000000,0.000000,0.000000,0.000000,130.053787,0.000000,59.674484,0.000000,295.873810,0.000000,323.499908,196.691879,0.000000,0.000000,0.000000,0.000000,0.000000,0.000000,0.000000,0.000000,5.949877,0.000000,0.000000,0.000000,0.000000,90.051834,0.000000,0.000000,0.000000,0.000000,0.000000
1102,0,A,0.000000,0.000000,0.000000,0.000000,0.000000,0.000000,0.000000,0.000000,0.000000,109.958336,339.031281,0.000000,0.000000,0.000000,295.368683,0.000000,0.000000,0.000000,0.000000,0.000000,0.000000,0.000000,0.000000,0.000000,0.000000,235.512009,0.000000,0.000000,5.100929,0.000000,44.514999,0.000000,73.462410,114.016701,0.000000,31.853741,0.000000,11.672719,0.000000,0.000000,0.000000,0.000000,0.000000,118.275612,84.649712,0.000000,0.000000,96.464081
1103,0,A,0.000000,0.000000,0.000000,0.000000,0.000000,0.000000,0.000000,0.000000,0.000000,197.888809,329.310394,0.000000,0.000000,0.000000,330.210999,0.000000,0.000000,0.000000,0.000000,0.000000,0.000000,0.000000,0.000000,0.000000,0.000000,270.906342,0.000000,0.000000,0.000000,0.000000,17.904406,0.000000,81.749977,102.454247,0.000000,35.293743,0.000000,5.962993,0.000000,0.000000,0.000000,0.000000,0.000000,128.417603,87.665939,0.000000,0.000000,91.443687
1104,2,C,0.000000,0.000000,228.229660,0.000000,0.000000,0.000000,0.000000,0.000000,0.000000,119.858185,6.038191,0.000000,0.000000,0.000000,27.123281,0.000000,0.000000,80.633476,0.000000,0.000000,0.000000,79.520187,0.000000,136.615768,0.000000,58.899754,0.000000,151.858887,0.000000,0.000000,52.513191,0.000000,0.000000,0.000000,0.000000,0.000000,0.000000,15.336248,0.000000,0.000000,0.000000,0.000000,0.000000,9.928552,0.000000,0.000000,0.000000,0.000000
1105,2,C,0.000000,0.000000,224.811935,0.000000,0.000000,0.000000,0.000000,0.000000,0.000000,326.595734,0.000000,0.000000,0.000000,0.000000,107.610367,0.000000,0.000000,0.514701,0.000000,0.000000,0.000000,8.366392,0.000000,121.456505,0.000000,135.542770,0.000000,109.675293,0.000000,0.000000,40.082542,0.000000,0.000000,0.000000,0.000000,0.000000,0.000000,0.000000,0.000000,0.000000,0.000000,0.000000,0.000000,51.535995,0.000000,0.000000,0.000000,0.000000
1106,1,B,0.000000,0.000000,285.783630,0.000000,0.000000,0.000000,0.000000,0.000000,0.000000,0.000000,22.122902,0.000000,0.000000,0.000000,0.000000,0.000000,0.000000,0.000000,0.000000,0.000000,0.000000,224.231216,0.000000,305.090851,0.000000,0.000000,0.000000,352.418793,0.000000,0.000000,0.000000,0.000000,0.000000,0.000000,0.000000,0.000000,0.000000,105.917969,0.000000,0.000000,0.000000,0.000000,0.000000,15.904483,0.000000,0.000000,0.000000,0.000000
1107,1,B,0.000000,0.000000,297.385864,0.000000,0.000000,0.000000,0.000000,0.000000,0.000000,0.000000,32.837814,0.000000,0.000000,0.000000,0.000000,0.000000,0.000000,0.000000,0.000000,0.000000,0.000000,107.063339,0.000000,218.732224,0.000000,13.340853,0.000000,255.777100,0.000000,0.000000,125.375854,0.000000,0.000000,26.215462,0.291866,0.000000,0.000000,39.630173,0.000000,0.000000,0.000000,0.000000,0.000000,19.308012,0.000000,0.000000,0.000000,0.000000
1108,2,C,0.000000,0.000000,249.880234,0.000000,0.000000,0.000000,0.000000,0.000000,0.000000,330.594818,0.000000,0.000000,0.000000,0.000000,85.780945,0.000000,0.000000,0.000000,0.000000,0.000000,0.000000,36.480156,0.000000,135.115631,0.000000,99.571175,0.000000,124.152168,0.000000,0.000000,0.000000,0.000000,0.000000,0.000000,0.000000,0.000000,0.000000,0.000000,8.395532,0.000000,0.000000,0.000000,0.000000,47.810787,0.000000,0.000000,0.000000,0.000000
1109,4,E,0.000000,0.000000,0.000000,0.000000,0.000000,0.000000,0.000000,0.000000,0.000000,0.000000,156.972076,0.000000,0.000000,0.000000,42.952900,0.000000,0.000000,0.000000,0.000000,0.000000,0.000000,338.429108,0.000000,132.306381,0.000000,81.728882,0.000000,161.462570,36.556000,0.000000,121.779427,0.000000,0.000000,59.594147,0.000000,13.731283,0.000000,75.614983,0.000000,0.000000,0.000000,0.000000,0.000000,50.864574,0.000000,24.587191,0.000000,50.467804
1110,4,E,0.000000,0.000000,0.000000,0.000000,0.000000,0.000000,0.000000,0.000000,0.000000,75.645462,153.347687,0.000000,0.000000,0.000000,10.199114,0.000000,0.000000,0.000000,0.000000,0.000000,0.000000,158.098495,0.000000,42.647648,0.000000,72.788940,0.000000,235.220459,0.000000,0.000000,0.000000,0.000000,0.000000,22.900356,0.000000,15.867203,0.000000,64.524872,29.896872,16.518467,0.000000,0.000000,0.000000,22.253441,0.000000,0.000000,0.000000,45.574848
1111,4,E,0.000000,0.000000,213.036835,0.000000,0.000000,0.000000,0.000000,0.000000,0.000000,147.854141,39.424263,0.000000,0.000000,0.000000,71.430061,0.000000,0.000000,58.576073,0.000000,0.000000,0.000000,82.241478,0.000000,124.600540,0.000000,44.991348,0.000000,127.612442,0.000000,0.000000,47.624725,0.000000,0.000000,0.000000,0.000000,0.000000,0.000000,16.641705,0.000000,0.000000,0.000000,0.000000,0.000000,31.210457,0.000000,0.000000,0.000000,0.000000
1112,4,E,0.000000,0.000000,0.000000,0.000000,0.000000,0.000000,0.000000,0.000000,0.000000,186.878891,141.528915,0.000000,0.000000,0.000000,75.688614,0.000000,0.000000,0.000000,0.000000,0.000000,0.000000,66.115105,0.000000,79.199287,0.000000,163.519714,0.000000,164.433945,0.000000,0.000000,36.235580,0.000000,1.465478,25.937012,0.000000,35.196793,0.000000,20.642971,2.838958,0.000000,0.000000,0.000000,0.000000,45.627647,0.000000,0.000000,0.000000,36.174927
1113,0,A,0.000000,0.000000,0.000000,0.000000,0.000000,0.000000,0.000000,0.000000,0.000000,183.597198,319.038361,0.000000,0.000000,0.000000,306.685333,0.000000,0.000000,0.000000,0.000000,0.000000,0.000000,0.000000,0.000000,0.000000,0.000000,238.726395,0.000000,0.000000,0.000000,0.000000,62.872101,0.000000,78.334167,109.623405,0.000000,33.751579,0.000000,0.000000,0.000000,0.000000,0.000000,0.000000,0.000000,124.000771,79.364723,0.000000,0.000000,92.094200
1114,3,D,0.000000,0.000000,0.000000,0.000000,0.000000,0.000000,0.000000,0.000000,0.000000,0.000000,1.273015,0.000000,0.000000,0.000000,0.000000,0.000000,0.000000,0.000000,0.000000,0.000000,0.000000,43.421364,0.000000,79.928528,0.000000,268.512299,0.000000,361.159515,210.403717,0.000000,0.000000,0.000000,0.000000,0.000000,0.000000,0.000000,0.000000,0.000000,0.000000,0.000000,0.000000,0.000000,86.286133,0.000000,0.000000,0.000000,0.000000,0.000000
1115,0,A,0.000000,0.000000,0.000000,0.000000,0.000000,0.000000,0.000000,0.000000,0.000000,165.465424,218.658752,0.000000,0.000000,0.000000,291.985931,0.000000,0.000000,0.000000,0.000000,0.000000,0.000000,0.000000,0.000000,0.000000,0.000000,65.999451,0.000000,0.000000,0.000000,0.000000,0.000000,0.000000,77.463577,79.710709,0.000000,0.000000,0.000000,10.105596,13.780898,0.000000,0.000000,0.000000,0.000000,106.265457,36.885803,0.000000,0.000000,76.818947
1116,4,E,0.000000,0.000000,0.000000,0.000000,0.000000,0.000000,0.000000,0.000000,0.000000,116.922424,131.899063,0.000000,0.000000,0.000000,16.420055,0.000000,0.000000,0.000000,0.000000,0.000000,0.000000,94.834862,0.000000,125.725601,0.000000,175.069382,0.000000,212.497238,0.000000,0.000000,4.458253,0.000000,0.000000,9.753366,0.000000,42.132359,0.000000,47.363480,7.621438,0.000000,0.000000,0.000000,0.735206,25.333769,0.000000,0.000000,0.000000,28.399496
1117,1,B,0.000000,0.000000,270.577759,0.000000,0.000000,0.000000,0.000000,0.000000,0.000000,186.915726,48.112106,0.000000,0.000000,0.000000,77.498085,0.000000,0.000000,0.000000,0.000000,0.000000,0.000000,82.696396,0.000000,168.568115,0.000000,0.000000,0.000000,146.588242,0.000000,0.000000,31.504808,0.000000,0.000000,15.766525,0.000000,0.000000,0.000000,27.849524,0.000000,0.000000,0.000000,0.000000,0.000000,50.212585,0.000000,0.000000,0.000000,1.336403
1118,4,E,0.000000,0.000000,0.000000,0.000000,0.000000,0.000000,0.000000,0.000000,0.000000,0.000000,204.482681,0.000000,0.000000,0.000000,98.906868,0.000000,0.000000,0.000000,0.000000,0.000000,0.000000,230.264587,0.000000,160.665009,0.000000,192.322708,0.000000,139.487045,0.000000,0.000000,0.000000,0.000000,0.000000,44.742184,0.000000,38.691936,0.000000,89.299271,0.000000,0.000000,0.000000,0.000000,0.000000,58.261646,0.000000,0.000000,0.000000,52.363106
1119,3,D,0.000000,0.000000,0.000000,0.000000,0.000000,0.000000,0.000000,0.000000,0.000000,0.000000,0.000000,0.000000,0.000000,0.000000,0.000000,0.000000,0.000000,0.000000,0.000000,0.000000,0.000000,123.253181,0.000000,53.416000,0.000000,286.462463,0.000000,323.235229,199.268784,0.000000,0.000000,0.000000,0.000000,0.000000,0.000000,0.000000,0.000000,4.236426,0.000000,0.000000,0.000000,0.000000,88.155006,0.000000,0.000000,0.000000,0.000000,0.000000
1120,4,E,0.000000,0.000000,0.000000,0.000000,0.000000,0.000000,0.000000,0.000000,0.000000,118.001442,227.339157,0.000000,0.000000,0.000000,0.000000,0.000000,0.000000,0.000000,0.000000,0.000000,0.000000,101.253273,0.000000,94.874504,0.000000,97.686455,0.000000,203.920532,0.000000,0.000000,0.000000,0.000000,6.386044,39.604351,0.000000,36.223392,0.000000,66.575218,27.897081,9.265381,0.000000,0.000000,0.000000,36.630592,0.000000,0.000000,0.000000,68.418922
1121,3,D,0.000000,0.000000,0.000000,0.000000,0.000000,0.000000,0.000000,0.000000,0.000000,0.000000,0.000000,0.000000,0.000000,0.000000,0.000000,0.000000,0.000000,0.000000,0.000000,0.000000,0.000000,119.900002,0.000000,48.580254,0.000000,305.372894,0.000000,316.620697,202.490173,0.000000,0.000000,0.000000,0.000000,0.000000,0.000000,0.000000,0.000000,0.690757,0.000000,0.000000,0.000000,0.000000,91.090271,0.000000,0.000000,0.000000,0.000000,0.000000
1122,4,E,0.000000,0.000000,0.000000,0.000000,0.000000,0.000000,0.000000,0.000000,0.000000,161.305374,330.285797,0.000000,0.000000,0.000000,211.643066,0.000000,0.000000,0.000000,0.000000,0.000000,0.000000,95.281784,0.000000,48.794250,0.000000,128.749603,0.000000,91.520737,35.511864,0.000000,0.000000,0.000000,60.247799,94.012177,0.000000,14.082424,0.000000,51.665344,12.383473,0.000000,0.000000,0.000000,0.000000,105.340286,10.084949,0.000000,0.000000,104.137154
1123,2,C,0.000000,0.000000,238.325180,0.000000,0.000000,0.000000,0.000000,0.000000,0.000000,353.306183,0.000000,0.000000,0.000000,0.000000,93.864090,0.000000,0.000000,0.000000,0.000000,0.000000,0.000000,22.472309,0.000000,131.268204,0.000000,104.597420,0.000000,126.210426,0.000000,0.000000,0.000000,0.000000,0.000000,0.000000,0.000000,0.000000,0.000000,0.000000,11.971665,0.000000,0.000000,0.000000,0.000000,49.833595,0.000000,0.000000,0.000000,0.000000
1124,1,B,0.000000,0.000000,284.705048,0.000000,0.000000,0.000000,0.000000,0.000000,0.000000,100.468597,16.511436,0.000000,0.000000,0.000000,0.000000,0.000000,0.000000,0.000000,0.000000,0.000000,0.000000,179.830917,0.000000,269.221436,0.000000,0.000000,0.000000,289.930542,0.000000,0.000000,0.000000,0.000000,0.000000,0.000000,0.000000,0.000000,0.000000,79.607864,4.694780,0.000000,0.000000,0.000000,0.000000,22.347336,0.000000,0.000000,0.000000,0.000000
1125,3,D,0.000000,0.000000,0.000000,0.000000,0.000000,0.000000,0.000000,0.000000,0.000000,0.000000,155.495956,0.000000,0.000000,0.000000,0.000000,0.000000,0.000000,0.000000,0.000000,0.000000,0.000000,173.181732,0.000000,89.914238,0.000000,113.060501,0.000000,289.895416,91.830803,0.000000,0.000000,0.000000,0.000000,23.763029,0.000000,0.000000,0.000000,68.697624,0.000000,0.000000,0.000000,0.000000,9.784513,15.888143,0.000000,0.000000,0.000000,36.622128
1126,4,E,0.000000,0.000000,0.000000,0.000000,0.000000,0.000000,0.000000,0.000000,0.000000,11.351030,189.383408,0.000000,0.000000,0.000000,152.875412,0.000000,0.000000,0.000000,0.000000,0.000000,0.000000,105.044533,0.000000,102.183739,0.000000,94.384766,0.000000,143.286514,65.067390,0.000000,96.652367,0.000000,0.000000,77.049309,0.000000,0.000000,0.000000,31.736696,0.000000,0.000000,0.000000,0.000000,0.000000,67.938416,0.000000,0.996588,0.000000,58.566002
1127,0,A,0.000000,0.000000,0.000000,0.000000,0.000000,0.000000,0.000000,0.000000,0.000000,34.643417,314.470245,0.000000,0.000000,0.000000,254.324448,0.000000,0.000000,0.000000,0.000000,0.000000,0.000000,0.000000,0.000000,0.000000,0.000000,268.685577,0.000000,0.000000,106.512550,0.000000,83.105591,0.000000,32.569977,116.318062,0.000000,14.593836,0.000000,0.000000,0.000000,0.000000,0.000000,0.000000,0.000000,103.567467,95.818848,0.000000,0.000000,78.479195
1128,4,E,0.000000,0.000000,183.515533,0.000000,0.000000,0.000000,0.000000,0.000000,0.000000,85.902481,180.575836,0.000000,0.000000,0.000000,208.132675,0.000000,0.000000,0.000000,0.000000,0.000000,0.000000,123.184853,0.000000,146.959091,0.000000,0.000000,0.000000,100.168762,9.660468,0.000000,68.874573,0.000000,0.000000,80.514511,0.000000,0.000000,0.000000,46.846096,0.000000,0.000000,0.000000,0.000000,0.000000,94.703522,0.000000,0.000000,0.000000,55.778641
1129,0,A,0.000000,0.000000,191.780655,0.000000,0.000000,0.000000,0.000000,0.000000,0.000000,79.957535,53.430286,0.000000,0.000000,0.000000,80.629074,0.000000,0.000000,29.999914,0.000000,0.000000,0.000000,68.312920,0.000000,108.602005,0.000000,84.273384,0.000000,125.225250,0.000000,0.000000,117.174995,0.000000,0.000000,26.820889,0.000000,0.000000,0.000000,1.381982,0.000000,0.000000,0.000000,0.000000,0.000000,35.732765,0.000000,0.000000,0.000000,0.000000
1130,3,D,0.000000,0.000000,0.000000,0.000000,0.000000,0.000000,0.000000,0.000000,0.000000,0.000000,0.000000,0.000000,0.000000,0.000000,0.000000,0.000000,0.000000,0.000000,0.000000,0.000000,0.000000,121.497269,0.000000,56.418781,0.000000,279.534790,0.000000,327.248749,194.887589,0.000000,0.000000,0.000000,0.000000,0.000000,0.000000,0.000000,0.000000,5.741899,0.000000,0.000000,0.000000,0.000000,86.978920,0.000000,0.000000,0.000000,0.000000,0.000000
1131,4,E,0.000000,0.000000,0.000000,0.000000,0.000000,0.000000,0.000000,0.000000,0.000000,85.407944,166.652527,0.000000,0.000000,0.000000,92.844131,0.000000,0.000000,0.000000,0.000000,0.000000,0.000000,206.930466,0.000000,252.828827,0.000000,47.923927,0.000000,118.024658,0.000000,0.000000,33.404819,0.000000,7.098800,46.760578,0.000000,25.198366,0.000000,85.939476,11.008363,0.000000,0.000000,0.000000,0.000000,70.420517,0.000000,6.102084,0.000000,61.223053
1132,3,D,0.000000,0.000000,0.000000,0.000000,0.000000,0.000000,0.000000,0.000000,0.000000,56.654518,0.000000,0.000000,0.000000,0.000000,0.000000,0.000000,0.000000,0.000000,0.000000,0.000000,0.000000,0.000000,0.000000,0.000000,0.000000,293.812225,0.000000,314.094849,125.026222,0.000000,0.000000,0.000000,0.000000,0.000000,0.000000,6.837354,0.000000,0.000000,0.000000,0.000000,0.000000,0.000000,75.717133,0.000000,0.000000,0.000000,0.000000,0.000000
1133,1,B,0.000000,0.000000,284.647583,0.000000,0.000000,0.000000,0.000000,0.000000,0.000000,107.647522,14.741467,0.000000,0.000000,0.000000,0.000000,0.000000,0.000000,0.000000,0.000000,0.000000,0.000000,177.579956,0.000000,267.384918,0.000000,0.000000,0.000000,286.849030,0.000000,0.000000,0.000000,0.000000,0.000000,0.000000,0.000000,0.000000,0.000000,77.860756,5.531599,0.000000,0.000000,0.000000,0.000000,22.602110,0.000000,0.000000,0.000000,0.000000
1134,1,B,0.000000,0.000000,283.696411,0.000000,0.000000,0.000000,0.000000,0.000000,0.000000,124.203232,0.000000,0.000000,0.000000,0.000000,0.000000,0.000000,0.000000,0.000000,0.000000,0.000000,0.000000,181.208557,0.000000,274.582031,0.000000,0.000000,0.000000,284.587433,0.000000,0.000000,0.000000,0.000000,0.000000,0.000000,0.000000,0.000000,0.000000,75.494560,7.938371,0.000000,0.000000,0.000000,0.000000,22.460630,0.000000,0.000000,0.000000,0.000000
1135,0,A,0.000000,0.000000,0.000000,0.000000,0.000000,0.000000,0.000000,0.000000,0.000000,312.880798,234.158051,0.000000,0.000000,0.000000,362.055511,0.000000,0.000000,0.000000,0.000000,0.000000,0.000000,0.000000,0.000000,0.000000,0.000000,164.843765,0.000000,0.000000,0.000000,0.000000,25.288797,0.000000,89.872421,82.950409,0.000000,8.809282,0.000000,0.000000,8.417503,0.000000,0.000000,0.000000,0.000000,133.234146,53.722839,0.000000,0.000000,76.136795
1136,0,A,0.000000,0.000000,202.640579,0.000000,0.000000,0.000000,0.000000,0.000000,0.000000,63.236103,55.109303,0.000000,0.000000,0.000000,44.202747,0.000000,0.000000,55.261177,0.000000,0.000000,0.000000,77.537842,0.000000,106.560547,0.000000,98.209213,0.000000,143.938797,0.000000,0.000000,120.810760,0.000000,0.000000,16.093079,0.000000,0.000000,0.000000,4.920535,0.000000,0.000000,0.000000,0.000000,0.000000,21.413784,0.000000,0.000000,0.000000,0.000000
1137,0,A,0.000000,0.000000,0.000000,0.000000,0.000000,0.000000,0.000000,0.000000,0.000000,0.000000,181.357254,0.000000,0.000000,0.000000,97.031883,0.000000,0.000000,0.000000,0.000000,0.000000,0.000000,65.104057,0.000000,0.000000,0.000000,256.874725,0.000000,151.491501,272.620331,0.000000,33.772030,0.000000,0.000000,53.554028,0.000000,0.000000,0.000000,0.000000,0.000000,0.000000,0.000000,0.000000,0.000000,41.137230,44.543701,0.000000,0.000000,22.419283
1138,3,D,0.000000,0.000000,0.000000,0.000000,0.000000,0.000000,0.000000,0.000000,0.000000,0.000000,0.000000,0.000000,0.000000,0.000000,0.000000,0.000000,0.000000,0.000000,0.000000,0.000000,0.000000,129.159134,0.000000,53.139427,0.000000,294.123199,0.000000,323.569794,200.830246,0.000000,0.000000,0.000000,0.000000,0.000000,0.000000,0.000000,0.000000,4.480294,0.000000,0.000000,0.000000,0.000000,89.783249,0.000000,0.000000,0.000000,0.000000,0.000000
1139,3,D,0.000000,0.000000,0.000000,0.000000,0.000000,0.000000,0.000000,0.000000,0.000000,4.998937,44.688366,0.000000,0.000000,0.000000,0.000000,0.000000,0.000000,0.000000,0.000000,0.000000,0.000000,134.414459,0.000000,96.371437,0.000000,191.282791,0.000000,299.222778,53.797318,0.000000,0.000000,0.000000,0.000000,0.000000,0.000000,15.193474,0.000000,44.236202,0.000000,0.000000,0.000000,0.000000,50.870499,0.000000,0.000000,0.000000,0.000000,0.000000
1140,3,D,0.000000,0.000000,180.784622,0.000000,0.000000,0.000000,0.000000,0.000000,0.000000,34.580505,5.979386,0.000000,0.000000,0.000000,2.245012,0.000000,0.000000,117.175652,0.000000,0.000000,0.000000,82.086731,0.000000,115.635506,0.000000,98.341080,0.000000,172.500931,0.000000,0.000000,64.527618,0.000000,0.000000,0.000000,0.000000,0.000000,0.000000,17.454794,0.000000,0.000000,0.000000,0.000000,11.113610,0.000000,0.000000,0.000000,0.000000,0.000000
1141,0,A,0.000000,0.000000,0.000000,0.000000,0.000000,0.000000,0.000000,0.000000,0.000000,106.527184,284.697235,0.000000,0.000000,0.000000,283.792633,0.000000,0.000000,0.000000,0.000000,0.000000,0.000000,52.288250,0.000000,0.000000,0.000000,255.733398,0.000000,0.000000,87.668358,0.000000,124.353676,0.000000,40.211514,116.539284,0.000000,13.687158,0.000000,0.000000,0.000000,0.000000,0.000000,0.000000,0.000000,115.383003,85.823318,0.000000,0.000000,74.934776
1142,2,C,0.000000,0.000000,254.499008,0.000000,0.000000,0.000000,0.000000,0.000000,0.000000,274.645905,0.000000,0.000000,0.000000,0.000000,59.010731,0.000000,0.000000,0.000000,0.000000,0.000000,0.000000,47.063583,0.000000,149.678345,0.000000,89.514915,0.000000,141.638504,0.000000,0.000000,5.566978,0.000000,0.000000,0.000000,0.000000,0.000000,0.000000,3.536160,0.315990,0.000000,0.000000,0.000000,0.000000,38.786694,0.000000,0.000000,0.000000,0.000000
1143,0,A,0.000000,0.000000,203.195480,0.000000,0.000000,0.000000,0.000000,0.000000,0.000000,177.387024,34.866627,0.000000,0.000000,0.000000,94.157547,0.000000,0.000000,41.509674,0.000000,0.000000,0.000000,48.253597,0.000000,114.506027,0.000000,74.692200,0.000000,103.367264,0.000000,0.000000,82.161415,0.000000,0.000000,9.550724,0.000000,0.000000,0.000000,0.000000,0.000000,0.000000,0.000000,0.000000,0.000000,40.849247,0.000000,0.000000,0.000000,0.000000
1144,1,B,0.000000,0.000000,236.999664,0.000000,0.000000,0.000000,0.000000,0.000000,0.000000,153.335327,10.072413,0.000000,0.000000,0.000000,31.357750,0.000000,0.000000,35.429016,0.000000,0.000000,0.000000,120.923286,0.000000,161.615524,0.000000,20.392931,0.000000,171.963043,0.000000,0.000000,3.198488,0.000000,0.000000,0.000000,0.000000,0.000000,0.000000,38.575306,0.000000,0.000000,0.000000,0.000000,0.000000,22.679779,0.000000,0.000000,0.000000,0.000000
1145,1,B,0.000000,0.000000,243.775223,0.000000,0.000000,0.000000,0.000000,0.000000,0.000000,18.363386,12.550407,0.000000,0.000000,0.000000,0.000000,0.000000,0.000000,0.000000,0.000000,0.000000,0.000000,175.176849,0.000000,254.215195,0.000000,0.000000,0.000000,293.455139,0.000000,0.000000,4.091688,0.000000,0.000000,0.000000,0.000000,0.000000,0.000000,82.739822,0.000000,0.000000,0.000000,0.000000,0.000000,13.577188,0.000000,0.000000,0.000000,0.000000
1146,1,B,0.000000,0.000000,139.199905,0.000000,0.000000,0.000000,0.000000,0.000000,0.000000,45.534302,56.888561,0.000000,0.000000,0.000000,82.422066,0.000000,0.000000,55.196819,0.000000,0.000000,0.000000,99.572723,0.000000,105.326401,0.000000,94.935165,0.000000,122.281097,0.000000,0.000000,95.116318,0.000000,0.000000,16.002863,0.000000,0.000000,0.000000,14.466096,0.000000,0.000000,0.000000,0.000000,0.000000,28.603790,0.000000,0.000000,0.000000,0.000000
1147,0,A,0.000000,0.000000,225.313309,0.000000,0.000000,0.000000,0.000000,0.000000,0.000000,71.396332,36.217976,0.000000,0.000000,0.000000,32.001549,0.000000,0.000000,19.613192,0.000000,0.000000,0.000000,82.611725,0.000000,135.327744,0.000000,82.345215,0.000000,170.497696,0.000000,0.000000,111.731293,0.000000,0.000000,17.325949,0.000000,0.000000,0.000000,10.814527,0.000000,0.000000,0.000000,0.000000,0.000000,23.575205,0.000000,0.000000,0.000000,0.000000
1148,2,C,0.000000,0.000000,274.040680,0.000000,0.000000,0.000000,0.000000,0.000000,0.000000,210.820312,20.127911,0.000000,0.000000,0.000000,56.071911,0.000000,0.000000,35.695824,0.000000,0.000000,0.000000,31.074774,0.000000,147.226852,0.000000,44.882084,0.000000,126.380997,0.000000,0.000000,78.265076,0.000000,0.000000,2.661560,0.000000,0.000000,0.000000,0.000000,0.000000,0.000000,0.000000,0.000000,0.000000,35.820793,0.000000,0.000000,0.000000,0.000000
1149,2,C,0.000000,0.000000,266.379303,0.000000,0.000000,0.000000,0.000000,0.000000,0.000000,319.410736,0.000000,0.000000,0.000000,0.000000,99.402832,0.000000,0.000000,0.000000,0.000000,0.000000,0.000000,32.822701,0.000000,137.600876,0.000000,78.339035,0.000000,118.119843,0.000000,0.000000,7.298182,0.000000,0.000000,0.000000,0.000000,0.000000,0.000000,0.000000,4.058922,0.000000,0.000000,0.000000,0.000000,51.683273,0.000000,0.000000,0.000000,0.000000
1150,4,E,0.000000,0.000000,0.000000,0.000000,0.000000,0.000000,0.000000,0.000000,0.000000,59.067825,198.873123,0.000000,0.000000,0.000000,212.044067,0.000000,0.000000,0.000000,0.000000,0.000000,0.000000,53.389454,0.000000,6.680618,0.000000,68.837601,0.000000,32.255310,0.000000,0.000000,282.061005,0.000000,38.665520,129.095139,0.000000,11.610337,0.000000,0.000000,0.000000,0.000000,0.000000,0.000000,0.000000,93.426575,29.022581,51.266384,0.000000,73.326889
1151,4,E,0.000000,0.000000,179.228622,0.000000,0.000000,0.000000,0.000000,0.000000,0.000000,39.646687,171.294052,0.000000,0.000000,0.000000,253.984329,0.000000,0.000000,0.000000,0.000000,0.000000,0.000000,212.545456,0.000000,210.199829,0.000000,0.000000,0.000000,182.343582,0.000000,0.000000,77.013023,0.000000,0.000000,81.609024,0.000000,0.000000,0.000000,77.578903,0.000000,0.000000,0.000000,0.000000,0.000000,102.727821,0.000000,0.000000,0.000000,55.628502
1152,0,A,0.000000,0.000000,189.607986,0.000000,0.000000,0.000000,0.000000,0.000000,0.000000,101.783440,55.827290,0.000000,0.000000,0.000000,65.879997,0.000000,0.000000,35.289330,0.000000,0.000000,0.000000,81.938057,0.000000,110.950981,0.000000,84.976433,0.000000,128.804260,0.000000,0.000000,100.805779,0.000000,0.000000,19.469255,0.000000,0.000000,0.000000,6.989408,0.000000,0.000000,0.000000,0.000000,0.000000,33.191391,0.000000,0.000000,0.000000,0.000000
1153,0,A,0.000000,0.000000,160.400406,0.000000,0.000000,0.000000,0.000000,0.000000,0.000000,8.149440,47.028412,0.000000,0.000000,0.000000,43.624027,0.000000,0.000000,76.857071,0.000000,0.000000,0.000000,83.978104,0.000000,115.666443,0.000000,91.071701,0.000000,144.310104,0.000000,0.000000,110.428474,0.000000,0.000000,7.613611,0.000000,0.000000,0.000000,13.958953,0.000000,0.000000,0.000000,0.000000,0.000000,11.987318,0.000000,0.000000,0.000000,0.000000
1154,3,D,0.000000,0.000000,0.000000,0.000000,0.000000,0.000000,0.000000,0.000000,0.000000,51.184490,0.000000,0.000000,0.000000,0.000000,0.000000,0.000000,0.000000,0.000000,0.000000,0.000000,0.000000,106.815834,0.000000,129.789291,0.000000,156.667923,0.000000,336.687073,0.000000,0.000000,0.000000,0.000000,0.000000,0.000000,0.000000,22.733149,0.000000,45.452976,7.747066,0.000000,0.000000,0.000000,52.231697,0.000000,0.000000,0.000000,0.000000,0.000000
1155,4,E,0.000000,0.000000,206.239487,0.000000,0.000000,0.000000,0.000000,0.000000,0.000000,137.652740,24.090038,0.000000,0.000000,0.000000,60.605148,0.000000,0.000000,57.340168,0.000000,0.000000,0.000000,84.958267,0.000000,129.193802,0.000000,48.113194,0.000000,137.151489,0.000000,0.000000,38.593941,0.000000,0.000000,0.000000,0.000000,0.000000,0.000000,18.873489,0.000000,0.000000,0.000000,0.000000,0.000000,25.134264,0.000000,0.000000,0.000000,0.000000
1156,1,B,0.000000,0.000000,275.275330,0.000000,0.000000,0.000000,0.000000,0.000000,0.000000,58.581421,58.401989,0.000000,0.000000,0.000000,0.000000,0.000000,0.000000,0.000000,0.000000,0.000000,0.000000,178.083771,0.000000,258.729248,0.000000,0.000000,0.000000,275.800842,0.000000,0.000000,7.074831,0.000000,0.000000,3.963776,0.000000,0.000000,0.000000,85.794884,0.000000,0.000000,0.000000,0.000000,0.000000,25.781185,0.000000,0.000000,0.000000,0.614671
1157,4,E,0.000000,0.000000,0.000000,0.000000,0.000000,0.000000,0.000000,0.000000,0.000000,172.647736,238.047729,0.000000,0.000000,0.000000,83.717194,0.000000,0.000000,0.000000,0.000000,0.000000,0.000000,37.590515,0.000000,89.885437,0.000000,123.091354,0.000000,156.471695,0.000000,0.000000,0.000000,0.000000,26.763145,49.747074,0.000000,34.795910,0.000000,44.475040,22.797951,0.000000,0.000000,0.000000,0.000000,59.813595,0.000000,0.000000,0.000000,72.035622
1158,1,B,0.000000,0.000000,254.148087,0.000000,0.000000,0.000000,0.000000,0.000000,0.000000,0.000000,28.398550,0.000000,0.000000,0.000000,0.000000,0.000000,0.000000,0.000000,0.000000,0.000000,0.000000,241.521942,0.000000,311.281036,0.000000,0.000000,0.000000,365.716034,0.000000,0.000000,0.000000,0.000000,0.000000,0.000000,0.000000,0.000000,0.000000,112.219521,0.940927,0.000000,0.000000,0.000000,0.000000,16.495615,0.000000,0.000000,0.000000,0.000000
1159,3,D,0.000000,0.000000,0.000000,0.000000,0.000000,0.000000,0.000000,0.000000,0.000000,92.102562,0.000000,0.000000,0.000000,0.000000,0.000000,0.000000,0.000000,0.000000,0.000000,0.000000,0.000000,0.000000,0.000000,79.714905,0.000000,207.807266,0.000000,337.499329,0.047248,0.000000,0.000000,0.000000,0.000000,0.000000,0.000000,31.021387,0.000000,13.143660,0.000000,0.000000,0.000000,0.000000,54.030376,0.000000,0.000000,0.000000,0.000000,0.000000
1160,4,E,0.000000,0.000000,0.000000,0.000000,0.000000,0.000000,0.000000,0.000000,0.000000,258.363556,315.634949,0.000000,0.000000,0.000000,165.508377,0.000000,0.000000,0.000000,0.000000,0.000000,0.000000,0.000000,0.000000,94.551514,0.000000,0.000000,0.000000,118.966324,0.000000,0.000000,0.000000,0.000000,78.793121,86.495811,0.000000,14.220712,0.000000,48.395237,54.935226,15.195856,0.000000,0.000000,0.000000,100.136963,0.000000,0.000000,0.000000,116.725677
1161,4,E,0.000000,0.000000,0.000000,0.000000,0.000000,0.000000,0.000000,0.000000,0.000000,199.967728,283.933868,0.000000,0.000000,0.000000,85.091614,0.000000,0.000000,0.000000,0.000000,0.000000,0.000000,84.156548,0.000000,168.869598,0.000000,0.000000,0.000000,115.583221,0.000000,0.000000,100.628975,0.000000,51.652164,92.265656,0.000000,30.116867,0.000000,52.112823,9.129668,0.000000,0.000000,0.000000,0.000000,88.162964,0.000000,0.000000,0.000000,107.464302
1162,3,D,0.000000,0.000000,0.000000,0.000000,0.000000,0.000000,0.000000,0.000000,0.000000,0.000000,26.270113,0.000000,0.000000,0.000000,0.000000,0.000000,0.000000,0.000000,0.000000,0.000000,0.000000,103.985626,0.000000,93.903488,0.000000,174.681808,0.000000,286.659058,178.970612,0.000000,0.000000,0.000000,0.000000,0.000000,0.000000,0.000000,0.000000,18.868929,0.000000,0.000000,0.000000,0.000000,57.842697,0.000000,0.000000,0.000000,0.000000,0.000000
1163,1,B,0.000000,0.000000,262.396820,0.000000,0.000000,0.000000,0.000000,0.000000,0.000000,0.000000,100.618820,0.000000,0.000000,0.000000,0.000000,0.000000,0.000000,0.000000,0.000000,0.000000,0.000000,229.795837,0.000000,280.090729,0.000000,0.000000,0.000000,327.731384,0.000000,0.000000,28.549925,0.000000,0.000000,20.042404,0.000000,0.000000,0.000000,108.755852,0.000000,0.000000,0.000000,0.000000,0.000000,28.753193,0.000000,0.000000,0.000000,15.805331
1164,2,C,0.000000,0.000000,222.985443,0.000000,0.000000,0.000000,0.000000,0.000000,0.000000,174.740540,0.000000,0.000000,0.000000,0.000000,49.984909,0.000000,0.000000,116.657494,0.000000,0.000000,0.000000,72.654282,0.000000,137.115784,0.000000,41.495140,0.000000,136.060211,0.000000,0.000000,0.000000,0.000000,0.000000,0.000000,0.000000,0.000000,0.000000,20.093676,0.000000,0.000000,0.000000,0.000000,0.000000,10.285933,0.000000,0.000000,0.000000,0.000000
1165,4,E,0.000000,0.000000,0.000000,0.000000,0.000000,0.000000,0.000000,0.000000,0.000000,89.032364,183.830063,0.000000,0.000000,0.000000,43.692234,0.000000,0.000000,0.000000,0.000000,0.000000,0.000000,63.880390,0.000000,121.158493,0.000000,65.842842,0.000000,93.686111,0.000000,0.000000,59.816006,0.000000,16.606688,53.617821,0.000000,30.860914,0.000000,38.347439,0.000000,0.000000,0.000000,0.000000,0.000000,49.431057,0.000000,0.000000,0.000000,60.509430
1166,0,A,0.000000,0.000000,0.000000,0.000000,0.000000,0.000000,0.000000,0.000000,0.000000,203.569794,276.192902,0.000000,0.000000,0.000000,329.333649,0.000000,0.000000,0.000000,0.000000,0.000000,0.000000,0.000000,0.000000,0.000000,0.000000,247.041077,0.000000,0.000000,0.000000,0.000000,42.448769,0.000000,73.504433,94.267410,0.000000,28.250237,0.000000,0.000000,0.000000,0.000000,0.000000,0.000000,0.000000,122.777016,80.011131,0.000000,0.000000,77.373978
1167,2,C,0.000000,0.000000,264.113770,0.000000,0.000000,0.000000,0.000000,0.000000,0.000000,290.614655,0.000000,0.000000,0.000000,0.000000,74.534149,0.000000,0.000000,0.000000,0.000000,0.000000,0.000000,23.096977,0.000000,145.997498,0.000000,94.277023,0.000000,132.375229,0.000000,0.000000,13.096112,0.000000,0.000000,0.000000,0.000000,0.000000,0.000000,0.000000,0.000000,0.000000,0.000000,0.000000,0.000000,43.096313,0.000000,0.000000,0.000000,0.000000
1168,3,D,0.000000,0.000000,0.000000,0.000000,0.000000,0.000000,0.000000,0.000000,0.000000,2.766968,0.000000,0.000000,0.000000,0.000000,0.000000,0.000000,0.000000,0.000000,0.000000,0.000000,0.000000,129.285461,0.000000,119.057297,0.000000,185.826218,0.000000,296.791656,0.000000,0.000000,0.000000,0.000000,0.000000,0.000000,0.000000,26.496300,0.000000,46.789402,0.000000,0.000000,0.000000,0.000000,59.488640,0.000000,0.000000,0.000000,0.000000,0.000000
1169,4,E,0.000000,0.000000,0.000000,0.000000,0.000000,0.000000,0.000000,0.000000,0.000000,0.000000,197.302399,0.000000,0.000000,0.000000,63.608829,0.000000,0.000000,0.000000,0.000000,0.000000,0.000000,160.269135,0.000000,132.003510,0.000000,0.000000,0.000000,143.635162,30.464348,0.000000,0.000000,0.000000,5.867190,54.058731,0.000000,0.867741,0.000000,83.110184,16.521601,0.000000,0.000000,0.000000,0.000000,50.235527,0.000000,0.000000,0.000000,69.555405
1170,4,E,0.000000,0.000000,44.521996,0.000000,0.000000,0.000000,0.000000,0.000000,0.000000,4.179686,161.100922,0.000000,0.000000,0.000000,149.301300,0.000000,0.000000,0.000000,0.000000,0.000000,0.000000,171.399155,0.000000,175.827652,0.000000,0.000000,0.000000,106.332375,0.000000,0.000000,53.721748,0.000000,5.385173,65.473656,0.000000,0.000000,0.000000,71.151306,0.000000,0.000000,0.000000,0.000000,0.000000,72.991081,0.000000,13.651503,0.000000,59.612114
1171,3,D,0.000000,0.000000,0.000000,0.000000,0.000000,0.000000,0.000000,0.000000,0.000000,0.000000,0.000000,0.000000,0.000000,0.000000,0.000000,0.000000,0.000000,0.000000,0.000000,0.000000,0.000000,77.188171,0.000000,61.066502,0.000000,263.981110,0.000000,291.678802,149.703888,0.000000,0.000000,0.000000,0.000000,0.000000,0.000000,0.000000,0.000000,3.377994,0.000000,0.000000,0.000000,0.000000,78.449409,0.000000,0.000000,0.000000,0.000000,0.000000
1172,2,C,0.000000,0.000000,221.923813,0.000000,0.000000,0.000000,0.000000,0.000000,0.000000,113.967735,6.276249,0.000000,0.000000,0.000000,31.149561,0.000000,0.000000,80.530586,0.000000,0.000000,0.000000,75.503311,0.000000,131.555847,0.000000,57.889454,0.000000,148.104050,0.000000,0.000000,55.408752,0.000000,0.000000,0.000000,0.000000,0.000000,0.000000,13.607308,0.000000,0.000000,0.000000,0.000000,0.000000,10.202909,0.000000,0.000000,0.000000,0.000000
1173,1,B,0.000000,0.000000,262.196014,0.000000,0.000000,0.000000,0.000000,0.000000,0.000000,6.180572,15.889489,0.000000,0.000000,0.000000,0.000000,0.000000,0.000000,0.000000,0.000000,0.000000,0.000000,226.424622,0.000000,299.721771,0.000000,0.000000,0.000000,351.178253,0.000000,0.000000,0.000000,0.000000,0.000000,0.000000,0.000000,0.000000,0.000000,104.265869,0.000000,0.000000,0.000000,0.000000,0.000000,14.789479,0.000000,0.000000,0.000000,0.000000
1174,1,B,0.000000,0.000000,245.151428,0.000000,0.000000,0.000000,0.000000,0.000000,0.000000,96.975456,11.945633,0.000000,0.000000,0.000000,0.000000,0.000000,0.000000,25.914009,0.000000,0.000000,0.000000,112.436157,0.000000,177.824341,0.000000,35.479889,0.000000,200.332672,0.000000,0.000000,43.808056,0.000000,0.000000,0.000000,0.000000,0.000000,0.000000,36.882568,0.000000,0.000000,0.000000,0.000000,0.000000,14.238264,0.000000,0.000000,0.000000,0.000000
1175,1,B,0.000000,0.000000,290.979187,0.000000,0.000000,0.000000,0.000000,0.000000,0.000000,72.912422,17.088144,0.000000,0.000000,0.000000,0.000000,0.000000,0.000000,0.000000,0.000000,0.000000,0.000000,200.405075,0.000000,295.775269,0.000000,0.000000,0.000000,313.031586,0.000000,0.000000,0.000000,0.000000,0.000000,0.000000,0.000000,0.000000,0.000000,90.724281,1.635050,0.000000,0.000000,0.000000,0.000000,21.687365,0.000000,0.000000,0.000000,0.000000
1176,0,A,0.000000,0.000000,185.486176,0.000000,0.000000,0.000000,0.000000,0.000000,0.000000,50.117561,29.670372,0.000000,0.000000,0.000000,61.385250,0.000000,0.000000,64.861610,0.000000,0.000000,0.000000,68.852272,0.000000,111.841568,0.000000,90.978752,0.000000,137.394730,0.000000,0.000000,98.525597,0.000000,0.000000,4.480873,0.000000,0.000000,0.000000,5.741933,0.000000,0.000000,0.000000,0.000000,0.000000,17.885296,0.000000,0.000000,0.000000,0.000000
1177,1,B,0.000000,0.000000,272.072357,0.000000,0.000000,0.000000,0.000000,0.000000,0.000000,62.988800,2.193210,0.000000,0.000000,0.000000,0.000000,0.000000,0.000000,0.000000,0.000000,0.000000,0.000000,194.030258,0.000000,275.862335,0.000000,0.000000,0.000000,313.640717,0.000000,0.000000,0.000000,0.000000,0.000000,0.000000,0.000000,0.000000,0.000000,85.584877,2.170271,0.000000,0.000000,0.000000,0.000000,16.659967,0.000000,0.000000,0.000000,0.000000
1178,3,D,0.000000,0.000000,227.531570,0.000000,0.000000,0.000000,0.000000,0.000000,0.000000,140.176498,0.000000,0.000000,0.000000,0.000000,0.000000,0.000000,0.000000,130.313461,0.000000,0.000000,0.000000,69.213173,0.000000,135.773727,0.000000,96.768410,0.000000,174.300659,0.000000,0.000000,0.000000,0.000000,0.000000,0.000000,0.000000,0.000000,0.000000,22.339310,0.000000,0.000000,0.000000,0.000000,3.583987,0.000000,0.000000,0.000000,0.000000,0.000000
1179,4,E,0.000000,0.000000,0.000000,0.000000,0.000000,0.000000,0.000000,0.000000,0.000000,23.130915,209.705933,0.000000,0.000000,0.000000,89.750259,0.000000,0.000000,0.000000,0.000000,0.000000,0.000000,128.534470,0.000000,124.917862,0.000000,99.396622,0.000000,229.278015,0.000000,0.000000,0.000000,0.000000,0.000000,47.359116,0.000000,20.420288,0.000000,79.483536,11.371195,0.943863,0.000000,0.000000,0.000000,48.023479,0.000000,0.000000,0.000000,63.465603
1180,4,E,0.000000,0.000000,0.000000,0.000000,0.000000,0.000000,0.000000,0.000000,0.000000,102.122772,187.608047,0.000000,0.000000,0.000000,74.937134,0.000000,0.000000,0.000000,0.000000,0.000000,0.000000,101.837425,0.000000,158.484039,0.000000,185.006546,0.000000,138.612808,70.178795,0.000000,0.000000,0.000000,0.000000,36.388165,0.000000,27.517447,0.000000,46.873081,0.000000,0.000000,0.000000,0.000000,0.000000,54.041580,0.000000,0.000000,0.000000,45.162621
1181,1,B,0.000000,0.000000,274.200958,0.000000,0.000000,0.000000,0.000000,0.000000,0.000000,85.012589,16.899527,0.000000,0.000000,0.000000,0.000000,0.000000,0.000000,0.000000,0.000000,0.000000,0.000000,143.289780,0.000000,204.592911,0.000000,3.895449,0.000000,233.370010,0.000000,0.000000,37.242744,0.000000,0.000000,0.017433,0.000000,0.000000,0.000000,53.319630,0.000000,0.000000,0.000000,0.000000,0.000000,20.672260,0.000000,0.000000,0.000000,0.000000
1182,0,A,0.000000,0.000000,0.000000,0.000000,0.000000,0.000000,0.000000,0.000000,0.000000,204.189392,231.669098,0.000000,0.000000,0.000000,263.036896,0.000000,0.000000,0.000000,0.000000,0.000000,0.000000,0.000000,0.000000,0.000000,0.000000,31.316317,0.000000,0.000000,0.000000,0.000000,0.000000,0.000000,86.065163,80.725349,0.000000,0.000000,0.000000,12.418103,28.025690,5.617301,0.000000,0.000000,0.000000,105.749245,23.376276,0.000000,0.000000,85.349861
1183,0,A,0.000000,0.000000,0.000000,0.000000,0.000000,0.000000,0.000000,0.000000,0.000000,196.279602,295.524109,0.000000,0.000000,0.000000,323.315521,0.000000,0.000000,0.000000,0.000000,0.000000,0.000000,0.000000,0.000000,0.000000,0.000000,254.634918,0.000000,0.000000,0.000000,0.000000,48.509354,0.000000,75.000755,100.097176,0.000000,32.024387,0.000000,0.000000,0.000000,0.000000,0.000000,0.000000,0.000000,123.881943,82.491318,0.000000,0.000000,82.731026
1184,1,B,0.000000,0.000000,260.372589,0.000000,0.000000,0.000000,0.000000,0.000000,0.000000,0.000000,8.892520,0.000000,0.000000,0.000000,0.000000,0.000000,0.000000,0.000000,0.000000,0.000000,0.000000,221.806747,0.000000,292.881287,0.000000,0.000000,0.000000,352.136841,0.000000,0.000000,0.000000,0.000000,0.000000,0.000000,0.000000,0.000000,0.000000,101.983742,0.000000,0.000000,0.000000,0.000000,0.000000,12.509130,0.000000,0.000000,0.000000,0.000000
1185,1,B,0.000000,0.000000,283.096588,0.000000,0.000000,0.000000,0.000000,0.000000,0.000000,103.574524,0.000000,0.000000,0.000000,0.000000,0.000000,0.000000,0.000000,0.000000,0.000000,0.000000,0.000000,176.402710,0.000000,267.637482,0.000000,0.000000,0.000000,290.166382,0.000000,0.000000,0.000000,0.000000,0.000000,0.000000,0.000000,0.000000,0.000000,75.837349,4.759422,0.000000,0.000000,0.000000,0.000000,19.827185,0.000000,0.000000,0.000000,0.000000
1186,3,D,0.000000,0.000000,204.977234,0.000000,0.000000,0.000000,0.000000,0.000000,0.000000,99.470894,0.000000,0.000000,0.000000,0.000000,0.000000,0.000000,0.000000,174.533218,0.000000,0.000000,0.000000,85.683777,0.000000,132.070938,0.000000,113.320465,0.000000,198.174026,0.000000,0.000000,0.000000,0.000000,0.000000,0.000000,0.000000,0.000000,0.000000,29.162197,0.000000,0.000000,0.000000,0.000000,31.069672,0.000000,0.000000,0.000000,0.000000,0.000000
1187,4,E,0.000000,0.000000,59.385288,0.000000,0.000000,0.000000,0.000000,0.000000,0.000000,195.068649,124.073990,0.000000,0.000000,0.000000,62.763813,0.000000,0.000000,0.000000,0.000000,0.000000,0.000000,114.949936,0.000000,138.293655,0.000000,0.000000,0.000000,165.049240,0.000000,0.000000,0.000000,0.000000,3.891798,23.284468,0.000000,0.000000,0.000000,52.994377,43.065964,0.000000,0.000000,0.000000,0.000000,51.068035,0.000000,0.000000,0.000000,44.813950
1188,3,D,0.000000,0.000000,0.000000,0.000000,0.000000,0.000000,0.000000,0.000000,0.000000,10.985843,38.050140,0.000000,0.000000,0.000000,0.000000,0.000000,0.000000,0.000000,0.000000,0.000000,0.000000,131.568771,0.000000,79.245560,0.000000,194.369232,0.000000,277.436127,46.245331,0.000000,0.000000,0.000000,0.000000,0.000000,0.000000,16.851307,0.000000,39.056465,0.000000,0.000000,0.000000,0.000000,50.340664,0.000000,0.000000,0.000000,0.000000,0.000000
1189,1,B,0.000000,0.000000,276.008514,0.000000,0.000000,0.000000,0.000000,0.000000,0.000000,87.752983,16.884029,0.000000,0.000000,0.000000,0.000000,0.000000,0.000000,0.000000,0.000000,0.000000,0.000000,198.250839,0.000000,286.179932,0.000000,0.000000,0.000000,301.264465,0.000000,0.000000,0.000000,0.000000,0.000000,0.000000,0.000000,0.000000,0.000000,87.145248,5.440777,0.000000,0.000000,0.000000,0.000000,22.516317,0.000000,0.000000,0.000000,0.000000
1190,1,B,0.000000,0.000000,295.601501,0.000000,0.000000,0.000000,0.000000,0.000000,0.000000,176.545303,0.000000,0.000000,0.000000,0.000000,0.000000,0.000000,0.000000,0.000000,0.000000,0.000000,0.000000,158.299088,0.000000,264.435211,0.000000,0.000000,0.000000,260.902527,0.000000,0.000000,0.000000,0.000000,0.000000,0.000000,0.000000,0.000000,0.000000,63.947739,12.134989,0.000000,0.000000,0.000000,0.000000,26.481474,0.000000,0.000000,0.000000,0.000000
1191,4,E,0.000000,0.000000,0.000000,0.000000,0.000000,0.000000,0.000000,0.000000,0.000000,71.977859,258.476105,0.000000,0.000000,0.000000,180.168594,0.000000,0.000000,0.000000,0.000000,0.000000,0.000000,0.000000,0.000000,0.000000,0.000000,139.089752,0.000000,171.919189,120.951569,0.000000,0.000000,0.000000,5.842261,74.937744,0.000000,0.000000,0.000000,18.144617,0.000000,0.000000,0.000000,0.000000,0.000000,69.620216,19.103300,0.000000,0.000000,70.550179
1192,0,A,0.000000,0.000000,194.023254,0.000000,0.000000,0.000000,0.000000,0.000000,0.000000,86.332550,59.155155,0.000000,0.000000,0.000000,60.766312,0.000000,0.000000,64.032730,0.000000,0.000000,0.000000,75.034096,0.000000,114.316162,0.000000,68.515854,0.000000,126.239021,0.000000,0.000000,103.540443,0.000000,0.000000,14.349483,0.000000,0.000000,0.000000,8.688066,0.000000,0.000000,0.000000,0.000000,0.000000,27.232559,0.000000,0.000000,0.000000,0.000000
1193,3,D,0.000000,0.000000,0.000000,0.000000,0.000000,0.000000,0.000000,0.000000,0.000000,10.638639,33.806015,0.000000,0.000000,0.000000,3.321149,0.000000,0.000000,0.000000,0.000000,0.000000,0.000000,128.024750,0.000000,109.418091,0.000000,223.612137,0.000000,274.680084,65.235085,0.000000,29.694826,0.000000,0.000000,0.000000,0.000000,20.402056,0.000000,30.156574,0.000000,0.000000,0.000000,0.000000,53.731884,0.000000,0.000000,0.000000,0.000000,0.000000
1194,1,B,0.000000,0.000000,229.092743,0.000000,0.000000,0.000000,0.000000,0.000000,0.000000,3.604306,0.000000,0.000000,0.000000,0.000000,0.000000,0.000000,0.000000,66.008492,0.000000,0.000000,0.000000,206.750885,0.000000,281.501007,0.000000,1.652697,0.000000,339.656616,0.000000,0.000000,0.000000,0.000000,0.000000,0.000000,0.000000,0.000000,0.000000,95.798996,0.000000,0.000000,0.000000,0.000000,0.000000,0.000000,0.000000,0.000000,0.000000,0.000000
1195,4,E,0.000000,0.000000,0.000000,0.000000,0.000000,0.000000,0.000000,0.000000,0.000000,0.000000,319.115875,0.000000,0.000000,0.000000,125.572998,0.000000,0.000000,0.000000,0.000000,0.000000,0.000000,72.564301,0.000000,112.408470,0.000000,59.349472,0.000000,106.597336,0.000000,0.000000,0.000000,0.000000,41.837536,91.543503,0.000000,22.310360,0.000000,80.934341,5.033000,10.147163,0.000000,0.000000,0.000000,76.522568,0.000000,0.000000,0.000000,104.926102
1196,2,C,0.000000,0.000000,248.979874,0.000000,0.000000,0.000000,0.000000,0.000000,0.000000,139.304443,5.923496,0.000000,0.000000,0.000000,29.298628,0.000000,0.000000,0.000000,0.000000,0.000000,0.000000,89.064369,0.000000,162.120575,0.000000,60.713276,0.000000,174.306519,0.000000,0.000000,61.445972,0.000000,0.000000,1.618133,0.000000,0.000000,0.000000,17.580942,0.000000,0.000000,0.000000,0.000000,0.000000,27.300568,0.000000,0.000000,0.000000,0.000000
1197,4,E,0.000000,0.000000,0.000000,0.000000,0.000000,0.000000,0.000000,0.000000,0.000000,126.112907,364.686920,0.000000,0.000000,0.000000,160.928467,0.000000,0.000000,0.000000,0.000000,0.000000,0.000000,39.796741,0.000000,89.560783,0.000000,23.583996,0.000000,74.664047,0.000000,0.000000,0.000000,0.000000,78.725227,106.285370,0.000000,19.234753,0.000000,68.721771,29.409895,17.508083,0.000000,0.000000,0.000000,100.449440,0.000000,0.000000,0.000000,127.618629
1198,3,D,0.000000,0.000000,0.000000,0.000000,0.000000,0.000000,0.000000,0.000000,0.000000,0.000000,0.000000,0.000000,0.000000,0.000000,0.000000,0.000000,0.000000,0.000000,0.000000,0.000000,0.000000,123.733368,0.000000,48.344395,0.000000,213.066925,0.000000,252.804199,90.383995,0.000000,0.000000,0.000000,0.000000,0.000000,0.000000,3.880124,0.000000,18.814856,0.000000,0.000000,0.000000,0.000000,64.513550,0.000000,0.000000,0.000000,0.000000,0.000000
1199,2,C,0.000000,0.000000,256.273865,0.000000,0.000000,0.000000,0.000000,0.000000,0.000000,268.093079,0.000000,0.000000,0.000000,0.000000,57.296288,0.000000,0.000000,0.000000,0.000000,0.000000,0.000000,51.997166,0.000000,152.265564,0.000000,81.886559,0.000000,141.694824,0.000000,0.000000,9.196664,0.000000,0.000000,0.000000,0.000000,0.000000,0.000000,5.053846,0.000000,0.000000,0.000000,0.000000,0.000000,38.770870,0.000000,0.000000,0.000000,0.000000
1200,3,D,0.000000,0.000000,0.000000,0.000000,0.000000,0.000000,0.000000,0.000000,0.000000,0.000000,66.614159,0.000000,0.000000,0.000000,0.000000,0.000000,0.000000,0.000000,0.000000,0.000000,0.000000,145.995361,0.000000,98.482445,0.000000,175.277405,0.000000,285.890167,41.260059,0.000000,0.000000,0.000000,0.000000,0.000000,0.000000,17.767242,0.000000,52.499245,0.000000,0.000000,0.000000,0.000000,41.387711,0.000000,0.000000,0.000000,0.000000,1.486959
1201,1,B,0.000000,0.000000,230.473068,0.000000,0.000000,0.000000,0.000000,0.000000,0.000000,63.946564,38.012024,0.000000,0.000000,0.000000,36.027798,0.000000,0.000000,64.015327,0.000000,0.000000,0.000000,98.555244,0.000000,127.416115,0.000000,41.786800,0.000000,154.115036,0.000000,0.000000,74.186546,0.000000,0.000000,1.674724,0.000000,0.000000,0.000000,23.555784,0.000000,0.000000,0.000000,0.000000,0.000000,17.054251,0.000000,0.000000,0.000000,0.000000
1202,0,A,0.000000,0.000000,0.000000,0.000000,0.000000,0.000000,0.000000,0.000000,0.000000,0.000000,109.308601,0.000000,0.000000,0.000000,116.609344,0.000000,0.000000,0.000000,0.000000,0.000000,0.000000,270.719635,0.000000,129.327774,0.000000,203.295242,0.000000,170.915314,298.549011,0.000000,123.343636,0.000000,0.000000,56.404377,0.000000,0.000000,0.000000,8.695586,0.000000,0.000000,0.000000,0.000000,0.000000,58.586487,0.000000,0.000000,0.000000,11.052872
1203,3,D,0.000000,0.000000,0.000000,0.000000,0.000000,0.000000,0.000000,0.000000,0.000000,0.000000,0.000000,0.000000,0.000000,0.000000,0.000000,0.000000,0.000000,0.000000,0.000000,0.000000,0.000000,98.268768,0.000000,50.474777,0.000000,300.347076,0.000000,296.028381,167.743530,0.000000,0.000000,0.000000,0.000000,0.000000,0.000000,0.000000,0.000000,0.817577,0.000000,0.000000,0.000000,0.000000,86.523438,0.000000,0.000000,0.000000,0.000000,0.000000
1204,1,B,0.000000,0.000000,308.844147,0.000000,0.000000,0.000000,0.000000,0.000000,0.000000,122.813858,23.133961,0.000000,0.000000,0.000000,0.000000,0.000000,0.000000,0.000000,0.000000,0.000000,0.000000,162.620636,0.000000,276.612427,0.000000,0.000000,0.000000,274.793060,0.000000,0.000000,2.824038,0.000000,0.000000,0.000000,0.000000,0.000000,0.000000,74.794060,1.787283,0.000000,0.000000,0.000000,0.000000,26.395861,0.000000,0.000000,0.000000,0.000000
1205,0,A,0.000000,0.000000,242.773407,0.000000,0.000000,0.000000,0.000000,0.000000,0.000000,89.811447,40.302898,0.000000,0.000000,0.000000,48.096882,0.000000,0.000000,3.815499,0.000000,0.000000,0.000000,71.284187,0.000000,136.630554,0.000000,36.464542,0.000000,144.521439,0.000000,0.000000,105.816093,0.000000,0.000000,27.331999,0.000000,0.000000,0.000000,10.141736,0.000000,0.000000,0.000000,0.000000,0.000000,34.514000,0.000000,0.000000,0.000000,0.000000
1206,4,E,0.000000,0.000000,0.000000,0.000000,0.000000,0.000000,0.000000,0.000000,0.000000,153.846146,309.845642,0.000000,0.000000,0.000000,97.278343,0.000000,0.000000,0.000000,0.000000,0.000000,0.000000,58.143463,0.000000,67.199539,0.000000,98.765182,0.000000,145.538742,0.000000,0.000000,129.746750,0.000000,41.437935,102.223816,0.000000,38.004864,0.000000,30.347370,0.000000,0.000000,0.000000,0.000000,0.000000,79.571182,0.000000,0.000000,0.000000,102.145111
1207,0,A,0.000000,0.000000,244.975677,0.000000,0.000000,0.000000,0.000000,0.000000,0.000000,119.165092,23.890747,0.000000,0.000000,0.000000,49.768482,0.000000,0.000000,31.476383,0.000000,0.000000,0.000000,89.246490,0.000000,143.523529,0.000000,8.631579,0.000000,149.241943,0.000000,0.000000,46.439621,0.000000,0.000000,2.579140,0.000000,0.000000,0.000000,24.676731,0.000000,0.000000,0.000000,0.000000,0.000000,28.518064,0.000000,0.000000,0.000000,0.000000
1208,3,D,0.000000,0.000000,0.000000,0.000000,0.000000,0.000000,0.000000,0.000000,0.000000,0.000000,0.000000,0.000000,0.000000,0.000000,0.000000,0.000000,0.000000,0.000000,0.000000,0.000000,0.000000,125.886185,0.000000,56.117626,0.000000,283.453247,0.000000,327.049683,194.361664,0.000000,0.000000,0.000000,0.000000,0.000000,0.000000,0.000000,0.000000,6.239713,0.000000,0.000000,0.000000,0.000000,87.750961,0.000000,0.000000,0.000000,0.000000,0.000000
1209,0,A,0.000000,0.000000,0.000000,0.000000,0.000000,0.000000,0.000000,0.000000,0.000000,0.000000,56.367290,0.000000,0.000000,0.000000,66.426559,0.000000,0.000000,0.000000,0.000000,0.000000,0.000000,200.562790,0.000000,137.525848,0.000000,175.988495,0.000000,188.856384,144.672699,0.000000,87.530525,0.000000,0.000000,23.819967,0.000000,0.000000,0.000000,22.699532,0.000000,0.000000,0.000000,0.000000,17.206745,31.339689,0.000000,0.000000,0.000000,0.000000
1210,0,A,0.000000,0.000000,0.000000,0.000000,0.000000,0.000000,0.000000,0.000000,0.000000,186.696182,246.222458,0.000000,0.000000,0.000000,289.182770,0.000000,0.000000,0.000000,0.000000,0.000000,0.000000,0.000000,0.000000,0.000000,0.000000,294.153595,0.000000,0.000000,0.000000,0.000000,7.447737,0.000000,58.235622,71.590469,0.000000,37.345043,0.000000,0.000000,0.000000,0.000000,0.000000,0.000000,0.000000,105.198402,86.671295,0.000000,0.000000,59.294132
1211,3,D,0.000000,0.000000,0.000000,0.000000,0.000000,0.000000,0.000000,0.000000,0.000000,0.000000,0.000000,0.000000,0.000000,0.000000,0.000000,0.000000,0.000000,22.165070,0.000000,0.000000,0.000000,168.758255,0.000000,128.085098,0.000000,318.376923,0.000000,242.423798,158.084167,0.000000,0.000000,0.000000,0.000000,0.000000,0.000000,9.607860,0.000000,19.617056,0.000000,0.000000,0.000000,0.000000,95.729660,0.000000,0.000000,0.000000,0.000000,0.000000
1212,4,E,0.000000,0.000000,0.000000,0.000000,0.000000,0.000000,0.000000,0.000000,0.000000,0.000000,292.274200,0.000000,0.000000,0.000000,243.030472,0.000000,0.000000,0.000000,0.000000,0.000000,0.000000,230.385437,0.000000,54.424698,0.000000,39.105804,0.000000,192.764572,147.675476,0.000000,0.000000,0.000000,8.817977,100.176651,0.000000,0.000000,0.000000,80.484543,0.000000,0.000000,0.000000,0.000000,0.000000,99.201782,0.000000,0.000000,0.000000,96.033180
1213,4,E,0.000000,0.000000,0.000000,0.000000,0.000000,0.000000,0.000000,0.000000,0.000000,190.092117,233.348312,0.000000,0.000000,0.000000,92.568802,0.000000,0.000000,0.000000,0.000000,0.000000,0.000000,3.614523,0.000000,109.549919,0.000000,56.156551,0.000000,152.125305,0.000000,0.000000,0.000000,0.000000,35.862812,53.384151,0.000000,24.846415,0.000000,43.277283,34.828377,3.463189,0.000000,0.000000,0.000000,64.374168,0.000000,0.000000,0.000000,79.166206
1214,3,D,0.000000,0.000000,0.000000,0.000000,0.000000,0.000000,0.000000,0.000000,0.000000,0.000000,35.631100,0.000000,0.000000,0.000000,0.000000,0.000000,0.000000,0.000000,0.000000,0.000000,0.000000,145.721558,0.000000,98.969414,0.000000,198.402557,0.000000,306.381073,62.969040,0.000000,0.000000,0.000000,0.000000,0.000000,0.000000,12.818666,0.000000,44.200241,0.000000,0.000000,0.000000,0.000000,56.314808,0.000000,0.000000,0.000000,0.000000,0.000000
1215,0,A,0.000000,0.000000,238.386078,0.000000,0.000000,0.000000,0.000000,0.000000,0.000000,86.239990,33.631496,0.000000,0.000000,0.000000,30.263668,0.000000,0.000000,33.789623,0.000000,0.000000,0.000000,102.309341,0.000000,152.259323,0.000000,13.423205,0.000000,167.929977,0.000000,0.000000,50.540573,0.000000,0.000000,3.505413,0.000000,0.000000,0.000000,33.195564,0.000000,0.000000,0.000000,0.000000,0.000000,22.718634,0.000000,0.000000,0.000000,0.000000
1216,2,C,0.000000,0.000000,237.286209,0.000000,0.000000,0.000000,0.000000,0.000000,0.000000,360.784180,0.000000,0.000000,0.000000,0.000000,89.112892,0.000000,0.000000,0.000000,0.000000,0.000000,0.000000,69.093353,0.000000,160.011292,0.000000,85.450882,0.000000,148.927994,0.000000,0.000000,0.000000,0.000000,0.000000,0.000000,0.000000,0.000000,0.000000,3.213929,21.190363,0.000000,0.000000,0.000000,0.000000,52.416252,0.000000,0.000000,0.000000,0.000000
1217,4,E,0.000000,0.000000,0.000000,0.000000,0.000000,0.000000,0.000000,0.000000,0.000000,7.827192,233.799484,0.000000,0.000000,0.000000,56.588951,0.000000,0.000000,0.000000,0.000000,0.000000,0.000000,102.859421,0.000000,72.899910,0.000000,65.542732,0.000000,174.472092,0.000000,0.000000,43.641937,0.000000,8.572822,66.098969,0.000000,21.136705,0.000000,62.922287,0.000000,5.303966,0.000000,0.000000,0.000000,45.514431,0.000000,0.000000,0.000000,74.461937
1218,1,B,0.000000,0.000000,297.349060,0.000000,0.000000,0.000000,0.000000,0.000000,0.000000,0.000000,28.594280,0.000000,0.000000,0.000000,0.000000,0.000000,0.000000,0.000000,0.000000,0.000000,0.000000,172.370743,0.000000,254.815811,0.000000,0.000000,0.000000,318.481110,0.000000,0.000000,60.983551,0.000000,0.000000,8.640381,0.000000,0.000000,0.000000,75.042557,0.000000,0.000000,0.000000,0.000000,0.000000,16.791725,0.000000,0.000000,0.000000,0.000000
1219,3,D,0.000000,0.000000,0.000000,0.000000,0.000000,0.000000,0.000000,0.000000,0.000000,0.000000,0.000000,0.000000,0.000000,0.000000,0.000000,0.000000,0.000000,0.000000,0.000000,0.000000,0.000000,131.014160,0.000000,50.988155,0.000000,304.970062,0.000000,330.526520,204.497696,0.000000,0.000000,0.000000,0.000000,0.000000,0.000000,0.000000,0.000000,3.738349,0.000000,0.000000,0.000000,0.000000,92.402069,0.000000,0.000000,0.000000,0.000000,0.000000
1220,3,D,0.000000,0.000000,0.000000,0.000000,0.000000,0.000000,0.000000,0.000000,0.000000,0.515862,39.802879,0.000000,0.000000,0.000000,0.000000,0.000000,0.000000,0.000000,0.000000,0.000000,0.000000,138.713562,0.000000,75.282349,0.000000,200.266083,0.000000,285.319611,49.141014,0.000000,0.000000,0.000000,0.000000,0.000000,0.000000,16.080622,0.000000,40.676735,0.000000,0.000000,0.000000,0.000000,52.664906,0.000000,0.000000,0.000000,0.000000,0.000000
1221,1,B,0.000000,0.000000,149.916595,0.000000,0.000000,0.000000,0.000000,0.000000,0.000000,20.632307,63.268559,0.000000,0.000000,0.000000,65.584770,0.000000,0.000000,41.319817,0.000000,0.000000,0.000000,96.144867,0.000000,102.018341,0.000000,109.748695,0.000000,137.402756,0.000000,0.000000,121.256508,0.000000,0.000000,25.229952,0.000000,0.000000,0.000000,11.016300,0.000000,0.000000,0.000000,0.000000,0.000000,26.166897,0.000000,0.000000,0.000000,0.000000
1222,2,C,0.000000,0.000000,263.914307,0.000000,0.000000,0.000000,0.000000,0.000000,0.000000,313.953888,0.000000,0.000000,0.000000,0.000000,86.613945,0.000000,0.000000,0.000000,0.000000,0.000000,0.000000,49.216682,0.000000,148.551147,0.000000,77.855919,0.000000,132.023010,0.000000,0.000000,0.000000,0.000000,0.000000,0.000000,0.000000,0.000000,0.000000,1.041810,8.769960,0.000000,0.000000,0.000000,0.000000,48.618679,0.000000,0.000000,0.000000,0.000000
1223,2,C,0.000000,0.000000,260.165070,0.000000,0.000000,0.000000,0.000000,0.000000,0.000000,332.692139,0.000000,0.000000,0.000000,0.000000,82.167336,0.000000,0.000000,0.000000,0.000000,0.000000,0.000000,37.024471,0.000000,150.876205,0.000000,80.184021,0.000000,139.395844,0.000000,0.000000,0.000000,0.000000,0.000000,0.000000,0.000000,0.000000,0.000000,0.000000,11.824916,0.000000,0.000000,0.000000,0.000000,47.995548,0.000000,0.000000,0.000000,0.000000
1224,1,B,0.000000,0.000000,266.682800,0.000000,0.000000,0.000000,0.000000,0.000000,0.000000,0.000000,1.085787,0.000000,0.000000,0.000000,0.000000,0.000000,0.000000,39.055515,0.000000,0.000000,0.000000,219.362366,0.000000,299.262878,0.000000,0.000000,0.000000,356.072479,0.000000,0.000000,0.000000,0.000000,0.000000,0.000000,0.000000,0.000000,0.000000,101.535660,0.000000,0.000000,0.000000,0.000000,0.000000,4.759694,0.000000,0.000000,0.000000,0.000000
1225,3,D,0.000000,0.000000,245.781998,0.000000,0.000000,0.000000,0.000000,0.000000,0.000000,148.758041,8.052195,0.000000,0.000000,0.000000,0.000000,0.000000,0.000000,36.114140,0.000000,0.000000,0.000000,103.608910,0.000000,194.164764,0.000000,59.578312,0.000000,213.356735,0.000000,0.000000,33.865135,0.000000,0.000000,0.000000,0.000000,0.000000,0.000000,34.122532,0.000000,0.000000,0.000000,0.000000,0.000000,14.368724,0.000000,0.000000,0.000000,0.000000
1226,1,B,0.000000,0.000000,249.007492,0.000000,0.000000,0.000000,0.000000,0.000000,0.000000,165.247223,20.392601,0.000000,0.000000,0.000000,35.554840,0.000000,0.000000,10.077478,0.000000,0.000000,0.000000,131.879547,0.000000,177.714127,0.000000,0.000000,0.000000,180.020035,0.000000,0.000000,0.000000,0.000000,0.000000,0.000000,0.000000,0.000000,0.000000,45.757835,9.400871,0.000000,0.000000,0.000000,0.000000,32.107925,0.000000,0.000000,0.000000,0.000000
1227,0,A,0.000000,0.000000,0.000000,0.000000,0.000000,0.000000,0.000000,0.000000,0.000000,159.159088,289.055267,0.000000,0.000000,0.000000,296.947266,0.000000,0.000000,0.000000,0.000000,0.000000,0.000000,0.000000,0.000000,0.000000,0.000000,251.793549,0.000000,0.000000,0.000000,0.000000,41.894249,0.000000,68.104698,96.016884,0.000000,33.143368,0.000000,0.000000,0.000000,0.000000,0.000000,0.000000,0.000000,114.175484,82.208252,0.000000,0.000000,79.155411
1228,1,B,0.000000,0.000000,270.525116,0.000000,0.000000,0.000000,0.000000,0.000000,0.000000,127.547806,57.571796,0.000000,0.000000,0.000000,0.000000,0.000000,0.000000,0.000000,0.000000,0.000000,0.000000,164.426651,0.000000,244.826370,0.000000,0.000000,0.000000,240.180725,0.000000,0.000000,0.000000,0.000000,0.000000,0.611719,0.000000,0.000000,0.000000,74.764786,8.449778,0.000000,0.000000,0.000000,0.000000,31.203583,0.000000,0.000000,0.000000,1.900722
1229,3,D,0.000000,0.000000,0.000000,0.000000,0.000000,0.000000,0.000000,0.000000,0.000000,0.000000,0.000000,0.000000,0.000000,0.000000,0.000000,0.000000,0.000000,0.000000,0.000000,0.000000,0.000000,123.369301,0.000000,47.664093,0.000000,294.630615,0.000000,321.476898,199.821274,0.000000,0.000000,0.000000,0.000000,0.000000,0.000000,0.000000,0.000000,2.686704,0.000000,0.000000,0.000000,0.000000,89.415375,0.000000,0.000000,0.000000,0.000000,0.000000
1230,3,D,0.000000,0.000000,0.000000,0.000000,0.000000,0.000000,0.000000,0.000000,0.000000,130.495193,0.000000,0.000000,0.000000,0.000000,0.000000,0.000000,0.000000,0.000000,0.000000,0.000000,0.000000,0.000000,0.000000,15.040334,0.000000,330.855927,0.000000,226.718918,40.201378,0.000000,0.000000,0.000000,0.000000,0.000000,0.000000,42.507282,0.000000,0.000000,0.000000,0.000000,0.000000,0.000000,65.816902,0.000000,12.423025,0.000000,0.000000,0.000000
1231,3,D,0.000000,0.000000,0.000000,0.000000,0.000000,0.000000,0.000000,0.000000,0.000000,0.000000,0.000000,0.000000,0.000000,0.000000,0.000000,0.000000,0.000000,0.000000,0.000000,0.000000,0.000000,58.411160,0.000000,69.227394,0.000000,288.200989,0.000000,298.756378,66.469368,0.000000,0.000000,0.000000,0.000000,0.000000,0.000000,24.334003,0.000000,11.496669,0.000000,0.000000,0.000000,0.000000,78.827225,0.000000,0.000000,0.000000,0.000000,0.000000
1232,2,C,0.000000,0.000000,248.282974,0.000000,0.000000,0.000000,0.000000,0.000000,0.000000,323.886505,0.000000,0.000000,0.000000,0.000000,79.984238,0.000000,0.000000,0.000000,0.000000,0.000000,0.000000,32.605606,0.000000,146.162491,0.000000,79.024445,0.000000,139.892776,0.000000,0.000000,0.000000,0.000000,0.000000,0.000000,0.000000,0.000000,0.000000,0.000000,12.111032,0.000000,0.000000,0.000000,0.000000,46.102345,0.000000,0.000000,0.000000,0.000000
1233,3,D,0.000000,0.000000,0.000000,0.000000,0.000000,0.000000,0.000000,0.000000,0.000000,0.000000,0.000000,0.000000,0.000000,0.000000,0.000000,0.000000,0.000000,0.000000,0.000000,0.000000,0.000000,191.641037,0.000000,57.615219,0.000000,237.093323,0.000000,273.052643,173.382721,0.000000,5.581833,0.000000,0.000000,0.000000,0.000000,0.000000,0.000000,18.913671,0.000000,0.000000,0.000000,0.000000,75.666771,0.000000,0.000000,0.000000,0.000000,0.000000
1234,0,A,0.000000,0.000000,218.494965,0.000000,0.000000,0.000000,0.000000,0.000000,0.000000,117.497528,54.624283,0.000000,0.000000,0.000000,67.889427,0.000000,0.000000,36.459560,0.000000,0.000000,0.000000,81.166367,0.000000,127.659729,0.000000,34.873138,0.000000,129.400757,0.000000,0.000000,79.158318,0.000000,0.000000,17.502945,0.000000,0.000000,0.000000,15.652582,0.000000,0.000000,0.000000,0.000000,0.000000,36.361385,0.000000,0.000000,0.000000,0.000000
1235,1,B,0.000000,0.000000,297.851410,0.000000,0.000000,0.000000,0.000000,0.000000,0.000000,131.001526,0.000000,0.000000,0.000000,0.000000,0.000000,0.000000,0.000000,0.000000,0.000000,0.000000,0.000000,180.046356,0.000000,280.854919,0.000000,0.000000,0.000000,280.173309,0.000000,0.000000,0.000000,0.000000,0.000000,0.000000,0.000000,0.000000,0.000000,75.055450,6.593845,0.000000,0.000000,0.000000,0.000000,23.936707,0.000000,0.000000,0.000000,0.000000
1236,4,E,0.000000,0.000000,120.780518,0.000000,0.000000,0.000000,0.000000,0.000000,0.000000,142.302582,119.487320,0.000000,0.000000,0.000000,158.801865,0.000000,0.000000,44.338863,0.000000,0.000000,0.000000,57.419460,0.000000,114.769287,0.000000,30.468693,0.000000,217.896759,0.000000,0.000000,0.000000,0.000000,0.000000,19.608950,0.000000,0.000000,0.000000,41.911549,12.163539,0.000000,0.000000,0.000000,0.000000,52.064541,0.000000,0.000000,0.000000,24.039417
1237,3,D,0.000000,0.000000,0.000000,0.000000,0.000000,0.000000,0.000000,0.000000,0.000000,0.000000,0.000000,0.000000,0.000000,0.000000,0.000000,0.000000,0.000000,0.000000,0.000000,0.000000,0.000000,100.874710,0.000000,59.542656,0.000000,297.704132,0.000000,303.300049,156.754044,0.000000,0.000000,0.000000,0.000000,0.000000,0.000000,0.803930,0.000000,4.740564,0.000000,0.000000,0.000000,0.000000,86.254280,0.000000,0.000000,0.000000,0.000000,0.000000
1238,3,D,0.000000,0.000000,0.000000,0.000000,0.000000,0.000000,0.000000,0.000000,0.000000,0.000000,0.000000,0.000000,0.000000,0.000000,0.000000,0.000000,0.000000,0.000000,0.000000,0.000000,0.000000,108.321495,0.000000,55.846424,0.000000,293.818878,0.000000,303.885345,153.372330,0.000000,0.000000,0.000000,0.000000,0.000000,0.000000,0.480894,0.000000,6.339882,0.000000,0.000000,0.000000,0.000000,85.530060,0.000000,0.000000,0.000000,0.000000,0.000000
1239,1,B,0.000000,0.000000,287.746521,0.000000,0.000000,0.000000,0.000000,0.000000,0.000000,125.171989,9.890658,0.000000,0.000000,0.000000,0.000000,0.000000,0.000000,0.000000,0.000000,0.000000,0.000000,170.800751,0.000000,266.675690,0.000000,0.000000,0.000000,283.868225,0.000000,0.000000,0.000000,0.000000,0.000000,0.000000,0.000000,0.000000,0.000000,74.083221,7.266820,0.000000,0.000000,0.000000,0.000000,23.097801,0.000000,0.000000,0.000000,0.000000
1240,1,B,0.000000,0.000000,242.996262,0.000000,0.000000,0.000000,0.000000,0.000000,0.000000,23.249636,10.646010,0.000000,0.000000,0.000000,0.000000,0.000000,0.000000,0.000000,0.000000,0.000000,0.000000,171.086044,0.000000,250.102402,0.000000,0.000000,0.000000,290.225647,0.000000,0.000000,6.308668,0.000000,0.000000,0.000000,0.000000,0.000000,0.000000,80.040253,0.000000,0.000000,0.000000,0.000000,0.000000,13.512152,0.000000,0.000000,0.000000,0.000000
1241,2,C,0.000000,0.000000,224.563889,0.000000,0.000000,0.000000,0.000000,0.000000,0.000000,144.589981,0.000000,0.000000,0.000000,0.000000,44.189232,0.000000,0.000000,75.970955,0.000000,0.000000,0.000000,62.532463,0.000000,128.226608,0.000000,64.032379,0.000000,136.709885,0.000000,0.000000,50.440727,0.000000,0.000000,0.000000,0.000000,0.000000,0.000000,6.747972,0.000000,0.000000,0.000000,0.000000,0.000000,14.765163,0.000000,0.000000,0.000000,0.000000
1242,1,B,0.000000,0.000000,298.277893,0.000000,0.000000,0.000000,0.000000,0.000000,0.000000,44.138233,0.000000,0.000000,0.000000,0.000000,0.000000,0.000000,0.000000,0.000000,0.000000,0.000000,0.000000,266.751160,0.000000,346.099243,0.000000,0.000000,0.000000,391.694519,0.000000,0.000000,0.000000,0.000000,0.000000,0.000000,0.000000,0.000000,0.000000,114.285950,4.182897,0.000000,0.000000,0.000000,0.000000,18.211338,0.000000,0.000000,0.000000,0.000000
1243,3,D,0.000000,0.000000,0.000000,0.000000,0.000000,0.000000,0.000000,0.000000,0.000000,0.000000,70.361580,0.000000,0.000000,0.000000,0.000000,0.000000,0.000000,0.000000,0.000000,0.000000,0.000000,251.682281,0.000000,116.009590,0.000000,206.439270,0.000000,254.749725,186.639709,0.000000,0.000000,0.000000,0.000000,0.000000,0.000000,0.000000,0.000000,49.146603,0.000000,0.000000,0.000000,0.000000,54.250713,10.699639,0.000000,0.000000,0.000000,0.000000
1244,3,D,0.000000,0.000000,0.000000,0.000000,0.000000,0.000000,0.000000,0.000000,0.000000,0.000000,0.000000,0.000000,0.000000,0.000000,0.000000,0.000000,0.000000,0.000000,0.000000,0.000000,0.000000,112.062904,0.000000,75.967232,0.000000,265.173859,0.000000,329.315247,160.515747,0.000000,0.000000,0.000000,0.000000,0.000000,0.000000,0.000000,0.000000,12.670072,0.000000,0.000000,0.000000,0.000000,82.986626,0.000000,0.000000,0.000000,0.000000,0.000000
1245,1,B,0.000000,0.000000,271.499878,0.000000,0.000000,0.000000,0.000000,0.000000,0.000000,86.971771,1.157299,0.000000,0.000000,0.000000,0.000000,0.000000,0.000000,0.000000,0.000000,0.000000,0.000000,206.167725,0.000000,289.493896,0.000000,0.000000,0.000000,312.876984,0.000000,0.000000,0.000000,0.000000,0.000000,0.000000,0.000000,0.000000,0.000000,87.341957,6.736845,0.000000,0.000000,0.000000,0.000000,19.829613,0.000000,0.000000,0.000000,0.000000
1246,0,A,0.000000,0.000000,227.015625,0.000000,0.000000,0.000000,0.000000,0.000000,0.000000,60.982925,20.889393,0.000000,0.000000,0.000000,37.200573,0.000000,0.000000,49.130817,0.000000,0.000000,0.000000,62.850220,0.000000,115.605209,0.000000,99.612915,0.000000,153.077560,0.000000,0.000000,117.296082,0.000000,0.000000,6.860809,0.000000,0.000000,0.000000,0.000000,0.000000,0.000000,0.000000,0.000000,0.000000,15.322777,0.000000,0.000000,0.000000,0.000000
1247,2,C,0.000000,0.000000,214.246094,0.000000,0.000000,0.000000,0.000000,0.000000,0.000000,276.337738,0.000000,0.000000,0.000000,0.000000,56.088478,0.000000,0.000000,0.000000,0.000000,0.000000,0.000000,24.178391,0.000000,136.899124,0.000000,68.846130,0.000000,155.870880,0.000000,0.000000,0.000000,0.000000,0.000000,0.000000,0.000000,0.000000,0.000000,2.121122,12.176141,0.000000,0.000000,0.000000,0.000000,34.855278,0.000000,0.000000,0.000000,0.000000
1248,1,B,0.000000,0.000000,283.566040,0.000000,0.000000,0.000000,0.000000,0.000000,0.000000,51.204704,9.013825,0.000000,0.000000,0.000000,0.000000,0.000000,0.000000,0.000000,0.000000,0.000000,0.000000,217.665787,0.000000,303.156677,0.000000,0.000000,0.000000,337.686218,0.000000,0.000000,0.000000,0.000000,0.000000,0.000000,0.000000,0.000000,0.000000,97.085983,1.496967,0.000000,0.000000,0.000000,0.000000,18.318670,0.000000,0.000000,0.000000,0.000000
1249,4,E,0.000000,0.000000,0.000000,0.000000,0.000000,0.000000,0.000000,0.000000,0.000000,68.286659,154.378937,0.000000,0.000000,0.000000,0.000000,0.000000,0.000000,0.000000,0.000000,0.000000,0.000000,66.751320,0.000000,77.354347,0.000000,73.009560,0.000000,141.573135,0.000000,0.000000,0.000000,0.000000,0.885945,26.685083,0.000000,26.367052,0.000000,47.281628,15.477449,3.447241,0.000000,0.000000,0.000000,24.441408,0.000000,0.000000,0.000000,45.561932
1250,2,C,0.000000,0.000000,227.323898,0.000000,0.000000,0.000000,0.000000,0.000000,0.000000,250.735611,0.000000,0.000000,0.000000,0.000000,68.160645,0.000000,0.000000,0.000000,0.000000,0.000000,0.000000,35.565205,0.000000,150.624924,0.000000,102.255379,0.000000,138.732803,0.000000,0.000000,8.289997,0.000000,0.000000,0.000000,0.000000,0.000000,0.000000,1.979359,0.000000,0.000000,0.000000,0.000000,0.000000,37.993752,0.000000,0.000000,0.000000,0.000000
1251,2,C,0.000000,0.000000,256.178375,0.000000,0.000000,0.000000,0.000000,0.000000,0.000000,281.211609,0.000000,0.000000,0.000000,0.000000,61.521534,0.000000,0.000000,0.000000,0.000000,0.000000,0.000000,48.570374,0.000000,150.960785,0.000000,83.653244,0.000000,140.166397,0.000000,0.000000,5.190797,0.000000,0.000000,0.000000,0.000000,0.000000,0.000000,3.743414,2.331625,0.000000,0.000000,0.000000,0.000000,40.260201,0.000000,0.000000,0.000000,0.000000
1252,3,D,0.000000,0.000000,0.000000,0.000000,0.000000,0.000000,0.000000,0.000000,0.000000,0.000000,16.899487,0.000000,0.000000,0.000000,0.000000,0.000000,0.000000,0.000000,0.000000,0.000000,0.000000,222.827362,0.000000,79.400887,0.000000,217.095184,0.000000,293.945221,156.922958,0.000000,0.000000,0.000000,0.000000,0.000000,0.000000,0.000000,0.000000,36.601852,0.000000,0.000000,0.000000,0.000000,70.076340,0.000000,0.000000,0.000000,0.000000,0.000000
1253,3,D,0.000000,0.000000,0.000000,0.000000,0.000000,0.000000,0.000000,0.000000,0.000000,0.000000,16.997143,0.000000,0.000000,0.000000,0.000000,0.000000,0.000000,0.000000,0.000000,0.000000,0.000000,101.078407,0.000000,38.923073,0.000000,230.779114,0.000000,300.837830,114.168449,0.000000,0.000000,0.000000,0.000000,0.000000,0.000000,0.000000,0.000000,15.436209,0.000000,0.000000,0.000000,0.000000,66.883949,0.000000,0.000000,0.000000,0.000000,0.000000
1254,0,A,0.000000,0.000000,237.207245,0.000000,0.000000,0.000000,0.000000,0.000000,0.000000,154.066940,33.182491,0.000000,0.000000,0.000000,51.245472,0.000000,0.000000,18.276125,0.000000,0.000000,0.000000,51.829857,0.000000,131.691452,0.000000,76.328934,0.000000,132.087418,0.000000,0.000000,106.269943,0.000000,0.000000,16.354956,0.000000,0.000000,0.000000,0.000000,0.000000,0.000000,0.000000,0.000000,0.000000,34.821896,0.000000,0.000000,0.000000,0.000000
1255,0,A,0.000000,0.000000,0.000000,0.000000,0.000000,0.000000,0.000000,0.000000,0.000000,0.000000,385.933502,0.000000,0.000000,0.000000,256.212341,0.000000,0.000000,0.000000,0.000000,0.000000,0.000000,0.000000,0.000000,0.000000,0.000000,278.764404,0.000000,0.000000,210.546310,0.000000,140.395554,0.000000,20.360125,153.706970,0.000000,0.000000,0.000000,0.000000,0.000000,0.000000,0.000000,0.000000,0.000000,117.075890,106.206955,0.000000,0.000000,97.768196
1256,3,D,0.000000,0.000000,0.000000,0.000000,0.000000,0.000000,0.000000,0.000000,0.000000,0.000000,1.980585,0.000000,0.000000,0.000000,0.000000,0.000000,0.000000,0.000000,0.000000,0.000000,0.000000,80.099426,0.000000,0.000000,0.000000,282.278107,0.000000,375.016937,122.930702,0.000000,0.000000,0.000000,0.000000,0.000000,0.000000,0.000000,0.000000,4.659326,0.000000,0.000000,0.000000,0.000000,84.316681,0.000000,0.000000,0.000000,0.000000,0.000000
1257,1,B,0.000000,0.000000,279.189117,0.000000,0.000000,0.000000,0.000000,0.000000,0.000000,31.875704,3.677733,0.000000,0.000000,0.000000,0.000000,0.000000,0.000000,0.000000,0.000000,0.000000,0.000000,222.082733,0.000000,305.383270,0.000000,0.000000,0.000000,337.991943,0.000000,0.000000,0.000000,0.000000,0.000000,0.000000,0.000000,0.000000,0.000000,98.924271,0.000000,0.000000,0.000000,0.000000,0.000000,16.346100,0.000000,0.000000,0.000000,0.000000
1258,0,A,0.000000,0.000000,193.087616,0.000000,0.000000,0.000000,0.000000,0.000000,0.000000,74.119781,50.836517,0.000000,0.000000,0.000000,59.537540,0.000000,0.000000,12.459100,0.000000,0.000000,0.000000,82.184441,0.000000,116.627060,0.000000,81.785446,0.000000,135.863205,0.000000,0.000000,119.855331,0.000000,0.000000,29.215984,0.000000,0.000000,0.000000,5.755005,0.000000,0.000000,0.000000,0.000000,0.000000,34.061829,0.000000,0.000000,0.000000,0.000000
1259,1,B,0.000000,0.000000,204.342361,0.000000,0.000000,0.000000,0.000000,0.000000,0.000000,75.191162,55.791115,0.000000,0.000000,0.000000,1.954354,0.000000,0.000000,82.561272,0.000000,0.000000,0.000000,108.500702,0.000000,151.891190,0.000000,59.754047,0.000000,184.513504,0.000000,0.000000,62.390495,0.000000,0.000000,0.000000,0.000000,0.000000,0.000000,35.550892,0.000000,0.000000,0.000000,0.000000,0.000000,8.275607,0.000000,0.000000,0.000000,0.000000
1260,3,D,0.000000,0.000000,0.000000,0.000000,0.000000,0.000000,0.000000,0.000000,0.000000,0.000000,0.000000,0.000000,0.000000,0.000000,0.000000,0.000000,0.000000,0.000000,0.000000,0.000000,0.000000,126.952858,0.000000,68.850197,0.000000,269.760895,0.000000,332.201050,101.701149,0.000000,0.000000,0.000000,0.000000,0.000000,0.000000,9.024264,0.000000,22.347630,0.000000,0.000000,0.000000,0.000000,81.276848,0.000000,0.000000,0.000000,0.000000,0.000000
1261,0,A,0.000000,0.000000,0.000000,0.000000,0.000000,0.000000,0.000000,0.000000,0.000000,0.000000,7.455423,0.000000,0.000000,0.000000,53.608742,0.000000,0.000000,27.477032,0.000000,0.000000,0.000000,181.848618,0.000000,127.445045,0.000000,226.759354,0.000000,177.519424,160.612183,0.000000,71.780357,0.000000,0.000000,0.000000,0.000000,0.000000,0.000000,7.194792,0.000000,0.000000,0.000000,0.000000,52.190281,13.901438,0.000000,0.000000,0.000000,0.000000
1262,2,C,0.000000,0.000000,251.115402,0.000000,0.000000,0.000000,0.000000,0.000000,0.000000,333.960999,0.000000,0.000000,0.000000,0.000000,80.464981,0.000000,0.000000,0.000000,0.000000,0.000000,0.000000,41.500278,0.000000,139.431610,0.000000,98.919373,0.000000,131.591309,0.000000,0.000000,0.000000,0.000000,0.000000,0.000000,0.000000,0.000000,0.000000,0.000000,9.841701,0.000000,0.000000,0.000000,0.000000,46.957569,0.000000,0.000000,0.000000,0.000000
1263,4,E,0.000000,0.000000,0.000000,0.000000,0.000000,0.000000,0.000000,0.000000,0.000000,0.000000,296.783997,0.000000,0.000000,0.000000,226.117233,0.000000,0.000000,0.000000,0.000000,0.000000,0.000000,246.703217,0.000000,0.000000,0.000000,208.901978,0.000000,31.888601,72.456047,0.000000,249.331131,0.000000,24.115507,145.942230,0.000000,14.858036,0.000000,8.098111,0.000000,0.000000,0.000000,0.000000,0.000000,110.864830,63.861481,33.941711,0.000000,86.265259
1264,1,B,0.000000,0.000000,268.367310,0.000000,0.000000,0.000000,0.000000,0.000000,0.000000,52.082226,0.000000,0.000000,0.000000,0.000000,0.000000,0.000000,0.000000,0.000000,0.000000,0.000000,0.000000,218.883148,0.000000,287.782043,0.000000,0.000000,0.000000,332.901825,0.000000,0.000000,0.000000,0.000000,0.000000,0.000000,0.000000,0.000000,0.000000,93.520729,3.546049,0.000000,0.000000,0.000000,0.000000,16.070707,0.000000,0.000000,0.000000,0.000000
1265,1,B,0.000000,0.000000,305.091522,0.000000,0.000000,0.000000,0.000000,0.000000,0.000000,62.732384,0.000000,0.000000,0.000000,0.000000,0.000000,0.000000,0.000000,0.000000,0.000000,0.000000,0.000000,189.051010,0.000000,287.596893,0.000000,0.000000,0.000000,317.179932,0.000000,0.000000,0.000000,0.000000,0.000000,0.000000,0.000000,0.000000,0.000000,85.760880,0.000000,0.000000,0.000000,0.000000,0.000000,17.314186,0.000000,0.000000,0.000000,0.000000
1266,1,B,0.000000,0.000000,277.782990,0.000000,0.000000,0.000000,0.000000,0.000000,0.000000,0.000000,121.978607,0.000000,0.000000,0.000000,0.000000,0.000000,0.000000,0.000000,0.000000,0.000000,0.000000,225.662033,0.000000,290.135040,0.000000,0.000000,0.000000,310.169250,0.000000,0.000000,0.979115,0.000000,0.000000,21.078445,0.000000,0.000000,0.000000,117.521835,0.000000,0.000000,0.000000,0.000000,0.000000,32.500256,0.000000,0.000000,0.000000,20.965128
1267,2,C,0.000000,0.000000,218.422440,0.000000,0.000000,0.000000,0.000000,0.000000,0.000000,126.121948,0.000000,0.000000,0.000000,0.000000,40.631340,0.000000,0.000000,81.897911,0.000000,0.000000,0.000000,72.401833,0.000000,132.207886,0.000000,46.641518,0.000000,146.293365,0.000000,0.000000,31.598429,0.000000,0.000000,0.000000,0.000000,0.000000,0.000000,16.873337,0.000000,0.000000,0.000000,0.000000,0.000000,11.035471,0.000000,0.000000,0.000000,0.000000
1268,2,C,0.000000,0.000000,238.892471,0.000000,0.000000,0.000000,0.000000,0.000000,0.000000,233.583755,0.000000,0.000000,0.000000,0.000000,66.160500,0.000000,0.000000,0.000000,0.000000,0.000000,0.000000,40.752201,0.000000,151.169327,0.000000,93.854050,0.000000,140.632523,0.000000,0.000000,22.312738,0.000000,0.000000,0.000000,0.000000,0.000000,0.000000,1.900773,0.000000,0.000000,0.000000,0.000000,0.000000,37.630463,0.000000,0.000000,0.000000,0.000000
1269,0,A,0.000000,0.000000,0.000000,0.000000,0.000000,0.000000,0.000000,0.000000,0.000000,113.337807,306.132324,0.000000,0.000000,0.000000,303.599609,0.000000,0.000000,0.000000,0.000000,0.000000,0.000000,0.000000,0.000000,0.000000,0.000000,270.734711,0.000000,0.000000,4.832443,0.000000,66.456734,0.000000,63.010899,107.827461,0.000000,35.304714,0.000000,0.000000,0.000000,0.000000,0.000000,0.000000,0.000000,115.604439,91.980949,0.000000,0.000000,82.204308
1270,1,B,0.000000,0.000000,292.993835,0.000000,0.000000,0.000000,0.000000,0.000000,0.000000,121.740692,0.000000,0.000000,0.000000,0.000000,0.000000,0.000000,0.000000,0.000000,0.000000,0.000000,0.000000,179.221252,0.000000,285.263824,0.000000,0.000000,0.000000,280.598206,0.000000,0.000000,0.000000,0.000000,0.000000,0.000000,0.000000,0.000000,0.000000,76.353020,5.587502,0.000000,0.000000,0.000000,0.000000,23.394474,0.000000,0.000000,0.000000,0.000000
1271,3,D,0.000000,0.000000,0.000000,0.000000,0.000000,0.000000,0.000000,0.000000,0.000000,18.899710,0.000000,0.000000,0.000000,0.000000,0.000000,0.000000,0.000000,0.000000,0.000000,0.000000,0.000000,0.000000,0.000000,0.000000,0.000000,325.428314,0.000000,375.035950,137.429108,0.000000,0.000000,0.000000,0.000000,0.000000,0.000000,5.245003,0.000000,0.000000,0.000000,0.000000,0.000000,0.000000,89.633247,0.000000,0.000000,0.000000,0.000000,0.000000
1272,3,D,0.000000,0.000000,0.000000,0.000000,0.000000,0.000000,0.000000,0.000000,0.000000,48.302235,0.000000,0.000000,0.000000,0.000000,0.000000,0.000000,0.000000,0.000000,0.000000,0.000000,0.000000,0.000000,0.000000,17.007210,0.000000,313.572571,0.000000,309.967529,146.807846,0.000000,0.000000,0.000000,0.000000,0.000000,0.000000,6.048985,0.000000,0.000000,0.000000,0.000000,0.000000,0.000000,81.226295,0.000000,0.252515,0.000000,0.000000,0.000000
1273,3,D,0.000000,0.000000,0.000000,0.000000,0.000000,0.000000,0.000000,0.000000,0.000000,0.000000,0.000000,0.000000,0.000000,0.000000,0.000000,0.000000,0.000000,0.000000,0.000000,0.000000,0.000000,126.947533,0.000000,53.948803,0.000000,289.773499,0.000000,325.757233,198.007797,0.000000,0.000000,0.000000,0.000000,0.000000,0.000000,0.000000,0.000000,5.073651,0.000000,0.000000,0.000000,0.000000,88.966980,0.000000,0.000000,0.000000,0.000000,0.000000
1274,1,B,0.000000,0.000000,274.548645,0.000000,0.000000,0.000000,0.000000,0.000000,0.000000,45.649460,24.403360,0.000000,0.000000,0.000000,0.000000,0.000000,0.000000,0.000000,0.000000,0.000000,0.000000,205.839264,0.000000,291.191162,0.000000,0.000000,0.000000,309.216400,0.000000,0.000000,0.000000,0.000000,0.000000,0.000000,0.000000,0.000000,0.000000,94.437057,0.000000,0.000000,0.000000,0.000000,0.000000,20.613880,0.000000,0.000000,0.000000,0.000000
1275,1,B,0.000000,0.000000,202.085693,0.000000,0.000000,0.000000,0.000000,0.000000,0.000000,157.349609,47.510666,0.000000,0.000000,0.000000,84.348343,0.000000,0.000000,23.017223,0.000000,0.000000,0.000000,89.850594,0.000000,133.181198,0.000000,42.355164,0.000000,133.681488,0.000000,0.000000,44.509781,0.000000,0.000000,10.642992,0.000000,0.000000,0.000000,20.619316,0.000000,0.000000,0.000000,0.000000,0.000000,42.307121,0.000000,0.000000,0.000000,0.000000
1276,4,E,0.000000,0.000000,0.000000,0.000000,0.000000,0.000000,0.000000,0.000000,0.000000,90.803825,152.672226,0.000000,0.000000,0.000000,115.691353,0.000000,0.000000,0.000000,0.000000,0.000000,0.000000,10.470064,0.000000,65.134705,0.000000,88.616112,0.000000,105.976166,0.000000,0.000000,0.000000,0.000000,17.347389,38.622932,0.000000,15.442522,0.000000,26.788464,6.944006,0.000000,0.000000,0.000000,0.000000,49.644554,0.000000,0.000000,0.000000,46.294685
1277,1,B,0.000000,0.000000,261.693512,0.000000,0.000000,0.000000,0.000000,0.000000,0.000000,14.562516,0.000000,0.000000,0.000000,0.000000,0.000000,0.000000,0.000000,0.000000,0.000000,0.000000,0.000000,209.022766,0.000000,273.864960,0.000000,0.000000,0.000000,327.284363,0.000000,0.000000,0.000000,0.000000,0.000000,0.000000,0.000000,0.000000,0.000000,92.675781,0.000000,0.000000,0.000000,0.000000,0.000000,12.130004,0.000000,0.000000,0.000000,0.000000
1278,3,D,0.000000,0.000000,0.000000,0.000000,0.000000,0.000000,0.000000,0.000000,0.000000,0.000000,0.000000,0.000000,0.000000,0.000000,0.000000,0.000000,0.000000,0.000000,0.000000,0.000000,0.000000,107.761986,0.000000,55.680153,0.000000,290.912170,0.000000,303.205688,165.537735,0.000000,0.000000,0.000000,0.000000,0.000000,0.000000,0.000000,0.000000,4.694892,0.000000,0.000000,0.000000,0.000000,85.552368,0.000000,0.000000,0.000000,0.000000,0.000000
1279,4,E,0.000000,0.000000,0.000000,0.000000,0.000000,0.000000,0.000000,0.000000,0.000000,18.667059,236.993362,0.000000,0.000000,0.000000,149.779343,0.000000,0.000000,0.000000,0.000000,0.000000,0.000000,41.566849,0.000000,154.462112,0.000000,128.585983,0.000000,135.488174,93.188484,0.000000,0.000000,0.000000,0.000000,67.625633,0.000000,4.013965,0.000000,49.509254,0.000000,0.000000,0.000000,0.000000,0.000000,70.748550,0.000000,0.000000,0.000000,67.049683
1280,3,D,0.000000,0.000000,0.000000,0.000000,0.000000,0.000000,0.000000,0.000000,0.000000,0.000000,0.000000,0.000000,0.000000,0.000000,0.000000,0.000000,0.000000,0.000000,0.000000,0.000000,0.000000,48.976742,0.000000,73.208992,0.000000,277.814819,0.000000,409.114594,131.107193,0.000000,0.000000,0.000000,0.000000,0.000000,0.000000,1.712984,0.000000,10.417232,0.000000,0.000000,0.000000,0.000000,87.590263,0.000000,0.000000,0.000000,0.000000,0.000000
1281,1,B,0.000000,0.000000,292.687836,0.000000,0.000000,0.000000,0.000000,0.000000,0.000000,113.912117,17.900515,0.000000,0.000000,0.000000,0.000000,0.000000,0.000000,0.000000,0.000000,0.000000,0.000000,167.798859,0.000000,276.910461,0.000000,0.000000,0.000000,273.792236,0.000000,0.000000,2.003859,0.000000,0.000000,0.000000,0.000000,0.000000,0.000000,75.916000,2.970978,0.000000,0.000000,0.000000,0.000000,24.927540,0.000000,0.000000,0.000000,0.000000
1282,0,A,0.000000,0.000000,193.868210,0.000000,0.000000,0.000000,0.000000,0.000000,0.000000,84.473885,58.441319,0.000000,0.000000,0.000000,55.243500,0.000000,0.000000,45.245342,0.000000,0.000000,0.000000,78.527229,0.000000,111.397217,0.000000,82.725067,0.000000,131.609436,0.000000,0.000000,111.304077,0.000000,0.000000,19.418243,0.000000,0.000000,0.000000,6.635416,0.000000,0.000000,0.000000,0.000000,0.000000,28.631216,0.000000,0.000000,0.000000,0.000000
1283,3,D,0.000000,0.000000,0.000000,0.000000,0.000000,0.000000,0.000000,0.000000,0.000000,0.000000,0.000000,0.000000,0.000000,0.000000,0.000000,0.000000,0.000000,0.000000,0.000000,0.000000,0.000000,184.650970,0.000000,123.838463,0.000000,270.030365,0.000000,277.407135,209.059113,0.000000,0.000000,0.000000,0.000000,0.000000,0.000000,0.000000,0.000000,20.760330,0.000000,0.000000,0.000000,0.000000,85.635658,0.000000,0.000000,0.000000,0.000000,0.000000
1284,2,C,0.000000,0.000000,237.333420,0.000000,0.000000,0.000000,0.000000,0.000000,0.000000,204.393082,0.000000,0.000000,0.000000,0.000000,58.736881,0.000000,0.000000,4.760975,0.000000,0.000000,0.000000,36.575436,0.000000,157.317352,0.000000,84.270676,0.000000,141.724503,0.000000,0.000000,22.258329,0.000000,0.000000,0.000000,0.000000,0.000000,0.000000,5.415014,0.000000,0.000000,0.000000,0.000000,0.000000,33.426830,0.000000,0.000000,0.000000,0.000000
1285,2,C,0.000000,0.000000,246.412399,0.000000,0.000000,0.000000,0.000000,0.000000,0.000000,300.097168,0.000000,0.000000,0.000000,0.000000,69.340462,0.000000,0.000000,0.000000,0.000000,0.000000,0.000000,28.947021,0.000000,151.574921,0.000000,106.925674,0.000000,138.536270,0.000000,0.000000,0.000000,0.000000,0.000000,0.000000,0.000000,0.000000,0.000000,0.000000,3.013717,0.000000,0.000000,0.000000,0.000000,41.499390,0.000000,0.000000,0.000000,0.000000
1286,3,D,0.000000,0.000000,0.000000,0.000000,0.000000,0.000000,0.000000,0.000000,0.000000,0.000000,0.000000,0.000000,0.000000,0.000000,0.000000,0.000000,0.000000,0.000000,0.000000,0.000000,0.000000,119.553474,0.000000,40.935497,0.000000,329.956390,0.000000,314.801880,197.182404,0.000000,0.000000,0.000000,0.000000,0.000000,0.000000,0.000000,0.000000,0.000000,0.000000,0.000000,0.000000,0.000000,94.963867,0.000000,0.000000,0.000000,0.000000,0.000000
1287,0,A,0.000000,0.000000,182.741516,0.000000,0.000000,0.000000,0.000000,0.000000,0.000000,43.496452,50.715290,0.000000,0.000000,0.000000,38.024956,0.000000,0.000000,56.418468,0.000000,0.000000,0.000000,92.357895,0.000000,115.003075,0.000000,93.569214,0.000000,146.673126,0.000000,0.000000,115.500977,0.000000,0.000000,13.340515,0.000000,0.000000,0.000000,11.669877,0.000000,0.000000,0.000000,0.000000,0.000000,18.289433,0.000000,0.000000,0.000000,0.000000
1288,0,A,0.000000,0.000000,147.343750,0.000000,0.000000,0.000000,0.000000,0.000000,0.000000,51.651203,45.837166,0.000000,0.000000,0.000000,55.422825,0.000000,0.000000,0.000000,0.000000,0.000000,0.000000,97.788170,0.000000,128.092484,0.000000,92.274498,0.000000,148.646744,0.000000,0.000000,118.158089,0.000000,0.000000,29.228477,0.000000,0.000000,0.000000,12.231540,0.000000,0.000000,0.000000,0.000000,0.000000,32.253357,0.000000,0.000000,0.000000,0.000000
1289,0,A,0.000000,0.000000,202.581299,0.000000,0.000000,0.000000,0.000000,0.000000,0.000000,235.206146,31.978090,0.000000,0.000000,0.000000,106.843040,0.000000,0.000000,20.804615,0.000000,0.000000,0.000000,62.924805,0.000000,127.469910,0.000000,67.518723,0.000000,104.310303,0.000000,0.000000,51.299576,0.000000,0.000000,6.840862,0.000000,0.000000,0.000000,0.070141,0.000000,0.000000,0.000000,0.000000,0.000000,51.142334,0.000000,0.000000,0.000000,0.000000
1290,1,B,0.000000,0.000000,268.343292,0.000000,0.000000,0.000000,0.000000,0.000000,0.000000,39.097794,23.531977,0.000000,0.000000,0.000000,0.000000,0.000000,0.000000,0.000000,0.000000,0.000000,0.000000,210.617844,0.000000,292.940491,0.000000,0.000000,0.000000,327.175690,0.000000,0.000000,0.000000,0.000000,0.000000,0.000000,0.000000,0.000000,0.000000,97.316788,1.012483,0.000000,0.000000,0.000000,0.000000,18.963188,0.000000,0.000000,0.000000,0.000000
1291,0,A,0.000000,0.000000,0.000000,0.000000,0.000000,0.000000,0.000000,0.000000,0.000000,119.007317,296.975098,0.000000,0.000000,0.000000,240.149872,0.000000,0.000000,0.000000,0.000000,0.000000,0.000000,69.566208,0.000000,0.000000,0.000000,248.602280,0.000000,19.262104,65.312836,0.000000,72.534035,0.000000,44.225586,102.161896,0.000000,22.009106,0.000000,3.493397,0.000000,0.000000,0.000000,0.000000,0.000000,105.040390,73.711998,0.000000,0.000000,78.497253
1292,1,B,0.000000,0.000000,304.474518,0.000000,0.000000,0.000000,0.000000,0.000000,0.000000,95.092072,22.943287,0.000000,0.000000,0.000000,0.000000,0.000000,0.000000,0.000000,0.000000,0.000000,0.000000,175.280289,0.000000,279.088348,0.000000,0.000000,0.000000,285.444916,0.000000,0.000000,0.000000,0.000000,0.000000,0.000000,0.000000,0.000000,0.000000,81.041039,0.402891,0.000000,0.000000,0.000000,0.000000,24.082037,0.000000,0.000000,0.000000,0.000000
1293,2,C,0.000000,0.000000,207.740250,0.000000,0.000000,0.000000,0.000000,0.000000,0.000000,168.568329,13.856565,0.000000,0.000000,0.000000,62.873047,0.000000,0.000000,88.781685,0.000000,0.000000,0.000000,52.421906,0.000000,115.014008,0.000000,65.156693,0.000000,121.432198,0.000000,0.000000,47.619553,0.000000,0.000000,0.000000,0.000000,0.000000,0.000000,2.762932,0.000000,0.000000,0.000000,0.000000,0.000000,19.598957,0.000000,0.000000,0.000000,0.000000
1294,1,B,0.000000,0.000000,306.603912,0.000000,0.000000,0.000000,0.000000,0.000000,0.000000,138.956879,0.000000,0.000000,0.000000,0.000000,0.000000,0.000000,0.000000,0.000000,0.000000,0.000000,0.000000,149.155212,0.000000,259.951782,0.000000,0.000000,0.000000,256.451508,0.000000,0.000000,4.067409,0.000000,0.000000,0.000000,0.000000,0.000000,0.000000,63.441624,1.758731,0.000000,0.000000,0.000000,0.000000,23.706821,0.000000,0.000000,0.000000,0.000000
1295,0,A,0.000000,0.000000,263.958496,0.000000,0.000000,0.000000,0.000000,0.000000,0.000000,276.540741,37.305256,0.000000,0.000000,0.000000,116.870178,0.000000,0.000000,0.000000,0.000000,0.000000,0.000000,30.839796,0.000000,150.242996,0.000000,18.518679,0.000000,91.043068,0.000000,0.000000,89.012985,0.000000,0.000000,26.540453,0.000000,0.000000,0.000000,0.000000,0.000000,0.000000,0.000000,0.000000,0.000000,66.425659,0.000000,0.000000,0.000000,0.206998
1296,1,B,0.000000,0.000000,276.352905,0.000000,0.000000,0.000000,0.000000,0.000000,0.000000,61.368725,4.660986,0.000000,0.000000,0.000000,0.000000,0.000000,0.000000,0.000000,0.000000,0.000000,0.000000,197.759583,0.000000,280.400391,0.000000,0.000000,0.000000,318.129181,0.000000,0.000000,0.000000,0.000000,0.000000,0.000000,0.000000,0.000000,0.000000,87.661194,1.848501,0.000000,0.000000,0.000000,0.000000,17.161116,0.000000,0.000000,0.000000,0.000000
1297,2,C,0.000000,0.000000,251.441299,0.000000,0.000000,0.000000,0.000000,0.000000,0.000000,333.122681,0.000000,0.000000,0.000000,0.000000,83.271530,0.000000,0.000000,0.000000,0.000000,0.000000,0.000000,30.027607,0.000000,136.803543,0.000000,99.552826,0.000000,129.355728,0.000000,0.000000,0.000000,0.000000,0.000000,0.000000,0.000000,0.000000,0.000000,0.000000,8.590146,0.000000,0.000000,0.000000,0.000000,46.945694,0.000000,0.000000,0.000000,0.000000
1298,1,B,0.000000,0.000000,319.666107,0.000000,0.000000,0.000000,0.000000,0.000000,0.000000,164.913422,5.859823,0.000000,0.000000,0.000000,0.000000,0.000000,0.000000,0.000000,0.000000,0.000000,0.000000,144.833099,0.000000,256.264160,0.000000,0.000000,0.000000,242.634979,0.000000,0.000000,0.000000,0.000000,0.000000,0.000000,0.000000,0.000000,0.000000,60.747364,4.974452,0.000000,0.000000,0.000000,0.000000,27.051119,0.000000,0.000000,0.000000,0.000000
1299,3,D,0.000000,0.000000,0.000000,0.000000,0.000000,0.000000,0.000000,0.000000,0.000000,0.000000,0.000000,0.000000,0.000000,0.000000,0.000000,0.000000,0.000000,0.000000,0.000000,0.000000,0.000000,121.683464,0.000000,79.223236,0.000000,260.569366,0.000000,335.251465,169.391190,0.000000,0.000000,0.000000,0.000000,0.000000,0.000000,0.000000,0.000000,14.329625,0.000000,0.000000,0.000000,0.000000,83.320923,0.000000,0.000000,0.000000,0.000000,0.000000
1300,0,A,0.000000,0.000000,192.103241,0.000000,0.000000,0.000000,0.000000,0.000000,0.000000,108.992210,56.407520,0.000000,0.000000,0.000000,68.821442,0.000000,0.000000,63.048248,0.000000,0.000000,0.000000,65.386848,0.000000,112.184090,0.000000,70.771820,0.000000,119.992805,0.000000,0.000000,97.560219,0.000000,0.000000,12.516312,0.000000,0.000000,0.000000,4.912101,0.000000,0.000000,0.000000,0.000000,0.000000,29.863205,0.000000,0.000000,0.000000,0.000000
1301,1,B,0.000000,0.000000,305.883911,0.000000,0.000000,0.000000,0.000000,0.000000,0.000000,50.433788,0.900636,0.000000,0.000000,0.000000,0.000000,0.000000,0.000000,0.000000,0.000000,0.000000,0.000000,194.588425,0.000000,291.540955,0.000000,0.000000,0.000000,320.265839,0.000000,0.000000,0.000000,0.000000,0.000000,0.000000,0.000000,0.000000,0.000000,88.625862,0.000000,0.000000,0.000000,0.000000,0.000000,16.861885,0.000000,0.000000,0.000000,0.000000
1302,2,C,0.000000,0.000000,238.090530,0.000000,0.000000,0.000000,0.000000,0.000000,0.000000,181.746613,0.000000,0.000000,0.000000,0.000000,54.231495,0.000000,0.000000,29.758392,0.000000,0.000000,0.000000,78.448250,0.000000,146.020737,0.000000,47.524746,0.000000,146.354919,0.000000,0.000000,24.961956,0.000000,0.000000,0.000000,0.000000,0.000000,0.000000,15.722300,0.000000,0.000000,0.000000,0.000000,0.000000,28.419666,0.000000,0.000000,0.000000,0.000000
1303,0,A,0.000000,0.000000,228.035873,0.000000,0.000000,0.000000,0.000000,0.000000,0.000000,165.856049,36.497566,0.000000,0.000000,0.000000,70.526627,0.000000,0.000000,41.331589,0.000000,0.000000,0.000000,79.710396,0.000000,132.793182,0.000000,29.877159,0.000000,130.069244,0.000000,0.000000,41.473358,0.000000,0.000000,1.411653,0.000000,0.000000,0.000000,17.711994,0.000000,0.000000,0.000000,0.000000,0.000000,35.599880,0.000000,0.000000,0.000000,0.000000
1304,3,D,0.000000,0.000000,0.000000,0.000000,0.000000,0.000000,0.000000,0.000000,0.000000,0.000000,0.000000,0.000000,0.000000,0.000000,0.000000,0.000000,0.000000,0.000000,0.000000,0.000000,0.000000,118.563118,0.000000,24.888624,0.000000,369.403412,0.000000,276.524567,263.171936,0.000000,0.000000,0.000000,0.000000,0.000000,0.000000,0.000000,0.000000,0.000000,0.000000,0.000000,0.000000,0.000000,102.415039,0.000000,17.557236,0.000000,0.000000,0.000000
1305,3,D,0.000000,0.000000,0.000000,0.000000,0.000000,0.000000,0.000000,0.000000,0.000000,0.000000,0.000000,0.000000,0.000000,0.000000,0.000000,0.000000,0.000000,23.245331,0.000000,0.000000,0.000000,161.845291,0.000000,126.763359,0.000000,309.546967,0.000000,231.476959,154.587738,0.000000,0.000000,0.000000,0.000000,0.000000,0.000000,9.430499,0.000000,18.551426,0.000000,0.000000,0.000000,0.000000,93.330284,0.000000,0.000000,0.000000,0.000000,0.000000
1306,1,B,0.000000,0.000000,275.749268,0.000000,0.000000,0.000000,0.000000,0.000000,0.000000,135.944855,0.000000,0.000000,0.000000,0.000000,0.000000,0.000000,0.000000,0.000000,0.000000,0.000000,0.000000,151.157272,0.000000,256.514801,0.000000,0.000000,0.000000,258.190704,0.000000,0.000000,0.000000,0.000000,0.000000,0.000000,0.000000,0.000000,0.000000,65.022552,7.533769,0.000000,0.000000,0.000000,0.000000,22.391310,0.000000,0.000000,0.000000,0.000000
1307,0,A,0.000000,0.000000,206.947937,0.000000,0.000000,0.000000,0.000000,0.000000,0.000000,69.166763,51.235607,0.000000,0.000000,0.000000,41.508297,0.000000,0.000000,32.294163,0.000000,0.000000,0.000000,83.864197,0.000000,119.014481,0.000000,73.005890,0.000000,140.984238,0.000000,0.000000,115.140259,0.000000,0.000000,21.576880,0.000000,0.000000,0.000000,9.315155,0.000000,0.000000,0.000000,0.000000,0.000000,26.550705,0.000000,0.000000,0.000000,0.000000
1308,0,A,0.000000,0.000000,213.691650,0.000000,0.000000,0.000000,0.000000,0.000000,0.000000,113.632202,60.729496,0.000000,0.000000,0.000000,77.894386,0.000000,0.000000,24.237265,0.000000,0.000000,0.000000,83.434120,0.000000,121.600418,0.000000,42.724735,0.000000,125.757828,0.000000,0.000000,88.355324,0.000000,0.000000,25.498636,0.000000,0.000000,0.000000,13.414911,0.000000,0.000000,0.000000,0.000000,0.000000,41.371834,0.000000,0.000000,0.000000,0.000000
1309,1,B,0.000000,0.000000,234.180649,0.000000,0.000000,0.000000,0.000000,0.000000,0.000000,122.250099,0.000000,0.000000,0.000000,0.000000,0.000000,0.000000,0.000000,76.189240,0.000000,0.000000,0.000000,97.130692,0.000000,161.645081,0.000000,74.374725,0.000000,196.873215,0.000000,0.000000,27.395105,0.000000,0.000000,0.000000,0.000000,0.000000,0.000000,28.978510,0.000000,0.000000,0.000000,0.000000,0.000000,1.854703,0.000000,0.000000,0.000000,0.000000
1310,2,C,0.000000,0.000000,255.289841,0.000000,0.000000,0.000000,0.000000,0.000000,0.000000,266.996643,0.000000,0.000000,0.000000,0.000000,53.795177,0.000000,0.000000,0.000000,0.000000,0.000000,0.000000,53.553139,0.000000,154.115616,0.000000,82.498421,0.000000,144.141449,0.000000,0.000000,6.335777,0.000000,0.000000,0.000000,0.000000,0.000000,0.000000,6.541695,0.572328,0.000000,0.000000,0.000000,0.000000,37.770508,0.000000,0.000000,0.000000,0.000000
1311,2,C,0.000000,0.000000,253.146698,0.000000,0.000000,0.000000,0.000000,0.000000,0.000000,357.450958,0.000000,0.000000,0.000000,0.000000,75.320961,0.000000,0.000000,0.000000,0.000000,0.000000,0.000000,23.825968,0.000000,137.647018,0.000000,109.718582,0.000000,137.399307,0.000000,0.000000,0.000000,0.000000,0.000000,0.000000,0.000000,0.000000,0.000000,0.000000,10.950182,0.000000,0.000000,0.000000,0.000000,45.981873,0.000000,0.000000,0.000000,0.000000
1312,1,B,0.000000,0.000000,261.219574,0.000000,0.000000,0.000000,0.000000,0.000000,0.000000,32.094009,10.716301,0.000000,0.000000,0.000000,0.000000,0.000000,0.000000,0.000000,0.000000,0.000000,0.000000,212.035110,0.000000,278.493835,0.000000,0.000000,0.000000,328.032745,0.000000,0.000000,0.000000,0.000000,0.000000,0.000000,0.000000,0.000000,0.000000,94.233505,0.884527,0.000000,0.000000,0.000000,0.000000,15.409356,0.000000,0.000000,0.000000,0.000000
1313,3,D,0.000000,0.000000,0.000000,0.000000,0.000000,0.000000,0.000000,0.000000,0.000000,43.355724,23.035542,0.000000,0.000000,0.000000,0.000000,0.000000,0.000000,0.000000,0.000000,0.000000,0.000000,129.108200,0.000000,106.417511,0.000000,196.850739,0.000000,233.326370,114.711769,0.000000,0.000000,0.000000,0.000000,0.000000,0.000000,3.871551,0.000000,24.155560,0.000000,0.000000,0.000000,0.000000,52.817139,0.801363,0.000000,0.000000,0.000000,0.000000
1314,2,C,0.000000,0.000000,126.034142,0.000000,0.000000,0.000000,0.000000,0.000000,0.000000,424.206940,0.000000,0.000000,0.000000,0.000000,88.410316,0.000000,0.000000,0.000000,0.000000,0.000000,0.000000,0.000000,0.000000,82.597046,0.000000,189.770035,0.000000,149.412720,0.000000,0.000000,0.000000,0.000000,0.000000,0.000000,0.000000,0.000000,0.000000,0.000000,25.081738,0.000000,0.000000,0.000000,0.000000,43.234383,0.000000,0.000000,0.000000,0.000000
1315,4,E,0.000000,0.000000,0.000000,0.000000,0.000000,0.000000,0.000000,0.000000,0.000000,307.111389,279.679810,0.000000,0.000000,0.000000,140.083649,0.000000,0.000000,0.000000,0.000000,0.000000,0.000000,23.421314,0.000000,152.386917,0.000000,0.000000,0.000000,111.092957,0.000000,0.000000,0.000000,0.000000,72.598579,70.977455,0.000000,21.174086,0.000000,50.342522,62.590420,0.000000,0.000000,0.000000,0.000000,98.565887,0.000000,0.000000,0.000000,106.436172
1316,3,D,0.000000,0.000000,0.000000,0.000000,0.000000,0.000000,0.000000,0.000000,0.000000,0.000000,0.000000,0.000000,0.000000,0.000000,0.000000,0.000000,0.000000,0.000000,0.000000,0.000000,0.000000,146.737320,0.000000,106.739624,0.000000,161.838547,0.000000,293.733551,0.000000,0.000000,20.774576,0.000000,0.000000,0.000000,0.000000,21.877338,0.000000,45.325912,0.000000,0.000000,0.000000,0.000000,52.911381,0.000000,0.000000,0.000000,0.000000,0.000000
1317,1,B,0.000000,0.000000,268.744568,0.000000,0.000000,0.000000,0.000000,0.000000,0.000000,24.008577,2.467669,0.000000,0.000000,0.000000,0.000000,0.000000,0.000000,0.000000,0.000000,0.000000,0.000000,250.959061,0.000000,333.019196,0.000000,0.000000,0.000000,354.434570,0.000000,0.000000,0.000000,0.000000,0.000000,0.000000,0.000000,0.000000,0.000000,109.455765,1.536389,0.000000,0.000000,0.000000,0.000000,17.469803,0.000000,0.000000,0.000000,0.000000
1318,3,D,0.000000,0.000000,0.000000,0.000000,0.000000,0.000000,0.000000,0.000000,0.000000,0.000000,0.000000,0.000000,0.000000,0.000000,0.000000,0.000000,0.000000,0.000000,0.000000,0.000000,0.000000,176.934982,0.000000,88.920250,0.000000,313.721436,0.000000,296.769684,204.681000,0.000000,0.000000,0.000000,0.000000,0.000000,0.000000,0.000000,0.000000,13.626584,0.000000,0.000000,0.000000,0.000000,93.673271,0.000000,0.000000,0.000000,0.000000,0.000000
1319,3,D,0.000000,0.000000,0.000000,0.000000,0.000000,0.000000,0.000000,0.000000,0.000000,0.000000,0.000000,0.000000,0.000000,0.000000,0.000000,0.000000,0.000000,0.000000,0.000000,0.000000,0.000000,144.230896,0.000000,137.297943,0.000000,175.712479,0.000000,299.914825,92.972313,0.000000,0.000000,0.000000,0.000000,0.000000,0.000000,1.906273,0.000000,40.140007,0.000000,0.000000,0.000000,0.000000,63.574966,0.000000,0.000000,0.000000,0.000000,0.000000
1320,0,A,0.000000,0.000000,0.000000,0.000000,0.000000,0.000000,0.000000,0.000000,0.000000,210.961670,302.950378,0.000000,0.000000,0.000000,350.520874,0.000000,0.000000,0.000000,0.000000,0.000000,0.000000,0.000000,0.000000,0.000000,0.000000,247.503159,0.000000,0.000000,0.000000,0.000000,35.971970,0.000000,81.564629,102.225006,0.000000,27.529686,0.000000,0.000000,0.000000,0.000000,0.000000,0.000000,0.000000,131.526855,82.490616,0.000000,0.000000,86.822990
1321,3,D,0.000000,0.000000,0.000000,0.000000,0.000000,0.000000,0.000000,0.000000,0.000000,1.331216,0.000000,0.000000,0.000000,0.000000,0.000000,0.000000,0.000000,0.000000,0.000000,0.000000,0.000000,34.203884,0.000000,61.177773,0.000000,246.178543,0.000000,328.603333,96.454094,0.000000,0.000000,0.000000,0.000000,0.000000,0.000000,7.981922,0.000000,7.222099,0.000000,0.000000,0.000000,0.000000,73.876137,0.000000,0.000000,0.000000,0.000000,0.000000
1322,3,D,0.000000,0.000000,0.000000,0.000000,0.000000,0.000000,0.000000,0.000000,0.000000,0.000000,0.000000,0.000000,0.000000,0.000000,0.000000,0.000000,0.000000,0.000000,0.000000,0.000000,0.000000,97.614548,0.000000,52.193329,0.000000,303.411072,0.000000,298.281403,158.957413,0.000000,0.000000,0.000000,0.000000,0.000000,0.000000,0.886167,0.000000,2.095954,0.000000,0.000000,0.000000,0.000000,86.810120,0.000000,0.000000,0.000000,0.000000,0.000000
1323,0,A,0.000000,0.000000,0.000000,0.000000,0.000000,0.000000,0.000000,0.000000,0.000000,7.477270,228.432373,0.000000,0.000000,0.000000,223.398544,0.000000,0.000000,0.000000,0.000000,0.000000,0.000000,0.000000,0.000000,0.000000,0.000000,337.340973,0.000000,35.085979,61.811287,0.000000,10.425047,0.000000,7.010631,66.639214,0.000000,29.406792,0.000000,0.000000,0.000000,0.000000,0.000000,0.000000,0.000000,72.888924,98.849297,0.000000,0.000000,39.791367
1324,1,B,0.000000,0.000000,247.739929,0.000000,0.000000,0.000000,0.000000,0.000000,0.000000,25.521902,13.534870,0.000000,0.000000,0.000000,0.000000,0.000000,0.000000,0.000000,0.000000,0.000000,0.000000,175.475662,0.000000,254.258575,0.000000,0.000000,0.000000,292.770294,0.000000,0.000000,3.986513,0.000000,0.000000,0.000000,0.000000,0.000000,0.000000,82.296303,0.000000,0.000000,0.000000,0.000000,0.000000,14.390394,0.000000,0.000000,0.000000,0.000000
1325,1,B,0.000000,0.000000,325.828308,0.000000,0.000000,0.000000,0.000000,0.000000,0.000000,0.000000,46.746063,0.000000,0.000000,0.000000,0.000000,0.000000,0.000000,0.000000,0.000000,0.000000,0.000000,69.732018,0.000000,193.429016,0.000000,5.084195,0.000000,227.415634,9.251826,0.000000,184.646439,0.000000,0.000000,46.015514,28.144314,0.000000,0.000000,15.746665,0.000000,0.000000,0.000000,0.000000,0.000000,23.996832,0.000000,0.000000,0.000000,0.000000
1326,0,A,0.000000,0.000000,0.000000,0.000000,0.000000,0.000000,0.000000,0.000000,0.000000,135.166153,316.691528,0.000000,0.000000,0.000000,301.258453,0.000000,0.000000,0.000000,0.000000,0.000000,0.000000,0.000000,0.000000,0.000000,0.000000,275.501068,0.000000,0.000000,0.000000,0.000000,20.343576,0.000000,69.401817,99.045204,0.000000,37.139717,0.000000,8.892735,0.000000,0.000000,0.000000,0.000000,0.000000,115.606514,90.864357,0.000000,0.000000,84.524940
1327,3,D,0.000000,0.000000,0.000000,0.000000,0.000000,0.000000,0.000000,0.000000,0.000000,0.000000,0.000000,0.000000,0.000000,0.000000,0.000000,0.000000,0.000000,0.000000,0.000000,0.000000,0.000000,124.939705,0.000000,73.785423,0.000000,264.773285,0.000000,328.306091,178.286545,0.000000,0.000000,0.000000,0.000000,0.000000,0.000000,0.000000,0.000000,12.114202,0.000000,0.000000,0.000000,0.000000,84.016396,0.000000,0.000000,0.000000,0.000000,0.000000
1328,1,B,0.000000,0.000000,250.326187,0.000000,0.000000,0.000000,0.000000,0.000000,0.000000,12.973596,0.000000,0.000000,0.000000,0.000000,0.000000,0.000000,0.000000,24.361063,0.000000,0.000000,0.000000,190.837250,0.000000,252.014755,0.000000,17.313051,0.000000,312.122894,0.000000,0.000000,0.000000,0.000000,0.000000,0.000000,0.000000,0.000000,0.000000,84.614357,0.000000,0.000000,0.000000,0.000000,0.000000,5.773295,0.000000,0.000000,0.000000,0.000000
1329,0,A,0.000000,0.000000,0.000000,0.000000,0.000000,0.000000,0.000000,0.000000,0.000000,138.885254,313.738068,0.000000,0.000000,0.000000,296.276093,0.000000,0.000000,0.000000,0.000000,0.000000,0.000000,0.000000,0.000000,0.000000,0.000000,256.255585,0.000000,0.000000,0.000000,0.000000,18.035547,0.000000,71.148613,98.360001,0.000000,34.271557,0.000000,10.144119,0.000000,0.000000,0.000000,0.000000,0.000000,114.789665,85.631622,0.000000,0.000000,85.724350
1330,1,B,0.000000,0.000000,271.588165,0.000000,0.000000,0.000000,0.000000,0.000000,0.000000,0.000000,3.084751,0.000000,0.000000,0.000000,0.000000,0.000000,0.000000,0.000000,0.000000,0.000000,0.000000,246.334854,0.000000,318.589264,0.000000,0.000000,0.000000,383.956299,0.000000,0.000000,0.000000,0.000000,0.000000,0.000000,0.000000,0.000000,0.000000,110.949699,0.000000,0.000000,0.000000,0.000000,0.000000,12.560620,0.000000,0.000000,0.000000,0.000000
1331,4,E,0.000000,0.000000,0.000000,0.000000,0.000000,0.000000,0.000000,0.000000,0.000000,129.613358,279.846497,0.000000,0.000000,0.000000,4.954379,0.000000,0.000000,0.000000,0.000000,0.000000,0.000000,61.527679,0.000000,137.208496,0.000000,0.000000,0.000000,262.993866,0.000000,0.000000,0.000000,0.000000,17.493134,58.023964,0.000000,25.316730,0.000000,84.471817,50.202778,25.725876,0.000000,0.000000,0.000000,46.122334,0.000000,0.000000,0.000000,98.129135
1332,4,E,0.000000,0.000000,0.000000,0.000000,0.000000,0.000000,0.000000,0.000000,0.000000,191.858582,142.941055,0.000000,0.000000,0.000000,32.811844,0.000000,0.000000,0.000000,0.000000,0.000000,0.000000,42.450165,0.000000,98.142776,0.000000,0.000000,0.000000,161.000229,0.000000,0.000000,0.000000,0.000000,18.766953,25.193327,0.000000,13.779005,0.000000,39.704624,47.989216,4.937826,0.000000,0.000000,0.000000,40.119846,0.000000,0.000000,0.000000,54.257729
1333,1,B,0.000000,0.000000,259.010895,0.000000,0.000000,0.000000,0.000000,0.000000,0.000000,112.406410,26.723225,0.000000,0.000000,0.000000,18.131323,0.000000,0.000000,40.660561,0.000000,0.000000,0.000000,100.078316,0.000000,147.258301,0.000000,31.866823,0.000000,169.419678,0.000000,0.000000,57.350319,0.000000,0.000000,0.000000,0.000000,0.000000,0.000000,26.205370,0.000000,0.000000,0.000000,0.000000,0.000000,19.494375,0.000000,0.000000,0.000000,0.000000
1334,4,E,0.000000,0.000000,0.000000,0.000000,0.000000,0.000000,0.000000,0.000000,0.000000,79.424133,109.039413,0.000000,0.000000,0.000000,29.421741,0.000000,0.000000,0.000000,0.000000,0.000000,0.000000,124.294342,0.000000,49.176567,0.000000,124.246613,0.000000,236.147720,0.000000,0.000000,0.000000,0.000000,0.000000,8.924019,0.000000,19.911900,0.000000,47.629326,16.725895,3.159867,0.000000,0.000000,0.000000,17.567656,0.000000,0.000000,0.000000,25.076977
1335,1,B,0.000000,0.000000,300.434937,0.000000,0.000000,0.000000,0.000000,0.000000,0.000000,17.349930,0.000000,0.000000,0.000000,0.000000,0.000000,0.000000,0.000000,1.100270,0.000000,0.000000,0.000000,204.405457,0.000000,308.592499,0.000000,0.000000,0.000000,350.946167,0.000000,0.000000,0.000000,0.000000,0.000000,0.000000,0.000000,0.000000,0.000000,97.532745,0.000000,0.000000,0.000000,0.000000,0.000000,13.471731,0.000000,0.000000,0.000000,0.000000
1336,2,C,0.000000,0.000000,84.641556,0.000000,0.000000,0.000000,0.000000,0.000000,0.000000,392.390198,14.540631,0.000000,0.000000,0.000000,125.901489,0.000000,0.000000,0.000000,0.000000,0.000000,0.000000,18.190147,0.000000,91.858849,0.000000,178.354279,0.000000,112.527161,0.000000,0.000000,0.000000,0.000000,0.000000,0.000000,0.000000,4.152582,0.000000,0.000000,25.324409,0.000000,0.000000,0.000000,0.000000,54.724785,0.000000,0.000000,0.000000,0.000000
1337,3,D,0.000000,0.000000,0.000000,0.000000,0.000000,0.000000,0.000000,0.000000,0.000000,0.000000,50.227303,0.000000,0.000000,0.000000,0.000000,0.000000,0.000000,0.000000,0.000000,0.000000,0.000000,133.833740,0.000000,85.406113,0.000000,193.914581,0.000000,308.918274,115.806297,0.000000,0.000000,0.000000,0.000000,0.000000,0.000000,0.000000,0.000000,35.938801,0.000000,0.000000,0.000000,0.000000,53.848240,0.000000,0.000000,0.000000,0.000000,0.000000
1338,4,E,0.000000,0.000000,0.000000,0.000000,0.000000,0.000000,0.000000,0.000000,0.000000,60.941265,179.276245,0.000000,0.000000,0.000000,77.157692,0.000000,0.000000,0.000000,0.000000,0.000000,0.000000,166.755890,0.000000,206.257416,0.000000,0.000000,0.000000,158.079559,0.000000,0.000000,0.000000,0.000000,8.720054,44.839821,0.000000,12.940351,0.000000,91.116417,31.444221,0.000000,0.000000,0.000000,0.000000,58.802593,0.000000,0.000000,0.000000,67.863274
1339,3,D,0.000000,0.000000,274.308289,0.000000,0.000000,0.000000,0.000000,0.000000,0.000000,102.317192,0.000000,0.000000,0.000000,0.000000,0.000000,0.000000,0.000000,0.415697,0.000000,0.000000,0.000000,114.114510,0.000000,195.324249,0.000000,86.825508,0.000000,261.783783,0.000000,0.000000,37.302574,0.000000,0.000000,0.000000,0.000000,0.000000,0.000000,38.849152,0.000000,0.000000,0.000000,0.000000,0.000000,13.082987,0.000000,0.000000,0.000000,0.000000
1340,4,E,0.000000,0.000000,0.000000,0.000000,0.000000,0.000000,0.000000,0.000000,0.000000,55.109295,249.059769,0.000000,0.000000,0.000000,137.588226,0.000000,0.000000,0.000000,0.000000,0.000000,0.000000,104.759109,0.000000,22.936951,0.000000,26.227137,0.000000,110.066879,0.000000,0.000000,168.436203,0.000000,37.227215,109.829590,0.000000,10.106802,0.000000,23.468828,0.000000,0.000000,0.000000,0.000000,0.000000,77.640892,0.000000,25.498442,0.000000,90.350670
1341,3,D,0.000000,0.000000,185.988098,0.000000,0.000000,0.000000,0.000000,0.000000,0.000000,78.117584,0.000000,0.000000,0.000000,0.000000,11.210389,0.000000,0.000000,167.830505,0.000000,0.000000,0.000000,85.442375,0.000000,119.370743,0.000000,86.069183,0.000000,154.399185,0.000000,0.000000,33.897377,0.000000,0.000000,0.000000,0.000000,0.000000,0.000000,20.285498,0.000000,0.000000,0.000000,0.000000,20.581999,0.000000,0.000000,0.000000,0.000000,0.000000
1342,2,C,0.000000,0.000000,268.224640,0.000000,0.000000,0.000000,0.000000,0.000000,0.000000,323.820557,0.000000,0.000000,0.000000,0.000000,84.458015,0.000000,0.000000,0.000000,0.000000,0.000000,0.000000,38.320873,0.000000,151.107071,0.000000,70.662613,0.000000,133.690689,0.000000,0.000000,6.843614,0.000000,0.000000,0.000000,0.000000,0.000000,0.000000,0.000000,7.788994,0.000000,0.000000,0.000000,0.000000,49.097347,0.000000,0.000000,0.000000,0.000000
1343,4,E,0.000000,0.000000,0.000000,0.000000,0.000000,0.000000,0.000000,0.000000,0.000000,2.533341,288.021606,0.000000,0.000000,0.000000,129.796005,0.000000,0.000000,0.000000,0.000000,0.000000,0.000000,138.698975,0.000000,63.047459,0.000000,135.339203,0.000000,165.629364,137.762939,0.000000,0.000000,0.000000,0.000000,80.925255,0.000000,0.000000,0.000000,60.161953,0.000000,0.000000,0.000000,0.000000,0.000000,69.507072,0.000000,0.000000,0.000000,79.706367
1344,3,D,0.000000,0.000000,0.000000,0.000000,0.000000,0.000000,0.000000,0.000000,0.000000,0.000000,0.000000,0.000000,0.000000,0.000000,0.000000,0.000000,0.000000,0.000000,0.000000,0.000000,0.000000,114.040413,0.000000,70.929176,0.000000,261.224243,0.000000,343.345978,165.194809,0.000000,0.000000,0.000000,0.000000,0.000000,0.000000,0.000000,0.000000,13.027884,0.000000,0.000000,0.000000,0.000000,83.407280,0.000000,0.000000,0.000000,0.000000,0.000000
1345,1,B,0.000000,0.000000,252.333145,0.000000,0.000000,0.000000,0.000000,0.000000,0.000000,0.000000,19.750757,0.000000,0.000000,0.000000,0.000000,0.000000,0.000000,0.000000,0.000000,0.000000,0.000000,225.523407,0.000000,298.795227,0.000000,0.000000,0.000000,362.208008,0.000000,0.000000,0.000000,0.000000,0.000000,0.000000,0.000000,0.000000,0.000000,106.087387,0.000000,0.000000,0.000000,0.000000,0.000000,13.831279,0.000000,0.000000,0.000000,0.000000
1346,0,A,0.000000,0.000000,0.000000,0.000000,0.000000,0.000000,0.000000,0.000000,0.000000,227.000076,285.605804,0.000000,0.000000,0.000000,318.905914,0.000000,0.000000,0.000000,0.000000,0.000000,0.000000,0.000000,0.000000,0.000000,0.000000,260.437561,0.000000,0.000000,0.000000,0.000000,0.000000,0.000000,77.143761,84.577156,0.000000,31.586462,0.000000,1.350688,0.000000,0.000000,0.000000,0.000000,0.000000,121.029015,79.951843,0.000000,0.000000,77.993706
1347,1,B,0.000000,0.000000,290.603485,0.000000,0.000000,0.000000,0.000000,0.000000,0.000000,74.373322,26.156633,0.000000,0.000000,0.000000,0.000000,0.000000,0.000000,0.000000,0.000000,0.000000,0.000000,199.277817,0.000000,290.949371,0.000000,0.000000,0.000000,310.442352,0.000000,0.000000,0.000000,0.000000,0.000000,0.000000,0.000000,0.000000,0.000000,91.084785,2.054685,0.000000,0.000000,0.000000,0.000000,22.919146,0.000000,0.000000,0.000000,0.000000
1348,0,A,0.000000,0.000000,206.438705,0.000000,0.000000,0.000000,0.000000,0.000000,0.000000,153.502045,52.250694,0.000000,0.000000,0.000000,78.170258,0.000000,0.000000,32.276245,0.000000,0.000000,0.000000,73.544724,0.000000,117.090988,0.000000,66.070602,0.000000,121.719200,0.000000,0.000000,78.332787,0.000000,0.000000,15.298725,0.000000,0.000000,0.000000,6.780186,0.000000,0.000000,0.000000,0.000000,0.000000,39.927105,0.000000,0.000000,0.000000,0.000000
1349,3,D,0.000000,0.000000,0.000000,0.000000,0.000000,0.000000,0.000000,0.000000,0.000000,0.000000,0.000000,0.000000,0.000000,0.000000,0.000000,0.000000,0.000000,0.000000,0.000000,0.000000,0.000000,194.678574,0.000000,113.508415,0.000000,245.751709,0.000000,307.048950,101.001312,0.000000,0.000000,0.000000,0.000000,0.000000,0.000000,8.429068,0.000000,40.081928,0.000000,0.000000,0.000000,0.000000,77.872231,0.000000,0.000000,0.000000,0.000000,0.000000
1350,4,E,0.000000,0.000000,0.000000,0.000000,0.000000,0.000000,0.000000,0.000000,0.000000,83.253998,260.581390,0.000000,0.000000,0.000000,102.758652,0.000000,0.000000,0.000000,0.000000,0.000000,0.000000,142.409286,0.000000,186.107941,0.000000,0.000000,0.000000,167.775940,13.074572,0.000000,0.000000,0.000000,26.744967,69.524284,0.000000,11.830807,0.000000,94.106110,34.037086,0.000000,0.000000,0.000000,0.000000,75.134544,0.000000,0.000000,0.000000,95.006065
1351,3,D,0.000000,0.000000,0.000000,0.000000,0.000000,0.000000,0.000000,0.000000,0.000000,0.000000,0.000000,0.000000,0.000000,0.000000,0.000000,0.000000,0.000000,0.000000,0.000000,0.000000,0.000000,126.013596,0.000000,52.456253,0.000000,292.217926,0.000000,323.743164,197.107849,0.000000,0.000000,0.000000,0.000000,0.000000,0.000000,0.000000,0.000000,4.508182,0.000000,0.000000,0.000000,0.000000,89.169449,0.000000,0.000000,0.000000,0.000000,0.000000
1352,4,E,0.000000,0.000000,0.000000,0.000000,0.000000,0.000000,0.000000,0.000000,0.000000,41.021427,208.912384,0.000000,0.000000,0.000000,93.851540,0.000000,0.000000,0.000000,0.000000,0.000000,0.000000,179.171814,0.000000,46.787392,0.000000,23.016420,0.000000,134.003021,0.000000,0.000000,73.578445,0.000000,22.277536,72.838745,0.000000,6.772212,0.000000,58.316483,0.000000,0.000000,0.000000,0.000000,0.000000,59.652721,0.000000,12.017816,0.000000,74.314568
1353,3,D,0.000000,0.000000,0.000000,0.000000,0.000000,0.000000,0.000000,0.000000,0.000000,0.000000,76.487617,0.000000,0.000000,0.000000,0.000000,0.000000,0.000000,0.000000,0.000000,0.000000,0.000000,172.741669,0.000000,102.125320,0.000000,193.960190,0.000000,361.439484,177.780304,0.000000,0.000000,0.000000,0.000000,0.000000,0.000000,0.000000,0.000000,44.649830,0.000000,0.000000,0.000000,0.000000,54.912079,0.000000,0.000000,0.000000,0.000000,0.000000
1354,2,C,0.000000,0.000000,140.472565,0.000000,0.000000,0.000000,0.000000,0.000000,0.000000,433.923431,0.000000,0.000000,0.000000,0.000000,92.901520,0.000000,0.000000,0.000000,0.000000,0.000000,0.000000,2.598122,0.000000,95.871101,0.000000,178.131332,0.000000,136.830109,0.000000,0.000000,0.000000,0.000000,0.000000,0.000000,0.000000,0.000000,0.000000,0.000000,25.746256,0.000000,0.000000,0.000000,0.000000,47.468880,0.000000,0.000000,0.000000,0.000000
1355,2,C,0.000000,0.000000,221.882034,0.000000,0.000000,0.000000,0.000000,0.000000,0.000000,187.268784,0.000000,0.000000,0.000000,0.000000,62.749336,0.000000,0.000000,41.401138,0.000000,0.000000,0.000000,67.318878,0.000000,139.822510,0.000000,57.564625,0.000000,138.630051,0.000000,0.000000,26.877924,0.000000,0.000000,0.000000,0.000000,0.000000,0.000000,10.823718,0.000000,0.000000,0.000000,0.000000,0.000000,27.755850,0.000000,0.000000,0.000000,0.000000
1356,4,E,0.000000,0.000000,0.000000,0.000000,0.000000,0.000000,0.000000,0.000000,0.000000,89.706268,188.942581,0.000000,0.000000,0.000000,224.160889,0.000000,0.000000,0.000000,0.000000,0.000000,0.000000,112.980484,0.000000,150.802109,0.000000,0.000000,0.000000,74.070297,0.000000,0.000000,65.809143,0.000000,40.888103,80.910713,0.000000,0.000000,0.000000,48.761204,0.000000,0.000000,0.000000,0.000000,0.000000,97.325699,0.000000,23.215963,0.000000,76.493515
1357,4,E,0.000000,0.000000,0.000000,0.000000,0.000000,0.000000,0.000000,0.000000,0.000000,169.412689,167.420822,0.000000,0.000000,0.000000,33.541767,0.000000,0.000000,0.000000,0.000000,0.000000,0.000000,52.013100,0.000000,122.622238,0.000000,98.684120,0.000000,187.294907,0.000000,0.000000,0.000000,0.000000,3.788398,24.710075,0.000000,32.778095,0.000000,45.310040,28.553791,0.000000,0.000000,0.000000,0.000000,39.726116,0.000000,0.000000,0.000000,50.545124
1358,2,C,0.000000,0.000000,203.084015,0.000000,0.000000,0.000000,0.000000,0.000000,0.000000,245.461288,0.000000,0.000000,0.000000,0.000000,58.247910,0.000000,0.000000,0.000000,0.000000,0.000000,0.000000,56.639885,0.000000,142.115387,0.000000,145.007874,0.000000,155.531784,0.000000,0.000000,30.115427,0.000000,0.000000,0.000000,0.000000,0.000000,0.000000,0.000000,0.000000,0.000000,0.000000,0.000000,0.000000,34.089355,0.000000,0.000000,0.000000,0.000000
1359,0,A,0.000000,0.000000,0.000000,0.000000,0.000000,0.000000,0.000000,0.000000,0.000000,116.518784,331.049561,0.000000,0.000000,0.000000,332.498260,0.000000,0.000000,0.000000,0.000000,0.000000,0.000000,0.000000,0.000000,0.000000,0.000000,252.755814,0.000000,0.000000,13.767027,0.000000,91.955627,0.000000,70.135483,124.812454,0.000000,29.221432,0.000000,0.000000,0.000000,0.000000,0.000000,0.000000,0.000000,127.855125,91.810333,0.000000,0.000000,93.878250
1360,4,E,0.000000,0.000000,0.000000,0.000000,0.000000,0.000000,0.000000,0.000000,0.000000,0.000000,134.469131,0.000000,0.000000,0.000000,98.050529,0.000000,0.000000,0.000000,0.000000,0.000000,0.000000,149.395401,0.000000,86.156654,0.000000,89.870621,0.000000,210.453308,0.000000,0.000000,0.000000,0.000000,0.000000,30.374163,0.000000,7.694268,0.000000,66.376022,7.534113,0.000000,0.000000,0.000000,0.000000,36.840054,0.000000,0.000000,0.000000,38.846207
1361,3,D,0.000000,0.000000,0.000000,0.000000,0.000000,0.000000,0.000000,0.000000,0.000000,0.000000,0.000000,0.000000,0.000000,0.000000,0.000000,0.000000,0.000000,0.000000,0.000000,0.000000,0.000000,33.170601,0.000000,50.976280,0.000000,300.554840,0.000000,332.704834,125.290504,0.000000,0.000000,0.000000,0.000000,0.000000,0.000000,8.917635,0.000000,0.000000,0.000000,0.000000,0.000000,0.000000,85.299164,0.000000,0.000000,0.000000,0.000000,0.000000
1362,4,E,0.000000,0.000000,60.413784,0.000000,0.000000,0.000000,0.000000,0.000000,0.000000,78.044640,160.405106,0.000000,0.000000,0.000000,165.641052,0.000000,0.000000,0.000000,0.000000,0.000000,0.000000,105.455940,0.000000,130.983688,0.000000,24.976452,0.000000,95.204979,0.000000,0.000000,105.428703,0.000000,11.862752,74.402351,0.000000,0.000000,0.000000,32.765945,0.000000,0.000000,0.000000,0.000000,0.000000,78.887848,0.000000,5.194427,0.000000,57.022587
1363,3,D,0.000000,0.000000,0.000000,0.000000,0.000000,0.000000,0.000000,0.000000,0.000000,0.000000,0.000000,0.000000,0.000000,0.000000,0.000000,0.000000,0.000000,0.000000,0.000000,0.000000,0.000000,122.244095,0.000000,55.095848,0.000000,280.497925,0.000000,330.316864,200.279465,0.000000,0.000000,0.000000,0.000000,0.000000,0.000000,0.000000,0.000000,5.107093,0.000000,0.000000,0.000000,0.000000,87.623581,0.000000,0.000000,0.000000,0.000000,0.000000
1364,2,C,0.000000,0.000000,244.788834,0.000000,0.000000,0.000000,0.000000,0.000000,0.000000,161.889130,0.000000,0.000000,0.000000,0.000000,55.479656,0.000000,0.000000,66.087753,0.000000,0.000000,0.000000,51.050922,0.000000,125.025650,0.000000,52.947010,0.000000,130.920624,0.000000,0.000000,41.459618,0.000000,0.000000,0.000000,0.000000,0.000000,0.000000,4.639287,0.000000,0.000000,0.000000,0.000000,0.000000,20.121513,0.000000,0.000000,0.000000,0.000000
1365,0,A,0.000000,0.000000,230.729752,0.000000,0.000000,0.000000,0.000000,0.000000,0.000000,110.865257,37.121395,0.000000,0.000000,0.000000,63.030289,0.000000,0.000000,45.062553,0.000000,0.000000,0.000000,81.113243,0.000000,122.654282,0.000000,37.861637,0.000000,142.106689,0.000000,0.000000,57.747253,0.000000,0.000000,4.916782,0.000000,0.000000,0.000000,18.093714,0.000000,0.000000,0.000000,0.000000,0.000000,28.532377,0.000000,0.000000,0.000000,0.000000
1366,4,E,0.000000,0.000000,0.000000,0.000000,0.000000,0.000000,0.000000,0.000000,0.000000,26.207853,199.734406,0.000000,0.000000,0.000000,98.288452,0.000000,0.000000,0.000000,0.000000,0.000000,0.000000,92.210190,0.000000,85.520027,0.000000,70.052078,0.000000,204.652756,0.000000,0.000000,2.037523,0.000000,2.216666,49.594402,0.000000,12.051132,0.000000,65.594490,12.628439,9.042981,0.000000,0.000000,0.000000,46.898888,0.000000,0.000000,0.000000,63.055721
1367,4,E,0.000000,0.000000,0.000000,0.000000,0.000000,0.000000,0.000000,0.000000,0.000000,73.671410,180.015549,0.000000,0.000000,0.000000,0.000000,0.000000,0.000000,0.000000,0.000000,0.000000,0.000000,151.484726,0.000000,175.394684,0.000000,0.000000,0.000000,164.956726,0.000000,0.000000,0.000000,0.000000,4.901134,36.126957,0.000000,21.488373,0.000000,86.023865,35.992031,0.000000,0.000000,0.000000,0.000000,39.754295,0.000000,0.000000,0.000000,65.466110
1368,2,C,0.000000,0.000000,261.829315,0.000000,0.000000,0.000000,0.000000,0.000000,0.000000,304.164307,0.000000,0.000000,0.000000,0.000000,79.162239,0.000000,0.000000,0.000000,0.000000,0.000000,0.000000,44.998112,0.000000,154.672760,0.000000,76.788635,0.000000,140.652130,0.000000,0.000000,0.000000,0.000000,0.000000,0.000000,0.000000,0.000000,0.000000,2.874576,8.028313,0.000000,0.000000,0.000000,0.000000,45.895164,0.000000,0.000000,0.000000,0.000000
1369,4,E,0.000000,0.000000,0.000000,0.000000,0.000000,0.000000,0.000000,0.000000,0.000000,0.000000,246.051529,0.000000,0.000000,0.000000,0.000000,0.000000,0.000000,0.000000,0.000000,0.000000,0.000000,262.228424,0.000000,75.363625,0.000000,183.753128,0.000000,328.603455,346.806091,0.000000,0.000000,0.000000,0.000000,52.006775,0.000000,0.000000,0.000000,59.753395,0.000000,0.000000,0.000000,0.000000,15.820378,33.462070,0.000000,0.000000,0.000000,48.668587
1370,0,A,0.000000,0.000000,194.088242,0.000000,0.000000,0.000000,0.000000,0.000000,0.000000,98.129875,55.158443,0.000000,0.000000,0.000000,61.245071,0.000000,0.000000,44.935413,0.000000,0.000000,0.000000,74.904991,0.000000,118.989487,0.000000,69.223381,0.000000,129.270996,0.000000,0.000000,101.309486,0.000000,0.000000,17.434322,0.000000,0.000000,0.000000,8.211683,0.000000,0.000000,0.000000,0.000000,0.000000,30.910669,0.000000,0.000000,0.000000,0.000000
1371,3,D,0.000000,0.000000,0.000000,0.000000,0.000000,0.000000,0.000000,0.000000,0.000000,0.000000,0.000000,0.000000,0.000000,0.000000,0.000000,0.000000,0.000000,0.000000,0.000000,0.000000,0.000000,100.234818,0.000000,60.797504,0.000000,291.384277,0.000000,297.379364,149.841003,0.000000,0.000000,0.000000,0.000000,0.000000,0.000000,1.864454,0.000000,5.772454,0.000000,0.000000,0.000000,0.000000,84.371910,0.000000,0.000000,0.000000,0.000000,0.000000
1372,2,C,0.000000,0.000000,253.033081,0.000000,0.000000,0.000000,0.000000,0.000000,0.000000,274.755005,0.000000,0.000000,0.000000,0.000000,61.074585,0.000000,0.000000,0.000000,0.000000,0.000000,0.000000,54.320000,0.000000,149.868454,0.000000,84.957764,0.000000,141.973679,0.000000,0.000000,8.824045,0.000000,0.000000,0.000000,0.000000,0.000000,0.000000,4.415968,0.497858,0.000000,0.000000,0.000000,0.000000,39.834415,0.000000,0.000000,0.000000,0.000000
1373,3,D,0.000000,0.000000,0.000000,0.000000,0.000000,0.000000,0.000000,0.000000,0.000000,0.000000,0.000000,0.000000,0.000000,0.000000,0.000000,0.000000,0.000000,0.000000,0.000000,0.000000,0.000000,171.233765,0.000000,68.797989,0.000000,246.483948,0.000000,274.098114,31.630608,0.000000,0.000000,0.000000,0.000000,0.000000,0.000000,24.464497,0.000000,37.126522,0.000000,0.000000,0.000000,0.000000,70.697678,0.000000,0.000000,0.000000,0.000000,0.000000
1374,2,C,0.000000,0.000000,263.784119,0.000000,0.000000,0.000000,0.000000,0.000000,0.000000,321.439331,0.000000,0.000000,0.000000,0.000000,85.549416,0.000000,0.000000,0.000000,0.000000,0.000000,0.000000,51.288193,0.000000,149.099396,0.000000,79.084312,0.000000,136.829178,0.000000,0.000000,0.000000,0.000000,0.000000,0.000000,0.000000,0.000000,0.000000,1.165194,10.324591,0.000000,0.000000,0.000000,0.000000,48.701881,0.000000,0.000000,0.000000,0.000000
1375,3,D,0.000000,0.000000,0.000000,0.000000,0.000000,0.000000,0.000000,0.000000,0.000000,0.000000,0.000000,0.000000,0.000000,0.000000,0.000000,0.000000,0.000000,0.000000,0.000000,0.000000,0.000000,232.599258,0.000000,162.591751,0.000000,239.985291,0.000000,303.960815,73.271019,0.000000,0.000000,0.000000,0.000000,0.000000,0.000000,18.035770,0.000000,57.277905,0.000000,0.000000,0.000000,0.000000,77.255005,0.000000,0.000000,0.000000,0.000000,0.000000
1376,1,B,0.000000,0.000000,270.955536,0.000000,0.000000,0.000000,0.000000,0.000000,0.000000,0.000000,0.000000,0.000000,0.000000,0.000000,0.000000,0.000000,0.000000,0.000000,0.000000,0.000000,0.000000,250.698120,0.000000,343.396118,0.000000,0.000000,0.000000,388.949707,0.000000,0.000000,0.000000,0.000000,0.000000,0.000000,0.000000,0.000000,0.000000,114.890724,0.000000,0.000000,0.000000,0.000000,0.000000,13.672963,0.000000,0.000000,0.000000,0.000000
1377,1,B,0.000000,0.000000,291.351318,0.000000,0.000000,0.000000,0.000000,0.000000,0.000000,153.497604,1.011928,0.000000,0.000000,0.000000,0.000000,0.000000,0.000000,0.000000,0.000000,0.000000,0.000000,164.452728,0.000000,273.716339,0.000000,0.000000,0.000000,260.771820,0.000000,0.000000,0.000000,0.000000,0.000000,0.000000,0.000000,0.000000,0.000000,68.356148,9.065122,0.000000,0.000000,0.000000,0.000000,25.773558,0.000000,0.000000,0.000000,0.000000
1378,2,C,0.000000,0.000000,110.914185,0.000000,0.000000,0.000000,0.000000,0.000000,0.000000,444.911926,0.000000,0.000000,0.000000,0.000000,117.246971,0.000000,0.000000,0.000000,0.000000,0.000000,0.000000,0.000000,0.000000,103.994301,0.000000,132.316010,0.000000,124.958885,0.000000,0.000000,0.000000,0.000000,0.000000,0.000000,0.000000,0.000000,0.000000,0.000000,38.347294,0.000000,0.000000,0.000000,0.000000,55.573742,0.000000,0.000000,0.000000,0.000000
1379,0,A,0.000000,0.000000,0.000000,0.000000,0.000000,0.000000,0.000000,0.000000,0.000000,142.685074,317.145264,0.000000,0.000000,0.000000,287.692230,0.000000,0.000000,0.000000,0.000000,0.000000,0.000000,59.465549,0.000000,0.000000,0.000000,212.368958,0.000000,0.000000,0.000000,0.000000,59.484795,0.000000,74.981674,109.885933,0.000000,28.798235,0.000000,15.007264,0.000000,0.000000,0.000000,0.000000,0.000000,119.830261,72.116768,0.000000,0.000000,93.649155
1380,4,E,0.000000,0.000000,0.000000,0.000000,0.000000,0.000000,0.000000,0.000000,0.000000,0.000000,263.541748,0.000000,0.000000,0.000000,0.000000,0.000000,0.000000,0.000000,0.000000,0.000000,0.000000,217.447525,0.000000,33.636059,0.000000,208.779739,0.000000,337.020935,349.109802,0.000000,0.000000,0.000000,0.000000,55.479126,0.000000,0.000000,0.000000,47.774635,0.000000,0.000000,0.000000,0.000000,14.329536,29.853052,0.000000,0.000000,0.000000,50.177387
1381,0,A,0.000000,0.000000,0.000000,0.000000,0.000000,0.000000,0.000000,0.000000,0.000000,169.351761,319.383392,0.000000,0.000000,0.000000,307.704529,0.000000,0.000000,0.000000,0.000000,0.000000,0.000000,0.000000,0.000000,0.000000,0.000000,247.060455,0.000000,0.000000,0.000000,0.000000,5.746743,0.000000,78.061699,97.706467,0.000000,31.982836,0.000000,11.678605,0.000000,0.000000,0.000000,0.000000,0.000000,119.983871,82.166740,0.000000,0.000000,89.383430
1382,4,E,0.000000,0.000000,0.000000,0.000000,0.000000,0.000000,0.000000,0.000000,0.000000,80.134521,185.834061,0.000000,0.000000,0.000000,71.608284,0.000000,0.000000,0.000000,0.000000,0.000000,0.000000,117.276794,0.000000,232.503235,0.000000,37.001316,0.000000,158.594803,6.983970,0.000000,30.110201,0.000000,3.395317,49.139633,0.000000,24.265610,0.000000,75.380585,10.781056,0.000000,0.000000,0.000000,0.000000,60.222847,0.000000,0.000000,0.000000,66.416573
1383,0,A,0.000000,0.000000,192.885117,0.000000,0.000000,0.000000,0.000000,0.000000,0.000000,54.724289,58.192341,0.000000,0.000000,0.000000,50.236958,0.000000,0.000000,30.916903,0.000000,0.000000,0.000000,87.413231,0.000000,117.282028,0.000000,71.319016,0.000000,134.559982,0.000000,0.000000,121.600067,0.000000,0.000000,27.071758,0.000000,0.000000,0.000000,10.194873,0.000000,0.000000,0.000000,0.000000,0.000000,29.240814,0.000000,0.000000,0.000000,0.000000
1384,0,A,0.000000,0.000000,0.000000,0.000000,0.000000,0.000000,0.000000,0.000000,0.000000,56.047405,320.813263,0.000000,0.000000,0.000000,310.651184,0.000000,0.000000,0.000000,0.000000,0.000000,0.000000,0.000000,0.000000,0.000000,0.000000,218.237289,0.000000,0.000000,32.504868,0.000000,79.273186,0.000000,60.662399,122.978767,0.000000,18.080317,0.000000,2.384090,0.000000,0.000000,0.000000,0.000000,0.000000,117.860130,87.117828,0.000000,0.000000,91.536964
1385,0,A,0.000000,0.000000,0.000000,0.000000,0.000000,0.000000,0.000000,0.000000,0.000000,191.124176,298.411224,0.000000,0.000000,0.000000,329.277863,0.000000,0.000000,0.000000,0.000000,0.000000,0.000000,18.946775,0.000000,0.000000,0.000000,212.179825,0.000000,0.000000,0.000000,0.000000,66.632812,0.000000,79.715462,108.579361,0.000000,24.316601,0.000000,0.000000,0.000000,0.000000,0.000000,0.000000,0.000000,128.240356,73.356323,0.000000,0.000000,89.499306
1386,4,E,0.000000,0.000000,0.000000,0.000000,0.000000,0.000000,0.000000,0.000000,0.000000,247.293472,164.210724,0.000000,0.000000,0.000000,182.897675,0.000000,0.000000,0.000000,0.000000,0.000000,0.000000,125.515991,0.000000,201.170517,0.000000,0.000000,0.000000,132.238052,0.000000,0.000000,16.942591,0.000000,38.738506,48.157597,0.000000,5.542905,0.000000,56.984402,48.019917,0.000000,0.000000,0.000000,0.000000,93.853706,0.000000,0.000000,0.000000,70.106567
1387,1,B,0.000000,0.000000,213.295303,0.000000,0.000000,0.000000,0.000000,0.000000,0.000000,79.821518,31.010912,0.000000,0.000000,0.000000,30.990219,0.000000,0.000000,88.056969,0.000000,0.000000,0.000000,87.508781,0.000000,125.311867,0.000000,72.955765,0.000000,155.383972,0.000000,0.000000,73.181915,0.000000,0.000000,0.000000,0.000000,0.000000,0.000000,17.439384,0.000000,0.000000,0.000000,0.000000,0.000000,9.913673,0.000000,0.000000,0.000000,0.000000
1388,3,D,0.000000,0.000000,0.000000,0.000000,0.000000,0.000000,0.000000,0.000000,0.000000,0.000000,0.000000,0.000000,0.000000,0.000000,0.000000,0.000000,0.000000,0.000000,0.000000,0.000000,0.000000,98.376839,0.000000,47.918571,0.000000,284.640594,0.000000,303.220856,188.955154,0.000000,0.000000,0.000000,0.000000,0.000000,0.000000,0.000000,0.000000,0.000000,0.000000,0.000000,0.000000,0.000000,85.191246,0.000000,0.000000,0.000000,0.000000,0.000000
1389,0,A,0.000000,0.000000,246.862900,0.000000,0.000000,0.000000,0.000000,0.000000,0.000000,133.751389,36.802113,0.000000,0.000000,0.000000,55.849331,0.000000,0.000000,37.775528,0.000000,0.000000,0.000000,81.520905,0.000000,132.481903,0.000000,20.220991,0.000000,133.252350,0.000000,0.000000,63.648571,0.000000,0.000000,8.119569,0.000000,0.000000,0.000000,16.809147,0.000000,0.000000,0.000000,0.000000,0.000000,32.337704,0.000000,0.000000,0.000000,0.000000
1390,1,B,0.000000,0.000000,263.138794,0.000000,0.000000,0.000000,0.000000,0.000000,0.000000,0.000000,10.564054,0.000000,0.000000,0.000000,0.000000,0.000000,0.000000,0.000000,0.000000,0.000000,0.000000,230.625427,0.000000,304.898590,0.000000,0.000000,0.000000,361.949890,0.000000,0.000000,0.000000,0.000000,0.000000,0.000000,0.000000,0.000000,0.000000,106.098885,0.000000,0.000000,0.000000,0.000000,0.000000,13.364380,0.000000,0.000000,0.000000,0.000000
1391,2,C,0.000000,0.000000,254.826920,0.000000,0.000000,0.000000,0.000000,0.000000,0.000000,411.644135,18.400455,0.000000,0.000000,0.000000,109.258904,0.000000,0.000000,0.000000,0.000000,0.000000,0.000000,27.100960,0.000000,146.670868,0.000000,106.606339,0.000000,132.300385,0.000000,0.000000,0.000000,0.000000,0.000000,0.000000,0.000000,0.000000,0.000000,0.000000,19.698292,0.000000,0.000000,0.000000,0.000000,61.350056,0.000000,0.000000,0.000000,0.000000
1392,1,B,0.000000,0.000000,283.975464,0.000000,0.000000,0.000000,0.000000,0.000000,0.000000,34.295368,18.181072,0.000000,0.000000,0.000000,0.000000,0.000000,0.000000,0.000000,0.000000,0.000000,0.000000,210.475967,0.000000,295.708984,0.000000,0.000000,0.000000,332.465851,0.000000,0.000000,0.000000,0.000000,0.000000,0.000000,0.000000,0.000000,0.000000,97.348320,0.000000,0.000000,0.000000,0.000000,0.000000,17.943541,0.000000,0.000000,0.000000,0.000000
1393,0,A,0.000000,0.000000,208.048141,0.000000,0.000000,0.000000,0.000000,0.000000,0.000000,84.301796,49.895424,0.000000,0.000000,0.000000,48.398399,0.000000,0.000000,45.549500,0.000000,0.000000,0.000000,79.949608,0.000000,115.945152,0.000000,77.585419,0.000000,142.974701,0.000000,0.000000,100.886826,0.000000,0.000000,14.058916,0.000000,0.000000,0.000000,9.609842,0.000000,0.000000,0.000000,0.000000,0.000000,25.285038,0.000000,0.000000,0.000000,0.000000
1394,4,E,0.000000,0.000000,0.000000,0.000000,0.000000,0.000000,0.000000,0.000000,0.000000,153.603058,233.306778,0.000000,0.000000,0.000000,63.190315,0.000000,0.000000,0.000000,0.000000,0.000000,0.000000,35.328228,0.000000,0.000000,0.000000,211.424393,0.000000,125.576775,0.000000,0.000000,145.440231,0.000000,17.187294,74.487930,0.000000,52.262005,0.000000,0.000000,0.000000,0.000000,0.000000,0.000000,0.000000,54.137123,22.055326,0.000000,0.000000,61.265369
1395,4,E,0.000000,0.000000,0.000000,0.000000,0.000000,0.000000,0.000000,0.000000,0.000000,63.287788,228.990005,0.000000,0.000000,0.000000,178.499191,0.000000,0.000000,0.000000,0.000000,0.000000,0.000000,100.892456,0.000000,105.453972,0.000000,0.000000,0.000000,31.046236,0.000000,0.000000,0.786462,0.000000,54.920166,76.944191,0.000000,1.452713,0.000000,61.851807,18.782539,0.000000,0.000000,0.000000,0.000000,87.226944,0.000000,7.455547,0.000000,85.427544
1396,3,D,0.000000,0.000000,0.000000,0.000000,0.000000,0.000000,0.000000,0.000000,0.000000,0.000000,0.000000,0.000000,0.000000,0.000000,0.000000,0.000000,0.000000,0.000000,0.000000,0.000000,0.000000,109.259544,0.000000,57.449261,0.000000,293.510315,0.000000,305.257050,152.968765,0.000000,0.000000,0.000000,0.000000,0.000000,0.000000,0.587854,0.000000,6.898158,0.000000,0.000000,0.000000,0.000000,85.606453,0.000000,0.000000,0.000000,0.000000,0.000000
1397,4,E,0.000000,0.000000,0.000000,0.000000,0.000000,0.000000,0.000000,0.000000,0.000000,179.491333,169.319489,0.000000,0.000000,0.000000,25.728769,0.000000,0.000000,0.000000,0.000000,0.000000,0.000000,0.000000,0.000000,84.959251,0.000000,53.056362,0.000000,184.714539,0.000000,0.000000,0.000000,0.000000,12.876836,27.872637,0.000000,24.514883,0.000000,34.046165,36.194157,7.877086,0.000000,0.000000,0.000000,35.544067,0.000000,0.000000,0.000000,55.461040
1398,2,C,0.000000,0.000000,270.004883,0.000000,0.000000,0.000000,0.000000,0.000000,0.000000,280.608368,0.000000,0.000000,0.000000,0.000000,50.922485,0.000000,0.000000,0.000000,0.000000,0.000000,0.000000,44.987209,0.000000,166.001526,0.000000,87.100082,0.000000,156.470139,0.000000,0.000000,29.131626,0.000000,0.000000,0.000000,0.000000,0.000000,0.000000,0.940260,0.000000,0.000000,0.000000,0.000000,0.000000,39.090263,0.000000,0.000000,0.000000,0.000000
1399,2,C,0.000000,0.000000,240.889191,0.000000,0.000000,0.000000,0.000000,0.000000,0.000000,360.202820,0.000000,0.000000,0.000000,0.000000,88.182510,0.000000,0.000000,0.000000,0.000000,0.000000,0.000000,20.695375,0.000000,132.779343,0.000000,107.297424,0.000000,129.784988,0.000000,0.000000,0.000000,0.000000,0.000000,0.000000,0.000000,0.000000,0.000000,0.000000,12.549147,0.000000,0.000000,0.000000,0.000000,48.858891,0.000000,0.000000,0.000000,0.000000
1400,1,B,0.000000,0.000000,256.036407,0.000000,0.000000,0.000000,0.000000,0.000000,0.000000,0.000000,17.099882,0.000000,0.000000,0.000000,0.000000,0.000000,0.000000,0.000000,0.000000,0.000000,0.000000,265.429993,0.000000,333.390411,0.000000,0.000000,0.000000,390.227264,0.000000,0.000000,0.000000,0.000000,0.000000,0.000000,0.000000,0.000000,0.000000,119.263100,3.200422,0.000000,0.000000,0.000000,0.000000,15.783619,0.000000,0.000000,0.000000,0.000000
1401,4,E,0.000000,0.000000,0.000000,0.000000,0.000000,0.000000,0.000000,0.000000,0.000000,0.000000,219.724716,0.000000,0.000000,0.000000,246.525299,0.000000,0.000000,0.000000,0.000000,0.000000,0.000000,191.621002,0.000000,214.410828,0.000000,74.164391,0.000000,129.359116,40.365551,0.000000,0.000000,0.000000,11.677122,74.962921,0.000000,0.000000,0.000000,90.516068,0.000000,0.000000,0.000000,0.000000,0.000000,99.600243,0.000000,5.925124,0.000000,74.812012
1402,4,E,0.000000,0.000000,0.000000,0.000000,0.000000,0.000000,0.000000,0.000000,0.000000,0.000000,274.241852,0.000000,0.000000,0.000000,33.186768,0.000000,0.000000,0.000000,0.000000,0.000000,0.000000,188.926941,0.000000,49.552731,0.000000,165.712128,0.000000,269.158386,281.888672,0.000000,0.000000,0.000000,0.000000,65.472313,0.000000,0.000000,0.000000,53.192795,0.000000,0.000000,0.000000,0.000000,0.000000,42.867123,0.000000,0.000000,0.000000,62.790672
1403,4,E,0.000000,0.000000,0.000000,0.000000,0.000000,0.000000,0.000000,0.000000,0.000000,159.493683,57.704781,0.000000,0.000000,0.000000,0.000000,0.000000,0.000000,0.000000,0.000000,0.000000,0.000000,33.858902,0.000000,28.672476,0.000000,133.001556,0.000000,251.546677,0.000000,0.000000,0.000000,0.000000,0.000000,0.000000,0.000000,23.555548,0.000000,15.363708,23.447098,2.991765,0.000000,0.000000,12.909614,2.674700,0.000000,0.000000,0.000000,6.577840
1404,3,D,0.000000,0.000000,238.778946,0.000000,0.000000,0.000000,0.000000,0.000000,0.000000,125.904419,0.000000,0.000000,0.000000,0.000000,0.000000,0.000000,0.000000,142.184769,0.000000,0.000000,0.000000,138.570175,0.000000,210.014206,0.000000,103.903137,0.000000,260.817596,0.000000,0.000000,0.000000,0.000000,0.000000,0.000000,0.000000,0.000000,0.000000,51.358967,0.000000,0.000000,0.000000,0.000000,16.189217,0.000000,0.000000,0.000000,0.000000,0.000000
1405,3,D,0.000000,0.000000,0.000000,0.000000,0.000000,0.000000,0.000000,0.000000,0.000000,0.000000,0.000000,0.000000,0.000000,0.000000,0.000000,0.000000,0.000000,0.000000,0.000000,0.000000,0.000000,140.401901,0.000000,42.804237,0.000000,190.406982,0.000000,272.642670,104.662476,0.000000,27.009083,0.000000,0.000000,0.000000,0.000000,0.000000,0.000000,16.146132,0.000000,0.000000,0.000000,0.000000,59.598335,0.000000,0.000000,0.000000,0.000000,0.000000
1406,1,B,0.000000,0.000000,276.090729,0.000000,0.000000,0.000000,0.000000,0.000000,0.000000,55.674458,2.642650,0.000000,0.000000,0.000000,0.000000,0.000000,0.000000,0.000000,0.000000,0.000000,0.000000,195.523148,0.000000,278.701141,0.000000,0.000000,0.000000,318.809692,0.000000,0.000000,0.000000,0.000000,0.000000,0.000000,0.000000,0.000000,0.000000,87.227638,0.796267,0.000000,0.000000,0.000000,0.000000,16.168312,0.000000,0.000000,0.000000,0.000000
1407,3,D,0.000000,0.000000,0.000000,0.000000,0.000000,0.000000,0.000000,0.000000,0.000000,6.135206,32.414303,0.000000,0.000000,0.000000,0.000000,0.000000,0.000000,0.000000,0.000000,0.000000,0.000000,139.646408,0.000000,96.413147,0.000000,201.088638,0.000000,301.968384,43.029060,0.000000,0.000000,0.000000,0.000000,0.000000,0.000000,18.445440,0.000000,44.002834,0.000000,0.000000,0.000000,0.000000,55.588478,0.000000,0.000000,0.000000,0.000000,0.000000
1408,4,E,0.000000,0.000000,0.000000,0.000000,0.000000,0.000000,0.000000,0.000000,0.000000,0.000000,98.840660,0.000000,0.000000,0.000000,79.384079,0.000000,0.000000,0.000000,0.000000,0.000000,0.000000,176.258759,0.000000,165.424576,0.000000,128.974655,0.000000,243.821625,0.000000,0.000000,0.000000,0.000000,0.000000,13.168285,0.000000,18.895790,0.000000,75.868004,2.203380,0.000000,0.000000,0.000000,0.825145,30.833233,0.000000,0.000000,0.000000,23.333223
1409,0,A,0.000000,0.000000,0.000000,0.000000,0.000000,0.000000,0.000000,0.000000,0.000000,180.279602,301.235229,0.000000,0.000000,0.000000,356.759308,0.000000,0.000000,0.000000,0.000000,0.000000,0.000000,0.000000,0.000000,0.000000,0.000000,210.097336,0.000000,0.000000,0.000000,0.000000,96.359154,0.000000,80.478905,119.476028,0.000000,21.841454,0.000000,0.000000,0.000000,0.000000,0.000000,0.000000,0.000000,134.585663,77.825996,0.000000,0.000000,91.840431
1410,0,A,0.000000,0.000000,216.828995,0.000000,0.000000,0.000000,0.000000,0.000000,0.000000,109.568893,55.960629,0.000000,0.000000,0.000000,61.372299,0.000000,0.000000,22.987778,0.000000,0.000000,0.000000,71.445747,0.000000,120.456612,0.000000,62.816685,0.000000,136.355179,0.000000,0.000000,102.047134,0.000000,0.000000,24.092728,0.000000,0.000000,0.000000,7.405932,0.000000,0.000000,0.000000,0.000000,0.000000,35.836613,0.000000,0.000000,0.000000,0.000000
1411,0,A,0.000000,0.000000,234.372192,0.000000,0.000000,0.000000,0.000000,0.000000,0.000000,143.033646,33.370899,0.000000,0.000000,0.000000,70.085770,0.000000,0.000000,43.669254,0.000000,0.000000,0.000000,74.499718,0.000000,129.445923,0.000000,20.777086,0.000000,127.823204,0.000000,0.000000,51.456497,0.000000,0.000000,4.004877,0.000000,0.000000,0.000000,15.921215,0.000000,0.000000,0.000000,0.000000,0.000000,33.538265,0.000000,0.000000,0.000000,0.000000
1412,4,E,0.000000,0.000000,0.000000,0.000000,0.000000,0.000000,0.000000,0.000000,0.000000,146.475418,216.554764,0.000000,0.000000,0.000000,139.978989,0.000000,0.000000,0.000000,0.000000,0.000000,0.000000,0.000000,0.000000,112.388832,0.000000,44.936939,0.000000,156.559906,0.000000,0.000000,0.000000,0.000000,31.869444,56.574139,0.000000,13.682767,0.000000,43.652397,27.663250,1.780375,0.000000,0.000000,0.000000,69.013329,0.000000,0.000000,0.000000,75.280487
1413,4,E,0.000000,0.000000,199.757874,0.000000,0.000000,0.000000,0.000000,0.000000,0.000000,18.786583,54.250866,0.000000,0.000000,0.000000,6.803741,0.000000,0.000000,53.466393,0.000000,0.000000,0.000000,117.239372,0.000000,149.938187,0.000000,47.755730,0.000000,186.214615,0.000000,0.000000,85.467125,0.000000,0.000000,7.784458,0.000000,0.000000,0.000000,36.815979,0.000000,0.000000,0.000000,0.000000,0.000000,11.574755,0.000000,0.000000,0.000000,0.000000
1414,2,C,0.000000,0.000000,257.679138,0.000000,0.000000,0.000000,0.000000,0.000000,0.000000,266.737366,0.000000,0.000000,0.000000,0.000000,52.033245,0.000000,0.000000,0.000000,0.000000,0.000000,0.000000,46.816334,0.000000,149.787659,0.000000,85.657936,0.000000,146.301056,0.000000,0.000000,0.000000,0.000000,0.000000,0.000000,0.000000,0.000000,0.000000,6.161517,2.043893,0.000000,0.000000,0.000000,0.000000,36.234764,0.000000,0.000000,0.000000,0.000000
1415,2,C,0.000000,0.000000,257.710510,0.000000,0.000000,0.000000,0.000000,0.000000,0.000000,290.685699,0.000000,0.000000,0.000000,0.000000,61.543404,0.000000,0.000000,0.000000,0.000000,0.000000,0.000000,45.804722,0.000000,148.020981,0.000000,90.411102,0.000000,139.517838,0.000000,0.000000,0.471483,0.000000,0.000000,0.000000,0.000000,0.000000,0.000000,2.580184,4.220269,0.000000,0.000000,0.000000,0.000000,40.272694,0.000000,0.000000,0.000000,0.000000
1416,3,D,0.000000,0.000000,0.000000,0.000000,0.000000,0.000000,0.000000,0.000000,0.000000,0.000000,0.000000,0.000000,0.000000,0.000000,0.000000,0.000000,0.000000,0.000000,0.000000,0.000000,0.000000,167.673172,0.000000,92.049988,0.000000,312.007660,0.000000,307.328918,94.565460,0.000000,0.000000,0.000000,0.000000,0.000000,0.000000,20.306990,0.000000,28.603285,0.000000,0.000000,0.000000,0.000000,88.384315,0.000000,0.000000,0.000000,0.000000,0.000000
1417,0,A,0.000000,0.000000,0.000000,0.000000,0.000000,0.000000,0.000000,0.000000,0.000000,102.399490,309.016907,0.000000,0.000000,0.000000,274.632690,0.000000,0.000000,0.000000,0.000000,0.000000,0.000000,0.000000,0.000000,0.000000,0.000000,286.673553,0.000000,0.963152,47.353443,0.000000,0.000000,0.000000,52.497498,92.290054,0.000000,27.943283,0.000000,8.216063,0.000000,0.000000,0.000000,0.000000,0.000000,105.898125,93.833084,0.000000,0.000000,76.712891
1418,3,D,0.000000,0.000000,0.000000,0.000000,0.000000,0.000000,0.000000,0.000000,0.000000,0.000000,0.000000,0.000000,0.000000,0.000000,0.000000,0.000000,0.000000,0.000000,0.000000,0.000000,0.000000,103.954117,0.000000,51.155579,0.000000,290.286774,0.000000,303.586151,167.266830,0.000000,0.000000,0.000000,0.000000,0.000000,0.000000,0.000000,0.000000,3.261235,0.000000,0.000000,0.000000,0.000000,85.357368,0.000000,0.000000,0.000000,0.000000,0.000000
1419,4,E,0.000000,0.000000,0.000000,0.000000,0.000000,0.000000,0.000000,0.000000,0.000000,65.981827,158.085770,0.000000,0.000000,0.000000,165.233780,0.000000,0.000000,0.000000,0.000000,0.000000,0.000000,20.317589,0.000000,154.254028,0.000000,1.639712,0.000000,93.668289,0.000000,0.000000,212.792282,0.000000,18.500130,97.904205,0.000000,10.990916,0.000000,0.249665,0.000000,0.000000,0.000000,0.000000,0.000000,80.529076,0.000000,40.520947,0.000000,66.844124
1420,3,D,0.000000,0.000000,0.000000,0.000000,0.000000,0.000000,0.000000,0.000000,0.000000,0.000000,0.000000,0.000000,0.000000,0.000000,0.000000,0.000000,0.000000,0.000000,0.000000,0.000000,0.000000,125.478882,0.000000,139.780746,0.000000,262.953247,0.000000,259.702332,204.811600,0.000000,36.411400,0.000000,0.000000,0.000000,0.000000,0.000000,0.000000,4.290362,0.000000,0.000000,0.000000,0.000000,77.477875,0.000000,0.000000,0.000000,0.000000,0.000000
1421,4,E,0.000000,0.000000,0.000000,0.000000,0.000000,0.000000,0.000000,0.000000,0.000000,6.247643,236.295715,0.000000,0.000000,0.000000,105.625961,0.000000,0.000000,0.000000,0.000000,0.000000,0.000000,0.000000,0.000000,31.234165,0.000000,67.558334,0.000000,117.928909,46.000435,0.000000,42.183929,0.000000,16.382229,77.062172,0.000000,4.240581,0.000000,28.225630,0.000000,0.000000,0.000000,0.000000,0.000000,53.724621,1.244895,0.000000,0.000000,73.022354
1422,1,B,0.000000,0.000000,250.255997,0.000000,0.000000,0.000000,0.000000,0.000000,0.000000,158.252151,0.000000,0.000000,0.000000,0.000000,28.787159,0.000000,0.000000,46.315311,0.000000,0.000000,0.000000,84.023003,0.000000,148.682526,0.000000,39.908588,0.000000,157.179001,0.000000,0.000000,28.234552,0.000000,0.000000,0.000000,0.000000,0.000000,0.000000,20.221725,0.000000,0.000000,0.000000,0.000000,0.000000,18.582172,0.000000,0.000000,0.000000,0.000000
1423,4,E,0.000000,0.000000,80.663322,0.000000,0.000000,0.000000,0.000000,0.000000,0.000000,14.422170,207.073624,0.000000,0.000000,0.000000,0.000000,0.000000,0.000000,0.000000,0.000000,0.000000,0.000000,225.913391,0.000000,261.951202,0.000000,0.000000,0.000000,200.564285,0.000000,0.000000,8.412263,0.000000,0.000000,46.993420,0.000000,1.845930,0.000000,119.602974,17.801802,0.000000,0.000000,0.000000,0.000000,48.317814,0.000000,0.000000,0.000000,68.044373
1424,0,A,0.000000,0.000000,0.000000,0.000000,0.000000,0.000000,0.000000,0.000000,0.000000,195.079025,312.015808,0.000000,0.000000,0.000000,344.691284,0.000000,0.000000,0.000000,0.000000,0.000000,0.000000,0.000000,0.000000,0.000000,0.000000,248.693207,0.000000,0.000000,0.000000,0.000000,68.955132,0.000000,79.821724,111.856750,0.000000,30.291426,0.000000,0.000000,0.000000,0.000000,0.000000,0.000000,0.000000,132.114975,84.135094,0.000000,0.000000,90.064377
1425,1,B,0.000000,0.000000,282.442932,0.000000,0.000000,0.000000,0.000000,0.000000,0.000000,72.809891,33.539200,0.000000,0.000000,0.000000,0.000000,0.000000,0.000000,0.000000,0.000000,0.000000,0.000000,214.784424,0.000000,314.793549,0.000000,0.000000,0.000000,328.069733,0.000000,0.000000,0.000000,0.000000,0.000000,0.000000,0.000000,0.000000,0.000000,99.752602,4.938148,0.000000,0.000000,0.000000,0.000000,24.868956,0.000000,0.000000,0.000000,0.000000
1426,2,C,0.000000,0.000000,107.149765,0.000000,0.000000,0.000000,0.000000,0.000000,0.000000,387.037567,0.000000,0.000000,0.000000,0.000000,62.386257,0.000000,0.000000,0.000000,0.000000,0.000000,0.000000,1.094104,0.000000,76.171448,0.000000,209.514877,0.000000,165.070969,0.000000,0.000000,0.000000,0.000000,0.000000,0.000000,0.000000,6.885635,0.000000,0.000000,19.833771,0.000000,0.000000,0.000000,0.000000,32.394733,0.000000,0.000000,0.000000,0.000000
1427,0,A,0.000000,0.000000,193.016678,0.000000,0.000000,0.000000,0.000000,0.000000,0.000000,91.647194,60.381714,0.000000,0.000000,0.000000,65.281143,0.000000,0.000000,41.352070,0.000000,0.000000,0.000000,76.035942,0.000000,113.107330,0.000000,74.303146,0.000000,126.272614,0.000000,0.000000,109.172874,0.000000,0.000000,22.161867,0.000000,0.000000,0.000000,6.571092,0.000000,0.000000,0.000000,0.000000,0.000000,32.797337,0.000000,0.000000,0.000000,0.000000
1428,0,A,0.000000,0.000000,202.922180,0.000000,0.000000,0.000000,0.000000,0.000000,0.000000,88.653976,39.922707,0.000000,0.000000,0.000000,59.358982,0.000000,0.000000,50.841305,0.000000,0.000000,0.000000,81.982925,0.000000,118.614632,0.000000,65.715584,0.000000,140.136169,0.000000,0.000000,80.319809,0.000000,0.000000,7.186272,0.000000,0.000000,0.000000,13.315238,0.000000,0.000000,0.000000,0.000000,0.000000,25.234985,0.000000,0.000000,0.000000,0.000000
1429,4,E,0.000000,0.000000,0.000000,0.000000,0.000000,0.000000,0.000000,0.000000,0.000000,192.637115,164.355286,0.000000,0.000000,0.000000,91.940407,0.000000,0.000000,0.000000,0.000000,0.000000,0.000000,0.000000,0.000000,0.000000,0.000000,31.550289,0.000000,213.731766,0.000000,0.000000,0.000000,0.000000,21.415077,34.218807,0.000000,3.040120,0.000000,22.735826,44.190414,26.584850,0.000000,0.000000,0.000000,42.844326,0.000000,0.000000,0.000000,56.896687
1430,0,A,0.000000,0.000000,0.000000,0.000000,0.000000,0.000000,0.000000,0.000000,0.000000,0.000000,154.451065,0.000000,0.000000,0.000000,99.731659,0.000000,0.000000,0.000000,0.000000,0.000000,0.000000,70.804230,0.000000,0.000000,0.000000,299.679596,0.000000,145.967133,292.305267,0.000000,48.929359,0.000000,0.000000,47.618721,0.000000,0.000000,0.000000,0.000000,0.000000,0.000000,0.000000,0.000000,7.428799,38.431126,54.683750,0.000000,0.000000,8.120821
1431,3,D,0.000000,0.000000,0.000000,0.000000,0.000000,0.000000,0.000000,0.000000,0.000000,43.553188,17.225073,0.000000,0.000000,0.000000,0.000000,0.000000,0.000000,0.000000,0.000000,0.000000,0.000000,46.059151,0.000000,116.531998,0.000000,158.088028,0.000000,228.360611,99.153984,0.000000,26.627245,0.000000,0.000000,0.000000,0.000000,4.932600,0.000000,8.753158,0.000000,0.000000,0.000000,0.000000,41.195835,0.000000,0.000000,0.000000,0.000000,0.000000
1432,3,D,0.000000,0.000000,0.000000,0.000000,0.000000,0.000000,0.000000,0.000000,0.000000,0.000000,0.000000,0.000000,0.000000,0.000000,0.000000,0.000000,0.000000,0.000000,0.000000,0.000000,0.000000,124.835899,0.000000,51.237225,0.000000,291.220245,0.000000,327.037903,199.983765,0.000000,0.000000,0.000000,0.000000,0.000000,0.000000,0.000000,0.000000,4.060004,0.000000,0.000000,0.000000,0.000000,89.302612,0.000000,0.000000,0.000000,0.000000,0.000000
1433,0,A,0.000000,0.000000,0.000000,0.000000,0.000000,0.000000,0.000000,0.000000,0.000000,135.254196,320.507843,0.000000,0.000000,0.000000,268.394714,0.000000,0.000000,0.000000,0.000000,0.000000,0.000000,6.543736,0.000000,0.000000,0.000000,258.340393,0.000000,13.486589,14.899329,0.000000,0.000000,0.000000,65.200287,93.316856,0.000000,33.537201,0.000000,16.249645,0.000000,0.000000,0.000000,0.000000,0.000000,108.152870,80.981781,0.000000,0.000000,85.788254
1434,0,A,0.000000,0.000000,169.575439,0.000000,0.000000,0.000000,0.000000,0.000000,0.000000,52.945179,67.356812,0.000000,0.000000,0.000000,56.422058,0.000000,0.000000,47.434975,0.000000,0.000000,0.000000,77.753288,0.000000,107.037918,0.000000,98.814514,0.000000,131.807053,0.000000,0.000000,131.766968,0.000000,0.000000,25.743664,0.000000,0.000000,0.000000,4.591704,0.000000,0.000000,0.000000,0.000000,0.000000,27.267773,0.000000,0.000000,0.000000,0.000000
1435,0,A,0.000000,0.000000,214.736526,0.000000,0.000000,0.000000,0.000000,0.000000,0.000000,91.758217,47.230068,0.000000,0.000000,0.000000,22.169802,0.000000,0.000000,68.370506,0.000000,0.000000,0.000000,73.097992,0.000000,139.730255,0.000000,78.481339,0.000000,161.153320,0.000000,0.000000,92.606819,0.000000,0.000000,0.838604,0.000000,0.000000,0.000000,14.413566,0.000000,0.000000,0.000000,0.000000,0.000000,15.531311,0.000000,0.000000,0.000000,0.000000
1436,4,E,0.000000,0.000000,0.000000,0.000000,0.000000,0.000000,0.000000,0.000000,0.000000,236.843369,135.934296,0.000000,0.000000,0.000000,88.292923,0.000000,0.000000,0.000000,0.000000,0.000000,0.000000,0.000000,0.000000,40.957340,0.000000,133.885529,0.000000,186.889633,0.000000,0.000000,112.894119,0.000000,6.186154,41.521145,0.000000,30.278318,0.000000,0.000000,0.000000,0.000000,0.000000,0.000000,0.000000,48.875256,0.000000,0.000000,0.000000,39.968372
1437,3,D,0.000000,0.000000,0.000000,0.000000,0.000000,0.000000,0.000000,0.000000,0.000000,0.000000,115.463692,0.000000,0.000000,0.000000,0.000000,0.000000,0.000000,0.000000,0.000000,0.000000,0.000000,167.216461,0.000000,103.549950,0.000000,125.412689,0.000000,308.948059,91.286255,0.000000,0.000000,0.000000,0.000000,10.763549,0.000000,0.000000,0.000000,63.417034,0.000000,0.000000,0.000000,0.000000,24.103022,8.968748,0.000000,0.000000,0.000000,21.944067
1438,4,E,0.000000,0.000000,213.439545,0.000000,0.000000,0.000000,0.000000,0.000000,0.000000,44.503712,59.225220,0.000000,0.000000,0.000000,22.574554,0.000000,0.000000,27.107649,0.000000,0.000000,0.000000,114.435837,0.000000,157.534210,0.000000,30.036898,0.000000,173.390976,0.000000,0.000000,91.331215,0.000000,0.000000,20.412439,0.000000,0.000000,0.000000,34.346100,0.000000,0.000000,0.000000,0.000000,0.000000,24.600246,0.000000,0.000000,0.000000,0.000000
1439,4,E,0.000000,0.000000,0.000000,0.000000,0.000000,0.000000,0.000000,0.000000,0.000000,0.000000,278.324921,0.000000,0.000000,0.000000,126.201920,0.000000,0.000000,0.000000,0.000000,0.000000,0.000000,216.295761,0.000000,146.825623,0.000000,0.000000,0.000000,87.726494,24.553051,0.000000,83.827522,0.000000,33.547615,103.217545,0.000000,6.636594,0.000000,84.711876,0.000000,0.000000,0.000000,0.000000,0.000000,87.536644,0.000000,26.551460,0.000000,101.853912
1440,4,E,0.000000,0.000000,0.000000,0.000000,0.000000,0.000000,0.000000,0.000000,0.000000,42.246807,397.291351,0.000000,0.000000,0.000000,262.705719,0.000000,0.000000,0.000000,0.000000,0.000000,0.000000,46.540997,0.000000,0.000000,0.000000,113.193138,0.000000,34.083599,0.000000,0.000000,4.479488,0.000000,85.935822,127.992332,0.000000,14.676994,0.000000,56.907032,0.000000,20.180931,0.000000,0.000000,0.000000,115.745743,52.559353,0.000000,0.000000,127.490852
1441,3,D,0.000000,0.000000,0.000000,0.000000,0.000000,0.000000,0.000000,0.000000,0.000000,0.000000,0.000000,0.000000,0.000000,0.000000,0.000000,0.000000,0.000000,0.000000,0.000000,0.000000,0.000000,225.624634,0.000000,143.011047,0.000000,212.069687,0.000000,275.773468,157.290649,0.000000,0.000000,0.000000,0.000000,0.000000,0.000000,0.000000,0.000000,41.730354,0.000000,0.000000,0.000000,0.000000,73.906670,0.000000,0.000000,0.000000,0.000000,0.000000
1442,2,C,0.000000,0.000000,216.836945,0.000000,0.000000,0.000000,0.000000,0.000000,0.000000,310.386902,0.000000,0.000000,0.000000,0.000000,62.686275,0.000000,0.000000,0.000000,0.000000,0.000000,0.000000,15.825613,0.000000,127.894318,0.000000,97.573990,0.000000,144.481644,0.000000,0.000000,0.000000,0.000000,0.000000,0.000000,0.000000,0.000000,0.000000,0.000000,10.855621,0.000000,0.000000,0.000000,0.000000,37.836060,0.000000,0.000000,0.000000,0.000000
1443,2,C,0.000000,0.000000,242.596283,0.000000,0.000000,0.000000,0.000000,0.000000,0.000000,232.553207,0.000000,0.000000,0.000000,0.000000,61.851048,0.000000,0.000000,0.000000,0.000000,0.000000,0.000000,41.058804,0.000000,151.380753,0.000000,92.941818,0.000000,141.663818,0.000000,0.000000,22.092443,0.000000,0.000000,0.000000,0.000000,0.000000,0.000000,2.325852,0.000000,0.000000,0.000000,0.000000,0.000000,36.661263,0.000000,0.000000,0.000000,0.000000
1444,0,A,0.000000,0.000000,0.000000,0.000000,0.000000,0.000000,0.000000,0.000000,0.000000,123.096260,308.850342,0.000000,0.000000,0.000000,330.199005,0.000000,0.000000,0.000000,0.000000,0.000000,0.000000,0.000000,0.000000,0.000000,0.000000,251.109833,0.000000,0.000000,19.390282,0.000000,118.124413,0.000000,64.376884,124.019371,0.000000,27.415066,0.000000,0.000000,0.000000,0.000000,0.000000,0.000000,0.000000,126.116890,90.128067,0.000000,0.000000,87.246628
1445,3,D,0.000000,0.000000,0.000000,0.000000,0.000000,0.000000,0.000000,0.000000,0.000000,0.000000,4.614769,0.000000,0.000000,0.000000,0.000000,0.000000,0.000000,0.000000,0.000000,0.000000,0.000000,155.903870,0.000000,74.258530,0.000000,216.036224,0.000000,275.067444,74.687325,0.000000,0.000000,0.000000,0.000000,0.000000,0.000000,9.317699,0.000000,32.271309,0.000000,0.000000,0.000000,0.000000,65.931038,0.000000,0.000000,0.000000,0.000000,0.000000
1446,2,C,0.000000,0.000000,247.448074,0.000000,0.000000,0.000000,0.000000,0.000000,0.000000,374.555695,0.000000,0.000000,0.000000,0.000000,85.168922,0.000000,0.000000,0.000000,0.000000,0.000000,0.000000,16.235701,0.000000,133.518021,0.000000,114.392029,0.000000,131.240753,0.000000,0.000000,0.000000,0.000000,0.000000,0.000000,0.000000,0.000000,0.000000,0.000000,12.622694,0.000000,0.000000,0.000000,0.000000,48.943146,0.000000,0.000000,0.000000,0.000000
1447,1,B,0.000000,0.000000,224.966156,0.000000,0.000000,0.000000,0.000000,0.000000,0.000000,191.594910,59.219910,0.000000,0.000000,0.000000,96.389038,0.000000,0.000000,15.508084,0.000000,0.000000,0.000000,73.529228,0.000000,134.807587,0.000000,14.075320,0.000000,122.595718,0.000000,0.000000,44.432365,0.000000,0.000000,18.658157,0.000000,0.000000,0.000000,17.716740,0.000000,0.000000,0.000000,0.000000,0.000000,51.893528,0.000000,0.000000,0.000000,4.383409
1448,3,D,0.000000,0.000000,0.000000,0.000000,0.000000,0.000000,0.000000,0.000000,0.000000,0.000000,0.000000,0.000000,0.000000,0.000000,0.000000,0.000000,0.000000,0.000000,0.000000,0.000000,0.000000,60.568924,0.000000,48.099064,0.000000,298.525665,0.000000,287.804565,162.328079,0.000000,0.000000,0.000000,0.000000,0.000000,0.000000,0.140447,0.000000,0.000000,0.000000,0.000000,0.000000,0.000000,84.355751,0.000000,0.000000,0.000000,0.000000,0.000000
1449,1,B,0.000000,0.000000,184.646088,0.000000,0.000000,0.000000,0.000000,0.000000,0.000000,55.180115,42.685570,0.000000,0.000000,0.000000,49.441700,0.000000,0.000000,94.654945,0.000000,0.000000,0.000000,80.026489,0.000000,114.680740,0.000000,76.186111,0.000000,137.077957,0.000000,0.000000,88.267387,0.000000,0.000000,0.000000,0.000000,0.000000,0.000000,13.645962,0.000000,0.000000,0.000000,0.000000,0.000000,13.004672,0.000000,0.000000,0.000000,0.000000
1450,3,D,0.000000,0.000000,0.000000,0.000000,0.000000,0.000000,0.000000,0.000000,0.000000,5.423396,46.018478,0.000000,0.000000,0.000000,0.000000,0.000000,0.000000,0.000000,0.000000,0.000000,0.000000,134.294006,0.000000,78.799225,0.000000,193.342972,0.000000,281.862061,50.730396,0.000000,0.000000,0.000000,0.000000,0.000000,0.000000,15.700881,0.000000,41.034950,0.000000,0.000000,0.000000,0.000000,49.122810,0.000000,0.000000,0.000000,0.000000,0.000000
1451,0,A,0.000000,0.000000,0.000000,0.000000,0.000000,0.000000,0.000000,0.000000,0.000000,200.972000,313.509094,0.000000,0.000000,0.000000,317.894104,0.000000,0.000000,0.000000,0.000000,0.000000,0.000000,0.000000,0.000000,0.000000,0.000000,236.840347,0.000000,0.000000,0.000000,0.000000,40.716011,0.000000,81.060547,103.853638,0.000000,30.962154,0.000000,0.840087,0.000000,0.000000,0.000000,0.000000,0.000000,125.802208,78.174179,0.000000,0.000000,90.591354
1452,3,D,0.000000,0.000000,0.000000,0.000000,0.000000,0.000000,0.000000,0.000000,0.000000,0.000000,26.958738,0.000000,0.000000,0.000000,0.000000,0.000000,0.000000,0.000000,0.000000,0.000000,0.000000,123.677841,0.000000,60.339050,0.000000,262.558502,0.000000,320.089813,225.836868,0.000000,0.000000,0.000000,0.000000,0.000000,0.000000,0.000000,0.000000,7.542238,0.000000,0.000000,0.000000,0.000000,77.937042,0.000000,0.000000,0.000000,0.000000,0.000000
1453,2,C,0.000000,0.000000,258.181549,0.000000,0.000000,0.000000,0.000000,0.000000,0.000000,278.322998,0.000000,0.000000,0.000000,0.000000,71.388763,0.000000,0.000000,0.000000,0.000000,0.000000,0.000000,26.496929,0.000000,145.368454,0.000000,98.957161,0.000000,135.538651,0.000000,0.000000,12.579512,0.000000,0.000000,0.000000,0.000000,0.000000,0.000000,0.000000,0.000000,0.000000,0.000000,0.000000,0.000000,41.113468,0.000000,0.000000,0.000000,0.000000
1454,4,E,0.000000,0.000000,0.000000,0.000000,0.000000,0.000000,0.000000,0.000000,0.000000,5.013954,204.439102,0.000000,0.000000,0.000000,38.737923,0.000000,0.000000,0.000000,0.000000,0.000000,0.000000,226.677338,0.000000,112.707054,0.000000,50.911564,0.000000,178.556686,0.000000,0.000000,134.040894,0.000000,0.000000,75.347786,0.000000,23.133181,0.000000,66.988785,0.000000,0.000000,0.000000,0.000000,0.000000,50.363728,0.000000,19.954140,0.000000,70.213440
1455,3,D,0.000000,0.000000,0.000000,0.000000,0.000000,0.000000,0.000000,0.000000,0.000000,15.411067,38.559013,0.000000,0.000000,0.000000,0.000000,0.000000,0.000000,0.000000,0.000000,0.000000,0.000000,136.255859,0.000000,81.237808,0.000000,195.858353,0.000000,286.811798,38.144279,0.000000,0.000000,0.000000,0.000000,0.000000,0.000000,19.026327,0.000000,41.577084,0.000000,0.000000,0.000000,0.000000,50.468834,0.000000,0.000000,0.000000,0.000000,0.000000
1456,4,E,0.000000,0.000000,0.000000,0.000000,0.000000,0.000000,0.000000,0.000000,0.000000,0.000000,209.286179,0.000000,0.000000,0.000000,129.372803,0.000000,0.000000,0.000000,0.000000,0.000000,0.000000,203.324066,0.000000,48.463089,0.000000,219.582718,0.000000,145.417358,91.687843,0.000000,0.000000,0.000000,0.000000,52.212093,0.000000,6.746143,0.000000,55.346516,0.000000,0.000000,0.000000,0.000000,0.000000,57.476215,16.696953,0.000000,0.000000,45.612907
1457,2,C,0.000000,0.000000,232.969040,0.000000,0.000000,0.000000,0.000000,0.000000,0.000000,334.477722,0.000000,0.000000,0.000000,0.000000,47.011452,0.000000,0.000000,0.000000,0.000000,0.000000,0.000000,17.581097,0.000000,133.734222,0.000000,113.192932,0.000000,153.867447,0.000000,0.000000,0.000000,0.000000,0.000000,0.000000,0.000000,0.000000,0.000000,0.000000,10.895708,0.000000,0.000000,0.000000,0.000000,35.920887,0.000000,0.000000,0.000000,0.000000
1458,1,B,0.000000,0.000000,226.378403,0.000000,0.000000,0.000000,0.000000,0.000000,0.000000,111.918060,39.868752,0.000000,0.000000,0.000000,23.654757,0.000000,0.000000,65.276955,0.000000,0.000000,0.000000,82.321907,0.000000,139.371796,0.000000,62.753025,0.000000,161.386581,0.000000,0.000000,71.375031,0.000000,0.000000,0.000000,0.000000,0.000000,0.000000,18.755280,0.000000,0.000000,0.000000,0.000000,0.000000,16.741444,0.000000,0.000000,0.000000,0.000000
1459,1,B,0.000000,0.000000,224.331650,0.000000,0.000000,0.000000,0.000000,0.000000,0.000000,79.226845,13.052009,0.000000,0.000000,0.000000,15.078782,0.000000,0.000000,96.138840,0.000000,0.000000,0.000000,86.908409,0.000000,133.377502,0.000000,62.076710,0.000000,162.425308,0.000000,0.000000,56.595291,0.000000,0.000000,0.000000,0.000000,0.000000,0.000000,20.792042,0.000000,0.000000,0.000000,0.000000,0.000000,2.058394,0.000000,0.000000,0.000000,0.000000
1460,1,B,0.000000,0.000000,190.160782,0.000000,0.000000,0.000000,0.000000,0.000000,0.000000,27.405666,57.610630,0.000000,0.000000,0.000000,43.677246,0.000000,0.000000,97.430939,0.000000,0.000000,0.000000,87.012985,0.000000,114.426537,0.000000,62.559269,0.000000,143.855789,0.000000,0.000000,97.717094,0.000000,0.000000,3.663082,0.000000,0.000000,0.000000,19.080500,0.000000,0.000000,0.000000,0.000000,0.000000,12.230326,0.000000,0.000000,0.000000,0.000000
1461,0,A,0.000000,0.000000,197.618271,0.000000,0.000000,0.000000,0.000000,0.000000,0.000000,88.734962,66.892723,0.000000,0.000000,0.000000,57.501781,0.000000,0.000000,30.301003,0.000000,0.000000,0.000000,82.343246,0.000000,110.867950,0.000000,97.978470,0.000000,142.174789,0.000000,0.000000,121.592888,0.000000,0.000000,26.768105,0.000000,0.000000,0.000000,5.493671,0.000000,0.000000,0.000000,0.000000,0.000000,32.859165,0.000000,0.000000,0.000000,0.000000
1462,1,B,0.000000,0.000000,226.194366,0.000000,0.000000,0.000000,0.000000,0.000000,0.000000,128.052200,0.000000,0.000000,0.000000,0.000000,0.000000,0.000000,0.000000,51.418613,0.000000,0.000000,0.000000,112.576141,0.000000,168.212967,0.000000,73.395668,0.000000,192.071808,0.000000,0.000000,0.000000,0.000000,0.000000,0.000000,0.000000,0.000000,0.000000,37.827099,0.000000,0.000000,0.000000,0.000000,0.000000,6.514170,0.000000,0.000000,0.000000,0.000000
1463,1,B,0.000000,0.000000,282.838959,0.000000,0.000000,0.000000,0.000000,0.000000,0.000000,89.784126,3.859705,0.000000,0.000000,0.000000,0.000000,0.000000,0.000000,0.000000,0.000000,0.000000,0.000000,208.542847,0.000000,298.951752,0.000000,0.000000,0.000000,314.395172,0.000000,0.000000,0.000000,0.000000,0.000000,0.000000,0.000000,0.000000,0.000000,89.200127,5.784252,0.000000,0.000000,0.000000,0.000000,21.322187,0.000000,0.000000,0.000000,0.000000
1464,1,B,0.000000,0.000000,258.453918,0.000000,0.000000,0.000000,0.000000,0.000000,0.000000,32.805168,19.420944,0.000000,0.000000,0.000000,0.000000,0.000000,0.000000,0.000000,0.000000,0.000000,0.000000,212.597809,0.000000,296.150940,0.000000,0.000000,0.000000,327.984741,0.000000,0.000000,0.000000,0.000000,0.000000,0.000000,0.000000,0.000000,0.000000,98.113243,1.320590,0.000000,0.000000,0.000000,0.000000,17.952251,0.000000,0.000000,0.000000,0.000000
1465,1,B,0.000000,0.000000,172.110428,0.000000,0.000000,0.000000,0.000000,0.000000,0.000000,55.621754,45.384171,0.000000,0.000000,0.000000,52.240070,0.000000,0.000000,79.309647,0.000000,0.000000,0.000000,96.447311,0.000000,110.491592,0.000000,89.166519,0.000000,140.328934,0.000000,0.000000,82.916344,0.000000,0.000000,0.000000,0.000000,0.000000,0.000000,16.853371,0.000000,0.000000,0.000000,0.000000,0.000000,16.038149,0.000000,0.000000,0.000000,0.000000
1466,1,B,0.000000,0.000000,192.322235,0.000000,0.000000,0.000000,0.000000,0.000000,0.000000,39.361099,53.701889,0.000000,0.000000,0.000000,41.023655,0.000000,0.000000,77.003250,0.000000,0.000000,0.000000,84.562744,0.000000,119.746071,0.000000,66.438690,0.000000,141.510345,0.000000,0.000000,104.428299,0.000000,0.000000,8.782750,0.000000,0.000000,0.000000,15.723851,0.000000,0.000000,0.000000,0.000000,0.000000,16.218002,0.000000,0.000000,0.000000,0.000000
1467,4,E,0.000000,0.000000,0.000000,0.000000,0.000000,0.000000,0.000000,0.000000,0.000000,305.924042,136.582550,0.000000,0.000000,0.000000,1.184590,0.000000,0.000000,0.000000,0.000000,0.000000,0.000000,0.000000,0.000000,52.731441,0.000000,36.291828,0.000000,218.334213,0.000000,0.000000,0.000000,0.000000,16.459143,9.979836,0.000000,22.187399,0.000000,18.372368,63.472713,13.690241,0.000000,0.000000,0.000000,30.637720,0.000000,0.000000,0.000000,47.985821
1468,0,A,0.000000,0.000000,0.000000,0.000000,0.000000,0.000000,0.000000,0.000000,0.000000,0.000000,45.800480,0.000000,0.000000,0.000000,85.780304,0.000000,0.000000,0.000000,0.000000,0.000000,0.000000,197.877411,0.000000,99.819756,0.000000,237.598953,0.000000,172.504593,204.622986,0.000000,48.878746,0.000000,0.000000,13.937254,0.000000,0.000000,0.000000,9.467174,0.000000,0.000000,0.000000,0.000000,31.636694,29.984083,0.000000,0.000000,0.000000,0.000000
1469,0,A,0.000000,0.000000,212.948975,0.000000,0.000000,0.000000,0.000000,0.000000,0.000000,106.591728,59.356735,0.000000,0.000000,0.000000,68.596687,0.000000,0.000000,4.707588,0.000000,0.000000,0.000000,73.297607,0.000000,132.310272,0.000000,64.169418,0.000000,134.847168,0.000000,0.000000,113.303970,0.000000,0.000000,33.330990,0.000000,0.000000,0.000000,7.169785,0.000000,0.000000,0.000000,0.000000,0.000000,42.353184,0.000000,0.000000,0.000000,1.098189
1470,0,A,0.000000,0.000000,170.404373,0.000000,0.000000,0.000000,0.000000,0.000000,0.000000,15.568284,49.465752,0.000000,0.000000,0.000000,44.754032,0.000000,0.000000,75.842285,0.000000,0.000000,0.000000,79.119026,0.000000,110.813881,0.000000,92.471420,0.000000,136.534866,0.000000,0.000000,123.227371,0.000000,0.000000,11.611813,0.000000,0.000000,0.000000,8.575845,0.000000,0.000000,0.000000,0.000000,0.000000,14.131090,0.000000,0.000000,0.000000,0.000000
1471,3,D,0.000000,0.000000,3.781459,0.000000,0.000000,0.000000,0.000000,0.000000,0.000000,0.000000,0.000000,0.000000,0.000000,0.000000,0.000000,0.000000,0.000000,0.000000,0.000000,0.000000,0.000000,158.404510,0.000000,147.416763,0.000000,242.982117,0.000000,244.144562,86.061882,0.000000,2.762281,0.000000,0.000000,0.000000,0.000000,17.273508,0.000000,35.201981,0.000000,0.000000,0.000000,0.000000,70.874863,0.000000,0.000000,0.000000,0.000000,0.000000
1472,0,A,0.000000,0.000000,168.199997,0.000000,0.000000,0.000000,0.000000,0.000000,0.000000,65.777832,56.665916,0.000000,0.000000,0.000000,65.752052,0.000000,0.000000,29.571196,0.000000,0.000000,0.000000,85.920113,0.000000,113.821037,0.000000,93.449524,0.000000,129.517517,0.000000,0.000000,119.171249,0.000000,0.000000,25.894100,0.000000,0.000000,0.000000,6.771724,0.000000,0.000000,0.000000,0.000000,0.000000,32.241055,0.000000,0.000000,0.000000,0.000000
1473,4,E,0.000000,0.000000,0.000000,0.000000,0.000000,0.000000,0.000000,0.000000,0.000000,80.993103,185.300568,0.000000,0.000000,0.000000,71.675415,0.000000,0.000000,0.000000,0.000000,0.000000,0.000000,158.087540,0.000000,149.884689,0.000000,131.714920,0.000000,201.209717,0.000000,0.000000,0.000000,0.000000,0.000000,34.399380,0.000000,31.089365,0.000000,75.231293,14.348195,0.000000,0.000000,0.000000,0.000000,48.906006,0.000000,0.000000,0.000000,53.116600
1474,3,D,0.000000,0.000000,0.000000,0.000000,0.000000,0.000000,0.000000,0.000000,0.000000,0.000000,0.000000,0.000000,0.000000,0.000000,0.000000,0.000000,0.000000,0.000000,0.000000,0.000000,0.000000,121.733757,0.000000,76.928848,0.000000,268.918060,0.000000,333.921295,161.574631,0.000000,0.000000,0.000000,0.000000,0.000000,0.000000,0.000000,0.000000,14.408790,0.000000,0.000000,0.000000,0.000000,84.296249,0.000000,0.000000,0.000000,0.000000,0.000000
1475,2,C,0.000000,0.000000,230.351105,0.000000,0.000000,0.000000,0.000000,0.000000,0.000000,152.177109,0.000000,0.000000,0.000000,0.000000,20.978029,0.000000,0.000000,70.693649,0.000000,0.000000,0.000000,67.100746,0.000000,141.929245,0.000000,80.654694,0.000000,154.055618,0.000000,0.000000,38.149651,0.000000,0.000000,0.000000,0.000000,0.000000,0.000000,12.086389,0.000000,0.000000,0.000000,0.000000,0.000000,10.147470,0.000000,0.000000,0.000000,0.000000
1476,2,C,0.000000,0.000000,221.840714,0.000000,0.000000,0.000000,0.000000,0.000000,0.000000,220.310974,0.000000,0.000000,0.000000,0.000000,59.894627,0.000000,0.000000,5.046269,0.000000,0.000000,0.000000,38.524132,0.000000,153.506287,0.000000,98.097870,0.000000,144.169312,0.000000,0.000000,5.370671,0.000000,0.000000,0.000000,0.000000,0.000000,0.000000,7.043269,0.000000,0.000000,0.000000,0.000000,0.000000,32.877041,0.000000,0.000000,0.000000,0.000000
1477,1,B,0.000000,0.000000,165.419281,0.000000,0.000000,0.000000,0.000000,0.000000,0.000000,0.154383,57.528313,0.000000,0.000000,0.000000,16.386061,0.000000,0.000000,48.330055,0.000000,0.000000,0.000000,125.874962,0.000000,131.229980,0.000000,91.537918,0.000000,170.774841,0.000000,0.000000,112.880630,0.000000,0.000000,15.093767,0.000000,0.000000,0.000000,27.651104,0.000000,0.000000,0.000000,0.000000,0.000000,13.331142,0.000000,0.000000,0.000000,0.000000
1478,0,A,0.000000,0.000000,223.266617,0.000000,0.000000,0.000000,0.000000,0.000000,0.000000,150.112198,49.116432,0.000000,0.000000,0.000000,76.767479,0.000000,0.000000,40.584560,0.000000,0.000000,0.000000,71.903610,0.000000,121.107971,0.000000,38.806873,0.000000,119.913696,0.000000,0.000000,68.522270,0.000000,0.000000,12.269963,0.000000,0.000000,0.000000,10.665538,0.000000,0.000000,0.000000,0.000000,0.000000,38.390163,0.000000,0.000000,0.000000,0.000000
1479,4,E,0.000000,0.000000,0.000000,0.000000,0.000000,0.000000,0.000000,0.000000,0.000000,120.315727,217.893051,0.000000,0.000000,0.000000,94.467651,0.000000,0.000000,0.000000,0.000000,0.000000,0.000000,100.449059,0.000000,157.265854,0.000000,62.633923,0.000000,87.797630,0.000000,0.000000,0.000000,0.000000,32.181774,54.203083,0.000000,26.847357,0.000000,64.326782,22.125681,0.000000,0.000000,0.000000,0.000000,69.360451,0.000000,0.000000,0.000000,73.809731
1480,2,C,0.000000,0.000000,280.497345,0.000000,0.000000,0.000000,0.000000,0.000000,0.000000,313.372528,0.000000,0.000000,0.000000,0.000000,76.738358,0.000000,0.000000,0.000000,0.000000,0.000000,0.000000,39.053921,0.000000,154.778442,0.000000,73.080750,0.000000,137.922714,0.000000,0.000000,5.350908,0.000000,0.000000,0.000000,0.000000,0.000000,0.000000,0.000000,4.971876,0.000000,0.000000,0.000000,0.000000,46.733276,0.000000,0.000000,0.000000,0.000000
1481,0,A,0.000000,0.000000,0.000000,0.000000,0.000000,0.000000,0.000000,0.000000,0.000000,113.033920,312.221802,0.000000,0.000000,0.000000,323.856415,0.000000,0.000000,0.000000,0.000000,0.000000,0.000000,0.000000,0.000000,0.000000,0.000000,287.257599,0.000000,0.000000,48.882957,0.000000,0.000000,0.000000,58.033630,98.086662,0.000000,21.485498,0.000000,6.219825,0.000000,0.000000,0.000000,0.000000,0.000000,117.947876,98.247116,0.000000,0.000000,79.291107
1482,2,C,0.000000,0.000000,246.849899,0.000000,0.000000,0.000000,0.000000,0.000000,0.000000,333.782440,0.000000,0.000000,0.000000,0.000000,88.135330,0.000000,0.000000,0.000000,0.000000,0.000000,0.000000,35.587093,0.000000,131.144836,0.000000,104.094437,0.000000,123.689194,0.000000,0.000000,0.000000,0.000000,0.000000,0.000000,0.000000,0.000000,0.000000,0.000000,8.436872,0.000000,0.000000,0.000000,0.000000,48.085438,0.000000,0.000000,0.000000,0.000000
1483,2,C,0.000000,0.000000,245.240921,0.000000,0.000000,0.000000,0.000000,0.000000,0.000000,331.776154,0.000000,0.000000,0.000000,0.000000,90.409538,0.000000,0.000000,0.000000,0.000000,0.000000,0.000000,40.503128,0.000000,133.477127,0.000000,101.797379,0.000000,126.502151,0.000000,0.000000,0.000000,0.000000,0.000000,0.000000,0.000000,0.000000,0.000000,0.000000,9.160547,0.000000,0.000000,0.000000,0.000000,48.654381,0.000000,0.000000,0.000000,0.000000
1484,3,D,0.000000,0.000000,111.853691,0.000000,0.000000,0.000000,0.000000,0.000000,0.000000,0.000000,65.224480,0.000000,0.000000,0.000000,0.000000,0.000000,0.000000,0.000000,0.000000,0.000000,0.000000,172.014420,0.000000,160.674271,0.000000,144.587067,0.000000,248.632523,88.575401,0.000000,118.066704,0.000000,0.000000,24.935305,0.000000,0.000000,0.000000,30.342518,0.000000,0.000000,0.000000,0.000000,0.000000,17.756367,0.000000,0.000000,0.000000,0.000000
1485,0,A,0.000000,0.000000,232.051224,0.000000,0.000000,0.000000,0.000000,0.000000,0.000000,116.430885,55.250954,0.000000,0.000000,0.000000,65.702835,0.000000,0.000000,40.489338,0.000000,0.000000,0.000000,84.423477,0.000000,126.024452,0.000000,24.535261,0.000000,134.423111,0.000000,0.000000,72.290192,0.000000,0.000000,15.644845,0.000000,0.000000,0.000000,18.741224,0.000000,0.000000,0.000000,0.000000,0.000000,35.084381,0.000000,0.000000,0.000000,0.000000
1486,4,E,0.000000,0.000000,0.000000,0.000000,0.000000,0.000000,0.000000,0.000000,0.000000,0.000000,280.452301,0.000000,0.000000,0.000000,38.106220,0.000000,0.000000,0.000000,0.000000,0.000000,0.000000,72.661255,0.000000,91.829742,0.000000,12.915460,0.000000,247.785721,0.000000,0.000000,0.000000,0.000000,9.866512,68.351479,0.000000,15.284796,0.000000,88.056915,25.544519,33.468395,0.000000,0.000000,0.000000,41.841530,0.000000,0.000000,0.000000,94.163139
1487,3,D,0.000000,0.000000,324.354309,0.000000,0.000000,0.000000,0.000000,0.000000,0.000000,136.760025,13.520379,0.000000,0.000000,0.000000,0.000000,0.000000,0.000000,0.000000,0.000000,0.000000,0.000000,123.541977,0.000000,239.903244,0.000000,0.000000,0.000000,248.205292,0.000000,0.000000,42.321938,0.000000,0.000000,0.000000,0.000000,0.000000,0.000000,49.399597,0.000000,0.000000,0.000000,0.000000,0.000000,25.909010,0.000000,0.000000,0.000000,0.000000
1488,1,B,0.000000,0.000000,244.560638,0.000000,0.000000,0.000000,0.000000,0.000000,0.000000,228.431442,0.000000,0.000000,0.000000,0.000000,53.425205,0.000000,0.000000,14.959620,0.000000,0.000000,0.000000,89.793945,0.000000,168.222519,0.000000,32.420334,0.000000,155.873901,0.000000,0.000000,1.840306,0.000000,0.000000,0.000000,0.000000,0.000000,0.000000,23.639904,7.875657,0.000000,0.000000,0.000000,0.000000,35.020538,0.000000,0.000000,0.000000,0.000000
1489,2,C,0.000000,0.000000,240.138107,0.000000,0.000000,0.000000,0.000000,0.000000,0.000000,237.231308,0.000000,0.000000,0.000000,0.000000,65.526718,0.000000,0.000000,0.000000,0.000000,0.000000,0.000000,39.541130,0.000000,150.058350,0.000000,96.169182,0.000000,139.382324,0.000000,0.000000,23.331429,0.000000,0.000000,0.000000,0.000000,0.000000,0.000000,0.756760,0.000000,0.000000,0.000000,0.000000,0.000000,37.730053,0.000000,0.000000,0.000000,0.000000
1490,3,D,0.000000,0.000000,0.000000,0.000000,0.000000,0.000000,0.000000,0.000000,0.000000,36.725414,0.000000,0.000000,0.000000,0.000000,0.000000,0.000000,0.000000,0.000000,0.000000,0.000000,0.000000,62.581341,0.000000,113.844261,0.000000,159.835342,0.000000,303.266418,98.016579,0.000000,0.000000,0.000000,0.000000,0.000000,0.000000,0.000000,0.000000,20.485380,0.000000,0.000000,0.000000,0.000000,55.290230,0.000000,0.000000,0.000000,0.000000,0.000000
1491,2,C,0.000000,0.000000,211.198914,0.000000,0.000000,0.000000,0.000000,0.000000,0.000000,127.226921,0.000000,0.000000,0.000000,0.000000,40.447002,0.000000,0.000000,104.405052,0.000000,0.000000,0.000000,61.596218,0.000000,125.207756,0.000000,56.238926,0.000000,139.797409,0.000000,0.000000,32.704948,0.000000,0.000000,0.000000,0.000000,0.000000,0.000000,12.763262,0.000000,0.000000,0.000000,0.000000,0.000000,6.285964,0.000000,0.000000,0.000000,0.000000
1492,1,B,0.000000,0.000000,292.509796,0.000000,0.000000,0.000000,0.000000,0.000000,0.000000,153.324463,0.000000,0.000000,0.000000,0.000000,0.000000,0.000000,0.000000,0.000000,0.000000,0.000000,0.000000,160.153534,0.000000,263.353912,0.000000,0.000000,0.000000,262.810120,0.000000,0.000000,0.000000,0.000000,0.000000,0.000000,0.000000,0.000000,0.000000,66.205368,8.921293,0.000000,0.000000,0.000000,0.000000,24.574120,0.000000,0.000000,0.000000,0.000000
1493,2,C,0.000000,0.000000,244.831055,0.000000,0.000000,0.000000,0.000000,0.000000,0.000000,334.211670,0.000000,0.000000,0.000000,0.000000,83.716858,0.000000,0.000000,0.000000,0.000000,0.000000,0.000000,30.098879,0.000000,128.574783,0.000000,105.271133,0.000000,124.195229,0.000000,0.000000,0.000000,0.000000,0.000000,0.000000,0.000000,0.000000,0.000000,0.000000,8.426352,0.000000,0.000000,0.000000,0.000000,46.619534,0.000000,0.000000,0.000000,0.000000
1494,0,A,0.000000,0.000000,0.000000,0.000000,0.000000,0.000000,0.000000,0.000000,0.000000,190.061035,274.445984,0.000000,0.000000,0.000000,362.762665,0.000000,0.000000,0.000000,0.000000,0.000000,0.000000,0.000000,0.000000,0.000000,0.000000,224.759308,0.000000,0.000000,0.000000,0.000000,103.859009,0.000000,74.660271,112.792564,0.000000,22.016228,0.000000,0.000000,0.000000,0.000000,0.000000,0.000000,0.000000,132.640015,79.915695,0.000000,0.000000,81.757011
1495,2,C,0.000000,0.000000,229.483078,0.000000,0.000000,0.000000,0.000000,0.000000,0.000000,129.934799,0.000000,0.000000,0.000000,0.000000,5.244390,0.000000,0.000000,35.285080,0.000000,0.000000,0.000000,97.562981,0.000000,163.020340,0.000000,63.926716,0.000000,187.504120,0.000000,0.000000,33.637344,0.000000,0.000000,0.000000,0.000000,0.000000,0.000000,26.982971,0.000000,0.000000,0.000000,0.000000,0.000000,11.968487,0.000000,0.000000,0.000000,0.000000
1496,1,B,0.000000,0.000000,275.526001,0.000000,0.000000,0.000000,0.000000,0.000000,0.000000,52.050476,8.519849,0.000000,0.000000,0.000000,0.000000,0.000000,0.000000,0.000000,0.000000,0.000000,0.000000,205.557343,0.000000,287.296844,0.000000,0.000000,0.000000,324.196869,0.000000,0.000000,0.000000,0.000000,0.000000,0.000000,0.000000,0.000000,0.000000,91.807648,1.311811,0.000000,0.000000,0.000000,0.000000,17.434914,0.000000,0.000000,0.000000,0.000000
1497,0,A,0.000000,0.000000,208.261414,0.000000,0.000000,0.000000,0.000000,0.000000,0.000000,64.859009,49.731010,0.000000,0.000000,0.000000,63.183327,0.000000,0.000000,26.697231,0.000000,0.000000,0.000000,75.231255,0.000000,124.184044,0.000000,67.288315,0.000000,139.498337,0.000000,0.000000,114.400436,0.000000,0.000000,25.636835,0.000000,0.000000,0.000000,8.434283,0.000000,0.000000,0.000000,0.000000,0.000000,31.915632,0.000000,0.000000,0.000000,0.000000
1498,4,E,0.000000,0.000000,0.000000,0.000000,0.000000,0.000000,0.000000,0.000000,0.000000,129.885864,94.855385,0.000000,0.000000,0.000000,60.535061,0.000000,0.000000,0.000000,0.000000,0.000000,0.000000,138.196777,0.000000,73.553535,0.000000,109.752594,0.000000,212.729324,0.000000,0.000000,36.140289,0.000000,0.000000,15.407786,0.000000,18.042820,0.000000,37.285202,10.599012,0.000000,0.000000,0.000000,0.000000,32.254639,0.000000,0.000000,0.000000,25.753885
1499,2,C,0.000000,0.000000,254.783966,0.000000,0.000000,0.000000,0.000000,0.000000,0.000000,323.364502,0.000000,0.000000,0.000000,0.000000,88.145287,0.000000,0.000000,0.000000,0.000000,0.000000,0.000000,41.577251,0.000000,145.229233,0.000000,82.860886,0.000000,132.695145,0.000000,0.000000,0.000000,0.000000,0.000000,0.000000,0.000000,0.000000,0.000000,0.000000,10.266962,0.000000,0.000000,0.000000,0.000000,48.701561,0.000000,0.000000,0.000000,0.000000
1500,0,A,0.000000,0.000000,162.960236,0.000000,0.000000,0.000000,0.000000,0.000000,0.000000,71.118546,30.622395,0.000000,0.000000,0.000000,62.232872,0.000000,0.000000,31.465906,0.000000,0.000000,0.000000,107.320976,0.000000,146.849258,0.000000,31.486233,0.000000,146.725937,0.000000,0.000000,44.190201,0.000000,0.000000,4.427740,0.000000,0.000000,0.000000,32.723171,0.000000,0.000000,0.000000,0.000000,0.000000,27.502132,0.000000,0.000000,0.000000,0.000000
1501,0,A,0.000000,0.000000,227.717194,0.000000,0.000000,0.000000,0.000000,0.000000,0.000000,142.490494,53.883049,0.000000,0.000000,0.000000,71.599655,0.000000,0.000000,41.998611,0.000000,0.000000,0.000000,81.618538,0.000000,126.231049,0.000000,28.824419,0.000000,125.598442,0.000000,0.000000,63.812302,0.000000,0.000000,12.420851,0.000000,0.000000,0.000000,16.740086,0.000000,0.000000,0.000000,0.000000,0.000000,37.685715,0.000000,0.000000,0.000000,0.000000
1502,1,B,0.000000,0.000000,294.297272,0.000000,0.000000,0.000000,0.000000,0.000000,0.000000,207.174866,52.220791,0.000000,0.000000,0.000000,3.141713,0.000000,0.000000,0.000000,0.000000,0.000000,0.000000,119.423882,0.000000,264.107727,0.000000,0.000000,0.000000,216.450531,0.000000,0.000000,4.546138,0.000000,0.000000,0.000000,0.000000,0.000000,0.000000,58.924774,11.410578,0.000000,0.000000,0.000000,0.000000,38.666382,0.000000,0.000000,0.000000,0.000000
1503,2,C,0.000000,0.000000,255.434387,0.000000,0.000000,0.000000,0.000000,0.000000,0.000000,259.442535,0.000000,0.000000,0.000000,0.000000,66.409691,0.000000,0.000000,0.000000,0.000000,0.000000,0.000000,29.764496,0.000000,148.255219,0.000000,94.302139,0.000000,137.334335,0.000000,0.000000,17.669443,0.000000,0.000000,0.000000,0.000000,0.000000,0.000000,0.000000,0.000000,0.000000,0.000000,0.000000,0.000000,39.200321,0.000000,0.000000,0.000000,0.000000
1504,2,C,0.000000,0.000000,236.895615,0.000000,0.000000,0.000000,0.000000,0.000000,0.000000,144.779709,8.417782,0.000000,0.000000,0.000000,47.029072,0.000000,0.000000,63.629761,0.000000,0.000000,0.000000,69.010437,0.000000,133.088089,0.000000,38.739368,0.000000,140.616394,0.000000,0.000000,42.770515,0.000000,0.000000,0.000000,0.000000,0.000000,0.000000,13.431148,0.000000,0.000000,0.000000,0.000000,0.000000,19.702763,0.000000,0.000000,0.000000,0.000000
1505,2,C,0.000000,0.000000,222.518845,0.000000,0.000000,0.000000,0.000000,0.000000,0.000000,135.242844,0.000000,0.000000,0.000000,0.000000,30.318594,0.000000,0.000000,80.405426,0.000000,0.000000,0.000000,72.034264,0.000000,134.235489,0.000000,67.816162,0.000000,147.436142,0.000000,0.000000,46.486504,0.000000,0.000000,0.000000,0.000000,0.000000,0.000000,11.798898,0.000000,0.000000,0.000000,0.000000,0.000000,10.033160,0.000000,0.000000,0.000000,0.000000
1506,4,E,0.000000,0.000000,0.000000,0.000000,0.000000,0.000000,0.000000,0.000000,0.000000,165.868774,259.351898,0.000000,0.000000,0.000000,53.052189,0.000000,0.000000,0.000000,0.000000,0.000000,0.000000,82.815178,0.000000,159.710800,0.000000,0.000000,0.000000,131.058075,0.000000,0.000000,30.560137,0.000000,40.956726,68.012390,0.000000,26.765051,0.000000,66.896912,33.354218,0.000000,0.000000,0.000000,0.000000,69.587280,0.000000,0.000000,0.000000,95.472649
