timestamp,x1,x2,x3,x4,x5,x6,x7,x8,x9,x10,x11,x12,x13,x14,x15,x16,x17,x18,x19,x20,x21,x22,x23,x24,x25,x26,x27,x28,x29,x30,x31,x32,x33,x34,x35,x36,x37,x38,x39,x40,x41,x42
1786204695.981,700,700,801,647,882,545,940,454,1000,400,819,350,860,217,884,132,904,59,750,326,769,173,779,78,788,0,681,342,674,204,673,117,677,41,618,385,585,285,565,221,550,161
1786204696.162,700,700,802,647,882,543,940,451,1000,397,820,353,860,218,885,132,906,58,751,327,768,174,779,79,788,0,683,343,675,205,674,118,676,41,621,385,587,284,566,220,549,160
1786204696.375,708,708,810,651,890,548,944,457,1000,401,827,362,866,226,888,142,906,69,759,339,772,179,778,82,784,0,692,353,682,211,679,119,679,37,628,394,592,291,569,222,551,157
1786204696.532,706,706,810,642,892,539,947,448,1000,380,828,359,863,228,882,146,898,72,757,333,763,178,767,82,772,0,689,347,683,213,684,128,692,54,624,388,598,294,589,228,588,168
1786204696.700,580,580,759,514,900,347,957,181,1000,66,807,142,834,0,813,156,799,229,698,129,720,9,711,182,704,241,589,140,610,19,612,178,611,250,478,171,486,43,503,50,515,20
1786204696.874,613,613,788,520,916,329,969,133,1000,0,831,192,859,56,835,211,818,274,733,180,754,77,741,260,738,294,634,182,647,93,650,269,651,317,538,198,544,110,558,205,561,233
1786204697.065,627,627,798,544,927,346,974,139,1000,0,845,187,871,47,850,218,829,281,745,179,770,79,760,272,747,295,645,187,666,103,672,289,666,325,548,213,568,147,585,270,584,305
1786204697.225,628,628,800,533,919,342,965,139,1000,0,852,170,871,49,845,206,823,260,748,158,765,71,756,264,748,281,643,163,657,87,664,276,664,314,543,187,552,119,573,235,583,264
1786204697.418,616,616,740,569,846,459,929,370,1000,311,798,260,830,134,848,80,866,52,718,228,732,95,733,38,732,0,640,233,644,109,642,55,640,9,561,266,550,169,544,123,538,83
1786204697.604,666,666,768,609,856,522,930,456,1000,423,785,312,824,194,850,122,874,60,716,289,731,145,741,64,751,0,648,307,645,178,646,102,648,37,586,351,549,257,524,202,507,150
1786204697.773,665,665,768,613,856,529,931,467,1000,436,779,313,817,187,841,112,864,49,710,290,725,147,737,65,748,0,643,307,638,184,640,111,644,47,583,350,548,262,527,210,511,160
1786204697.950,668,668,771,615,860,525,933,460,1000,427,780,318,819,193,843,117,866,51,712,295,729,152,743,67,754,0,646,312,643,188,646,113,650,48,586,355,553,263,531,209,514,156
1786204698.123,685,685,796,635,887,552,949,474,1000,410,819,334,846,200,860,114,869,49,744,310,751,164,757,70,763,0,673,325,668,188,672,104,682,42,608,371,584,287,583,235,593,195
1786204698.303,690,690,851,574,950,371,973,186,1000,41,841,226,861,76,875,36,887,27,738,222,760,81,776,71,782,83,638,245,655,95,679,37,695,6,537,294,546,155,562,70,575,0
1786204698.480,738,738,894,600,980,380,992,162,1000,0,879,167,866,89,873,266,869,301,764,172,758,170,789,368,796,355,660,219,652,233,698,418,715,422,569,289,564,312,615,437,642,444
1786204698.679,742,742,897,616,986,398,996,170,1000,0,874,181,855,104,860,288,857,336,758,191,746,177,774,376,781,383,656,237,644,234,687,417,707,434,565,304,556,307,600,425,623,436
1786204698.828,553,553,696,500,813,356,906,243,1000,167,688,228,690,83,691,32,688,0,564,225,520,29,524,101,535,195,459,244,401,75,411,189,432,298,371,282,323,157,335,243,359,332
1786204699.018,578,578,710,515,821,382,915,267,1000,188,698,193,710,47,689,56,672,113,579,175,535,0,507,33,505,127,479,199,415,47,385,96,389,198,403,255,342,154,313,208,313,302
1786204699.200,617,617,733,549,836,416,921,303,1000,227,715,214,713,84,690,35,663,29,612,203,567,42,528,0,496,25,530,243,468,100,427,74,404,109,465,320,406,245,374,256,360,308
1786204699.388,623,623,738,554,839,418,922,301,1000,224,720,226,723,87,705,25,681,0,622,218,584,56,555,9,535,28,542,256,484,113,446,79,430,108,478,328,416,256,385,275,376,336
1786204699.547,661,661,767,603,854,481,923,376,1000,315,746,276,747,132,734,49,719,0,659,273,622,118,598,45,584,23,587,311,541,177,520,127,516,124,530,377,475,296,442,266,423,266
1786204699.724,679,679,773,632,855,555,932,500,1000,469,761,354,791,217,807,131,822,58,693,334,696,179,700,82,704,0,630,354,611,214,605,126,603,49,573,400,526,312,495,251,472,190
1786204699.902,680,680,776,636,856,564,931,509,1000,479,764,361,795,222,813,135,829,62,694,340,699,183,703,83,705,0,630,360,609,220,600,131,594,53,573,408,524,319,493,257,468,197
1786204700.079,680,680,776,637,858,562,931,504,1000,471,766,360,796,222,813,134,827,60,697,340,700,181,702,81,702,0,633,360,609,222,599,134,592,59,576,408,525,322,493,262,468,205
1786204700.269,692,692,799,648,889,559,951,476,1000,411,811,320,826,168,829,70,831,0,726,301,706,143,695,59,688,3,653,324,623,192,607,133,595,93,591,377,558,292,543,258,533,239
1786204700.456,686,686,849,573,950,354,969,149,1000,0,834,185,839,73,847,233,842,313,735,198,744,114,764,293,762,348,642,232,645,163,677,334,683,391,552,289,556,236,590,360,597,406
1786204700.620,669,669,831,578,948,364,974,160,1000,0,843,181,875,75,858,240,831,337,746,187,772,115,758,293,736,385,654,217,681,159,676,322,665,415,566,267,592,223,601,344,594,415
1786204700.793,679,679,838,609,952,373,973,160,1000,0,843,193,854,97,846,270,835,368,743,207,761,141,765,325,758,411,652,244,674,189,684,359,683,444,564,298,592,251,611,384,614,456
1786204700.972,692,692,799,650,882,546,945,461,1000,398,793,358,810,248,820,178,832,123,718,335,713,183,712,83,712,0,652,358,622,219,605,128,596,47,597,416,555,343,542,314,542,290
1786204701.153,663,663,773,618,868,527,939,465,1000,435,793,319,830,197,851,124,868,62,721,289,733,147,740,65,744,0,652,299,645,174,644,101,645,38,587,335,558,230,542,163,531,99
1786204701.342,673,673,781,626,872,532,941,463,1000,428,802,330,840,204,862,131,881,68,732,302,742,156,749,69,754,0,663,312,656,176,656,95,658,28,598,347,571,237,555,169,543,105
1786204701.558,729,729,872,586,941,379,968,232,1000,133,785,190,808,55,825,158,822,248,695,204,732,89,753,228,756,327,600,232,649,127,674,247,684,341,505,280,508,124,516,57,524,0
1786204701.742,782,782,937,592,999,353,1000,160,997,0,851,203,897,72,921,205,919,315,759,225,816,115,833,273,828,376,660,260,725,161,744,313,746,424,559,312,602,158,625,98,637,36
1786204701.932,764,764,912,604,992,358,1000,160,983,0,841,164,929,66,943,232,913,318,759,183,869,117,877,297,841,372,678,218,801,161,812,338,781,424,601,274,717,222,736,322,710,376
1786204702.110,774,774,932,581,997,347,1000,159,978,0,813,155,923,53,949,214,914,299,739,181,880,105,900,288,850,356,669,225,823,165,841,344,793,411,606,291,758,257,778,387,732,442
1786204702.287,775,775,929,591,995,351,1000,162,991,0,835,174,913,54,937,210,916,315,758,198,852,97,870,274,845,375,679,237,785,141,801,310,781,421,604,295,678,199,686,231,665,241
1786204702.470,715,715,812,656,890,556,946,473,1000,419,797,368,820,233,828,142,834,67,721,353,713,195,707,89,701,0,652,379,625,235,610,145,599,69,592,435,550,348,525,296,507,250
1786204702.636,711,711,800,648,875,548,939,458,1000,401,797,352,822,207,835,114,844,33,729,336,727,178,726,80,726,0,669,360,654,222,651,138,651,65,614,408,573,312,548,250,528,191
1786204702.822,712,712,800,649,874,552,937,462,1000,409,797,352,823,203,836,109,847,27,730,337,727,178,724,79,723,0,670,361,657,224,651,139,649,66,617,408,578,313,554,248,535,187
1786204702.989,710,710,796,651,870,555,936,465,1000,412,795,354,823,207,838,113,850,31,729,335,727,177,724,79,722,0,669,357,657,222,651,137,647,65,615,403,575,309,550,246,528,184
1786204703.191,728,728,822,675,900,572,956,490,1000,425,836,368,843,207,848,98,854,18,758,357,743,187,737,84,735,0,689,387,656,233,643,152,639,85,630,447,585,358,574,338,571,330
1786204703.357,719,719,875,610,983,382,1000,150,940,0,872,142,881,26,895,210,881,275,758,152,772,96,811,320,792,321,648,196,662,176,714,375,701,385,546,263,565,245,623,384,628,404
1786204703.532,709,709,869,601,982,378,1000,145,939,0,869,149,870,59,878,242,866,291,753,148,759,119,791,341,780,323,643,185,651,190,694,383,692,373,542,245,558,253,608,383,617,380
1786204703.717,709,709,865,611,979,384,1000,152,941,0,867,163,896,22,899,209,881,303,755,167,795,70,812,296,789,345,648,200,694,137,723,349,706,400,546,256,602,195,642,333,635,373
1786204703.890,579,579,696,536,812,446,915,373,1000,329,710,216,724,41,707,45,701,125,603,196,574,0,545,10,542,104,509,223,462,44,423,55,418,137,432,287,378,188,342,220,337,298
1786204704.062,554,554,689,512,810,401,913,297,1000,218,694,196,725,45,721,80,708,163,593,171,592,0,589,26,581,97,501,200,472,63,458,94,450,156,426,273,379,212,355,259,342,323
1786204704.245,564,564,701,535,816,421,910,305,1000,216,692,235,717,65,697,88,669,164,585,205,571,24,544,0,517,36,498,227,427,156,380,256,355,379,432,288,356,267,317,358,303,468
1786204704.414,552,552,693,513,812,390,905,265,1000,176,679,187,695,5,677,30,658,113,568,173,540,0,513,37,493,133,475,206,409,113,374,205,362,328,402,275,334,236,303,320,295,426
1786204704.606,651,651,808,546,930,349,976,158,1000,0,826,129,842,13,829,173,806,248,710,121,724,11,723,181,714,241,600,135,608,44,617,203,616,266,495,172,499,98,516,205,517,254
1786204704.780,689,689,855,589,968,373,1000,163,999,0,832,105,871,102,868,281,841,300,725,95,775,149,794,336,766,322,630,143,675,217,709,382,691,357,544,219,592,313,628,422,612,397
1786204704.967,608,608,752,554,881,365,946,202,1000,90,805,140,831,1,824,126,804,205,701,122,721,0,720,155,709,244,598,131,616,33,628,179,626,267,495,165,520,92,548,195,553,262
1786204705.133,677,677,780,635,868,544,936,472,1000,435,798,344,838,214,859,133,877,65,730,318,743,168,754,76,764,0,665,331,653,197,652,111,654,37,604,369,569,269,548,202,533,137
1786204705.326,676,676,780,635,867,544,936,472,1000,439,795,339,835,210,857,133,876,68,725,315,740,165,749,73,757,0,657,328,648,194,648,108,650,35,593,365,562,259,543,190,529,124
1786204705.491,681,681,782,638,869,541,935,462,1000,433,801,344,840,214,861,133,878,65,731,319,740,168,747,75,754,0,665,332,654,197,650,112,651,38,602,369,570,267,550,198,535,133
1786204705.669,708,708,809,669,892,580,950,504,1000,448,822,374,862,239,888,153,911,83,752,349,764,189,771,84,777,0,684,364,675,221,672,126,671,44,619,407,585,305,564,236,550,172
1786204705.854,678,678,850,574,966,364,999,154,1000,0,862,205,880,75,873,242,855,313,763,204,789,93,788,291,769,341,665,221,691,137,702,328,690,385,566,256,599,187,620,319,610,368
1786204706.037,687,687,850,601,974,373,1000,149,974,0,859,207,881,79,886,259,865,305,759,211,792,104,806,310,777,333,662,235,696,164,719,357,695,376,562,276,605,224,631,359,609,382
1786204706.212,672,672,842,638,978,400,1000,159,982,0,883,193,904,53,894,238,877,314,771,191,798,73,792,279,778,348,664,211,689,112,693,306,687,395,550,246,590,139,612,203,622,218
1786204706.402,802,802,886,685,930,512,954,385,1000,294,829,319,819,155,816,67,818,0,762,341,738,170,739,81,749,20,703,399,659,238,660,155,677,94,649,494,612,388,615,321,635,267
1786204706.556,877,877,963,753,979,553,976,425,1000,320,841,368,821,178,857,69,913,0,771,406,716,197,770,86,849,32,717,492,643,282,710,184,789,136,681,616,673,485,747,438,823,424
1786204706.734,861,861,950,732,971,526,975,399,1000,296,848,358,830,170,866,58,911,0,771,395,711,184,771,89,848,73,711,479,649,280,720,201,793,183,671,601,676,486,743,430,803,412
1786204706.914,843,843,925,686,953,488,968,355,1000,256,834,363,827,212,827,104,826,19,765,382,752,211,751,92,751,0,701,437,682,266,715,236,743,244,639,523,659,411,720,418,771,464
1786204707.111,716,716,875,565,985,339,1000,142,951,0,832,163,905,59,924,212,902,303,737,179,819,88,836,259,814,361,645,214,732,142,753,307,737,412,553,270,651,218,681,334,669,416
1786204707.278,712,712,867,577,981,350,1000,145,952,0,821,160,908,71,908,238,871,308,726,175,829,114,828,295,786,352,639,210,743,172,750,343,712,397,556,265,662,249,679,368,647,411
1786204707.471,706,706,858,575,978,352,1000,142,948,0,846,153,900,45,905,214,876,286,744,166,806,76,816,265,790,336,646,200,711,141,729,320,710,392,550,258,628,222,655,337,643,385
1786204707.630,689,689,803,619,893,489,950,388,1000,319,821,272,843,153,856,103,866,80,736,246,741,100,750,35,755,0,652,261,650,115,661,48,667,1,569,312,554,214,564,164,576,127
1786204707.803,697,697,791,640,869,548,936,471,1000,426,790,366,823,225,841,137,855,63,722,344,726,184,729,82,732,0,659,361,643,220,636,131,633,56,601,403,558,310,533,246,515,186
1786204707.986,708,708,801,650,880,553,943,474,1000,429,807,370,838,231,855,142,868,67,738,350,733,189,726,85,719,0,675,369,655,229,642,137,633,59,619,413,573,319,542,255,516,196
1786204708.156,701,701,797,648,878,555,944,475,1000,418,806,364,838,226,854,137,865,64,737,344,734,186,727,84,719,0,674,365,657,227,642,142,632,74,618,414,586,339,567,299,554,269
1786204708.366,676,676,867,628,989,413,1000,166,988,0,913,261,898,118,885,275,885,367,801,238,792,125,783,310,780,388,693,230,690,138,693,320,691,402,589,236,594,171,607,307,604,373
1786204708.535,688,688,848,607,964,392,1000,164,992,0,871,231,864,94,860,274,856,322,773,228,772,118,783,329,780,335,677,235,677,132,699,332,698,354,582,251,589,163,615,306,614,347
1786204708.708,677,677,841,602,963,387,1000,157,987,0,876,239,864,96,849,272,846,340,777,230,772,117,765,320,766,358,683,227,674,125,682,321,692,374,589,240,581,146,601,284,611,339
1786204708.883,733,733,865,651,954,517,974,374,981,255,939,373,975,233,991,135,1000,60,851,339,869,183,877,83,883,0,765,341,772,188,774,94,773,22,672,375,657,268,651,213,645,176
1786204709.051,665,665,759,627,846,559,929,506,1000,483,779,369,818,237,843,151,865,78,718,339,734,186,745,85,753,0,658,348,650,208,646,119,646,43,602,382,562,285,535,222,513,162
1786204709.247,655,655,752,611,842,544,927,496,1000,481,768,339,807,213,833,132,858,63,704,310,721,166,733,76,743,0,642,321,641,192,645,111,650,40,585,359,551,261,530,197,515,137
1786204709.419,650,650,748,608,839,538,926,493,1000,483,761,332,801,207,826,128,850,61,698,303,715,161,728,73,740,0,636,313,636,186,640,107,647,37,579,349,546,254,528,192,516,132
1786204709.619,658,658,756,616,845,544,928,494,1000,478,772,337,813,210,838,130,862,62,708,309,725,164,737,74,747,0,645,320,644,190,648,110,653,39,587,358,555,263,535,199,521,138
1786204709.777,690,690,788,650,871,581,941,521,1000,478,808,372,849,238,873,151,894,77,742,344,755,185,763,83,768,0,678,355,670,210,666,118,664,43,616,392,576,291,549,223,526,160
1786204709.946,672,672,846,621,969,393,1000,161,983,0,888,231,895,90,884,264,870,314,784,223,795,102,802,309,785,327,679,232,688,136,708,334,695,366,568,249,591,160,613,305,604,358
1786204710.132,695,695,860,625,975,385,1000,154,967,0,877,211,895,96,887,280,867,310,775,208,803,116,815,330,788,330,678,229,705,161,729,357,703,368,583,258,622,200,650,337,630,368
1786204710.305,684,684,833,668,967,412,1000,159,972,0,893,225,891,104,884,285,872,321,787,209,797,127,805,341,790,347,689,217,698,164,716,361,699,376,593,230,618,197,641,344,629,373
1786204710.481,679,679,836,642,968,401,1000,159,968,0,886,231,910,106,898,274,875,319,783,216,817,113,818,319,789,339,684,225,715,149,729,346,705,377,585,246,628,182,648,326,629,371
1786204710.658,643,643,757,618,855,537,934,472,1000,436,786,331,823,220,848,154,874,104,717,297,731,156,741,70,748,0,650,303,644,175,640,97,638,30,588,340,565,249,553,198,548,154
1786204710.838,667,667,772,630,865,553,937,493,1000,465,796,353,839,230,865,153,889,90,731,321,746,169,756,76,765,0,667,329,660,188,659,98,661,21,606,365,574,265,556,196,543,133
1786204711.032,673,673,776,633,867,554,938,495,1000,468,798,353,840,228,866,151,887,87,731,324,744,170,752,76,757,0,665,335,657,194,655,103,655,26,603,372,571,268,552,198,539,133
1786204711.227,672,672,772,630,863,553,936,496,1000,468,797,363,840,235,866,154,888,87,731,335,743,180,748,81,752,0,668,347,657,206,653,114,653,37,609,385,575,286,556,218,543,155
1786204711.372,598,598,738,570,861,455,942,349,1000,257,783,221,807,42,807,99,799,175,696,190,712,8,712,100,702,193,605,184,619,0,630,84,628,181,512,201,506,52,520,79,527,139
1786204711.553,648,648,826,621,971,401,1000,162,981,0,881,211,881,78,875,258,865,313,773,190,781,76,783,280,769,308,669,191,677,96,687,293,677,331,558,208,572,124,589,274,586,326
1786204711.724,656,656,829,607,962,392,1000,160,967,0,890,196,893,69,880,248,859,278,786,181,794,62,799,298,784,296,681,183,688,108,706,330,692,334,572,202,590,143,614,299,607,324
1786204711.905,658,658,834,613,965,391,1000,156,968,0,886,208,896,82,887,263,864,292,782,197,791,80,801,304,782,300,678,203,686,115,707,327,688,333,573,220,589,148,614,295,603,324
1786204712.076,591,591,772,590,936,402,992,185,1000,25,866,157,886,11,858,182,833,284,750,120,768,0,747,191,724,280,632,110,649,9,643,194,629,291,513,126,540,38,547,179,536,264
1786204712.270,778,778,874,704,924,558,950,449,997,372,871,348,903,178,949,89,1000,37,810,341,832,160,888,61,954,0,753,374,749,198,801,103,862,41,700,443,707,332,757,281,815,253
1786204712.442,819,819,914,697,943,520,958,411,995,326,874,336,883,144,938,47,1000,0,820,352,812,139,889,44,974,11,773,409,748,191,828,95,911,55,736,501,744,364,814,310,886,293
1786204712.634,801,801,895,681,928,500,945,389,980,296,852,314,866,113,930,31,1000,0,794,336,794,111,880,26,970,5,744,401,722,178,807,88,895,52,705,502,713,369,782,311,854,290
1786204712.795,766,766,901,569,957,327,977,154,1000,0,782,131,892,48,921,185,904,278,709,148,825,73,864,235,847,339,638,189,750,116,792,265,782,368,573,254,654,170,704,263,707,344
1786204712.972,781,781,923,596,987,348,1000,162,1000,0,792,140,928,89,949,222,921,308,725,161,874,138,900,279,879,367,667,219,814,207,839,338,819,419,620,306,744,299,781,392,766,457
1786204713.151,826,826,957,616,1000,363,997,171,987,0,765,179,929,133,960,274,928,355,700,210,893,196,922,339,890,408,654,276,845,269,874,403,842,463,630,367,789,368,820,463,792,512
1786204713.332,808,808,941,603,995,354,1000,167,987,0,772,157,934,117,955,266,916,349,711,180,900,173,919,325,880,394,666,234,852,231,871,376,836,436,635,315,790,314,816,418,786,468
1786204713.490,761,761,894,597,971,340,991,157,1000,0,777,94,891,29,929,190,912,286,689,119,813,67,859,236,848,336,607,175,736,129,783,289,775,386,532,262,644,216,701,331,704,412
1786204713.697,688,688,791,645,877,553,943,468,1000,409,817,357,844,235,855,160,861,93,750,328,754,174,753,79,750,0,687,339,681,200,678,115,677,42,625,376,597,279,579,216,565,157
1786204713.867,683,683,793,639,886,546,948,454,1000,385,838,351,872,229,881,156,883,90,770,318,782,168,784,75,785,0,705,325,710,188,715,110,720,42,639,357,625,256,616,193,607,134
1786204714.076,692,692,810,646,906,548,957,447,1000,368,868,346,904,229,912,163,913,101,798,311,811,161,815,74,818,0,731,313,737,179,743,100,748,33,661,341,654,241,649,180,644,123
1786204714.219,628,628,774,598,900,497,970,359,1000,227,876,285,927,157,944,93,952,52,796,229,828,82,837,20,842,8,717,210,739,57,754,0,765,14,628,212,627,74,633,27,641,43
1786204714.399,612,612,751,594,880,506,964,376,1000,254,911,297,985,144,972,126,941,181,843,225,909,49,888,50,860,123,770,189,821,23,816,12,800,75,684,179,704,46,707,0,704,12
1786204714.577,625,625,769,556,906,426,960,216,941,45,966,212,1000,47,962,175,935,263,878,162,893,31,854,169,845,221,784,126,790,0,761,109,754,160,690,102,697,6,674,64,661,100
1786204714.764,622,622,756,606,883,450,926,220,917,27,1000,252,950,93,871,255,853,332,908,178,821,67,761,257,787,304,815,124,728,45,697,232,735,285,735,84,683,0,661,122,684,178
1786204714.945,617,617,751,585,874,432,916,208,903,21,1000,225,911,93,846,244,829,307,913,154,796,62,750,238,766,279,822,107,721,42,699,211,726,258,741,76,685,0,673,95,695,128
1786204715.125,637,637,781,585,915,441,959,225,926,49,1000,262,994,121,921,256,884,323,919,189,866,76,801,239,803,290,835,134,777,43,739,202,755,266,756,96,714,0,693,99,710,152
1786204715.292,675,675,798,595,911,465,958,298,947,146,971,301,1000,181,957,185,911,188,894,268,899,148,860,112,826,56,812,253,812,134,783,69,754,0,731,249,740,138,728,73,711,3
1786204715.487,822,822,916,791,985,711,1000,625,990,559,966,371,994,183,952,109,893,91,902,332,925,123,885,36,833,10,840,329,849,132,819,42,777,0,773,357,759,208,734,118,702,52
1786204715.643,803,803,914,723,980,599,968,443,931,301,1000,314,999,136,971,47,938,4,916,288,900,116,879,50,863,8,838,286,822,138,819,57,822,0,761,311,760,177,770,108,785,61
1786204716.062,788,788,889,785,957,684,950,547,906,422,994,463,1000,331,958,287,917,273,928,386,943,224,933,118,923,23,864,352,882,187,881,82,879,0,799,353,814,210,812,123,807,54
1786204716.369,664,664,781,558,867,385,854,171,801,0,1000,255,948,121,847,67,753,40,905,205,836,98,742,63,660,35,797,194,753,96,692,74,637,57,698,211,685,130,656,119,624,101
1786204716.540,673,673,792,588,876,406,864,178,819,0,1000,192,895,65,833,184,809,257,900,136,788,31,740,171,731,226,794,116,705,32,683,172,690,229,696,123,650,56,654,154,672,199
1786204716.718,686,686,859,618,985,423,1000,201,957,28,971,225,968,110,909,154,850,168,866,201,845,97,795,151,751,150,759,202,738,88,721,95,700,79,646,222,641,90,629,45,612,0
1786204716.892,679,679,848,537,971,372,1000,197,946,42,957,267,993,202,969,114,932,11,851,263,859,194,835,121,816,0,747,297,733,214,718,143,696,38,642,354,630,289,618,224,603,133
1786204717.036,638,638,812,575,964,383,1000,160,935,0,951,116,953,56,918,158,891,148,835,84,794,34,788,231,806,189,716,93,664,46,697,219,725,184,601,128,571,108,584,211,586,176
1786204717.202,670,670,778,633,869,567,940,512,1000,471,804,336,839,208,861,130,880,67,728,311,726,166,728,75,729,0,658,330,642,202,635,121,631,50,597,379,567,303,552,257,543,216
1786204717.370,686,686,793,625,883,532,949,456,1000,399,799,343,828,207,847,127,865,59,727,326,717,172,717,78,720,0,662,346,645,211,639,126,638,54,606,390,570,300,551,238,539,181
1786204717.517,687,687,797,630,889,530,952,440,1000,371,807,343,833,206,848,124,861,52,733,323,724,171,723,79,724,0,666,340,651,210,648,127,650,52,606,383,574,296,559,236,551,177
1786204717.668,653,653,776,602,878,494,947,393,1000,311,803,269,827,139,834,65,839,20,720,244,716,98,715,25,722,0,644,261,632,130,630,65,640,45,575,308,550,218,541,173,543,159
1786204717.865,647,647,835,573,973,368,1000,168,979,17,907,145,931,0,911,187,897,281,783,130,795,18,790,242,783,306,656,147,659,48,677,258,684,341,527,186,531,44,560,60,576,37
1786204718.129,684,684,838,640,970,416,1000,174,957,0,927,236,941,144,922,224,905,191,817,212,827,125,818,348,806,338,708,218,705,168,716,376,708,383,599,239,599,182,614,325,610,355
1786204718.318,678,678,837,619,965,393,1000,159,960,0,907,216,910,100,881,273,869,312,796,202,807,107,795,329,784,344,687,214,695,151,700,361,692,382,575,244,587,176,599,315,591,343
1786204718.493,589,589,723,539,839,419,921,316,1000,247,740,144,732,12,724,119,722,220,630,137,615,0,615,116,621,220,531,167,507,38,515,140,530,238,443,225,407,126,423,197,446,276
1786204718.704,583,583,734,514,856,363,929,233,1000,142,734,181,711,0,712,128,718,236,630,187,606,0,621,148,635,256,537,216,505,46,530,180,551,283,451,263,410,122,441,207,474,290
1786204718.859,524,524,682,463,823,300,916,149,1000,46,708,71,681,7,676,179,681,275,587,59,560,0,576,215,595,298,476,77,445,22,482,231,516,323,378,121,348,57,387,209,426,283
1786204719.044,521,521,679,466,819,315,913,173,1000,72,719,72,691,10,679,188,685,286,594,54,571,0,576,219,596,299,480,69,455,28,481,235,515,318,382,110,356,71,394,222,435,289
1786204719.214,530,530,684,491,823,360,914,234,1000,143,710,104,694,17,683,190,679,285,589,97,571,0,579,213,589,293,478,118,459,30,487,231,511,311,378,163,357,80,394,219,427,282
1786204719.357,643,643,804,586,948,417,997,256,1000,126,834,121,880,29,872,179,846,249,711,105,760,0,768,183,739,255,588,131,616,29,647,197,635,266,462,187,483,107,527,224,531,286
1786204719.514,654,654,812,605,954,382,1000,167,945,11,821,26,862,54,855,252,836,257,694,0,751,79,764,306,746,297,580,37,635,150,667,351,655,330,475,110,535,228,562,370,545,348
1786204719.690,662,662,819,616,961,391,1000,165,949,0,841,38,883,40,872,242,847,257,714,10,774,67,782,312,751,300,598,49,649,155,683,366,669,335,492,124,552,255,581,397,564,364
1786204719.870,658,658,816,617,962,395,1000,164,951,0,845,60,837,63,840,262,840,285,722,39,724,89,743,326,743,327,608,72,608,146,643,353,651,339,504,135,511,208,539,360,544,350
1786204720.044,727,727,864,701,971,575,1000,443,999,346,935,366,967,238,984,171,996,130,845,308,864,163,874,91,880,36,756,288,772,145,781,66,782,0,667,303,668,191,668,135,662,90
1786204720.222,645,645,768,599,872,501,941,415,1000,356,809,320,861,191,890,110,914,42,737,291,762,156,770,69,775,0,665,296,676,172,682,96,688,35,592,322,580,214,573,141,567,76
1786204720.370,650,650,774,586,874,483,945,395,1000,330,807,315,852,185,875,111,894,45,731,289,744,150,749,65,752,0,659,298,666,182,674,114,681,55,589,328,570,228,561,164,554,103
1786204720.523,661,661,780,602,879,501,947,412,1000,344,821,328,867,199,889,121,906,51,747,301,761,163,764,74,766,0,675,310,683,193,688,118,692,52,604,340,587,237,576,170,567,105
1786204720.709,668,668,782,613,878,517,947,424,1000,351,824,338,868,207,889,126,904,55,751,312,761,168,762,76,761,0,680,322,686,199,689,121,693,55,609,354,592,250,581,182,573,119
1786204720.874,666,666,777,612,870,526,943,443,1000,383,818,326,859,197,882,120,901,55,746,298,758,157,764,69,769,0,675,310,679,189,684,115,689,53,606,346,585,248,573,185,563,126
1786204721.064,652,652,764,603,861,517,941,451,1000,397,790,301,830,180,855,113,878,56,720,274,740,138,753,59,767,0,650,290,653,173,659,112,668,56,584,327,559,239,547,188,540,136
1786204721.245,652,652,762,602,858,517,937,448,1000,396,788,305,829,184,854,116,877,59,719,278,738,138,750,58,763,0,651,293,653,175,658,112,666,57,586,330,560,241,547,189,539,137
1786204721.406,656,656,766,606,860,520,938,453,1000,400,789,309,830,185,855,116,877,57,720,284,738,142,750,60,762,0,652,300,652,178,656,114,665,57,587,340,561,251,547,199,537,147
1786204721.609,685,685,793,660,887,574,950,498,1000,440,831,361,859,220,875,123,887,50,756,336,759,181,759,78,760,0,684,348,671,198,662,106,656,29,616,395,578,314,563,274,556,243
1786204721.787,684,684,857,622,973,398,1000,163,983,0,882,221,880,80,889,257,882,308,780,221,787,101,810,313,799,330,681,237,694,145,722,345,711,365,577,259,601,185,626,332,615,374
1786204721.950,685,685,842,641,968,407,1000,162,959,0,888,223,882,89,881,270,877,298,782,222,779,99,793,330,789,326,677,240,667,150,699,364,706,365,565,268,567,195,596,353,603,388
1786204722.151,667,667,835,667,977,411,1000,155,982,0,894,227,893,73,885,256,877,326,785,220,793,87,791,303,783,348,680,233,688,124,692,336,689,390,574,250,593,169,600,332,594,389
1786204722.309,671,671,775,634,867,558,940,493,1000,448,806,364,842,245,864,166,882,101,737,331,750,175,755,78,757,0,671,340,663,204,655,121,650,51,609,379,579,292,563,238,554,191
1786204722.494,646,646,759,601,854,522,935,466,1000,430,779,306,824,184,852,113,877,53,711,277,732,138,745,59,757,0,642,289,646,162,651,93,659,32,577,325,547,229,529,171,515,113
1786204722.658,648,648,761,601,854,525,934,469,1000,432,779,304,821,184,848,114,872,54,710,276,728,140,741,61,753,0,640,290,643,169,649,100,656,39,575,330,549,238,534,182,522,127
1786204722.833,669,669,774,617,865,537,939,468,1000,422,794,335,836,210,861,130,883,60,724,307,742,159,751,71,757,0,657,320,655,186,655,106,657,39,595,359,561,259,539,196,521,135
1786204723.030,705,705,816,669,908,573,963,487,1000,410,841,373,869,228,882,136,890,67,765,352,757,184,746,80,736,0,694,373,674,225,661,148,653,90,628,425,598,334,596,333,599,349
1786204723.200,684,684,854,615,969,395,1000,164,982,0,896,240,893,102,885,274,878,319,788,237,790,119,799,331,796,343,681,250,682,148,703,344,709,367,573,274,578,176,599,321,605,374
1786204723.371,687,687,856,622,972,398,1000,165,980,0,893,240,903,99,901,272,885,333,790,237,813,106,817,317,794,348,688,251,713,154,727,350,709,378,580,273,617,194,632,337,612,381
1786204723.546,686,686,852,609,968,393,1000,164,972,0,889,224,893,90,890,258,880,295,787,223,798,114,807,322,794,324,687,240,697,147,720,342,715,350,584,267,602,192,628,336,623,372
1786204723.736,657,657,825,612,957,388,1000,163,998,0,911,207,907,52,885,232,881,315,801,195,801,65,788,283,786,340,689,196,695,94,692,314,693,385,578,207,598,120,602,282,598,349
1786204723.917,682,682,785,641,876,562,944,495,1000,445,804,368,838,245,858,165,873,96,735,339,745,184,748,85,748,0,670,351,662,210,655,125,652,53,609,393,577,299,557,242,543,190
1786204724.076,651,651,759,603,853,523,934,464,1000,426,773,307,813,185,839,113,862,53,706,281,724,141,738,62,750,0,638,297,639,174,645,104,652,44,574,340,544,248,526,194,514,139
1786204724.267,650,650,756,601,850,523,932,465,1000,427,771,308,809,185,833,114,855,53,704,283,722,142,735,63,746,0,638,299,638,177,643,108,649,46,577,340,548,252,530,200,516,148
1786204724.443,655,655,760,605,852,527,934,467,1000,427,775,316,814,194,838,121,861,60,708,290,726,147,738,65,746,0,643,305,639,180,640,109,643,45,582,345,549,257,529,205,512,153
1786204724.628,684,684,809,663,913,570,965,477,1000,393,855,328,872,178,877,82,879,12,766,300,764,140,760,57,754,0,680,315,672,157,668,103,661,65,597,364,579,267,573,248,564,242
1786204724.819,691,691,853,632,978,403,1000,167,975,0,922,211,948,78,948,140,943,137,806,204,824,83,820,306,812,336,688,219,696,141,714,357,714,395,565,250,576,158,602,321,611,387
1786204724.972,702,702,842,661,971,422,1000,175,966,0,935,232,951,114,948,161,927,124,819,221,842,97,839,340,813,342,703,237,712,157,732,383,717,394,581,267,600,190,621,346,612,388
1786204725.148,704,704,844,648,972,418,1000,173,948,0,930,216,947,99,939,160,912,127,819,209,831,91,838,338,825,325,707,226,706,153,733,381,728,380,591,255,599,184,627,345,627,381
1786204725.336,701,701,839,666,970,430,1000,178,948,0,928,231,949,113,933,261,909,289,813,207,838,94,832,346,805,358,697,216,712,155,728,389,711,402,576,241,602,185,625,352,619,388
1786204725.527,692,692,841,645,970,410,1000,168,960,0,924,223,941,84,929,207,916,242,815,206,840,87,828,319,806,343,702,212,725,144,723,356,706,373,587,232,617,170,621,327,601,363
1786204725.691,697,697,844,642,968,414,1000,173,952,0,933,220,951,110,934,253,909,278,823,200,843,93,837,338,811,342,713,208,723,159,733,380,714,385,597,231,618,172,629,326,610,356
1786204725.867,687,687,832,651,966,420,1000,173,950,0,924,232,943,123,925,276,904,300,817,210,836,98,826,342,803,349,708,217,712,156,723,382,708,391,592,238,605,176,617,337,605,373
1786204726.044,688,688,840,649,968,420,1000,172,962,0,933,241,946,128,926,270,911,293,828,221,840,101,828,341,812,353,719,225,720,160,722,381,709,396,604,239,617,167,620,324,603,366
1786204726.249,680,680,825,643,960,417,1000,173,967,0,932,221,954,101,940,212,924,220,821,198,838,88,822,324,808,323,705,198,715,144,713,359,703,358,585,213,600,158,602,313,588,338
1786204726.409,671,671,822,668,977,414,1000,151,965,0,885,204,895,80,886,267,875,331,771,198,794,91,792,335,774,362,664,214,675,130,690,361,676,404,555,232,575,159,591,321,578,365
1786204726.570,685,685,788,639,877,554,943,473,1000,417,806,362,840,236,863,155,882,87,739,335,754,181,762,82,768,0,674,349,667,211,662,126,660,54,614,390,586,295,569,236,556,182
1786204726.766,672,672,779,626,871,540,941,467,1000,421,801,337,841,210,866,132,889,64,734,309,756,165,771,75,785,0,669,322,666,187,669,104,674,32,607,359,579,254,562,187,549,122
1786204726.943,675,675,781,627,871,543,941,467,1000,413,805,345,842,216,865,134,883,62,738,317,757,168,768,76,777,0,672,329,670,191,669,107,671,35,609,366,582,260,566,192,554,128
1786204727.129,683,683,809,658,911,552,964,459,1000,387,855,373,880,238,891,148,896,80,774,339,789,185,797,85,801,3,693,335,699,182,702,84,703,0,612,360,605,248,601,184,600,134
1786204727.303,653,653,833,596,961,385,1000,159,985,0,891,231,903,97,889,263,872,313,795,215,810,100,804,306,785,327,693,212,710,110,712,313,696,349,586,223,606,122,621,272,611,327
1786204727.485,646,646,811,600,950,397,1000,164,979,0,900,239,908,96,887,260,872,303,801,220,813,88,800,299,791,315,698,212,707,114,707,319,704,343,590,216,606,121,616,274,616,323
1786204727.650,640,640,802,636,953,411,1000,162,979,0,899,247,908,89,885,260,872,330,795,222,804,91,789,305,783,347,691,210,695,112,690,323,689,374,584,203,595,126,597,288,593,345
1786204727.827,642,642,762,622,865,557,942,499,1000,462,809,337,854,230,882,163,908,113,738,290,762,152,778,69,788,0,667,286,670,159,674,80,677,8,599,314,580,223,569,170,562,119
1786204728.012,638,638,743,600,842,538,929,497,1000,475,780,325,825,211,857,141,888,84,718,289,747,149,768,67,783,0,652,293,660,161,668,81,675,11,586,325,559,223,542,158,531,95
1786204728.195,644,644,749,607,845,546,929,504,1000,484,774,326,820,206,849,133,876,71,710,292,735,153,752,69,766,0,643,298,649,171,656,93,663,26,580,331,552,235,533,174,519,115
1786204728.374,706,706,805,670,888,597,950,528,1000,468,835,389,876,258,901,173,922,102,766,357,778,193,784,88,788,0,699,367,686,211,678,120,674,41,634,405,595,297,569,226,549,162
1786204728.550,648,648,819,592,954,380,1000,159,998,0,870,198,890,67,870,242,849,293,767,193,789,85,782,300,767,316,662,199,684,109,691,318,678,343,556,216,581,131,596,279,585,319
1786204728.716,664,664,822,597,954,392,1000,168,985,0,880,210,907,88,889,258,862,287,778,198,810,87,806,304,778,301,675,207,703,129,713,334,691,333,566,228,602,155,619,299,601,325
1786204728.894,665,665,832,607,958,393,1000,167,986,0,886,219,908,85,899,253,877,291,781,212,810,96,813,307,785,314,677,224,706,136,721,335,699,346,572,244,609,166,626,306,606,338
1786204729.071,657,657,826,610,958,394,1000,162,989,0,891,221,906,69,892,243,875,310,789,210,808,84,804,295,785,327,684,216,706,117,710,322,696,365,578,234,608,146,616,295,602,347
1786204729.251,678,678,787,645,880,568,946,497,1000,442,813,364,852,247,879,172,901,111,744,331,758,177,765,80,769,0,676,342,673,205,671,121,672,47,610,383,584,285,571,224,566,168
1786204729.435,663,663,767,624,860,553,935,490,1000,452,794,350,837,224,864,144,888,75,728,320,748,170,758,77,766,0,663,328,661,194,662,109,666,34,600,362,569,256,548,188,532,124
1786204729.614,670,670,773,634,867,567,940,503,1000,457,805,363,845,235,867,150,884,77,738,332,755,178,762,80,765,0,673,339,671,201,672,114,675,41,610,371,580,267,562,199,550,136
1786204729.794,684,684,792,650,890,582,956,504,1000,427,836,366,872,225,893,128,906,53,765,333,783,174,796,77,805,0,695,339,701,200,707,119,715,58,627,375,610,282,605,233,605,199
1786204729.964,638,638,812,588,943,382,981,162,1000,0,856,204,886,72,868,239,845,305,753,186,788,88,779,281,753,318,653,188,688,99,689,287,666,334,548,203,582,132,590,270,569,321
1786204730.169,672,672,834,608,955,393,996,168,1000,0,874,219,898,88,882,261,860,309,771,211,804,99,798,309,768,325,670,223,702,138,709,337,688,353,568,247,605,178,618,320,598,350
1786204730.316,669,669,833,612,957,394,997,165,1000,0,880,211,890,68,882,244,870,295,775,207,794,99,800,307,784,321,676,223,693,132,710,329,700,350,576,246,602,178,621,322,612,359
1786204730.505,647,647,813,632,953,408,994,168,1000,0,931,206,900,61,869,245,866,326,818,182,790,66,770,281,771,330,705,178,678,85,673,296,676,354,595,186,582,116,587,276,590,331
1786204730.685,690,690,792,643,880,561,943,481,1000,422,816,364,853,233,873,145,890,70,744,338,748,184,747,84,744,0,677,353,668,214,661,125,658,47,615,394,583,294,561,234,545,178
1786204730.867,684,684,788,637,877,553,942,473,1000,417,808,361,848,229,871,145,892,72,739,334,749,179,752,81,755,0,674,346,668,209,667,125,670,52,612,383,583,279,565,211,553,149
1786204731.038,672,672,781,630,873,546,942,468,1000,411,806,354,849,223,875,142,897,70,737,325,746,173,753,78,758,0,670,332,669,202,674,118,681,45,606,363,580,258,565,187,554,122
1786204731.237,680,680,788,642,880,555,945,471,1000,408,823,362,852,247,867,170,878,106,754,328,765,174,773,77,780,0,684,334,688,189,693,98,700,23,615,369,595,275,587,214,584,162
1786204731.387,617,617,753,571,869,460,946,351,1000,264,786,222,809,62,817,65,812,117,703,196,705,0,712,49,707,133,620,205,612,19,626,65,631,152,537,244,512,95,527,99,543,156
1786204731.568,649,649,824,583,947,367,983,150,1000,0,868,213,888,84,870,261,851,290,764,211,780,95,784,305,773,311,663,223,676,131,692,340,683,360,560,245,579,171,597,316,588,351
1786204731.754,653,653,830,574,952,368,992,152,1000,0,875,210,891,80,875,251,856,288,770,205,788,94,786,292,773,301,669,214,686,120,696,318,688,341,569,236,591,159,607,299,599,337
1786204731.933,618,618,758,576,872,460,943,351,1000,274,805,222,839,85,850,36,853,11,714,191,722,29,721,0,718,2,626,204,619,49,623,28,626,30,539,250,518,137,518,128,517,138
1786206532.627,664,664,771,612,862,532,935,460,1000,415,804,328,850,203,875,125,896,55,737,298,760,154,771,68,780,0,671,305,680,182,686,106,692,43,607,335,592,236,584,174,579,116
1786206532.816,664,664,769,616,859,540,934,472,1000,429,805,339,850,211,876,132,899,64,738,309,761,164,773,73,783,0,671,316,681,192,687,113,695,47,606,346,594,244,587,180,583,122
1786206532.980,670,670,774,626,864,555,936,484,1000,435,815,353,858,228,883,146,905,74,747,321,771,175,785,81,795,0,681,328,687,198,693,111,700,36,617,358,596,256,585,186,578,120
1786206533.163,603,603,740,565,868,477,944,370,1000,285,819,254,829,149,792,248,767,336,730,214,743,94,712,219,698,314,642,196,650,98,628,213,620,302,555,201,545,84,536,43,538,0
1786206533.331,593,593,774,529,903,326,947,118,1000,0,809,144,818,26,798,189,786,245,704,141,717,49,710,248,705,270,599,151,607,66,617,260,618,300,497,175,497,76,521,197,531,239
1786206533.524,603,603,775,512,891,313,937,115,1000,0,803,149,811,35,784,192,767,261,698,142,712,46,701,232,698,276,595,153,606,64,611,242,614,297,496,184,505,89,523,206,529,254
1786206533.696,645,645,779,592,879,474,941,376,1000,318,830,304,856,183,862,111,866,56,753,270,775,137,783,63,787,0,678,265,688,135,697,60,700,4,595,283,593,177,600,109,604,51
1786206533.876,654,654,768,596,857,508,933,444,1000,406,779,284,815,162,840,95,864,38,705,260,719,131,730,57,744,0,632,277,626,160,626,96,632,39,567,317,535,226,517,171,504,115
1786206534.057,660,660,771,606,857,526,931,463,1000,425,780,308,815,187,839,116,860,56,709,285,724,149,732,67,739,0,638,302,637,177,636,101,637,34,575,343,547,247,529,187,517,129
1786206534.229,683,683,786,645,873,572,942,507,1000,456,805,366,842,237,865,155,882,83,735,340,743,189,744,88,741,0,668,352,652,214,642,121,633,40,604,391,566,293,542,229,525,169
1786206534.422,663,663,817,593,940,416,982,244,1000,114,838,235,847,115,845,270,837,347,743,234,742,140,750,323,749,379,648,248,642,176,658,342,665,406,550,274,550,130,557,77,555,0
1786206534.580,639,639,812,545,936,351,973,144,1000,4,844,175,849,0,826,151,809,229,744,179,750,57,744,249,748,296,643,194,647,95,660,283,672,341,546,226,548,137,573,263,590,314
1786206534.765,667,667,814,581,925,417,965,250,1000,133,855,251,871,128,848,254,831,341,766,241,781,158,766,303,760,375,680,241,693,162,686,302,688,389,596,250,604,121,613,64,625,0
1786206534.941,680,680,784,633,869,552,937,484,1000,440,802,357,839,232,863,154,881,86,733,330,753,179,762,83,768,0,666,342,662,204,657,115,653,38,604,377,573,277,550,213,532,154
1786206535.122,665,665,774,609,861,531,934,469,1000,428,790,318,827,197,852,126,874,64,720,292,736,154,746,70,754,0,651,307,645,178,644,99,644,30,589,348,556,247,534,180,518,114
1786206535.300,675,675,780,635,868,565,939,504,1000,461,803,368,838,243,860,162,877,93,737,341,750,188,757,87,760,0,672,350,666,211,663,117,662,38,608,385,575,285,556,217,544,154
1786206535.477,620,620,763,571,890,437,958,298,1000,185,826,237,837,136,816,271,807,326,732,224,734,160,724,312,730,346,642,226,636,178,630,316,639,364,550,239,555,120,551,71,548,0
1786206535.659,599,599,777,504,897,308,946,121,1000,9,807,118,814,0,793,168,779,224,695,112,701,38,702,238,702,251,587,128,587,68,606,258,614,292,485,158,474,68,501,162,519,183
1786206535.828,639,639,782,555,890,404,945,257,1000,165,818,247,827,147,804,279,793,346,726,236,733,178,726,322,728,361,638,241,641,183,643,324,653,386,556,255,558,129,562,72,568,0
1786206536.003,603,603,737,541,854,430,933,344,1000,287,791,252,815,141,823,80,829,29,712,227,726,112,727,53,727,0,635,231,644,118,651,60,654,10,554,255,554,154,559,91,562,30
1786206536.180,649,649,762,599,853,517,932,460,1000,427,780,292,819,171,844,105,868,49,708,266,729,133,742,58,757,0,637,280,634,162,636,94,642,33,572,317,539,221,520,161,508,101
1786206536.358,649,649,761,598,854,519,932,463,1000,428,776,299,812,178,837,110,861,52,705,273,721,140,731,62,739,0,635,287,634,164,635,92,639,30,571,326,542,228,524,171,511,115
1786206536.548,685,685,792,649,883,574,950,507,1000,448,811,378,843,248,862,161,877,87,740,350,748,196,751,91,751,0,674,360,663,211,653,115,646,28,612,398,571,297,545,229,525,164
1786206536.723,647,647,814,614,949,431,989,237,1000,98,851,257,867,116,852,269,843,325,751,246,752,143,753,327,753,353,653,255,644,185,653,356,660,409,546,273,557,128,563,74,561,0
1786206536.899,665,665,837,622,975,394,1000,156,997,0,865,205,871,39,855,204,842,275,750,209,752,88,757,297,758,337,640,235,633,141,654,345,661,394,527,277,527,168,555,257,565,259
1786206537.076,691,691,850,635,973,404,1000,168,990,0,879,217,891,71,878,237,859,299,766,222,772,86,783,302,767,327,657,253,658,155,684,356,672,380,546,303,556,217,587,350,582,383
1786206537.253,732,732,822,642,887,501,941,386,1000,313,806,341,829,189,835,98,834,30,735,330,745,167,751,74,753,0,667,352,666,201,669,111,670,38,600,400,584,284,582,207,584,137
1786206537.430,792,792,885,696,934,537,962,410,1000,318,788,359,751,194,714,82,681,0,714,374,661,200,618,90,578,9,653,426,595,273,551,176,509,102,608,509,545,417,499,359,457,312
1786206537.611,783,783,866,669,921,520,958,394,1000,304,792,345,762,186,730,91,695,15,712,357,653,185,608,81,563,0,652,405,583,260,542,174,506,103,609,486,556,406,526,353,502,304
1786206537.799,705,705,830,606,913,433,954,296,1000,198,824,310,839,160,843,71,847,0,728,308,734,178,736,101,736,33,637,332,628,200,628,112,629,34,546,378,519,255,510,164,507,76
1786206537.971,729,729,900,658,1000,401,992,162,980,0,873,256,861,100,888,260,886,308,762,290,743,131,796,334,785,360,660,342,641,209,705,401,701,434,555,402,554,301,608,432,607,477
1786206538.155,725,725,899,675,1000,407,990,159,984,0,883,260,864,105,884,271,883,317,769,286,744,133,791,343,790,361,665,330,639,207,701,408,704,438,557,382,551,294,600,434,604,476
1786206538.318,745,745,891,643,968,451,976,289,1000,177,857,346,861,188,869,87,880,0,752,348,746,194,754,120,760,56,656,378,642,262,678,320,709,374,558,428,545,330,574,334,606,347
1786206538.504,740,740,830,658,894,543,946,442,1000,364,784,361,786,209,788,108,788,23,709,363,676,200,656,91,636,0,647,406,594,269,559,179,530,101,599,474,540,398,501,347,470,297
1786206538.683,739,739,829,653,897,533,947,429,1000,356,792,358,802,201,803,102,799,17,717,355,683,188,656,84,629,0,655,391,607,253,573,166,546,91,605,454,550,372,514,314,485,257
1786206538.864,729,729,818,636,890,514,944,409,1000,338,787,347,793,191,791,94,784,8,711,346,672,179,641,81,613,0,649,381,601,245,572,164,548,93,596,442,541,361,505,304,475,248
1786206539.044,717,717,863,650,955,499,983,371,1000,263,855,308,864,155,866,66,871,0,755,307,752,177,754,102,753,45,665,343,655,223,658,155,657,97,579,409,576,328,594,289,606,255
1786206539.324,687,687,858,637,986,386,1000,141,948,0,872,250,887,107,882,281,861,328,765,255,773,131,782,315,761,336,658,284,668,178,686,361,666,392,549,327,568,256,594,388,582,426
1786206539.474,673,673,840,627,976,390,1000,155,954,0,873,196,906,50,900,226,875,297,758,198,777,49,781,244,756,299,642,228,660,101,674,293,650,351,527,278,562,184,588,318,573,369
1786206539.658,709,709,801,642,878,554,941,478,1000,424,780,355,806,218,824,134,842,61,712,342,711,183,713,85,712,0,651,368,615,229,590,141,571,62,598,424,549,330,521,266,503,200
1786206539.813,684,684,782,631,860,549,933,485,1000,440,755,347,783,208,799,119,813,47,684,332,685,178,687,80,689,0,619,356,586,220,566,134,556,60,564,407,505,320,472,257,452,195
1786206539.989,689,689,785,639,865,557,934,488,1000,442,762,351,791,209,806,121,817,46,691,332,695,170,697,76,695,0,628,353,595,214,578,131,567,61,574,404,522,316,493,256,470,197
1786206540.180,691,691,785,637,864,553,934,486,1000,440,762,353,789,210,804,122,815,47,690,334,692,172,693,77,693,0,626,357,590,221,571,138,559,66,572,408,518,321,486,263,464,207
1786206540.349,720,720,815,652,894,553,951,462,1000,390,804,342,810,199,810,117,810,49,727,330,721,170,723,75,724,0,657,353,635,206,633,120,634,51,591,399,550,284,536,207,530,136
1786206540.506,714,714,888,638,992,386,1000,157,970,0,842,238,872,63,899,243,886,329,729,260,769,134,811,338,781,385,624,305,666,202,718,391,689,433,515,360,568,276,617,405,595,452
1786206540.707,715,715,886,654,994,394,1000,153,960,0,863,244,873,69,897,258,889,331,753,262,772,140,813,352,792,373,650,304,667,213,716,407,693,427,543,357,570,289,611,425,592,458
1786206540.884,719,719,886,671,990,410,1000,164,964,0,867,256,864,72,892,263,886,342,749,280,755,152,805,375,792,397,642,329,639,239,697,440,684,456,531,388,532,317,582,457,579,490
1786206541.088,713,713,866,618,983,374,1000,156,949,29,844,171,873,0,890,162,880,244,733,195,760,67,783,257,770,316,622,242,653,133,688,316,679,378,513,307,553,212,591,332,583,381
1786206541.248,711,711,806,639,884,534,942,450,1000,395,776,347,796,207,809,124,823,52,704,338,698,178,698,82,698,0,642,366,608,228,593,142,585,65,588,421,537,323,513,255,501,186
1786206541.418,704,704,799,634,876,530,938,447,1000,394,765,338,787,201,798,118,806,44,692,329,681,172,677,79,674,0,630,359,597,220,583,138,575,62,578,414,525,321,495,259,472,195
1786206541.595,714,714,807,641,881,537,939,454,1000,402,773,347,793,207,805,125,814,51,701,340,682,179,674,83,667,0,640,370,601,233,583,152,573,77,588,427,535,338,506,278,487,216
1786206541.775,749,749,860,670,941,538,978,433,1000,342,834,299,835,142,836,59,842,0,741,304,723,146,721,67,725,6,658,347,630,196,624,111,627,42,580,416,518,301,498,241,495,193
1786206541.951,706,706,883,635,993,383,1000,146,952,0,863,233,860,78,884,254,875,305,748,254,755,136,804,339,791,352,639,294,655,202,711,392,693,411,529,347,561,277,606,406,590,439
1786206542.134,703,703,875,640,992,382,1000,138,947,0,865,235,863,72,884,251,883,316,759,248,769,130,802,331,795,355,656,283,670,188,710,378,700,406,553,334,581,262,617,393,607,429
1786206542.309,699,699,871,634,989,383,1000,144,951,0,872,214,869,65,881,246,878,296,766,234,767,117,795,325,793,337,663,271,668,180,705,375,700,389,560,320,581,250,616,385,612,413
1786206542.479,666,666,780,607,870,489,939,396,1000,331,771,292,783,158,787,78,791,14,692,280,691,140,690,61,687,0,618,297,609,162,607,81,603,12,546,339,524,227,517,149,511,76
1786206542.659,704,704,798,633,876,538,939,462,1000,409,757,345,782,205,796,119,808,44,684,337,672,178,668,81,662,0,622,370,578,232,555,146,538,69,572,430,507,356,468,306,440,253
1786206542.844,711,711,802,641,880,545,941,470,1000,418,769,356,792,215,808,132,821,60,698,347,679,184,670,86,661,0,637,376,597,236,574,148,557,67,587,433,531,351,499,294,477,235
1786206543.026,719,719,841,644,932,520,976,404,1000,300,840,262,833,69,829,26,832,19,751,252,740,63,733,27,729,18,670,271,649,92,646,36,642,0,591,317,572,169,570,86,569,15
1786206543.187,711,711,875,600,987,373,1000,150,963,0,848,215,863,59,878,231,868,297,746,236,773,121,798,317,776,339,646,271,678,178,712,362,687,382,548,320,592,247,625,376,601,407
1786206543.384,707,707,870,620,986,375,1000,146,959,0,846,224,865,65,885,232,877,308,744,249,775,119,799,310,778,355,647,291,680,181,716,361,696,407,548,343,598,250,634,363,617,404
1786206543.556,664,664,787,596,886,481,951,382,1000,305,803,276,828,141,839,76,848,27,723,254,739,116,749,51,755,0,646,261,649,133,657,66,662,12,570,291,558,179,563,109,566,45
1786206543.744,700,700,796,631,874,536,939,458,1000,405,772,343,796,207,809,124,819,52,702,329,700,171,701,77,700,0,639,355,606,211,586,128,571,54,585,409,530,312,494,250,462,187
1786206543.907,709,709,804,639,880,544,942,466,1000,410,778,352,800,214,813,129,822,57,709,339,700,176,692,79,683,0,647,365,612,221,590,135,572,57,593,418,541,322,507,259,479,198
1786206544.087,738,738,845,659,927,542,968,440,1000,357,827,322,822,161,821,77,824,12,742,316,728,154,720,70,714,0,664,342,641,188,633,108,625,39,590,395,549,272,533,187,522,107
1786206544.268,770,770,906,667,998,478,1000,299,967,163,879,322,873,152,877,75,875,0,796,350,818,241,845,397,828,451,716,391,741,286,776,443,759,494,634,444,669,347,704,455,691,505
1786206544.439,718,718,884,628,994,383,1000,154,963,0,851,212,842,41,869,146,862,181,751,233,770,97,815,284,790,332,653,273,679,150,728,332,705,383,550,331,592,220,634,348,614,404
1786206544.628,708,708,877,648,991,394,1000,156,964,0,864,207,850,31,880,215,886,303,755,235,746,97,786,308,784,357,648,281,649,157,697,354,695,406,544,338,571,242,610,379,605,429
1786206544.820,704,704,799,641,880,548,943,470,1000,413,788,353,816,220,834,139,850,67,719,336,717,177,714,82,710,0,657,359,636,219,623,132,615,51,602,409,562,312,538,247,521,182
1786206544.986,701,701,796,636,877,543,941,464,1000,406,782,350,811,211,827,125,838,50,714,336,711,174,703,79,693,0,653,360,630,215,616,127,604,46,597,409,554,306,525,239,500,173
1786206545.158,719,719,811,650,886,548,944,459,1000,397,800,364,825,225,840,139,851,63,731,351,717,182,702,83,687,0,670,377,640,231,622,142,608,61,615,429,569,329,537,264,510,200
1786206545.336,738,738,871,661,962,512,994,375,1000,254,866,343,884,206,893,116,899,49,781,322,801,171,813,76,822,3,696,324,706,170,719,73,727,0,605,350,599,204,605,103,611,17
1786206545.485,715,715,877,603,983,369,1000,148,966,0,839,216,854,77,868,256,852,299,737,244,757,131,784,330,759,339,637,283,660,187,698,374,673,387,538,330,570,245,608,367,590,391
1786206545.639,718,718,872,586,979,368,1000,151,964,0,855,187,859,63,870,235,863,284,759,218,766,122,791,319,785,324,665,259,676,176,713,361,709,374,575,315,595,236,634,363,632,391
1786206545.817,712,712,872,582,977,366,1000,153,971,0,864,191,873,58,879,227,868,282,770,216,782,108,799,307,789,328,677,252,686,159,716,351,711,379,586,303,602,220,637,355,634,393
1786206545.995,693,693,794,616,881,512,944,419,1000,354,782,316,800,185,806,103,812,36,707,299,705,152,705,66,705,0,639,318,619,189,611,116,607,56,575,365,538,264,524,194,519,126
1786206546.163,694,694,792,626,874,529,939,449,1000,397,777,336,803,201,817,121,827,50,707,323,707,167,704,76,700,0,644,346,622,206,611,125,601,52,587,394,544,295,517,230,494,166
1786206546.316,699,699,794,632,874,536,939,456,1000,404,780,344,808,210,822,128,832,57,710,329,708,171,702,77,694,0,648,354,624,215,611,130,601,52,593,404,549,305,522,238,501,172
1786206546.481,747,747,845,670,923,564,968,468,1000,384,824,360,828,210,833,118,838,45,746,355,727,185,723,83,722,0,677,386,650,228,645,132,647,53,613,445,567,336,555,256,553,182
1786206546.643,698,698,867,616,988,378,1000,151,973,0,847,203,868,76,868,263,844,323,743,220,765,92,776,311,749,350,636,250,650,134,682,342,664,391,521,295,543,188,586,328,580,374
1786206546.850,715,715,888,643,997,394,1000,157,981,0,882,227,882,96,889,274,878,322,777,243,777,111,804,320,789,339,668,272,669,164,704,364,688,391,552,311,563,216,598,357,589,395
1786206546.996,707,707,882,657,1000,402,999,152,970,0,886,251,889,102,897,284,881,340,779,259,785,112,809,320,787,351,668,281,677,165,707,364,686,402,550,313,575,219,603,361,584,405
1786206691.141,663,663,774,620,869,544,941,469,1000,415,829,339,875,209,903,134,929,69,759,305,786,164,801,74,813,0,686,309,698,191,704,115,711,52,614,335,605,231,600,164,598,102
1786206691.320,663,663,774,621,868,547,940,472,1000,418,830,341,877,212,905,137,931,71,761,307,790,166,804,76,816,0,690,310,702,187,708,109,715,44,619,335,609,231,605,162,601,98
1786206691.498,656,656,772,622,867,545,939,474,1000,425,823,358,868,230,897,151,922,83,753,322,782,178,798,84,810,0,682,323,692,192,699,111,707,41,610,347,599,238,595,165,595,96
1786206691.705,621,621,747,601,854,519,933,450,1000,402,812,315,854,178,871,91,884,18,737,277,765,147,775,69,784,0,659,270,680,146,689,71,699,5,579,283,588,167,598,92,610,22
1786206691.868,674,674,821,633,948,499,997,333,1000,205,873,338,904,240,882,373,858,416,792,315,815,236,800,387,786,409,708,305,725,241,721,386,711,431,620,299,640,148,648,81,648,0
1786206692.037,650,650,807,604,941,448,984,270,1000,133,859,258,861,107,853,124,845,83,765,248,783,177,782,320,780,339,674,249,693,181,689,322,686,358,582,252,622,115,640,77,650,0
1786206692.218,614,614,793,568,937,401,991,196,1000,38,849,205,861,22,853,49,839,0,742,188,766,104,765,289,757,291,639,185,668,125,676,301,663,311,536,191,578,124,599,232,594,241
1786206692.388,700,700,827,687,946,567,989,424,1000,304,935,384,982,227,991,137,987,70,855,344,897,186,905,108,903,39,768,326,799,170,811,98,815,32,675,322,698,175,708,86,713,0
1786206692.565,676,676,775,635,861,567,934,513,1000,479,808,356,851,228,878,151,902,84,741,325,769,175,788,82,805,0,674,332,679,194,687,104,699,26,608,367,594,264,591,193,595,127
1786206692.760,657,657,762,617,852,549,931,498,1000,472,793,327,834,201,861,128,887,67,724,297,747,155,763,71,775,0,656,306,656,176,661,100,669,34,592,339,571,233,561,163,557,97
1786206692.947,659,659,761,616,852,543,930,488,1000,458,791,326,834,202,860,131,883,71,726,295,750,150,762,66,770,0,659,302,659,169,662,93,667,28,595,334,573,227,562,158,556,93
1786206693.112,669,669,768,625,857,561,932,508,1000,478,807,347,850,219,878,144,903,79,741,316,765,167,777,76,786,0,674,321,678,189,680,103,685,28,608,351,586,246,574,175,570,109
1786206693.276,705,705,845,651,961,502,1000,339,985,211,912,330,935,164,942,77,946,0,820,323,848,217,831,370,811,430,721,327,750,233,749,388,739,450,623,346,651,234,670,347,671,412
1786206693.464,681,681,843,630,973,448,1000,243,952,103,903,311,929,207,915,316,894,345,808,295,826,205,807,369,787,402,712,291,726,220,714,375,701,430,612,290,651,136,662,79,665,0
1786206693.636,641,641,821,549,960,361,1000,140,938,0,871,180,908,26,895,187,868,258,776,170,809,72,796,266,776,291,676,172,708,99,713,284,702,319,574,191,617,114,646,233,653,268
1786206693.779,640,640,822,550,959,356,1000,136,947,0,870,166,899,10,882,175,857,249,770,158,793,55,778,250,765,279,670,162,694,84,694,271,688,311,573,181,602,102,621,198,627,212
1786206693.941,671,671,781,653,873,591,941,532,1000,486,819,368,863,249,894,179,923,123,750,329,776,178,796,81,812,0,677,333,682,192,691,99,700,18,605,369,585,278,582,214,587,156
1786206694.121,647,647,759,612,854,547,933,495,1000,461,800,319,849,195,878,125,904,65,732,285,763,147,781,66,795,0,663,290,670,160,678,85,685,17,595,319,580,207,571,136,564,66
1786206694.300,638,638,754,603,851,537,932,485,1000,451,791,310,838,190,866,123,891,65,724,274,752,141,767,63,778,0,654,277,661,155,668,83,675,19,585,305,568,200,559,134,553,69
1786206694.475,666,666,773,632,866,574,940,517,1000,474,819,353,867,232,897,160,923,96,752,318,780,175,795,80,805,0,684,320,693,186,701,99,708,23,615,345,598,234,588,161,581,91
1786206694.653,631,631,810,571,952,382,1000,166,983,0,878,188,909,30,911,116,896,146,773,179,801,47,790,236,761,292,661,187,693,66,693,260,675,330,545,213,590,91,602,226,587,293
1786206694.822,641,641,830,567,965,383,1000,159,960,0,899,211,914,74,891,229,867,301,791,193,799,79,778,264,763,318,678,189,689,100,676,279,667,344,565,199,576,81,578,97,576,55
1786206695.001,650,650,835,576,965,376,1000,156,956,0,895,234,923,94,901,261,870,312,798,222,826,93,813,297,784,326,695,217,728,107,725,310,699,354,583,224,630,125,644,270,624,324
1786206695.189,699,699,849,643,962,498,1000,330,981,202,917,345,945,227,924,299,898,368,833,309,853,213,835,307,820,375,749,286,772,159,784,158,792,165,655,277,664,136,670,63,676,0
1786206695.332,655,655,770,633,869,570,941,514,1000,470,806,350,856,226,888,152,916,92,737,312,766,166,785,76,800,0,668,312,675,175,684,88,694,13,598,340,584,238,585,177,595,124
1786206695.481,652,652,766,622,860,559,936,503,1000,464,803,341,850,220,881,152,907,94,736,306,764,164,778,75,787,0,667,309,673,176,679,90,684,15,598,335,584,227,577,154,575,85
1786206695.684,652,652,760,621,857,562,935,500,1000,458,806,351,854,232,882,158,906,94,740,314,770,167,784,75,793,0,672,314,681,177,688,90,694,15,604,338,593,229,587,156,585,89
1786206695.846,663,663,775,635,871,571,945,507,1000,453,812,358,853,235,881,163,908,102,745,323,767,178,783,82,795,0,678,326,687,193,697,106,708,30,610,354,596,252,594,182,597,118
1786206696.027,600,600,777,583,939,405,994,213,1000,74,850,167,882,0,864,153,828,190,736,160,755,28,749,229,724,247,617,169,639,58,646,259,622,296,495,191,531,76,558,191,550,217
1786206696.197,688,688,833,626,956,460,1000,280,978,143,873,290,890,139,896,76,892,0,783,291,822,199,819,351,791,388,694,307,733,237,739,390,714,421,605,338,655,277,665,385,640,417
1786206696.397,636,636,796,590,947,402,1000,192,968,43,868,209,891,56,892,67,881,0,765,201,806,110,799,304,778,296,663,209,702,145,703,334,682,334,559,231,610,184,620,321,600,335
1786206696.548,624,624,793,560,945,367,1000,153,966,0,860,179,882,33,876,103,857,68,753,169,796,72,787,275,761,269,648,176,690,108,692,304,667,304,542,202,594,151,607,289,584,303
1786206696.756,613,613,796,602,935,404,980,182,1000,0,877,228,930,54,935,57,921,40,768,177,805,34,802,99,782,88,647,156,688,27,689,118,669,128,520,155,565,39,582,101,575,125
1786206696.902,662,662,769,633,862,568,936,510,1000,473,805,357,851,231,881,158,909,99,741,322,770,177,788,83,801,0,673,328,680,193,686,105,691,26,604,360,587,262,579,195,577,132
1786206697.086,646,646,757,606,852,536,931,476,1000,441,798,316,843,195,871,127,897,70,728,282,754,149,768,69,779,0,658,286,662,162,666,84,671,16,590,316,571,213,561,145,555,79
1786206697.269,648,648,755,604,851,533,931,478,1000,451,791,307,830,186,855,116,878,58,720,277,741,140,753,63,761,0,650,284,650,158,652,85,654,21,583,316,560,215,547,152,538,90
1786206697.466,664,664,767,627,859,563,933,510,1000,480,807,341,848,219,875,149,902,92,738,308,761,165,776,75,789,0,670,314,670,177,673,92,679,18,604,346,581,246,570,181,563,121
1786206697.629,627,627,805,647,972,414,1000,152,963,0,868,230,880,67,869,192,856,215,763,219,787,82,771,299,748,309,654,216,675,105,673,309,653,339,539,210,580,90,600,175,591,164
1786206697.816,648,648,814,644,971,412,1000,158,941,0,897,223,931,85,914,255,882,308,789,206,832,79,822,308,786,331,677,210,718,114,718,336,684,364,556,220,617,159,628,322,599,361
1786206697.986,646,646,816,593,964,384,1000,147,945,3,878,180,910,0,901,146,877,185,777,178,819,54,808,266,783,296,673,189,712,87,711,294,688,337,566,212,620,104,643,214,634,232
1786206698.151,659,659,771,634,866,572,938,519,1000,483,802,352,847,233,877,163,904,105,734,318,762,174,779,80,791,0,665,326,670,187,676,98,683,19,595,363,576,268,573,207,579,149
1786206698.328,643,643,755,603,849,533,929,477,1000,446,784,307,825,188,850,125,873,71,712,275,733,140,745,63,756,0,642,282,641,151,646,74,652,7,576,313,551,204,537,136,527,69
1786206698.527,650,650,757,609,851,537,930,480,1000,447,787,312,828,194,853,128,876,73,716,281,736,143,747,64,755,0,646,288,643,158,646,79,649,12,579,320,555,214,541,147,531,82
1786206698.694,684,684,782,644,867,572,937,509,1000,467,812,360,851,239,877,166,902,105,745,331,759,180,767,83,774,0,681,343,676,201,677,110,682,30,622,385,601,298,595,240,597,188
1786206698.875,646,646,815,577,958,395,1000,197,980,44,858,191,885,12,893,28,879,0,749,197,783,72,788,239,767,291,643,221,679,117,694,294,678,360,535,260,577,141,603,230,598,261
1786206699.046,646,646,819,551,956,355,1000,148,970,0,841,162,879,40,870,196,838,226,745,164,794,63,793,261,760,269,648,178,696,106,707,295,676,304,548,210,607,148,624,280,595,301
1786206699.226,646,646,817,553,953,359,1000,146,966,0,843,171,868,32,861,190,838,243,746,176,776,73,779,270,759,284,649,192,679,113,695,295,678,312,550,223,599,160,625,284,613,310
1786206699.404,698,698,832,686,935,584,982,484,1000,420,880,364,902,219,914,119,923,37,787,324,794,191,796,103,798,27,694,316,686,176,688,81,690,0,600,328,571,189,562,91,557,1
1786206699.576,656,656,762,614,854,540,931,486,1000,460,786,315,824,194,847,126,867,68,714,284,732,145,743,65,752,0,643,292,636,160,636,82,638,12,576,329,544,229,525,164,512,100
1786206699.756,657,657,761,615,852,539,931,485,1000,457,785,316,830,196,856,130,879,73,713,284,731,143,743,63,755,0,643,291,636,158,635,82,635,14,578,327,545,227,525,167,511,108
1786206699.952,673,673,773,626,861,554,935,498,1000,462,797,341,839,220,866,149,891,89,729,312,749,166,764,77,776,0,662,321,654,183,652,95,652,15,599,357,567,256,547,192,533,129
1786206700.116,698,698,841,672,971,521,1000,348,982,226,896,352,916,230,898,375,880,422,806,335,818,253,807,415,796,427,716,333,721,269,720,414,715,457,621,333,643,181,654,98,656,0
1786206700.295,644,644,817,601,963,380,1000,145,952,0,859,230,875,109,862,276,839,301,755,216,779,105,768,313,739,304,650,215,675,119,678,317,648,321,545,223,584,155,599,294,577,311
1786206700.468,644,644,815,584,962,374,1000,142,950,0,857,212,884,90,867,235,841,256,754,200,790,102,770,301,742,303,653,204,687,114,683,312,660,328,551,224,598,153,609,297,592,323
1786206700.656,730,730,883,696,984,532,998,364,1000,232,910,422,937,257,946,140,952,37,821,398,837,236,848,116,852,0,730,394,744,233,761,123,770,19,632,407,641,268,656,175,668,84
1786206700.824,660,660,761,615,853,537,932,476,1000,446,789,329,827,206,850,136,871,76,717,301,734,159,743,74,750,0,647,310,641,177,640,94,642,19,580,345,550,246,530,181,517,118
1786206701.031,667,667,766,618,854,535,932,472,1000,439,787,329,824,202,846,129,865,64,716,302,729,157,737,72,744,0,649,313,641,177,640,97,640,25,586,348,553,247,530,182,511,118
1786206701.193,688,688,797,648,885,569,948,494,1000,431,821,366,854,230,876,144,895,75,749,339,767,185,784,84,800,0,680,350,687,212,697,123,711,48,614,390,604,295,611,228,625,170
1786206701.366,634,634,806,553,951,354,1000,146,965,0,820,162,860,17,857,186,828,241,717,166,766,54,769,252,736,284,615,179,668,82,681,277,650,312,510,204,579,119,594,258,563,295
1786206701.541,636,636,806,565,952,365,1000,147,959,0,846,194,867,75,850,232,825,262,747,186,782,87,770,294,744,289,648,187,687,105,687,305,662,308,548,202,598,140,606,279,582,294
1786206701.718,646,646,816,562,954,363,1000,148,961,0,843,172,870,29,858,197,829,250,740,173,768,60,764,268,742,286,638,185,671,86,679,286,659,313,537,213,585,131,603,270,586,303
1786206701.907,655,655,760,613,853,546,930,493,1000,466,798,340,852,223,886,158,917,104,727,307,748,161,757,73,763,0,656,313,655,177,656,95,660,25,587,347,565,246,555,177,553,113
1786206702.079,656,656,760,607,852,533,929,479,1000,453,791,323,836,206,864,141,889,84,719,292,734,147,740,65,742,0,649,300,643,165,641,89,640,23,583,337,552,232,531,167,517,102
1786206702.258,658,658,760,615,851,537,929,481,1000,455,786,325,831,207,858,139,881,82,714,294,727,149,732,67,736,0,644,303,638,170,637,95,638,26,580,339,551,237,532,174,518,112
1786206702.468,663,663,764,620,853,543,930,486,1000,459,792,331,837,212,863,143,887,85,719,300,732,154,737,70,741,0,651,309,644,177,644,100,646,29,588,344,558,242,538,179,523,117
1786206702.612,694,694,807,653,899,566,957,483,1000,413,839,364,872,220,888,129,901,63,762,335,776,175,787,75,798,0,690,343,696,198,705,108,716,33,621,381,615,278,624,208,635,147
1786206702.793,727,727,858,648,965,480,1000,313,978,179,881,322,889,168,896,82,898,0,797,327,836,240,841,396,815,430,715,349,754,285,767,434,743,457,631,381,676,322,695,431,673,460
1786206702.978,729,729,861,646,966,476,1000,307,973,174,867,309,868,154,872,72,872,0,787,316,843,242,850,400,816,439,709,339,765,296,777,447,743,466,629,372,693,332,711,440,679,462
1786206703.161,736,736,861,652,966,477,1000,304,970,171,872,312,869,155,870,74,865,0,794,324,833,239,843,399,817,440,717,350,756,287,773,441,751,468,638,385,687,327,709,438,689,469
1786206703.318,669,669,774,622,867,545,940,481,1000,441,803,342,832,218,846,150,856,97,727,313,743,163,750,73,752,0,653,324,647,197,647,122,650,60,582,364,568,267,570,200,578,141
1786206703.504,672,672,773,622,859,536,932,474,1000,446,784,334,819,204,836,126,849,58,711,309,721,158,724,71,726,0,640,324,624,188,616,106,610,34,574,365,525,270,494,209,468,148
1786206703.686,669,669,771,625,859,543,933,480,1000,447,786,334,820,201,837,122,850,55,712,309,721,155,723,68,725,0,641,324,625,188,618,105,613,31,574,366,528,273,500,212,478,152
1786206703.863,686,686,782,636,866,554,936,488,1000,447,796,354,831,220,853,140,870,69,726,328,734,170,736,77,736,0,659,342,643,201,634,114,627,36,596,383,554,287,526,224,504,164
1786206704.048,702,702,821,652,914,560,967,473,1000,385,860,323,887,159,898,68,909,0,773,305,779,154,782,90,788,47,691,317,694,179,700,112,705,60,608,351,604,225,613,148,623,80
1786206704.222,639,639,814,577,960,375,1000,156,964,0,848,185,876,24,869,162,841,204,739,174,781,66,781,271,751,294,630,178,674,88,685,287,660,320,521,200,575,122,592,267,569,306
1786206704.394,728,728,861,665,973,507,1000,338,965,211,884,335,896,165,898,81,893,0,802,335,833,265,834,423,808,446,720,351,752,294,764,446,742,462,639,378,677,326,698,437,682,461
1786206704.565,653,653,820,572,961,373,1000,152,953,0,843,163,882,35,869,195,837,261,743,158,784,64,780,264,752,294,642,169,685,82,697,277,675,315,540,201,595,121,620,261,602,305
1786206704.744,728,728,874,696,975,542,998,385,1000,259,920,427,943,245,954,120,960,22,832,391,853,228,858,116,858,15,743,378,767,218,782,102,789,0,650,381,669,237,685,130,697,35
1786206704.943,674,674,773,620,863,541,936,482,1000,446,789,343,828,214,855,142,881,81,721,320,733,169,742,78,748,0,657,333,651,195,649,114,651,38,597,373,569,274,552,210,543,147
1786206705.123,674,674,772,627,861,550,934,488,1000,451,794,340,833,215,857,141,881,78,724,316,738,164,745,74,749,0,659,330,652,193,652,107,653,31,597,371,567,268,549,198,537,130
1786206705.312,677,677,776,628,863,550,935,486,1000,449,796,347,834,220,859,145,880,81,728,324,742,169,748,77,751,0,664,338,657,200,656,114,657,37,604,378,574,277,555,209,543,142
1786206705.475,686,686,792,648,885,580,949,515,1000,458,817,365,859,229,884,147,907,78,749,338,768,181,781,82,790,0,681,350,686,204,694,109,703,29,613,390,595,289,595,219,602,155
1786206705.650,634,634,802,560,949,362,1000,147,976,0,837,161,879,16,868,182,835,240,734,161,784,44,781,243,748,277,633,174,678,78,686,268,656,306,529,203,582,118,600,257,577,303
1786206705.832,640,640,807,551,946,358,1000,147,958,0,838,168,873,48,857,203,824,242,739,165,780,70,767,262,736,267,640,175,678,105,681,286,655,294,542,201,590,135,605,256,583,274
1786206705.991,647,647,809,552,947,362,1000,150,965,0,842,152,875,35,861,198,830,250,741,149,777,67,770,260,744,275,641,164,677,100,685,284,664,303,542,196,592,134,613,261,599,285
1786206706.170,733,733,844,727,938,642,972,545,968,486,924,474,963,349,985,264,1000,194,845,415,895,258,928,129,952,16,760,386,798,224,823,99,840,0,665,377,675,232,687,124,698,35
1786206706.369,648,648,760,614,857,546,934,497,1000,467,787,320,829,203,855,138,879,83,719,288,740,149,750,67,758,0,650,292,654,160,658,82,663,14,581,322,564,208,552,137,545,70
1786206706.533,645,645,756,606,854,535,932,488,1000,466,778,309,819,190,839,123,856,63,709,279,730,140,738,62,743,0,640,286,638,152,639,78,640,11,573,320,549,214,534,147,522,81
1786206706.710,657,657,762,616,855,544,932,493,1000,467,786,319,827,203,849,137,867,80,719,290,740,149,749,66,754,0,651,298,648,164,647,86,647,17,587,333,562,229,546,164,534,100
1786206706.894,688,688,800,662,895,588,958,521,1000,457,823,361,848,237,865,167,880,121,748,326,764,170,780,72,794,0,675,331,674,185,680,94,691,20,603,370,581,263,583,190,594,127
1786206707.062,660,660,817,571,952,387,1000,187,949,48,852,184,882,0,882,30,853,17,755,188,801,72,805,245,776,293,655,206,700,119,716,290,692,343,553,240,605,157,631,274,615,327
1786206707.245,649,649,819,549,955,350,1000,138,933,3,825,127,867,0,865,163,836,214,724,130,775,56,774,257,735,265,623,152,678,105,694,289,660,295,525,188,588,120,616,238,595,255
1786206707.423,654,654,819,561,956,368,1000,158,941,24,847,146,873,0,869,126,846,147,745,147,782,71,779,273,752,271,641,167,682,114,694,301,673,303,541,201,594,138,619,261,607,275
1786206707.607,634,634,752,615,851,549,932,494,1000,464,796,322,822,195,833,118,842,60,716,285,728,149,737,69,742,4,636,284,634,150,640,72,644,0,558,311,539,204,533,132,530,60
1786206707.794,665,665,768,617,859,541,934,485,1000,450,788,327,829,206,852,138,871,78,720,299,740,152,750,69,754,0,654,310,650,172,652,94,654,21,589,347,560,239,542,169,529,98
1786206707.956,661,661,765,614,856,536,932,478,1000,447,786,317,826,193,847,122,865,59,715,290,733,144,743,63,751,0,648,301,641,168,643,89,646,17,585,337,556,234,540,165,530,97
1786206708.142,665,665,768,620,860,544,934,487,1000,454,792,327,832,206,855,137,875,76,722,299,742,153,750,69,756,0,656,311,649,178,649,98,650,26,593,347,563,245,545,179,532,111
1786206708.320,696,696,811,658,906,577,961,494,1000,410,833,357,864,220,884,137,899,68,759,328,781,174,796,78,807,0,685,335,691,201,701,122,712,53,612,370,596,264,599,193,607,129
1786206708.497,642,642,814,576,959,389,1000,168,955,16,861,173,897,0,890,135,862,178,757,166,809,56,801,257,770,279,651,169,701,82,704,278,678,312,541,184,606,96,621,238,600,283
1786206708.675,685,685,835,609,959,435,1000,245,949,113,867,253,894,87,896,60,880,0,781,252,828,169,821,333,791,348,694,262,743,204,748,363,721,374,605,283,663,230,678,345,654,368
1786206708.867,666,666,825,582,961,389,1000,181,932,45,860,204,893,28,901,39,879,0,768,199,819,105,814,284,774,311,675,209,730,139,737,313,703,340,580,231,648,169,666,291,638,324
1786206709.028,739,739,880,709,981,545,1000,387,1000,256,926,389,954,239,975,153,986,80,845,351,876,243,881,280,867,304,756,334,788,179,811,130,813,83,656,329,664,165,683,75,695,0
1786206709.216,665,665,767,632,860,576,935,527,1000,493,795,351,838,229,868,157,894,94,729,320,754,170,767,79,776,0,663,327,667,191,670,107,673,31,599,361,579,255,566,187,557,121
1786206709.391,659,659,762,621,856,554,932,501,1000,472,788,332,830,211,853,138,873,77,721,303,743,159,753,73,760,0,654,312,652,176,651,94,651,20,589,346,563,242,547,173,536,106
1786206709.567,664,664,767,624,859,555,933,500,1000,468,794,334,835,214,858,143,879,82,726,305,749,160,760,73,767,0,659,314,656,180,657,98,659,23,595,350,570,245,555,176,545,109
1786206709.733,692,692,795,655,880,587,943,527,1000,481,816,369,858,237,886,161,912,98,749,341,767,184,779,84,789,0,683,352,682,208,685,116,692,36,618,390,599,291,598,225,606,165
1786206709.911,633,633,808,551,948,362,1000,157,1000,0,843,174,890,46,868,211,833,253,744,169,794,69,776,266,741,277,645,174,692,81,689,269,658,291,544,192,593,103,606,235,582,272
1786206710.113,632,632,803,546,942,358,1000,155,988,0,854,169,884,47,856,192,824,232,753,161,784,72,762,255,739,268,651,166,680,94,673,270,655,291,548,185,589,101,602,218,591,243
1786206710.278,686,686,828,627,947,462,1000,282,980,170,893,299,919,186,892,314,861,372,807,278,829,208,802,363,782,394,720,269,741,206,726,359,715,415,635,265,670,119,685,74,695,0
1786206710.451,651,651,763,621,857,556,933,508,1000,481,786,339,830,217,859,151,886,95,718,306,735,164,743,76,748,0,650,313,656,180,662,96,667,22,584,346,567,242,560,174,557,109
1786206710.638,659,659,765,621,861,552,934,497,1000,466,791,337,835,214,859,142,881,81,723,306,743,156,751,70,754,0,656,314,658,181,660,98,660,25,591,347,566,240,551,171,541,102
1786206710.809,660,660,764,621,859,550,933,495,1000,465,792,335,836,213,861,141,882,79,725,304,744,155,751,69,753,0,659,312,662,181,664,99,664,27,594,345,568,238,552,169,542,100
1786206710.981,669,669,770,630,862,559,934,501,1000,468,800,345,844,221,869,147,890,84,733,315,751,162,757,71,758,0,667,322,669,190,670,106,670,33,602,354,577,248,563,177,553,109
1786206711.129,700,700,818,668,914,580,969,491,1000,404,852,347,874,209,885,135,889,82,773,315,792,158,800,67,803,0,695,320,699,178,705,106,711,52,616,355,601,238,603,161,608,94
1786206711.294,622,622,795,534,946,349,1000,143,951,0,816,136,858,9,848,168,814,215,711,135,762,35,757,231,720,250,607,145,656,63,665,251,633,277,501,175,560,97,581,231,557,268
1786206711.461,624,624,794,541,942,362,1000,160,943,22,832,141,864,0,845,154,810,192,729,136,768,43,758,247,732,254,625,144,662,67,668,266,648,282,522,171,570,97,588,243,570,274
1786206711.647,610,610,787,533,939,347,1000,146,946,10,841,132,878,0,852,164,816,203,735,124,778,27,756,237,727,242,626,128,668,39,665,244,643,260,518,150,563,59,579,210,564,247
1786206711.822,639,639,768,641,876,584,949,526,1000,468,827,348,864,222,886,150,906,93,749,299,770,161,788,79,805,8,671,284,684,148,699,70,715,0,596,294,593,170,598,92,607,18
1786206711.992,651,651,763,619,858,558,933,507,1000,471,791,324,836,201,864,131,887,72,723,290,749,151,763,68,772,0,653,296,659,161,665,80,670,11,584,329,565,219,555,147,550,77
1786206712.190,649,649,756,614,853,549,931,501,1000,472,790,319,832,197,858,126,881,66,721,288,745,147,758,65,766,0,653,296,653,163,655,84,659,15,586,330,564,220,553,149,546,80
1786206712.359,653,653,758,617,853,553,931,501,1000,472,792,323,837,204,863,135,886,76,724,291,749,150,760,67,767,0,657,298,657,165,659,86,662,18,592,331,569,224,556,155,548,86
1786206712.535,692,692,829,660,931,570,976,479,1000,398,873,352,897,186,905,84,914,3,780,324,789,174,793,83,799,8,690,326,691,178,695,81,699,0,601,347,582,211,577,118,578,36
1786206712.715,619,619,800,576,958,368,1000,146,937,11,859,159,897,0,892,169,871,208,748,145,792,37,779,264,748,269,634,148,680,71,677,289,646,296,519,169,576,100,584,258,554,285
1786206712.885,625,625,801,573,953,380,1000,159,945,10,867,181,911,0,903,115,874,145,763,161,821,41,803,245,766,271,656,162,711,64,706,262,671,296,547,179,618,98,631,240,606,281
1786206713.070,604,604,781,574,950,385,1000,158,954,5,864,171,908,0,898,129,870,167,757,146,806,34,785,240,752,269,647,141,688,51,677,246,650,287,534,146,589,17,607,72,602,47
1786206713.241,625,625,754,615,859,558,937,503,1000,464,809,300,840,175,855,102,869,47,725,258,741,126,748,56,754,0,642,255,638,130,638,63,642,5,560,280,539,171,536,104,539,38
1786206713.416,655,655,763,620,857,558,934,509,1000,475,791,331,835,210,861,139,883,77,725,299,747,158,758,71,767,0,657,305,656,174,658,93,661,22,590,336,566,230,549,161,538,95
1786206713.610,656,656,764,622,857,560,934,512,1000,481,788,335,832,211,858,137,878,75,721,307,743,161,754,72,759,0,654,315,653,178,656,94,657,23,587,350,563,243,548,173,537,107
1786206713.788,662,662,770,637,858,581,933,537,1000,516,799,350,845,225,874,151,899,89,733,319,756,169,768,76,776,0,665,325,666,184,669,96,673,23,598,358,572,247,558,176,552,110
1786206713.969,659,659,775,645,868,592,940,549,1000,526,827,344,873,201,899,112,921,38,750,309,771,164,782,75,789,3,674,308,679,169,684,79,688,0,598,331,579,210,577,128,580,48
1786206714.134,610,610,799,543,946,362,1000,158,962,12,847,185,889,0,898,31,888,5,750,172,798,76,781,255,745,272,653,169,701,78,702,253,675,287,557,180,606,83,626,208,610,263
1786206714.314,596,596,786,539,942,354,1000,143,954,4,851,178,900,29,893,151,866,179,751,148,791,65,768,252,733,258,645,132,686,46,680,226,654,258,541,125,595,0,623,90,621,109
1786206714.484,626,626,796,593,939,436,1000,252,958,133,854,273,891,156,865,304,842,345,770,249,804,170,773,348,749,350,683,229,713,150,699,316,677,349,599,214,635,66,653,54,649,0
1786206714.671,666,666,812,662,936,508,972,346,1000,227,883,308,920,191,911,300,888,387,803,273,838,166,822,304,800,383,717,254,754,146,740,269,717,347,630,242,661,96,676,51,680,0
1786206714.852,646,646,760,625,859,568,935,518,1000,485,797,339,849,221,881,151,906,92,730,304,762,161,779,74,788,0,660,306,669,172,678,89,687,17,590,336,577,227,574,155,575,86
1786206715.033,649,649,760,614,855,550,933,499,1000,468,790,318,836,198,863,130,885,71,723,285,751,146,764,65,773,0,654,291,659,156,665,79,671,13,585,324,566,217,555,148,547,82
1786206715.216,650,650,761,623,852,560,930,511,1000,479,795,326,841,205,868,134,891,73,728,292,756,153,768,68,777,0,659,298,667,163,672,83,677,15,591,329,570,220,558,150,551,83
1786206715.391,662,662,766,632,858,573,935,522,1000,488,802,342,850,221,880,153,907,95,737,308,764,163,778,74,789,0,670,314,674,177,681,94,688,23,602,346,580,239,568,169,561,103
1786206715.561,710,710,847,677,957,550,1000,417,996,304,894,344,914,181,924,80,926,0,810,319,824,174,824,105,818,55,727,316,744,185,746,145,743,115,642,330,657,196,669,129,676,72
1786206715.741,626,626,806,555,955,363,1000,147,944,1,860,162,898,0,899,82,878,81,758,147,789,67,779,266,754,258,650,149,684,92,685,278,665,277,542,167,590,118,606,253,588,269
1786206715.889,682,682,839,620,963,450,1000,264,951,133,883,271,914,97,921,64,910,0,797,263,836,191,828,356,800,363,706,268,748,218,749,377,723,382,613,284,664,238,677,352,652,371
1786206716.050,715,715,856,673,968,521,1000,360,969,245,880,359,893,179,903,83,906,0,807,353,866,276,865,420,827,457,735,361,792,303,799,441,765,470,664,376,723,317,741,408,715,438
1786206716.214,693,693,815,678,909,591,914,508,877,468,899,367,949,257,978,191,1000,142,816,309,857,167,880,76,896,5,727,292,749,148,766,66,778,0,632,304,632,172,639,83,647,2
1786206716.401,648,648,761,625,854,571,931,530,1000,508,796,339,844,219,873,148,898,84,728,304,752,161,760,73,763,0,659,307,668,177,672,99,677,31,589,335,581,226,578,156,579,89
1786206716.575,651,651,762,632,851,577,930,537,1000,513,790,339,836,217,864,144,887,80,721,306,743,161,751,71,755,0,652,314,658,179,663,99,669,30,583,347,564,236,554,167,550,102
1786206716.756,653,653,761,628,853,570,932,527,1000,501,790,339,839,219,868,152,891,94,726,305,749,160,759,71,763,0,659,309,665,179,670,100,674,33,591,338,571,233,559,168,552,107
1786206716.934,708,708,816,689,903,633,958,576,1000,527,858,399,901,267,931,186,958,117,785,365,805,203,818,93,828,0,712,372,710,219,711,118,715,33,639,409,608,291,595,212,591,140
1786206717.107,644,644,806,587,950,426,1000,232,968,91,864,214,876,38,872,80,856,72,765,200,783,126,778,286,766,312,665,198,685,121,687,277,683,324,566,200,596,52,617,50,629,0
1786206717.288,642,642,806,596,952,439,1000,245,958,112,848,245,867,55,871,49,869,0,758,238,788,148,785,295,781,330,670,242,695,166,700,310,695,356,583,263,619,195,637,289,637,328
1786206717.461,591,591,772,552,940,364,1000,144,946,0,839,163,880,16,876,170,855,216,743,145,792,31,778,240,745,252,643,137,695,53,691,258,657,275,539,141,603,76,608,218,574,245
1786206717.637,600,600,783,585,954,391,1000,173,950,33,876,163,931,27,910,207,874,267,772,137,821,6,798,224,755,263,659,131,700,0,694,217,655,270,541,142,596,41,609,191,582,240
1786206717.813,651,651,765,625,859,560,933,513,1000,490,789,347,836,224,866,150,890,86,722,315,747,169,758,77,764,0,651,322,653,185,658,93,662,13,581,356,561,245,554,172,554,104
1786206718.001,657,657,764,630,854,565,932,520,1000,496,789,344,836,224,865,151,888,88,723,312,745,166,756,74,763,0,655,319,657,181,662,94,668,19,589,352,565,239,552,165,545,96
1786206718.180,661,661,766,631,857,569,933,523,1000,497,796,347,843,229,871,158,894,99,729,314,751,167,762,76,769,0,662,320,663,184,667,97,671,21,596,351,573,243,559,172,551,106
1786206718.367,681,681,788,661,879,600,945,541,1000,500,828,375,873,244,903,167,930,100,759,340,775,187,784,83,791,0,690,345,686,222,681,161,678,115,623,377,606,268,604,198,608,135
1786206718.543,623,623,807,574,962,376,1000,150,946,0,862,175,905,21,894,198,866,258,755,159,803,45,785,251,750,277,643,156,692,46,690,251,659,293,527,172,592,82,606,226,581,271
1786206718.711,633,633,818,565,969,367,1000,144,921,4,880,177,927,0,932,125,909,163,773,152,829,49,811,262,770,284,662,148,718,64,715,268,681,293,550,165,616,93,626,244,596,281
1786206718.884,632,632,811,555,959,372,1000,159,921,27,880,156,917,0,910,144,877,178,778,141,811,60,797,264,769,261,672,145,709,92,709,285,687,285,567,166,619,120,631,258,612,276
1786206719.061,730,730,853,709,957,553,986,395,1000,271,919,401,943,295,933,337,916,369,841,363,866,257,861,306,849,335,757,343,782,181,803,110,816,41,664,338,668,178,675,88,683,0
1786206719.241,649,649,764,625,854,564,931,513,1000,486,795,346,837,225,865,153,889,91,726,313,749,168,760,77,766,0,655,319,659,180,662,92,666,16,588,350,568,234,557,161,550,93
1786206719.431,649,649,760,621,852,555,931,505,1000,479,792,337,838,218,867,146,891,85,726,304,749,159,761,70,770,0,657,308,659,171,662,86,668,14,590,337,566,225,554,153,550,87
1786206719.627,654,654,763,626,855,560,931,510,1000,481,796,342,846,224,876,152,900,90,731,308,758,163,768,73,774,0,663,312,668,174,672,89,677,15,595,341,572,231,561,156,558,86
1786206719.783,666,666,771,638,864,570,935,510,1000,476,813,355,863,235,893,163,919,101,748,322,771,174,782,79,789,0,682,326,686,192,691,104,696,29,615,354,594,251,583,180,578,115
1786206719.961,674,674,816,639,950,507,1000,344,970,237,870,335,896,233,881,352,865,416,783,308,800,237,790,362,785,410,695,292,709,201,704,295,702,340,611,283,618,135,617,72,616,0
1786206720.143,597,597,784,513,937,336,1000,137,955,0,841,156,880,37,853,193,817,248,743,135,784,43,754,237,723,257,641,127,686,45,672,237,646,271,540,141,594,53,598,191,576,234
1786206720.308,601,601,784,528,934,350,1000,145,954,0,845,169,882,46,855,200,821,252,750,148,793,48,762,242,731,261,648,137,690,41,679,234,654,268,547,145,592,49,601,188,581,239
1786206720.493,702,702,819,669,918,563,965,456,1000,376,893,371,938,252,957,175,970,110,817,323,853,182,869,87,881,13,737,307,759,163,775,72,787,0,649,312,646,182,653,90,660,8
1786206720.667,658,658,767,636,855,569,932,517,1000,486,791,349,828,220,854,140,878,71,722,318,755,174,776,82,797,0,651,327,653,184,656,95,662,16,584,360,560,242,547,166,541,94
1786206720.860,659,659,768,638,855,570,931,516,1000,488,788,341,828,213,854,134,876,66,719,310,750,168,770,78,788,0,648,321,648,179,650,93,655,17,582,358,554,246,540,172,533,103
1786206721.043,658,658,767,637,854,569,931,516,1000,490,790,344,830,216,857,139,881,71,721,313,752,171,772,80,788,0,651,324,652,182,654,94,658,18,584,361,556,249,542,176,535,107
1786206721.219,658,658,765,634,852,562,929,509,1000,482,788,345,829,219,853,142,873,76,723,314,752,168,770,77,784,0,654,323,658,180,664,91,671,14,588,358,561,249,546,175,538,107
1786206721.388,692,692,804,674,898,615,959,549,1000,490,860,380,901,233,926,137,945,59,787,347,814,196,833,90,847,0,713,348,719,213,730,132,740,62,637,371,623,249,623,168,627,93
1786206721.563,719,719,855,676,964,534,1000,383,977,264,879,363,891,184,896,89,895,0,800,363,855,289,855,439,824,471,724,374,775,311,782,455,753,482,645,394,698,336,715,444,692,478
1786206721.737,712,712,847,676,963,539,1000,391,972,286,877,373,888,186,893,88,891,0,801,372,839,305,843,436,820,474,730,384,762,329,777,456,757,488,660,409,693,359,714,451,703,488
1786206721.914,608,608,776,572,938,367,1000,148,957,0,824,162,870,24,866,194,838,262,724,144,785,32,780,243,738,272,623,145,686,64,691,266,649,291,519,164,592,104,604,253,567,289
1786206722.096,694,694,804,669,899,573,955,480,1000,407,866,383,905,278,922,217,934,169,792,330,834,191,853,92,866,13,714,306,737,162,753,71,764,0,628,304,625,173,630,83,639,4
1786206722.294,661,661,772,641,859,582,934,533,1000,505,800,356,839,227,865,147,886,82,730,325,756,178,773,82,786,0,657,331,661,188,666,96,673,19,586,365,565,252,558,176,557,109
1786206722.457,659,659,768,628,856,567,933,515,1000,487,794,347,834,221,861,146,885,82,727,316,751,171,767,79,781,0,658,323,659,181,661,91,666,14,592,355,568,241,556,166,551,98
1786206722.638,661,661,770,636,857,571,932,519,1000,488,797,351,841,224,870,148,895,83,730,321,758,173,774,80,787,0,660,329,663,185,668,94,675,14,592,362,570,246,559,169,555,97
1786206722.807,666,666,771,638,861,577,934,525,1000,488,800,356,849,233,879,159,905,95,734,325,762,175,778,80,790,0,667,332,669,192,674,103,680,25,600,363,577,255,567,183,565,114
1786206722.982,721,721,856,694,966,561,1000,430,1000,314,892,379,913,194,922,95,924,0,812,375,834,322,817,448,798,505,730,379,755,321,742,428,727,473,646,384,669,239,680,184,686,114
1786206723.156,703,703,852,666,969,517,1000,350,969,227,891,346,912,168,917,89,916,0,813,340,862,267,849,423,818,444,734,342,779,285,776,438,748,452,652,352,699,297,706,407,681,431
1786206723.312,712,712,851,688,968,532,1000,362,971,241,897,364,911,184,912,93,909,0,821,358,872,280,860,443,828,460,742,359,789,294,787,450,760,464,661,367,711,308,719,421,695,447
1786206723.464,710,710,851,678,966,526,1000,367,967,254,904,351,918,172,920,87,922,0,824,347,862,279,848,440,827,458,743,350,779,290,773,448,755,462,661,361,697,301,705,417,692,447
1786206723.638,650,650,761,636,854,582,932,536,1000,507,798,361,844,236,876,164,905,102,732,324,764,179,783,84,798,0,664,326,672,191,677,104,685,28,595,354,581,248,579,180,586,117
1786206723.815,652,652,763,625,854,560,930,508,1000,477,789,331,830,208,854,135,874,72,721,301,746,158,760,71,770,0,652,309,653,172,654,86,657,11,585,342,561,231,546,158,536,87
1786206723.990,650,650,759,621,851,552,930,501,1000,472,790,330,835,207,861,135,884,75,725,299,753,157,766,71,776,0,656,306,661,169,663,82,666,7,589,338,566,230,552,159,542,93
1786206724.194,658,658,765,631,857,565,932,511,1000,480,796,343,841,220,869,147,892,84,731,312,758,164,772,74,782,0,664,319,668,180,672,91,675,15,598,351,574,245,560,172,552,104
1786206724.365,704,704,837,666,945,561,995,443,1000,338,896,360,920,197,926,101,926,22,818,329,854,183,870,97,879,30,736,316,764,167,780,74,790,1,647,320,652,175,659,81,663,0
1786206724.532,712,712,846,697,963,544,1000,376,971,259,876,371,877,186,873,97,864,0,801,373,840,291,846,450,827,473,725,381,762,309,772,466,751,488,647,395,689,331,706,445,687,481
1786206724.710,607,607,793,549,942,353,1000,143,956,0,843,147,878,9,860,178,839,222,746,138,791,29,771,239,744,244,646,139,691,50,685,256,659,266,548,155,599,85,607,232,583,259
1786206724.893,707,707,820,682,918,606,970,537,1000,491,903,370,955,253,980,178,999,118,822,317,857,169,876,75,890,0,739,303,755,163,769,79,778,11,652,318,641,186,642,94,648,11
1786206725.065,671,671,778,633,866,564,936,512,1000,475,788,340,828,212,853,136,872,72,719,316,737,170,745,77,748,0,651,328,647,192,647,107,647,33,586,364,561,257,545,188,532,121
1786206725.238,664,664,770,625,859,559,933,507,1000,477,781,339,822,212,848,137,870,74,714,313,731,166,740,75,746,0,647,325,643,187,642,104,642,32,583,361,553,257,535,188,523,121
1786206725.411,668,668,773,628,861,558,934,504,1000,472,788,347,825,221,851,147,874,83,721,322,735,175,745,80,752,0,655,335,650,195,646,110,645,35,592,373,563,265,546,194,536,126
1786206725.632,712,712,844,686,943,583,981,481,1000,391,904,355,939,209,954,132,964,74,823,319,846,173,850,89,849,23,742,313,763,168,775,85,780,17,654,326,660,182,671,87,679,0
1786206725.786,738,738,876,684,974,522,1000,364,973,251,904,357,920,175,926,89,926,0,825,357,872,286,867,442,836,473,745,368,792,316,795,466,765,487,662,388,711,329,726,440,704,471
1786206725.962,638,638,824,554,957,347,1000,135,940,0,875,153,922,0,912,174,878,227,773,139,829,41,811,260,766,271,666,142,730,81,722,289,676,300,560,162,637,118,643,263,603,284
1786206726.132,666,666,832,601,959,408,1000,204,981,53,921,221,950,52,924,176,895,274,817,184,849,50,824,199,800,269,706,170,732,0,731,58,724,56,595,180,625,42,633,65,629,50
1786206726.321,655,655,768,628,860,564,935,516,1000,488,792,342,832,220,857,146,876,85,723,311,747,168,762,76,774,0,652,318,653,178,659,89,665,12,584,354,562,248,556,178,556,112
1786206726.508,653,653,765,616,854,548,932,497,1000,465,782,323,822,199,846,128,867,68,715,295,737,153,749,69,760,0,646,305,645,167,644,87,646,17,579,343,550,235,534,165,524,97
1786206726.664,659,659,767,624,855,560,931,507,1000,474,788,336,826,210,850,137,871,78,720,308,740,163,754,74,764,0,651,318,650,179,650,95,652,24,585,355,557,248,542,176,534,107
1786206726.866,693,693,794,666,882,611,945,558,1000,517,835,381,877,250,906,170,931,102,765,350,789,195,802,90,812,0,696,360,697,211,703,118,710,36,626,397,600,288,592,215,590,147
1786206727.042,656,656,822,613,962,429,1000,231,975,84,864,226,883,32,886,25,874,0,759,225,788,105,788,278,771,357,653,237,684,141,695,312,687,395,545,262,589,141,614,249,614,314
1786206727.207,649,649,822,539,958,353,1000,147,950,0,843,173,882,50,870,199,834,251,744,164,790,74,782,260,740,279,645,171,692,99,698,276,660,301,547,198,603,131,622,256,592,290
1786206727.389,639,639,819,567,960,364,1000,149,955,0,849,174,888,49,874,214,845,267,746,166,794,70,783,274,748,294,644,170,694,87,698,285,666,316,543,191,600,115,618,260,594,304
1786206727.558,655,655,770,637,864,587,935,532,1000,505,848,319,889,188,915,101,936,28,764,279,784,152,791,78,796,19,678,278,674,147,674,68,673,0,594,305,572,194,561,119,553,46
1786206727.734,656,656,769,622,859,560,933,505,1000,471,791,331,828,203,854,132,878,74,721,303,743,159,757,73,767,0,649,312,651,173,651,87,652,12,580,347,553,235,538,163,531,94
1786206727.910,652,652,765,616,855,550,933,497,1000,465,787,326,826,201,852,128,873,67,717,296,740,155,754,71,765,0,646,306,644,171,643,87,644,13,578,342,548,235,530,163,519,93
1786206728.100,654,654,762,617,851,551,931,499,1000,469,788,331,829,208,855,135,877,74,721,301,742,160,755,74,767,0,651,309,647,176,643,92,644,18,586,344,554,244,537,173,527,103
1786206728.277,686,686,793,666,881,614,945,560,1000,517,831,378,869,247,898,169,925,105,760,348,779,193,792,88,803,0,689,356,686,210,686,117,689,39,619,392,593,282,584,212,584,147
1786206728.455,613,613,799,570,956,384,1000,168,946,23,851,204,888,0,905,35,899,17,746,178,792,61,782,256,751,301,642,165,686,52,690,248,668,310,538,167,594,71,612,215,596,276
1786206728.632,621,621,797,572,953,374,1000,147,930,0,874,174,923,23,907,190,869,232,771,150,824,39,804,254,767,262,663,142,714,37,713,250,679,277,552,152,613,53,629,205,606,254
1786206728.817,614,614,795,546,949,360,1000,143,931,0,880,166,926,18,908,181,869,235,778,142,826,31,800,242,763,260,672,133,719,36,709,242,678,270,565,143,623,51,628,197,603,240
1786206728.981,639,639,759,621,860,563,937,513,1000,483,827,315,866,195,881,127,891,70,744,273,768,148,780,76,788,14,659,267,656,141,659,68,661,0,576,287,553,174,543,98,535,20
1786206729.170,664,664,771,633,859,569,934,516,1000,484,787,345,828,221,856,147,880,83,719,317,738,171,751,79,761,0,652,328,647,189,646,102,647,27,589,366,557,257,537,185,526,118
1786206729.355,663,663,771,635,858,561,933,508,1000,484,786,346,828,220,854,143,875,78,720,319,738,172,748,78,754,0,653,328,649,189,649,100,649,22,589,363,561,254,544,181,533,113
1786206729.528,669,669,778,643,867,577,937,523,1000,490,802,361,845,231,872,151,896,83,735,334,756,183,764,84,768,0,666,343,665,200,663,107,662,27,600,378,573,266,557,193,547,126
1786206729.701,688,688,825,672,941,566,995,439,1000,324,877,408,902,234,911,130,915,46,797,368,827,217,845,116,857,32,716,346,740,197,762,92,777,7,629,337,628,191,635,88,643,0
1786206729.888,614,614,778,585,927,453,1000,285,968,169,841,275,870,177,848,299,830,348,756,248,790,186,760,335,741,351,673,231,708,166,689,308,673,353,594,219,652,88,695,55,725,0
1786206730.057,564,564,753,526,921,376,1000,183,961,45,835,182,871,70,841,220,820,259,743,156,779,73,742,254,724,251,647,132,680,47,661,220,644,240,554,117,603,0,626,79,631,92
1786206730.258,575,575,749,557,924,397,1000,213,964,71,865,151,922,51,892,201,853,259,761,115,808,13,766,211,733,263,648,95,695,4,668,205,641,270,533,92,603,0,610,128,596,174
1786206730.414,659,659,769,632,862,565,935,514,1000,482,790,350,833,226,860,151,883,87,721,318,744,172,758,79,768,0,650,325,646,185,648,92,650,11,582,361,550,261,538,191,534,124
1786206730.607,659,659,766,628,855,557,932,507,1000,479,781,333,823,209,850,135,872,72,716,306,737,161,748,72,757,0,647,318,640,178,635,93,633,18,582,357,545,252,524,183,510,116
1786206730.773,659,659,767,637,856,566,932,515,1000,491,787,346,831,222,857,148,879,84,721,316,742,167,753,75,762,0,654,323,649,183,649,92,650,14,592,357,560,252,542,180,531,112
1786206730.952,714,714,825,699,912,633,963,562,1000,498,868,395,911,260,940,166,964,87,793,359,806,200,816,90,825,0,719,365,715,223,718,122,723,37,647,405,622,294,616,214,617,138
1786206731.148,537,537,739,518,928,372,1000,179,968,42,820,158,879,45,854,207,817,252,719,121,778,3,746,192,706,213,618,107,671,0,649,188,608,214,517,117,584,50,582,184,552,214
1786206731.319,539,539,734,499,915,353,1000,162,970,15,824,132,881,24,850,183,818,216,736,108,796,14,760,206,728,208,646,90,700,0,680,190,649,198,550,88,607,28,606,161,577,178
1786206731.484,541,541,736,522,921,373,1000,180,985,31,827,141,884,15,857,170,826,230,737,111,798,1,764,193,729,214,643,95,698,0,674,188,636,217,543,97,607,10,610,137,586,174
1786206731.662,640,640,757,620,853,557,930,506,1000,483,795,347,842,227,873,157,900,97,728,309,756,166,769,77,777,0,658,311,669,173,675,89,681,15,589,340,579,230,577,161,582,96
1786206731.829,652,652,763,634,854,573,932,528,1000,506,800,344,848,223,877,148,903,84,732,309,758,166,771,76,781,0,661,314,665,176,669,86,674,7,593,345,575,230,566,153,563,82
1786206732.041,651,651,763,632,852,567,931,516,1000,492,801,341,847,219,878,143,906,78,732,306,758,163,769,74,780,0,660,310,662,171,666,81,672,4,591,341,571,222,562,144,559,73
1786206732.208,665,665,773,650,862,592,935,542,1000,512,814,369,862,247,893,166,919,98,749,334,777,187,791,86,802,0,680,337,685,195,687,103,691,24,612,368,595,254,587,178,584,109
1786206732.372,683,683,824,633,950,489,1000,328,975,214,865,294,882,160,872,270,857,305,774,286,799,215,791,367,782,403,685,286,710,227,708,371,705,426,597,291,629,143,634,83,633,0
1786206732.554,626,626,800,547,948,361,1000,152,977,0,847,163,863,5,847,126,822,155,740,153,771,68,761,250,743,274,635,157,672,83,669,252,654,285,531,170,576,51,596,84,597,48
1786206732.742,621,621,794,535,940,353,1000,150,974,0,846,144,857,12,841,177,829,249,739,137,752,39,743,224,741,263,636,143,649,53,650,227,653,282,537,162,557,24,571,41,581,6
1786206732.906,688,688,789,656,872,595,938,540,1000,504,817,389,852,261,881,180,909,113,748,361,766,203,782,95,795,0,679,374,671,225,667,125,668,37,614,418,583,321,573,254,573,192
1786206733.078,658,658,764,615,854,542,930,482,1000,446,784,327,820,200,844,127,867,65,716,301,731,159,741,73,749,0,649,314,646,181,646,96,647,22,586,353,559,250,541,180,528,112
1786206733.278,660,660,768,618,857,546,933,487,1000,453,788,335,826,209,852,134,874,70,721,309,740,166,752,77,761,0,654,321,653,183,653,97,654,21,589,359,563,249,547,178,538,110
1786206733.451,662,662,768,623,857,547,933,490,1000,455,789,336,830,211,857,136,881,71,723,310,743,165,755,76,766,0,656,320,656,181,656,96,659,22,592,355,565,248,548,178,537,111
1786206733.630,697,697,813,663,907,589,962,515,1000,453,870,345,913,202,936,110,956,34,792,312,808,165,817,73,823,0,718,321,716,191,717,111,719,43,645,361,627,258,626,187,626,116
1786206733.799,661,661,824,602,954,450,1000,281,971,154,859,273,879,109,883,71,879,0,771,267,812,195,802,349,777,368,681,267,718,207,717,349,698,368,590,273,625,159,638,196,627,174
1786206733.973,702,702,843,628,954,486,1000,338,955,238,874,327,899,147,908,70,907,0,795,324,830,258,825,387,806,434,716,329,748,274,753,397,740,443,640,341,662,235,684,252,689,239
1786206734.152,705,705,837,662,954,524,1000,370,978,254,899,365,919,245,910,315,892,376,818,333,842,233,826,331,807,391,734,316,760,161,775,108,784,40,645,317,659,163,662,88,663,0
1786206734.348,657,657,767,614,857,538,931,478,1000,442,786,323,828,199,853,126,874,64,717,297,736,157,744,73,749,0,648,307,649,167,649,81,651,5,582,342,559,233,545,163,536,95
1786206734.530,652,652,764,611,855,536,932,476,1000,439,784,322,822,197,846,126,867,67,715,296,733,154,743,69,751,0,646,306,644,171,642,87,643,15,580,342,553,236,536,166,525,98
1786206734.706,658,658,767,615,859,541,933,480,1000,446,788,328,830,206,857,134,880,74,720,300,737,159,747,72,755,0,652,310,648,174,647,88,647,15,588,345,560,240,542,170,529,103
1786206734.878,682,682,789,653,878,582,944,516,1000,466,818,371,858,245,885,169,908,102,750,341,768,187,778,85,786,0,683,346,680,205,682,112,685,32,617,377,587,266,568,193,555,125
1786206735.051,699,699,838,651,960,507,1000,341,963,230,873,324,885,204,882,312,872,351,791,310,807,249,801,394,793,430,709,305,723,239,719,376,715,431,626,303,649,147,655,84,655,0
1786206735.234,633,633,812,547,956,366,1000,163,926,36,861,172,886,27,875,153,847,189,761,159,795,87,777,276,749,289,657,158,695,95,689,267,670,291,552,166,599,25,616,45,614,0
1786206735.405,629,629,811,544,956,362,1000,161,930,35,856,160,880,0,869,113,838,143,756,152,790,63,776,258,749,282,653,157,688,83,690,269,674,300,550,179,593,85,612,208,605,240
1786206735.588,716,716,835,702,933,617,949,534,917,502,921,405,962,275,984,196,1000,133,837,350,876,199,900,96,921,9,748,326,769,174,784,78,797,0,651,324,648,183,653,86,660,1
1786206735.768,661,661,773,621,862,548,936,492,1000,459,782,333,822,209,847,137,869,78,713,307,733,165,743,76,752,0,644,319,641,187,639,103,641,30,578,357,546,256,528,190,517,127
1786206735.948,654,654,765,613,855,540,932,482,1000,445,778,322,816,198,841,124,862,65,710,298,726,156,735,69,741,0,642,311,638,180,635,98,635,26,578,350,548,254,531,192,520,130
1786206736.124,657,657,766,617,855,544,932,486,1000,452,783,331,822,208,847,135,868,75,716,306,734,164,743,74,750,0,648,318,647,188,645,104,645,31,584,356,559,256,543,192,532,131
1786206736.312,725,725,834,703,919,640,967,577,1000,513,866,408,900,267,922,169,941,92,789,375,800,211,811,94,820,0,718,385,709,226,709,114,711,19,651,432,618,333,607,257,602,189
1786206736.474,707,707,844,682,967,550,1000,401,970,294,881,362,884,184,888,87,886,0,798,357,841,280,851,412,829,458,718,365,752,292,768,421,751,460,636,383,675,307,695,405,683,449
1786206736.663,711,711,844,682,969,544,1000,388,965,272,879,341,891,173,895,85,888,0,796,344,846,267,844,428,810,449,716,354,760,285,769,438,740,457,633,372,680,298,700,408,680,442
1786206736.828,692,692,834,648,960,502,1000,342,960,227,869,309,882,148,882,82,875,0,789,311,838,227,834,381,806,398,707,321,750,239,757,389,734,409,623,341,666,253,683,358,666,391
1786206737.017,663,663,774,627,865,558,936,499,1000,465,792,348,833,223,862,152,890,93,726,316,751,168,767,78,781,0,659,327,654,188,653,97,653,17,593,366,565,269,552,204,548,140
1786206737.189,658,658,767,617,858,542,933,484,1000,449,784,322,820,198,843,126,863,66,716,296,735,153,747,68,756,0,648,308,642,173,638,90,637,18,583,348,551,243,532,174,519,105
1786206737.364,657,657,766,617,855,542,932,485,1000,453,784,323,821,200,845,131,867,70,717,297,737,156,748,71,759,0,650,309,645,171,641,88,641,15,584,345,553,237,534,167,523,98
1786206737.509,672,672,777,643,867,575,937,516,1000,479,802,362,843,237,871,165,896,104,736,332,756,180,767,83,775,0,669,340,665,200,666,109,669,30,604,374,576,267,561,195,553,129
1786206737.667,684,684,821,653,933,540,981,423,1000,314,879,374,898,210,900,112,900,31,793,345,813,196,822,101,827,18,706,337,721,185,734,85,743,0,615,343,612,195,613,92,615,4
1786206737.845,584,584,779,520,940,348,1000,141,959,2,829,142,853,0,847,129,832,152,729,131,771,31,758,219,735,220,628,128,668,33,666,216,644,227,526,140,575,59,585,192,563,219
1786206738.023,590,590,781,524,939,352,1000,143,954,0,839,164,870,27,859,183,838,237,742,148,784,46,765,236,735,243,641,139,685,52,675,233,642,247,540,144,599,63,603,190,573,218
1786206738.200,599,599,786,535,940,354,1000,144,950,0,844,162,880,35,864,198,838,244,743,149,784,45,759,242,727,246,635,143,675,42,663,232,633,255,529,150,581,27,597,132,582,152
1786206738.375,671,671,775,619,865,539,936,477,1000,436,778,331,805,194,820,113,832,47,706,312,711,163,716,74,720,0,638,332,625,198,622,117,624,48,576,380,552,287,545,225,547,166
1786206738.557,669,669,775,614,858,530,933,468,1000,428,766,319,797,187,813,108,827,44,692,301,698,155,703,68,708,0,623,322,604,191,599,110,599,41,561,371,518,282,497,215,486,150
1786206738.726,671,671,776,618,864,536,936,474,1000,434,780,319,806,186,821,108,835,43,707,300,711,154,715,68,719,0,639,318,621,183,616,103,615,36,577,364,543,272,527,209,519,148
1786206738.933,706,706,814,670,902,595,960,527,1000,459,829,396,850,249,863,147,874,69,756,373,765,210,773,95,782,0,685,386,683,226,690,117,699,23,617,431,584,333,577,260,579,192
1786206739.077,688,688,864,604,995,395,1000,180,926,56,883,185,909,0,914,83,899,93,773,193,803,92,807,288,794,340,664,215,699,147,710,329,701,386,555,247,594,101,621,109,630,68
1786206739.269,765,765,894,687,991,504,1000,319,940,194,930,338,948,161,962,82,964,0,834,345,845,242,849,418,832,461,738,372,748,296,769,466,758,505,645,412,662,343,691,467,688,512
1786206739.462,775,775,897,701,991,527,1000,346,948,217,936,351,958,181,970,89,973,0,839,358,852,255,859,445,844,467,739,384,752,314,769,489,761,510,645,423,660,350,684,475,681,511
1786206739.629,733,733,839,626,902,463,947,333,1000,244,798,295,800,165,805,79,814,13,703,295,674,155,666,72,667,0,621,337,580,207,563,124,555,47,557,417,501,358,471,316,449,279
1786206739.796,737,737,827,671,898,556,949,457,1000,388,787,379,769,209,756,94,741,0,713,381,679,210,652,93,624,1,648,417,605,264,580,163,555,84,593,480,556,363,533,282,512,214
1786206739.990,742,742,829,650,898,526,948,434,1000,373,779,345,781,184,780,83,777,0,710,349,681,186,661,85,643,3,653,382,610,251,588,161,572,87,606,442,554,350,523,290,500,236
1786206740.150,744,744,846,679,921,562,961,456,1000,376,809,361,816,201,817,99,815,14,732,356,701,191,672,85,644,0,669,389,629,256,604,168,583,96,614,449,570,345,549,276,537,215
1786206740.327,699,699,861,625,990,397,1000,158,943,0,908,233,910,89,904,245,895,337,798,229,801,87,809,283,808,358,686,243,686,121,714,315,726,391,576,276,590,166,621,309,632,380
1786206740.554,688,688,859,606,986,385,1000,146,943,0,883,206,877,48,879,233,880,317,782,207,778,89,784,304,788,351,683,222,675,116,698,318,714,373,586,255,587,160,611,303,625,357
1786206740.753,691,691,845,591,966,379,1000,150,952,0,892,201,899,43,889,233,879,301,790,199,801,78,800,296,796,320,687,212,699,106,710,308,707,336,587,235,609,147,627,288,622,325
1786206740.933,670,670,782,634,873,565,943,506,1000,462,799,362,839,227,865,141,886,70,730,333,746,180,758,81,767,0,663,342,660,194,659,102,660,26,599,377,571,259,562,180,561,109
1786206741.114,665,665,773,619,865,551,939,491,1000,447,789,353,831,224,857,141,879,68,722,326,736,175,748,81,757,0,658,338,646,200,644,112,644,35,601,380,572,278,558,211,551,146
1786206741.293,664,664,772,621,866,556,940,495,1000,450,791,350,839,220,866,140,885,69,725,318,743,166,758,74,768,0,660,328,651,190,651,104,652,34,599,366,574,260,560,190,551,123
1786206741.462,660,660,769,623,866,563,940,501,1000,456,788,356,837,227,865,146,885,75,722,322,743,168,758,74,768,0,657,328,660,190,662,105,662,33,593,363,573,255,563,186,555,122
1786206741.637,662,662,808,564,925,452,982,328,1000,218,851,273,883,155,900,95,912,43,765,240,781,98,791,41,799,0,684,235,692,98,701,49,706,31,601,257,605,147,614,101,621,83
1786206741.813,684,684,852,563,980,368,1000,150,978,0,873,204,894,71,897,220,881,286,786,193,818,90,820,264,808,308,696,196,732,90,739,259,730,324,604,213,651,97,667,217,659,288
1786206742.000,685,685,851,571,970,369,1000,151,980,0,875,231,886,74,884,227,871,311,783,220,802,88,803,267,791,336,692,220,715,87,725,255,719,340,600,234,638,124,660,238,656,313
1786206742.282,648,648,765,611,864,529,938,451,1000,395,807,325,854,200,881,123,901,56,741,293,765,155,777,70,785,0,675,297,680,179,683,107,686,47,609,325,593,232,584,174,577,121
1786206742.473,650,650,763,602,860,533,939,470,1000,422,792,315,839,195,866,120,885,53,729,284,755,145,772,63,785,0,664,291,672,168,680,96,686,37,600,324,579,224,568,160,559,99
1786206742.664,648,648,765,595,859,516,936,456,1000,418,784,318,831,196,858,121,879,54,719,290,743,145,758,64,771,0,654,298,660,172,664,98,668,36,593,328,575,224,564,158,555,94
1786206742.826,662,662,770,614,864,542,939,481,1000,438,798,341,844,211,870,132,889,61,732,314,754,164,765,74,771,0,668,324,673,194,674,110,673,40,605,356,586,251,573,182,561,116
1786206742.974,678,678,802,631,905,541,964,456,1000,380,853,302,889,169,907,90,922,28,773,270,786,124,788,50,790,0,695,274,691,138,689,62,688,3,615,306,597,196,595,123,595,54
1786206743.138,655,655,834,583,965,375,1000,152,969,0,864,240,880,117,874,265,862,313,769,233,792,119,788,299,775,323,674,234,694,118,704,296,695,345,577,249,607,141,630,276,629,341
1786206743.307,706,706,854,669,970,479,1000,277,978,141,933,388,945,269,920,402,898,453,841,351,844,234,826,410,813,456,743,326,748,232,742,397,739,469,642,305,666,141,684,75,693,0
1786206743.479,725,725,850,685,961,513,1000,339,975,219,925,382,941,274,912,412,895,458,847,357,848,277,829,441,825,467,764,345,765,280,759,429,758,485,680,335,705,176,722,89,728,0
1786206743.656,675,675,773,623,862,546,936,479,1000,441,797,346,842,223,870,144,895,78,732,316,758,166,771,75,781,0,669,326,669,193,670,109,674,36,609,363,580,271,563,207,552,146
1786206743.857,679,679,778,623,864,543,936,478,1000,437,784,334,821,204,845,126,868,58,718,311,736,161,749,73,758,0,656,327,648,190,646,108,645,34,598,368,564,265,543,199,525,133
1786206744.032,679,679,777,626,863,551,936,485,1000,443,787,345,829,219,854,138,877,66,721,321,740,172,751,79,758,0,659,337,651,202,650,118,650,41,603,379,570,276,550,207,534,139
1786206744.205,692,692,805,643,901,560,956,475,1000,402,859,331,896,214,913,142,926,75,783,293,799,147,806,67,809,0,710,296,713,162,715,89,715,26,638,325,626,209,624,136,623,67
1786206744.381,624,624,795,559,941,372,1000,161,963,0,878,183,931,56,904,230,870,270,774,165,823,66,799,270,773,275,667,158,713,73,705,269,680,287,559,161,611,56,622,186,605,225
1786206744.562,620,620,804,542,947,354,1000,147,952,0,885,171,945,37,926,200,888,248,785,148,847,57,817,268,774,269,676,137,742,60,726,265,685,275,564,141,640,69,646,218,612,250
1786206744.748,625,625,794,574,941,372,1000,152,963,0,905,178,954,41,922,210,889,250,802,154,846,60,812,273,789,266,689,142,730,65,713,273,689,276,576,140,629,64,638,215,624,240
1786206744.914,653,653,767,617,866,545,939,482,1000,439,794,334,849,214,882,141,910,81,724,297,748,152,760,67,766,0,656,299,663,163,667,80,669,10,591,331,579,229,578,162,583,100
1786206745.093,669,669,769,617,859,541,934,479,1000,444,784,330,824,206,847,131,867,65,718,304,738,156,748,70,754,0,654,318,649,182,648,101,648,31,596,358,564,257,543,192,525,128
1786206745.267,667,667,768,621,858,548,933,488,1000,455,788,339,831,212,858,133,881,64,723,310,742,163,753,74,761,0,660,322,654,186,653,100,656,25,601,359,570,261,551,194,537,128
1786206745.451,694,694,794,649,881,575,944,507,1000,457,823,360,864,228,890,147,912,79,755,334,767,178,773,80,777,0,690,349,682,210,679,119,680,40,628,392,597,298,584,231,577,167
1786206745.635,632,632,808,622,974,411,1000,165,928,0,860,184,887,39,883,233,866,301,741,169,768,37,775,260,751,293,621,177,648,67,677,285,662,335,500,198,545,72,585,186,582,221
1786206745.800,653,653,825,631,976,402,1000,151,915,0,907,194,953,33,943,228,910,274,796,167,832,37,826,287,788,284,679,162,718,85,723,320,681,323,557,168,619,100,636,257,606,278
1786206745.974,641,641,820,629,975,405,1000,154,922,0,932,190,982,27,955,212,918,267,819,153,854,18,836,263,806,281,698,143,735,50,732,293,701,323,571,148,625,62,645,228,629,272
1786206746.152,629,629,757,610,867,541,941,485,1000,448,827,303,868,183,887,119,904,71,743,258,747,125,743,55,741,0,660,252,651,126,646,61,643,0,582,273,561,162,547,95,535,31
1786206746.305,658,658,766,616,863,550,937,493,1000,455,794,339,841,218,871,147,897,85,728,307,750,162,762,74,768,0,663,316,667,182,671,100,674,29,601,353,580,259,570,195,565,133
1786206746.466,666,666,770,624,861,558,935,502,1000,465,794,342,839,221,866,148,889,86,729,311,749,163,760,73,767,0,665,322,661,185,662,101,666,28,605,360,574,267,558,201,549,137
1786206746.628,667,667,771,623,863,558,936,501,1000,464,796,344,842,224,870,150,896,89,730,315,749,164,760,74,768,0,666,325,661,189,661,104,664,30,607,365,578,271,561,205,551,141
1786206746.773,669,669,773,628,863,564,936,508,1000,471,798,351,843,231,871,156,896,93,732,321,751,171,761,77,767,0,669,331,664,197,664,110,667,35,611,369,581,277,566,211,556,147
1786206746.947,692,692,801,658,890,587,949,518,1000,467,836,367,881,238,910,156,935,88,767,334,786,179,796,81,802,0,700,343,698,202,697,113,697,35,632,381,612,284,607,216,607,150
1786206747.109,638,638,821,610,967,397,1000,162,960,0,858,206,860,50,869,216,866,299,756,193,773,52,781,260,764,318,652,193,677,66,696,271,684,342,544,204,588,97,612,246,602,318
1786206747.284,652,652,822,626,970,397,1000,152,936,0,893,194,913,41,901,235,883,296,788,180,810,41,805,279,787,303,675,180,699,73,704,305,685,339,558,192,599,93,616,255,601,300
1786206747.482,642,642,816,608,965,391,1000,154,944,0,885,188,901,34,891,221,868,282,781,173,801,39,796,268,773,300,672,170,695,59,699,288,679,336,558,179,595,79,609,245,594,300
1786206747.642,650,650,774,615,878,532,946,466,1000,418,832,333,863,224,879,163,895,114,752,289,754,156,753,79,753,18,670,278,665,143,665,65,665,0,588,289,564,164,553,82,548,9
1786206747.819,680,680,776,630,865,555,937,496,1000,460,790,350,829,224,854,145,876,78,723,324,734,171,740,77,743,0,661,340,648,200,642,113,638,37,605,386,570,303,552,242,538,184
1786206747.991,682,682,782,635,869,567,939,510,1000,469,790,358,831,229,856,149,875,81,723,336,730,178,732,80,730,0,661,354,647,214,641,122,636,43,605,400,569,313,548,250,531,189
1786206748.193,684,684,783,636,870,566,939,507,1000,467,794,360,835,227,860,148,882,81,728,338,734,179,735,80,732,0,667,356,652,216,643,124,637,44,610,401,575,313,553,249,537,189
1786206748.384,696,696,797,643,883,567,947,495,1000,442,821,359,864,229,891,151,913,82,752,334,755,181,755,83,750,0,688,349,671,224,663,137,657,61,629,393,599,306,585,242,577,178
1786206748.533,660,660,837,600,979,392,1000,161,950,6,850,173,856,13,865,145,863,257,741,161,758,0,777,119,780,175,636,179,642,47,671,175,679,246,532,222,557,116,588,207,597,268
1786206748.709,646,646,817,561,956,363,1000,148,939,8,888,151,917,0,913,181,888,231,778,144,811,22,813,239,788,261,671,154,706,68,718,277,693,300,564,183,613,110,633,263,613,301
1786206748.889,646,646,814,581,963,372,1000,148,939,2,892,152,938,0,928,193,896,242,781,144,829,15,826,241,790,265,672,158,722,57,726,280,691,307,561,189,626,114,642,278,615,318
1786206749.062,648,648,811,600,960,385,1000,154,946,0,899,163,931,4,921,198,894,255,792,156,824,28,820,260,792,279,685,166,720,68,723,298,693,324,576,192,627,116,641,283,620,324
1786206749.250,653,653,768,619,866,545,938,477,1000,425,795,341,844,223,876,152,905,92,726,306,744,162,754,73,763,0,659,311,665,183,672,103,681,32,596,342,582,241,577,175,577,113
1786206749.444,662,662,770,608,862,533,935,474,1000,436,787,327,828,203,854,128,876,63,718,301,735,157,744,70,749,0,652,314,648,183,649,101,653,32,591,351,563,249,549,180,541,114
1786206749.614,667,667,771,617,862,544,934,486,1000,446,790,337,833,213,860,135,882,69,721,310,738,164,746,74,749,0,655,322,651,191,651,108,654,35,594,361,566,260,550,192,541,126
1786206749.780,671,671,775,625,865,552,937,487,1000,440,798,346,841,218,867,139,890,71,730,319,746,170,754,76,757,0,665,331,661,196,662,109,665,35,604,368,575,270,560,201,551,135
1786206749.968,715,715,858,669,960,553,992,434,1000,324,901,306,927,161,929,84,923,50,805,272,819,104,815,33,807,0,715,281,712,115,706,42,696,6,619,326,590,192,570,131,551,92
1786206750.133,668,668,851,601,988,400,1000,179,941,24,891,159,936,0,938,180,911,253,775,148,814,18,820,246,787,281,660,160,700,57,719,277,691,312,542,191,596,98,623,257,604,303
1786206750.319,667,667,846,585,985,382,1000,160,911,21,897,163,933,0,933,167,906,251,781,150,819,22,823,251,790,300,661,155,703,51,722,273,696,330,539,182,593,73,622,238,605,306
1786206750.487,659,659,841,601,982,389,1000,159,923,4,904,162,947,0,945,177,915,242,785,143,831,7,831,250,789,279,662,147,713,39,729,274,692,307,537,171,596,72,621,242,596,289
1786206750.685,665,665,844,612,968,422,989,235,1000,75,908,170,949,32,946,158,922,246,799,143,835,0,837,180,818,278,686,147,733,49,744,235,727,333,574,175,633,76,670,180,670,239
1786206750.857,679,679,775,633,866,566,938,508,1000,467,792,354,834,226,860,145,883,75,726,327,739,173,743,79,742,0,665,340,653,206,645,119,641,43,608,383,576,293,560,227,551,163
1786206751.033,676,676,774,630,862,560,934,503,1000,470,784,352,825,222,850,140,871,70,718,327,728,175,732,79,732,0,656,343,641,204,635,114,631,37,599,386,563,292,539,226,522,162
1786206751.217,676,676,775,629,863,557,935,497,1000,460,786,350,828,222,854,141,876,73,720,325,732,172,735,77,736,0,658,341,647,203,642,114,640,36,601,383,566,290,544,224,528,159
1786206751.400,681,681,779,635,867,564,938,503,1000,460,793,358,835,228,861,146,883,76,727,333,737,177,739,81,738,0,666,349,654,212,648,121,645,40,610,392,576,301,556,234,542,170
1786206751.570,725,725,856,666,947,566,980,467,1000,376,895,310,932,178,948,104,964,48,804,282,814,124,818,50,823,0,720,295,716,147,717,62,718,0,634,338,614,204,610,114,607,33
1786206751.736,740,740,893,661,989,501,1000,341,967,209,886,328,871,150,860,68,848,0,797,332,828,223,844,377,831,446,708,350,740,253,764,408,752,472,617,383,652,289,682,407,675,469
1786206751.909,681,681,866,576,992,368,1000,159,935,29,877,141,905,0,912,177,894,264,764,138,807,32,824,256,798,306,648,158,691,54,722,275,701,336,531,203,581,93,622,253,609,321
1786206752.101,665,665,846,587,983,379,1000,159,934,1,882,143,915,0,917,142,905,221,761,130,808,1,809,235,776,295,637,143,685,38,703,262,678,317,511,183,565,71,598,236,584,298
1786206752.281,679,679,812,650,914,531,962,424,1000,338,853,342,882,223,889,223,892,244,769,299,790,143,794,64,793,0,684,293,696,164,699,176,700,196,597,309,595,180,597,125,604,83
1786206752.459,680,680,778,625,868,554,940,493,1000,448,789,347,828,219,854,138,877,69,721,321,735,169,741,77,745,0,659,337,649,201,642,116,640,42,603,383,571,295,558,231,554,171
1786206752.630,676,676,778,629,865,556,936,496,1000,455,783,348,824,219,849,138,869,67,716,325,729,173,735,78,736,0,653,342,642,204,637,115,635,38,596,385,560,291,538,226,522,162
1786206752.819,683,683,782,635,868,562,937,498,1000,455,787,354,827,223,850,142,869,71,720,331,728,176,730,80,729,0,658,348,646,209,640,119,636,39,603,391,569,297,546,231,526,166
1786206753.001,706,706,816,661,907,575,959,493,1000,424,839,360,875,224,895,139,910,67,763,332,768,174,768,77,765,0,691,345,677,200,666,108,660,31,623,391,592,289,584,221,586,158
1786206753.173,669,669,856,594,997,398,1000,168,926,0,905,167,935,7,929,153,904,247,782,150,790,3,793,199,782,280,661,158,674,29,702,238,704,337,541,191,574,68,611,227,620,323
1786206753.363,681,681,849,618,987,403,981,165,880,25,947,176,1000,9,978,181,937,245,829,154,859,0,850,241,826,286,704,159,733,47,743,296,722,353,575,186,617,77,634,253,620,314
1786206753.533,677,677,845,620,985,403,984,161,889,17,942,179,1000,2,979,171,938,234,824,153,861,0,848,242,818,273,699,156,735,42,742,288,715,333,570,179,617,78,634,255,614,309
1786206753.701,710,710,879,661,992,461,1000,253,961,118,953,264,985,118,958,284,933,358,846,241,857,120,841,333,833,376,737,237,754,150,752,357,749,419,630,240,667,74,698,60,715,0
1786206753.890,664,664,768,619,861,549,936,491,1000,453,789,342,836,220,864,145,889,79,722,312,743,166,752,76,757,0,659,323,656,191,657,107,659,33,598,362,571,268,558,203,550,139
1786206754.054,666,666,771,621,862,550,934,492,1000,457,786,340,828,215,853,136,875,69,717,315,733,166,740,74,743,0,652,329,645,193,644,106,646,30,592,370,561,272,544,204,533,139
1786206754.197,670,670,772,621,862,550,934,492,1000,458,789,345,832,221,856,140,878,71,721,319,735,169,743,76,748,0,656,333,646,196,644,108,646,31,597,375,563,277,544,210,532,146
1786206754.359,678,678,780,629,869,557,939,492,1000,444,799,351,841,222,866,140,888,71,731,327,743,173,748,78,751,0,668,341,658,204,654,116,655,39,609,382,576,288,558,221,547,157
1786206754.541,716,716,851,678,956,570,992,452,1000,343,900,328,928,190,936,120,938,70,808,293,820,143,821,66,818,0,720,299,718,157,715,85,708,22,631,333,612,197,600,119,589,48
1786206754.711,667,667,859,594,997,385,1000,151,922,12,923,168,943,0,931,190,911,267,805,156,825,26,820,251,807,296,682,163,707,52,718,279,708,337,558,191,599,92,616,254,608,313
1786206754.891,665,665,846,631,987,399,1000,148,921,0,903,189,933,1,937,171,919,249,786,169,818,21,823,272,788,306,664,172,702,59,720,300,686,340,539,190,595,96,614,270,583,316
1786206755.062,674,674,846,652,994,410,1000,147,907,4,938,173,981,0,962,190,926,244,819,151,845,8,838,270,811,279,695,152,722,45,734,304,709,324,565,169,606,90,623,272,602,299
1786206755.239,663,663,841,622,984,381,1000,132,944,0,933,159,961,6,934,202,907,267,818,143,829,11,818,258,810,287,696,145,708,47,713,294,707,334,572,164,594,76,613,255,612,301
1786206755.429,671,671,778,619,870,534,940,466,1000,421,780,331,817,201,841,123,862,59,711,311,720,163,724,74,724,0,646,329,636,196,632,108,630,33,586,373,556,278,542,210,535,145
1786206755.620,682,682,783,625,869,545,938,479,1000,437,779,344,813,212,833,129,849,55,711,325,718,171,721,79,721,0,648,345,635,209,629,121,624,42,592,392,557,301,535,236,518,171
1786206755.803,613,613,736,551,848,464,934,386,1000,328,774,231,795,97,794,53,796,51,692,204,696,43,693,30,696,64,614,211,610,59,614,29,622,40,538,249,512,125,509,52,513,0
1786206756.016,586,586,754,547,902,345,964,135,1000,0,809,172,837,26,805,200,786,264,703,157,731,19,706,228,692,265,594,155,610,39,602,242,594,285,485,165,501,58,506,201,496,246
1786206756.203,593,593,755,515,885,318,952,125,1000,0,811,165,831,67,795,224,771,248,708,156,727,61,711,253,703,256,604,155,615,62,618,250,614,270,503,164,513,71,529,204,527,242
1786206756.374,590,590,757,506,885,314,948,122,1000,0,810,160,830,62,795,219,773,240,707,149,731,57,713,241,709,243,605,153,622,54,621,235,618,258,508,167,519,75,534,202,534,237
1786206756.556,570,570,731,523,878,315,949,116,1000,0,796,152,831,27,798,192,774,254,694,134,726,30,700,220,685,265,592,133,615,31,612,212,605,277,490,142,509,34,528,132,536,174
1786206756.758,670,670,773,619,864,545,937,484,1000,444,794,342,834,220,859,140,881,74,727,312,746,163,756,74,761,0,662,323,656,188,653,106,653,35,602,364,567,271,549,212,539,155
1786206756.903,677,677,776,621,864,538,935,475,1000,441,782,339,819,213,842,136,863,67,714,317,729,167,739,76,746,0,651,334,640,197,637,112,636,36,594,378,558,279,535,213,517,148
1786206757.105,682,682,782,628,867,547,937,479,1000,438,785,346,823,218,846,139,866,70,719,323,734,169,741,76,744,0,656,340,645,201,638,116,633,42,600,385,563,284,539,219,519,154
1786206757.269,682,682,786,631,878,549,946,475,1000,417,805,338,835,203,852,116,866,43,732,315,734,165,733,74,728,0,664,331,648,199,637,114,629,42,602,376,571,278,560,211,554,148
1786206757.444,630,630,746,602,863,518,943,428,1000,365,812,352,817,279,787,390,781,424,737,324,744,273,725,397,736,414,664,313,665,262,660,374,672,422,592,307,595,177,597,91,604,0
1786206757.622,584,584,706,559,836,469,933,374,1000,309,783,289,791,221,756,338,747,356,701,261,707,211,690,354,699,347,621,248,619,202,616,325,625,341,542,241,555,125,570,77,583,0
1786206757.798,481,481,633,436,790,322,912,210,1000,135,720,117,742,35,702,179,686,193,619,92,644,15,623,188,626,181,520,84,538,7,532,173,533,185,429,87,445,0,456,120,458,154
1786206757.972,488,488,635,450,792,321,915,195,1000,109,729,130,752,27,707,181,691,197,628,105,652,9,625,196,631,195,529,92,545,3,534,183,537,192,433,88,448,0,452,136,453,172
1786206758.155,496,496,648,444,804,311,918,180,1000,94,737,122,757,29,717,185,702,208,633,97,653,16,636,196,641,189,531,91,543,12,542,179,543,190,438,95,452,0,463,102,462,125
1786206758.326,619,619,749,595,849,520,931,456,1000,415,774,296,809,188,829,124,849,71,697,258,707,125,713,54,718,0,622,260,623,139,623,78,625,28,551,285,532,168,527,101,529,40
1786206758.520,683,683,782,626,870,548,938,487,1000,453,780,351,817,219,839,139,859,71,713,331,725,174,731,79,733,0,652,351,638,211,631,123,626,46,596,396,560,302,537,236,519,171
1786206758.692,687,687,785,637,870,560,938,497,1000,458,787,357,824,224,846,138,864,65,721,336,730,177,735,80,736,0,658,354,643,213,635,122,629,43,602,398,564,305,539,240,520,178
1786206758.880,690,690,786,638,870,560,939,493,1000,454,791,364,824,229,843,144,858,71,726,343,733,181,732,82,730,0,666,360,651,221,640,131,632,52,611,405,577,312,554,248,535,187
1786206759.050,668,668,795,627,897,523,956,423,1000,335,817,300,824,153,823,76,824,31,733,278,734,115,730,41,725,0,654,292,642,140,637,82,633,49,576,332,552,204,545,128,541,71
1786206759.232,629,629,808,588,966,372,1000,139,931,0,826,166,827,1,842,186,840,243,719,166,731,28,752,249,742,263,613,175,630,47,662,260,651,283,505,197,535,90,567,246,558,288
1786206759.413,633,633,808,585,961,375,1000,144,936,0,831,150,834,4,843,191,839,242,727,155,742,26,758,258,748,268,621,165,637,43,664,266,653,285,511,184,539,83,568,247,557,285
1786206759.582,628,628,804,570,957,373,1000,148,942,0,832,150,848,8,845,190,832,254,730,148,755,17,756,242,739,271,626,154,652,30,667,250,652,287,519,173,556,68,579,227,568,270
1786206759.763,628,628,755,591,856,508,934,433,1000,381,769,297,800,180,818,112,835,53,694,265,710,135,718,61,724,0,620,267,624,146,628,81,633,25,548,294,532,185,532,116,538,50
1786206759.950,687,687,786,632,871,553,939,490,1000,448,783,351,820,218,841,136,857,65,715,330,725,175,730,79,731,0,652,350,638,213,631,122,626,42,594,399,560,309,543,243,533,178
1786206760.121,687,687,785,633,869,557,938,494,1000,452,787,357,820,221,838,138,853,64,720,339,727,180,729,82,727,0,658,358,645,221,637,130,631,50,600,403,568,305,551,236,540,170
1786206760.321,630,630,753,599,857,528,937,469,1000,419,778,358,796,225,805,139,814,68,701,325,725,189,740,94,751,9,624,313,637,172,649,79,659,0,545,313,540,187,546,94,555,8
1786206760.523,567,567,727,521,865,349,941,197,1000,115,776,217,799,94,767,250,751,297,682,200,698,106,682,285,679,303,583,189,590,95,592,265,591,303,485,177,487,43,504,46,508,0
1786206760.714,594,594,761,509,885,309,947,112,1000,0,802,175,821,62,801,218,791,261,710,168,732,66,723,249,719,266,616,170,629,64,637,245,637,282,522,184,532,85,551,208,552,253
1786206760.938,600,600,764,524,888,319,948,118,1000,0,803,185,822,63,800,224,790,262,713,176,734,68,724,258,719,266,621,175,633,65,640,253,636,281,527,180,537,86,558,212,557,249
1786206761.143,746,746,878,707,960,578,959,453,936,368,942,421,977,318,990,254,1000,207,859,364,879,194,887,88,891,0,773,354,781,187,785,91,780,12,681,383,685,279,694,283,694,299
1786206761.302,670,670,776,614,865,532,937,473,1000,437,777,328,814,204,835,130,853,66,708,306,723,161,732,73,738,0,643,323,633,190,633,104,635,29,583,367,551,273,537,206,530,141
1786206761.486,680,680,780,619,865,536,936,474,1000,436,781,330,815,204,834,128,849,61,712,309,726,162,732,73,736,0,647,328,636,193,632,109,631,35,587,373,552,278,531,214,515,151
1786206761.657,680,680,780,627,865,549,936,490,1000,449,783,353,812,222,832,144,850,75,717,333,723,178,726,81,726,0,654,350,641,214,635,124,633,48,595,393,565,295,551,226,545,162
1786206761.876,650,650,770,620,892,507,955,385,1000,299,838,357,847,281,818,395,809,433,764,333,766,282,746,401,753,423,690,323,686,271,678,383,689,428,618,314,635,175,641,90,649,0
1786206762.022,586,586,758,530,900,345,956,136,1000,0,811,182,835,49,808,214,791,276,715,169,736,56,716,244,710,272,618,163,637,48,635,236,630,272,519,166,545,65,555,204,550,249
1786206762.202,588,588,759,515,895,332,955,132,1000,0,803,169,827,50,802,210,780,260,708,158,739,55,719,240,704,261,612,152,642,51,635,235,620,269,514,156,550,61,558,188,546,226
1786206762.380,563,563,730,504,877,349,950,182,1000,72,798,123,830,20,803,188,779,242,696,102,730,5,710,198,697,234,593,98,625,0,621,190,613,247,490,110,528,18,542,141,538,190
1786206762.552,685,685,784,627,871,543,939,475,1000,436,781,345,818,210,841,131,862,64,713,324,729,168,739,76,747,0,650,340,646,199,646,113,647,39,591,383,566,284,557,215,555,153
1786206762.727,689,689,785,631,866,544,935,477,1000,437,780,338,814,206,836,125,856,56,712,319,726,168,733,75,739,0,649,340,634,200,629,113,627,37,592,387,549,290,524,224,506,159
1786206762.905,685,685,781,625,864,541,934,474,1000,438,781,339,815,211,835,133,853,66,714,320,727,168,734,76,739,0,652,340,637,201,632,113,629,35,596,386,556,290,534,223,519,156
1786206763.096,690,690,817,640,918,543,970,452,1000,367,845,305,851,151,848,74,845,20,757,282,752,130,746,54,741,0,674,292,656,154,651,82,648,27,594,327,558,208,545,129,535,57
1786206763.274,537,537,705,482,863,304,952,124,1000,0,777,122,792,15,766,176,752,205,671,113,688,12,676,202,678,198,564,110,579,4,576,193,574,214,463,115,477,3,493,99,499,107
1786206763.451,528,528,696,451,838,279,931,111,1000,5,758,120,784,13,750,170,730,188,656,111,687,6,668,191,662,187,555,111,581,0,578,184,570,200,463,122,484,28,496,157,489,191
1786206763.643,526,526,693,454,835,285,928,114,1000,12,753,126,784,19,746,176,724,200,655,115,690,11,665,195,658,197,558,117,585,0,577,185,568,209,465,130,488,37,495,162,487,197
1786206763.803,625,625,756,563,859,468,940,378,1000,313,797,324,823,223,829,187,832,163,724,280,747,145,755,68,759,2,650,265,665,133,669,59,670,0,571,272,572,169,571,121,566,84
1786206763.987,686,686,786,625,872,533,939,463,1000,421,786,339,822,212,842,134,857,65,718,319,730,169,735,77,737,0,654,337,644,203,639,117,637,39,594,383,564,292,551,227,545,164
1786206764.163,690,690,788,630,870,542,938,471,1000,428,786,343,820,214,841,136,857,70,718,325,729,171,732,77,733,0,656,345,640,208,632,123,628,47,599,392,565,302,547,239,533,177
1786206764.337,689,689,788,633,872,550,939,479,1000,430,791,356,823,223,843,140,858,68,724,334,732,176,733,79,731,0,662,350,648,212,640,125,637,49,603,393,570,296,557,231,554,171
1786206764.518,584,584,746,543,908,360,981,163,1000,10,817,141,849,5,824,176,802,248,709,132,739,0,720,198,703,245,597,139,615,30,615,232,607,283,481,163,505,63,524,209,522,257
1786206764.709,606,606,773,506,897,312,954,118,1000,0,816,154,819,33,784,176,764,235,714,149,729,82,709,253,702,272,612,158,624,86,621,248,628,287,517,175,525,49,542,67,561,33
1786206764.879,593,593,757,496,883,307,948,118,1000,0,803,152,823,47,789,204,762,268,699,148,723,73,702,251,688,278,597,158,614,83,612,253,609,296,505,180,513,76,535,153,550,167
1786206765.076,594,594,751,510,887,309,955,122,1000,0,800,148,831,13,814,170,794,227,699,143,724,32,715,213,702,245,596,155,609,52,614,227,607,275,494,178,509,69,534,179,539,220
1786206765.237,683,683,787,620,875,527,942,454,1000,401,785,336,819,204,840,126,856,59,717,318,731,167,736,76,736,0,652,336,644,199,640,115,640,41,589,380,559,280,550,212,550,147
1786206765.401,682,682,781,620,867,524,935,445,1000,399,779,329,814,200,833,126,850,59,711,309,719,158,722,71,724,0,647,329,633,195,626,114,621,42,589,376,551,280,529,218,513,155
1786206765.577,689,689,788,629,873,537,937,458,1000,408,786,342,819,210,839,133,857,65,717,323,722,168,723,77,723,0,654,343,638,211,628,129,621,54,596,389,558,293,536,230,521,165
1786206765.767,688,688,793,631,882,535,946,453,1000,389,801,343,826,205,841,119,855,48,730,326,728,173,726,78,722,0,665,342,651,202,646,115,644,41,603,385,575,284,566,213,565,148
1786206765.941,577,577,747,535,907,358,975,169,1000,27,811,147,846,12,827,182,803,243,702,133,734,17,721,213,701,250,590,132,614,29,612,217,597,265,478,140,499,0,512,61,505,52
1786206766.131,615,615,786,525,922,339,984,147,1000,0,825,178,861,56,848,216,824,252,727,177,769,74,764,262,738,271,629,184,667,83,676,267,651,292,531,203,569,109,590,237,572,281
1786206766.354,604,604,768,533,907,347,977,149,1000,0,835,170,866,48,838,214,815,248,733,167,762,67,750,257,740,257,633,167,655,68,659,257,650,273,534,177,556,90,573,225,569,262
1786206766.593,636,636,762,606,856,535,932,470,1000,429,785,319,830,200,856,127,879,65,712,281,736,145,748,65,753,0,639,281,646,155,651,80,656,15,569,308,558,200,560,128,569,58
1786206766.781,669,669,773,621,863,545,935,484,1000,448,784,334,824,210,848,136,868,73,715,307,728,159,734,72,737,0,648,319,644,188,644,105,646,31,585,357,560,257,546,190,537,124
1786206766.949,669,669,771,619,861,544,934,482,1000,445,783,333,824,211,847,137,867,73,716,306,732,159,736,72,738,0,651,317,649,182,650,99,652,25,588,352,564,250,548,184,534,120
1786206767.138,675,675,776,626,864,553,936,490,1000,449,789,342,831,220,856,144,878,77,722,317,738,168,744,76,748,0,658,329,655,195,655,110,657,34,598,366,573,264,557,197,544,132
1786206767.301,685,685,808,643,909,558,966,474,1000,392,848,307,883,160,901,71,916,0,770,283,784,135,789,69,790,27,696,294,701,157,709,90,716,42,622,329,612,206,617,134,622,69
1786206767.480,649,649,827,597,964,383,1000,157,994,0,859,225,885,82,878,252,860,295,762,221,788,89,795,300,771,305,664,223,686,116,703,324,676,345,559,233,585,137,610,281,593,325
1786206767.659,655,655,829,565,956,361,1000,152,999,0,852,209,875,76,866,242,849,287,755,207,788,90,790,290,769,306,656,213,690,102,705,297,685,328,558,229,588,104,612,214,597,249
1786206767.846,655,655,828,564,958,361,1000,153,998,0,851,198,893,87,876,256,848,293,754,198,802,95,793,295,759,308,656,204,701,105,707,301,676,330,553,226,598,125,618,266,598,315
1786206768.071,725,725,856,697,957,617,980,556,964,539,940,361,975,240,988,190,1000,164,850,301,875,131,886,48,892,0,757,286,764,127,772,48,774,4,654,307,640,169,641,90,644,29
1786206768.275,672,672,777,616,868,534,938,471,1000,428,778,328,817,201,838,127,857,62,709,306,721,161,727,74,731,0,644,323,636,190,633,106,633,30,582,365,552,274,540,210,536,146
1786206768.437,673,673,777,616,867,537,937,472,1000,428,785,331,821,208,842,133,861,68,715,308,728,162,733,74,736,0,650,324,642,192,640,110,640,37,590,365,563,273,548,211,539,151
1786206768.616,681,681,785,625,872,548,940,481,1000,432,792,345,828,217,849,138,867,69,724,322,735,171,739,77,740,0,659,338,651,204,647,120,647,46,599,380,572,293,559,232,551,174
1786206768.807,643,643,777,588,887,489,957,389,1000,297,808,315,823,174,825,95,824,32,731,291,748,151,755,73,758,6,657,284,668,146,681,64,688,0,578,291,572,170,576,89,578,17
1786206768.963,549,549,723,495,887,332,967,142,1000,0,793,145,823,36,792,199,769,235,687,129,719,18,700,208,685,221,583,126,608,10,603,200,590,234,481,137,508,39,520,173,511,216
1786206769.145,573,573,745,524,903,351,972,146,1000,0,814,166,847,59,813,218,787,252,712,147,747,41,721,229,704,239,609,138,640,24,627,216,612,241,505,144,541,49,545,189,533,227
1786206769.320,584,584,763,516,908,350,973,150,1000,0,820,163,852,62,821,211,797,263,723,148,763,43,735,225,717,259,625,143,658,28,646,217,633,263,523,156,561,53,565,190,554,241
1786206769.510,643,643,780,606,897,467,954,333,1000,237,832,294,863,180,850,259,829,326,751,267,777,106,780,61,774,0,667,271,682,143,684,242,675,314,578,295,605,190,622,278,623,358
1786206769.689,690,690,785,626,871,534,940,462,1000,420,789,346,824,213,845,134,861,63,721,325,731,170,736,78,739,0,658,343,643,210,634,126,630,53,600,387,567,297,552,235,544,176
1786206769.864,693,693,789,631,871,542,940,472,1000,428,791,352,826,216,846,134,863,62,724,334,733,176,737,80,738,0,662,355,645,217,634,131,628,55,605,404,571,315,553,251,541,192
1786206770.040,691,691,786,629,870,541,937,468,1000,424,793,352,826,219,845,139,860,66,726,332,733,172,735,79,734,0,665,351,649,214,640,130,635,56,607,397,574,308,556,245,543,185
1786206770.228,686,686,801,632,899,547,959,461,1000,379,834,309,862,164,876,73,889,0,755,288,760,147,757,91,754,61,681,298,679,171,679,113,682,76,608,334,587,225,582,156,582,98
1786206770.393,654,654,825,583,960,386,1000,163,981,0,860,213,872,78,870,230,858,296,760,208,775,87,781,275,774,308,656,213,668,95,688,279,685,331,552,231,574,108,601,239,602,302
1786206770.569,660,660,824,582,956,398,1000,193,975,47,860,233,875,116,867,272,852,333,766,221,787,127,780,309,765,342,670,222,692,128,694,297,684,351,572,231,608,75,649,53,671,0
1786206770.744,639,639,810,580,953,378,1000,157,983,0,860,198,872,63,864,232,851,291,762,193,779,70,775,270,763,299,660,193,676,75,685,270,676,322,556,203,584,76,611,204,613,261
1786206770.933,625,625,761,563,880,466,952,374,1000,290,815,315,839,204,852,143,863,90,734,281,745,144,744,66,739,0,656,272,666,141,664,63,656,2,576,284,582,170,590,97,596,34
1786206771.118,685,685,786,625,878,537,944,467,1000,419,797,342,834,211,855,130,872,57,728,318,738,168,741,78,742,0,665,335,653,203,646,120,645,45,608,378,576,293,563,233,556,174
1786206771.300,675,675,776,616,868,537,938,466,1000,416,792,334,830,204,852,122,872,51,723,313,735,164,740,75,742,0,658,331,649,200,644,117,641,44,600,376,569,284,552,221,539,159
1786206771.475,682,682,781,626,870,545,940,475,1000,426,794,340,832,209,855,129,874,59,724,318,736,168,740,78,743,0,661,337,650,205,645,123,644,47,605,382,573,292,557,228,545,164
1786206771.643,678,678,781,625,872,546,941,482,1000,434,799,338,834,213,854,131,872,60,729,314,736,167,738,76,737,0,663,330,650,201,643,114,640,38,601,376,566,280,552,214,546,149
1786206771.826,671,671,808,587,919,443,971,300,1000,190,842,259,860,145,845,296,831,358,746,254,765,162,759,331,757,364,650,261,660,178,665,344,671,398,558,273,566,115,573,75,580,0
1786206772.012,653,653,818,537,937,336,982,140,1000,0,838,182,859,48,841,211,821,264,732,187,754,66,750,258,738,286,626,206,640,87,655,278,651,327,522,240,537,129,564,258,566,313
1786206772.201,669,669,834,553,949,353,984,150,1000,0,840,186,852,68,838,230,826,286,739,196,758,98,756,290,751,312,638,218,652,117,663,300,663,341,539,253,545,111,563,173,563,173
1786206772.359,750,750,891,711,980,603,950,520,886,503,947,397,975,264,988,195,1000,144,854,341,873,176,882,83,889,12,764,325,768,165,774,68,777,0,665,336,651,181,646,85,645,3
1786206772.544,677,677,780,615,869,530,938,460,1000,412,789,329,826,203,848,125,868,56,719,308,734,163,743,75,749,0,655,325,647,198,645,115,646,42,598,369,566,282,549,223,537,165
1786206772.719,681,681,783,621,869,537,939,465,1000,417,789,336,826,209,847,128,865,58,720,314,737,165,743,74,746,0,656,332,648,198,644,115,642,42,598,376,566,284,547,223,530,164
1786206772.916,679,679,779,618,865,530,936,455,1000,411,784,336,821,206,841,128,856,59,717,313,732,160,738,73,741,0,655,329,649,193,643,113,638,43,599,370,570,280,553,221,539,165
1786206773.063,654,654,792,603,898,502,955,401,1000,319,842,294,865,175,871,108,876,53,759,259,770,127,770,60,768,7,679,257,677,125,678,55,679,0,594,278,576,155,572,76,569,4
1786206773.251,639,639,830,566,962,376,991,160,1000,0,841,189,857,56,857,205,847,270,743,178,777,52,782,254,758,295,643,182,678,67,693,265,674,317,540,202,577,80,598,207,582,259
1786206773.438,645,645,823,550,951,365,989,160,1000,0,845,177,864,42,849,203,831,269,744,172,777,53,769,259,748,285,641,176,674,61,679,260,659,298,535,198,575,80,593,218,578,269
1786206773.620,643,643,822,553,951,370,988,162,1000,0,843,181,862,35,852,197,836,275,743,179,772,54,769,258,749,292,640,184,670,60,679,258,661,305,536,205,572,80,592,217,578,273
1786206773.788,612,612,749,581,856,495,936,425,1000,374,787,316,818,202,836,138,853,89,713,275,727,140,731,60,731,0,638,267,643,137,643,67,641,10,563,280,549,160,543,87,540,21
1786206773.972,671,671,772,612,863,524,936,462,1000,429,784,323,824,200,848,127,870,64,716,300,734,156,743,72,747,0,653,315,649,186,649,105,651,31,595,357,567,269,552,207,540,145
1786206774.138,674,674,777,618,865,536,936,470,1000,431,785,335,826,209,850,134,870,68,718,311,736,162,742,73,744,0,656,326,651,191,649,110,648,38,598,366,572,269,554,206,538,144
1786206774.322,688,688,791,634,880,550,947,479,1000,424,808,350,843,221,866,142,885,74,741,327,749,175,753,79,754,0,678,342,667,208,664,121,664,44,620,385,593,296,580,232,573,170
1786206774.515,716,716,859,677,968,533,1000,377,993,254,909,367,930,213,941,130,946,73,816,339,834,171,845,81,851,0,723,346,721,176,731,95,734,29,621,379,613,260,613,224,610,196
1786206774.677,676,676,858,622,988,395,1000,154,958,0,871,221,877,67,887,239,879,299,768,221,781,87,796,304,776,331,660,230,678,116,703,331,686,371,548,249,578,144,603,298,587,351
1786206774.858,670,670,847,633,988,404,1000,158,953,0,883,214,900,64,908,171,902,177,777,209,802,71,815,304,792,310,663,218,688,104,708,335,687,356,543,237,579,131,605,292,588,334
1786206775.031,664,664,831,621,966,438,1000,242,986,99,909,248,932,103,919,203,904,270,800,206,822,27,827,45,826,0,686,204,690,38,696,72,692,46,572,233,594,124,607,202,601,239
1786206775.183,690,690,788,628,875,535,940,460,1000,415,790,342,824,214,844,135,861,68,722,321,726,169,726,76,723,0,659,338,648,199,644,108,644,31,598,384,565,291,551,227,545,166
1786206775.381,684,684,785,616,870,525,937,451,1000,400,782,318,815,188,834,110,851,42,712,299,717,154,720,69,722,0,647,320,634,193,629,110,627,38,589,365,549,272,525,211,506,149
1786206775.558,686,686,786,619,872,528,939,450,1000,397,786,332,819,201,838,124,855,56,718,313,724,161,725,72,724,0,656,332,642,195,634,110,627,36,600,377,559,283,534,221,513,159
1786206775.739,767,767,881,729,963,632,989,533,1000,441,916,423,938,270,949,164,957,81,835,393,841,220,841,100,839,0,756,403,752,231,748,114,743,16,675,446,654,320,650,232,648,152
1786206775.925,738,738,886,690,987,494,1000,301,973,169,892,355,884,172,881,88,874,0,807,366,831,252,845,418,828,466,720,385,743,283,767,443,753,492,630,413,660,301,693,406,687,458
1786206776.107,721,721,873,690,989,469,1000,254,956,121,897,314,900,141,902,89,890,0,801,322,831,202,843,394,824,417,706,340,736,234,757,423,741,453,609,365,645,268,670,401,656,448
1786206776.276,689,689,855,630,978,392,1000,152,957,0,906,249,905,108,900,264,891,309,801,241,803,100,810,309,803,339,691,249,696,132,715,340,712,391,580,270,601,156,627,294,627,350
1786206776.455,659,659,788,612,892,514,956,423,1000,342,817,319,844,203,860,135,874,82,735,284,748,144,755,64,759,0,658,287,655,162,652,97,650,42,583,318,558,206,547,140,538,81
1786206776.646,681,681,792,622,883,531,948,447,1000,377,795,348,826,209,844,124,857,51,724,326,733,174,737,78,739,0,661,340,651,210,649,125,652,53,601,378,576,288,570,231,574,180
1786206776.804,681,681,799,628,891,530,953,438,1000,367,804,355,829,220,841,134,849,60,730,335,732,184,732,84,732,0,662,353,648,223,645,137,646,62,599,396,571,310,560,256,557,208
1786206777.008,681,681,800,607,891,506,949,405,1000,323,804,324,834,197,846,118,854,46,727,303,729,159,731,70,734,0,660,318,646,194,647,120,655,62,597,357,571,266,566,216,573,175
1786206777.160,703,703,815,665,909,557,964,453,1000,369,828,380,856,255,867,169,875,97,750,351,755,197,758,90,761,0,677,362,661,237,647,160,639,95,611,405,586,318,571,269,562,225
1786206777.354,700,700,851,651,972,477,1000,291,989,162,884,334,896,207,889,347,877,408,795,325,804,223,806,389,796,427,704,325,712,241,724,394,721,458,610,327,623,160,644,80,649,0
1786206777.527,661,661,836,570,968,368,1000,145,962,0,861,217,854,72,857,231,859,300,767,220,767,95,773,285,775,318,672,226,674,99,692,289,696,339,577,243,592,139,618,272,621,326
1786206777.701,662,662,829,573,962,374,1000,152,967,0,862,208,873,76,872,233,861,293,767,212,785,86,788,278,776,312,670,219,691,96,706,287,695,341,570,237,605,126,628,259,620,318
1786206777.877,684,684,790,622,880,521,944,438,1000,378,778,328,802,194,814,114,825,45,703,313,700,166,696,74,690,0,637,335,617,208,609,128,606,61,576,381,540,275,523,201,514,131
1786206778.062,697,697,793,623,874,516,941,434,1000,377,767,323,791,187,802,107,808,36,695,315,695,159,690,71,684,0,632,345,611,209,601,135,595,68,575,397,535,294,510,228,489,161
1786206778.233,698,698,794,624,875,521,941,437,1000,377,773,328,798,187,812,103,825,30,703,320,702,162,696,70,689,0,641,350,623,214,613,137,606,72,585,401,546,295,520,228,497,163
1786206778.404,774,774,876,715,954,610,985,522,1000,450,880,396,893,246,898,150,901,72,801,378,797,209,794,96,792,0,730,398,710,244,702,140,701,49,658,447,610,326,588,240,576,158
1786206778.597,798,798,917,684,994,508,1000,342,972,210,898,373,902,179,907,84,908,0,817,399,816,307,837,450,837,507,742,439,743,344,778,484,785,538,669,488,676,390,718,491,734,547
1786206778.788,795,795,921,705,1000,520,997,349,962,217,899,376,893,195,894,96,891,0,819,399,849,312,873,483,849,507,740,430,769,348,800,509,780,531,658,469,686,381,725,497,716,538
1786206778.957,789,789,915,701,999,511,1000,336,967,210,892,367,886,184,884,95,878,0,814,389,831,297,854,461,838,495,738,420,758,333,790,493,777,524,661,457,684,369,721,485,715,526
1786206779.124,663,663,781,600,878,493,945,403,1000,331,780,291,800,156,808,77,815,10,699,273,704,135,705,61,704,0,624,288,613,155,612,81,612,14,553,324,520,210,508,137,499,64
1786206779.302,702,702,798,626,878,527,942,445,1000,384,776,329,800,192,814,111,825,42,704,322,706,165,702,73,696,0,640,353,618,214,607,129,599,55,581,407,539,302,516,230,498,157
1786206779.492,704,704,801,628,882,524,945,441,1000,382,780,332,805,196,818,116,828,46,709,323,712,163,709,72,705,0,646,352,627,213,617,132,610,60,589,405,551,299,528,228,511,159
1786206779.654,701,701,797,627,880,527,946,447,1000,386,786,344,813,207,829,126,841,54,716,329,714,167,711,75,706,0,653,352,635,207,629,122,625,48,595,403,554,298,533,229,518,160
1786206779.876,633,633,797,545,943,357,998,162,1000,17,839,140,867,11,857,173,840,258,728,138,756,0,755,176,744,234,622,157,643,41,662,222,662,291,518,198,546,105,574,230,576,290
1786206780.028,685,685,851,576,970,372,1000,158,1000,0,859,204,866,62,863,220,855,302,763,207,778,81,787,272,780,331,667,223,677,99,702,282,702,355,569,256,584,141,616,269,620,339
1786206780.199,683,683,854,576,972,370,1000,155,998,0,858,207,866,79,865,243,852,303,760,213,780,95,787,292,770,327,665,229,681,111,704,301,695,355,568,259,586,150,617,279,614,336
1786206780.383,677,677,786,618,878,522,943,444,1000,390,789,334,821,211,839,137,853,72,717,312,727,163,730,75,728,0,649,327,634,198,628,120,626,51,586,367,552,261,535,189,525,119
1786206780.550,686,686,786,613,872,519,940,443,1000,389,776,320,806,187,824,111,840,44,705,308,714,158,717,70,718,0,642,334,627,202,624,123,624,57,583,381,547,278,528,208,513,140
1786206780.744,685,685,784,615,869,523,938,446,1000,391,779,324,808,195,827,117,843,48,709,309,716,160,717,72,716,0,645,333,630,202,625,124,622,55,587,379,551,274,531,206,514,139
1786206780.904,694,694,792,628,876,533,943,456,1000,401,788,339,818,206,835,125,850,54,718,325,724,169,724,76,722,0,656,349,639,214,632,131,629,58,598,396,562,292,541,223,525,155
1786206781.102,792,792,916,698,992,516,1000,344,999,209,935,400,939,227,940,113,939,18,854,383,851,215,847,100,840,0,772,388,773,219,774,101,772,4,681,411,668,265,662,161,655,74
1786206781.272,785,785,909,679,989,490,1000,313,974,177,901,356,904,184,906,94,901,0,823,380,842,282,863,440,848,473,745,414,767,317,798,475,786,510,666,452,691,358,727,471,722,522
1786206781.447,785,785,906,695,988,503,1000,323,985,186,912,362,909,191,905,93,899,0,830,380,842,287,867,444,862,487,752,411,765,325,798,478,794,520,676,449,696,371,729,483,727,531
1786206781.624,688,688,790,627,878,533,943,455,1000,401,788,330,817,202,833,125,847,61,715,311,716,163,715,72,715,0,648,328,628,196,623,117,624,49,585,370,547,262,530,189,521,119
1786206781.798,695,695,793,617,876,517,940,436,1000,381,772,323,797,184,811,105,821,36,699,310,698,155,694,69,687,0,633,335,612,197,602,117,592,49,574,384,531,283,508,217,488,152
1786206781.953,696,696,792,618,875,519,940,438,1000,382,775,326,801,191,815,114,825,44,704,311,702,157,697,70,690,0,640,334,618,201,605,122,595,55,582,383,539,283,514,217,494,152
1786206782.102,702,702,795,625,875,527,941,446,1000,389,779,337,805,195,820,114,831,41,706,326,700,167,691,76,681,0,643,353,617,219,605,137,597,63,586,405,542,307,519,240,504,173
1786206782.283,818,818,936,737,1000,551,987,376,968,241,943,391,958,214,963,101,967,10,856,377,856,197,860,100,857,16,774,395,763,216,769,101,772,0,691,438,695,288,710,193,723,107
1786206782.454,826,826,931,732,1000,525,995,343,933,231,929,383,935,204,947,101,946,0,842,406,864,300,892,483,866,521,755,448,778,355,817,525,795,566,669,499,693,407,735,529,726,582
1786206782.636,825,825,936,728,1000,515,997,333,943,217,935,376,942,198,948,95,948,0,850,398,868,295,890,475,872,519,763,438,784,346,816,517,802,563,676,487,700,394,740,518,737,574
1786206782.811,717,717,826,631,909,519,960,418,1000,337,835,303,844,150,845,67,845,0,749,291,740,143,737,67,735,8,671,309,646,163,642,81,639,15,596,350,559,244,543,177,529,118
1786206782.981,712,712,808,629,888,518,947,424,1000,358,780,327,801,186,812,107,819,35,703,319,693,162,685,73,676,0,638,349,607,214,596,135,588,64,582,403,538,305,514,241,496,177
1786206783.132,706,706,803,623,884,512,944,420,1000,357,776,319,796,180,805,101,810,29,699,310,689,156,681,70,674,0,633,339,604,204,593,127,586,58,577,393,533,297,508,232,488,167
1786206783.291,722,722,816,639,892,530,949,439,1000,371,793,342,813,199,824,117,832,41,718,332,709,172,700,79,691,0,655,361,628,227,616,146,608,70,600,414,555,317,529,252,508,187
1786206783.462,746,746,873,664,963,531,994,399,1000,282,867,320,872,159,874,72,877,0,783,315,776,160,776,74,775,5,709,334,698,182,699,94,700,24,635,373,626,240,630,159,632,88
1786206783.637,643,643,822,535,962,357,1000,152,982,0,831,169,829,39,830,206,823,278,725,172,734,59,742,257,738,303,624,183,636,66,657,262,659,324,527,212,547,92,575,233,578,297
1786206783.817,652,652,822,545,958,369,1000,161,981,0,844,167,853,54,844,220,828,280,741,169,762,65,763,263,750,296,640,178,662,72,678,266,669,312,540,203,572,98,597,237,589,289
1786206783.990,647,647,812,548,950,368,1000,158,985,0,838,168,853,55,843,212,823,276,736,167,756,57,756,250,740,288,639,176,659,62,677,249,671,305,547,199,575,92,605,219,606,274
1786206784.181,682,682,781,629,873,547,942,479,1000,429,791,346,825,223,846,149,862,83,723,321,730,168,728,75,721,0,660,335,652,201,648,118,646,48,600,374,575,270,564,197,559,127
1786206784.367,683,683,782,617,868,534,937,463,1000,413,782,331,817,198,837,119,855,48,711,313,719,163,723,74,725,0,646,334,632,202,630,120,632,48,586,380,549,277,531,209,519,141
1786206784.539,684,684,781,622,866,539,937,467,1000,417,788,332,823,202,843,122,861,50,717,312,725,165,727,75,727,0,652,333,638,205,637,123,639,51,594,377,560,275,542,207,528,139
1786206784.708,647,647,765,596,871,506,947,425,1000,356,799,289,823,163,831,87,838,20,723,259,727,128,726,58,721,0,653,262,651,137,652,71,651,13,586,289,570,181,567,117,564,55
1786206784.886,539,539,703,472,881,340,1000,195,996,62,813,108,867,7,827,179,800,207,710,87,757,4,724,193,710,188,606,81,650,0,630,182,608,192,507,85,560,13,558,149,538,188
1786206785.069,554,554,724,477,896,327,1000,159,1000,12,834,111,882,18,839,180,810,194,726,92,768,11,732,199,722,185,622,86,656,5,634,192,620,199,525,90,568,0,570,138,562,176
1786206785.241,562,562,740,488,902,337,1000,162,999,17,836,124,886,28,844,182,816,193,736,102,783,15,746,202,735,184,637,89,678,0,656,189,642,190,544,89,580,15,582,149,573,173
1786206785.429,556,556,730,485,898,342,1000,168,995,15,844,124,894,20,850,179,821,196,745,104,791,10,753,200,746,192,648,89,686,0,663,194,654,206,553,84,591,9,590,156,583,194
1786206785.605,648,648,763,614,866,545,942,476,1000,421,799,336,849,223,879,153,905,94,729,297,751,154,763,68,768,0,662,294,669,159,675,78,679,10,596,317,583,205,579,131,577,60
1786206785.787,669,669,770,602,863,519,937,453,1000,409,783,320,820,198,844,127,864,63,711,296,727,151,735,69,738,0,645,312,638,181,639,103,642,36,583,354,554,249,542,182,536,114
1786206785.962,672,672,775,610,865,531,937,463,1000,413,790,330,828,206,851,133,872,66,720,307,735,159,742,72,745,0,655,322,648,191,650,111,654,42,594,362,565,260,552,193,546,126
1786206786.134,690,690,793,629,881,539,946,463,1000,402,810,346,845,215,863,135,878,67,741,325,750,173,751,78,750,0,676,340,665,204,662,117,664,43,611,378,581,270,569,196,565,126
1786206786.324,692,692,814,626,914,528,969,423,1000,322,875,321,902,180,904,128,900,94,795,290,818,139,823,66,823,2,717,288,729,143,735,64,735,0,631,309,624,178,624,96,622,21
1786206786.487,669,669,835,563,964,370,1000,157,971,0,853,195,871,64,864,220,848,297,756,199,782,86,777,272,759,315,658,210,683,95,692,278,680,330,558,235,596,125,616,254,607,309
1786206786.682,675,675,833,580,958,378,1000,157,972,0,852,201,870,73,856,236,837,305,758,204,779,92,775,288,763,317,663,215,683,106,697,293,690,334,569,240,598,139,621,268,617,317
1786206786.854,663,663,824,585,957,379,1000,156,974,0,856,201,869,69,861,237,846,298,761,198,776,84,777,282,766,310,665,205,680,92,696,285,687,328,568,227,594,131,619,268,614,319
1786206787.033,664,664,771,607,870,521,941,442,1000,386,800,320,836,202,856,129,873,64,724,288,736,144,739,65,736,0,654,294,649,162,647,87,646,21,587,326,565,217,558,144,554,73
1786206787.206,686,686,785,620,871,533,941,463,1000,413,790,333,827,202,849,124,868,53,721,316,732,166,737,77,739,0,658,336,649,205,645,122,644,46,600,381,570,286,554,221,543,157
1786206787.385,685,685,784,625,869,540,939,466,1000,416,792,343,831,215,854,136,874,66,724,322,737,167,742,76,744,0,661,340,654,207,650,127,649,55,604,384,576,285,562,221,552,157
1786206787.558,688,688,793,628,881,542,942,464,1000,409,815,332,854,197,876,117,895,47,741,312,750,163,751,72,748,0,674,328,666,204,664,126,663,60,609,365,586,258,576,183,569,109
1786206787.736,689,689,846,597,973,415,1000,217,948,82,847,225,853,42,864,48,860,0,751,244,776,139,799,312,794,341,658,273,683,183,714,355,707,389,565,315,600,225,632,348,626,391
1786206787.924,669,669,838,552,968,357,1000,143,941,0,852,181,856,32,851,182,839,250,750,187,763,70,772,267,765,301,647,201,661,85,687,279,685,325,545,234,569,116,602,262,604,322
1786206788.102,658,658,827,579,968,382,1000,158,944,11,853,179,869,0,875,86,865,99,751,184,779,64,792,273,783,296,648,199,674,84,699,289,695,328,545,229,577,119,606,272,601,327
1786206788.277,668,668,788,612,890,524,956,446,1000,381,829,315,860,188,871,123,879,75,750,284,764,139,772,61,777,0,674,286,673,148,679,71,683,9,597,312,569,196,558,123,548,59
1786206788.473,695,695,793,622,877,530,944,457,1000,404,785,338,817,203,836,123,852,52,715,323,720,170,721,78,720,0,651,346,635,210,629,126,626,50,593,392,559,292,540,223,526,157
1786206788.654,692,692,791,622,876,531,943,455,1000,397,790,339,823,209,843,133,859,65,721,322,730,167,733,76,733,0,657,342,646,208,642,127,641,54,599,389,565,288,548,222,537,157
1786206788.815,695,695,795,629,880,534,945,451,1000,390,805,343,840,210,859,131,874,59,734,324,737,171,740,78,743,0,670,342,655,213,652,133,654,60,612,385,582,286,566,217,555,149
1786206788.982,691,691,807,627,905,532,961,432,1000,347,848,320,879,190,884,124,883,69,769,287,788,136,792,61,790,0,694,287,698,149,701,74,701,13,618,313,605,195,603,122,603,55
1786206789.183,666,666,837,548,966,359,1000,147,950,0,840,184,856,31,857,194,842,274,741,195,759,68,772,260,763,301,641,214,662,81,689,271,683,324,540,252,569,126,603,267,601,334
1786206789.363,669,669,835,568,964,369,1000,153,955,0,846,194,861,44,860,213,846,297,748,200,773,74,780,278,767,328,650,212,678,85,698,288,689,350,550,240,590,120,614,271,606,339
1786206789.525,676,676,839,565,966,369,1000,153,960,0,846,200,855,49,854,206,841,288,750,205,767,76,774,275,762,326,654,217,675,85,695,282,688,345,556,247,591,117,617,262,612,331
1786206789.713,668,668,781,602,878,501,944,415,1000,353,792,303,824,186,838,115,848,49,714,277,724,138,728,64,726,0,644,288,636,156,635,80,631,13,577,327,557,215,548,141,542,69
1786206789.877,692,692,786,617,869,518,938,438,1000,389,772,327,804,192,820,116,832,48,700,312,701,157,697,70,691,0,636,334,616,197,608,119,602,51,580,381,540,278,519,210,502,144
1786206790.053,695,695,791,620,874,520,939,437,1000,382,782,327,814,195,832,119,846,50,711,311,716,158,714,71,709,0,646,334,631,200,622,119,614,47,587,382,550,278,528,211,512,143
1786206790.198,697,697,792,624,873,524,939,440,1000,384,785,333,817,197,835,116,849,45,716,319,720,163,716,72,710,0,654,343,638,207,629,126,622,56,597,391,557,290,534,223,518,156
1786206790.357,795,795,912,706,989,563,999,438,1000,338,921,347,924,169,924,73,926,0,828,353,814,183,806,92,805,19,748,401,720,243,708,151,706,71,673,481,642,392,637,340,643,296
1786206790.549,825,825,934,711,1000,530,993,368,969,232,911,368,925,185,934,85,941,0,828,401,850,307,873,472,856,516,747,454,770,375,803,530,788,563,668,513,690,428,732,535,730,576
1786206790.727,815,815,923,731,998,537,1000,363,975,226,914,372,920,195,927,92,934,0,829,400,856,296,879,466,858,514,747,449,771,367,803,531,787,566,664,503,689,416,729,535,723,580
1786206790.888,688,688,802,607,891,484,950,377,1000,294,802,289,811,143,812,65,815,0,720,280,714,137,713,64,713,8,645,295,627,156,624,80,623,19,572,329,540,210,525,133,511,63
1786206791.034,703,703,799,623,879,514,941,426,1000,368,782,324,805,182,817,99,828,26,708,312,705,158,699,71,692,0,643,339,624,205,616,130,609,63,588,388,548,292,522,230,498,170
1786206791.203,696,696,793,616,874,507,940,419,1000,361,775,319,798,182,811,101,822,28,702,308,699,157,694,70,688,0,639,336,618,206,610,132,605,66,583,386,541,289,515,226,493,163
1786206791.367,703,703,799,625,878,516,940,426,1000,366,782,330,806,189,819,106,830,31,708,320,703,164,697,74,689,0,644,349,622,216,611,138,604,67,587,401,544,302,520,236,500,169
1786206791.544,726,726,818,650,894,540,948,448,1000,390,805,358,825,207,833,116,840,35,733,348,724,186,715,85,706,0,671,376,646,242,637,156,633,79,617,427,576,333,552,266,534,201
1786206791.721,738,738,863,658,957,524,989,390,1000,271,897,322,900,156,896,70,893,0,814,308,814,147,809,66,805,3,738,319,739,168,738,95,734,43,655,350,649,209,655,117,659,39
1786206791.911,700,700,859,589,973,374,1000,159,973,0,842,203,853,26,865,187,854,275,744,227,768,84,795,283,780,338,648,258,675,131,713,323,700,381,550,305,590,187,628,327,617,392
1786206792.076,705,705,867,588,979,371,1000,155,973,0,846,206,847,35,860,194,849,262,749,229,767,98,800,298,785,332,656,259,681,141,721,332,705,371,562,302,600,192,639,333,625,389
1786206792.270,752,752,879,699,976,517,1000,344,984,222,867,366,852,195,850,92,848,0,789,384,810,290,838,436,833,495,717,414,739,328,775,471,768,518,645,454,674,370,706,468,698,514
1786206792.437,694,694,797,617,883,515,944,430,1000,367,785,332,815,194,835,116,851,49,712,317,718,164,721,75,720,0,645,337,633,199,629,114,626,40,582,381,550,272,539,199,534,127
1786206792.614,693,693,791,616,875,515,940,429,1000,373,778,326,807,191,824,114,837,46,705,311,706,158,703,71,698,0,640,335,622,200,613,120,605,49,582,383,543,283,521,218,503,153
1786206792.789,698,698,793,620,872,521,938,436,1000,380,781,333,811,198,829,122,841,53,709,318,709,162,705,74,699,0,646,341,623,207,612,128,604,58,590,391,549,292,527,228,509,162
1786206792.964,720,720,811,643,886,540,945,451,1000,385,802,356,824,214,834,128,841,49,729,342,719,181,711,85,703,0,666,367,638,233,624,149,617,70,613,417,571,327,550,265,537,203
1786206793.149,766,766,893,684,977,533,1000,407,995,300,884,367,887,178,892,82,895,0,801,378,795,327,809,455,818,536,721,401,719,356,741,485,756,561,644,427,640,291,660,233,678,171
1786206793.318,810,810,929,719,1000,517,1000,335,974,198,926,393,931,205,936,100,945,0,840,409,856,315,867,492,859,546,754,438,768,341,791,512,791,570,672,474,690,381,722,502,725,562
1786206793.520,794,794,909,712,989,517,1000,338,980,201,914,382,914,201,916,96,925,0,830,395,850,301,861,469,852,524,746,422,761,325,784,485,785,541,663,457,675,360,710,475,719,532
1786206793.691,748,748,877,684,980,497,1000,303,968,159,911,345,930,175,948,77,954,0,816,339,849,181,859,243,843,250,717,359,745,217,764,333,748,386,616,402,657,298,685,410,676,486
1786206793.873,717,717,808,639,885,537,943,451,1000,393,800,347,829,205,849,125,865,52,727,331,725,174,720,80,713,0,662,354,644,218,634,132,630,54,603,402,567,306,551,237,542,170
1786206794.049,714,714,805,638,881,536,943,452,1000,393,795,349,825,210,844,129,861,57,722,334,715,175,709,80,701,0,659,360,633,225,622,144,616,70,605,410,564,317,542,253,525,190
1786206794.222,719,719,811,644,886,545,944,455,1000,392,809,356,838,216,856,135,870,62,736,338,730,175,722,81,713,0,673,359,651,220,640,141,636,69,615,407,576,310,560,247,554,186
1786206794.397,711,711,842,655,941,528,980,407,1000,299,875,352,891,199,894,113,893,44,791,326,804,167,803,75,797,0,709,325,720,168,726,75,725,1,622,345,626,201,635,105,641,22
1786206794.574,766,766,888,679,980,523,1000,368,964,254,891,373,894,190,894,88,891,0,815,384,847,304,860,442,845,495,740,406,772,326,794,463,783,510,662,437,694,344,725,449,723,506
1786206794.759,744,744,874,658,971,494,1000,329,945,212,900,337,919,155,922,76,913,0,819,342,852,251,854,412,831,445,734,356,769,272,782,432,764,468,649,381,685,288,711,410,702,463
1786206794.940,684,684,838,595,964,392,1000,176,943,24,888,192,921,0,922,80,898,90,786,193,819,71,823,293,801,310,678,204,712,96,728,311,711,347,571,229,608,113,634,271,624,333
1786206795.114,651,651,770,592,872,502,943,417,1000,354,813,301,842,189,854,130,863,82,735,267,753,129,762,58,766,0,659,265,664,134,669,67,673,13,582,289,566,178,564,113,563,53
1786206795.291,691,691,788,624,875,537,943,465,1000,412,791,348,829,212,850,129,866,55,722,329,732,173,736,79,736,0,658,348,646,213,642,129,640,54,598,393,567,297,553,230,544,164
1786206795.493,692,692,789,628,873,543,942,470,1000,415,793,351,831,215,852,132,869,58,726,331,736,173,739,79,739,0,664,349,653,214,650,133,648,58,605,392,575,294,560,227,549,162
1786206795.640,699,699,796,636,880,549,946,474,1000,415,802,356,836,220,854,136,868,62,733,337,739,179,738,80,735,0,669,355,657,219,652,134,650,59,609,398,578,294,562,224,551,156
1786206795.815,751,751,875,681,968,573,1000,450,996,331,892,347,903,185,909,93,907,20,815,327,836,170,845,73,847,0,740,333,755,179,764,82,769,8,658,363,654,236,659,150,659,77
1786206795.968,620,620,795,532,949,387,1000,179,977,15,845,155,857,21,848,179,836,264,742,135,768,16,758,194,753,252,647,127,669,0,671,170,671,237,553,130,591,34,604,143,602,195
1786206796.131,623,623,799,533,949,379,1000,165,968,0,852,147,868,20,848,188,832,260,753,133,776,13,763,210,757,247,658,128,674,2,680,194,682,245,565,139,592,28,607,163,607,217
1786206796.294,626,626,797,544,942,383,1000,168,975,3,854,160,867,35,848,193,830,268,757,137,782,20,765,212,755,255,663,125,684,0,682,180,680,233,569,127,608,14,629,122,635,164
1786206796.469,647,647,763,600,866,524,943,451,1000,394,811,312,852,210,872,154,887,104,743,271,769,133,779,59,783,0,674,267,682,138,686,74,688,21,602,289,587,181,583,119,580,59
1786206796.663,674,674,774,609,864,524,937,453,1000,405,783,323,821,193,843,118,860,51,716,302,733,152,740,69,742,0,652,318,646,184,646,109,646,41,593,357,564,253,546,187,530,122
1786206796.834,681,681,780,616,868,529,938,455,1000,405,786,326,822,196,843,119,862,50,720,306,735,155,739,70,738,0,656,324,650,196,646,117,642,47,595,364,564,261,545,195,529,128
1786206797.021,692,692,785,626,868,543,937,469,1000,419,795,344,829,209,849,129,865,58,728,322,739,165,739,74,735,0,665,338,656,201,650,121,644,50,606,379,570,276,549,209,534,144
1786206797.199,737,737,867,652,958,490,985,332,1000,207,917,378,922,222,917,121,912,34,836,351,839,198,840,97,842,7,757,342,761,189,771,86,777,7,666,345,656,193,657,88,661,0
1786206797.374,681,681,836,571,965,360,1000,137,939,0,882,188,898,22,894,184,882,243,782,197,799,72,804,265,802,295,679,217,696,99,714,291,714,339,579,251,614,154,637,287,632,338
1786206797.551,672,672,827,587,962,369,1000,140,928,0,891,213,920,56,912,220,889,259,790,213,813,72,815,286,799,295,685,223,709,96,725,309,710,331,579,241,617,138,640,282,627,321
1786206797.731,671,671,826,591,960,371,1000,145,935,0,896,206,927,46,912,218,891,262,798,203,816,67,811,290,799,302,694,208,716,89,721,309,707,336,588,222,623,115,636,266,621,310
1786206797.898,643,643,763,581,869,493,942,413,1000,356,807,291,836,175,843,115,849,64,728,258,746,124,753,59,756,6,651,254,655,124,662,55,668,0,571,274,552,160,551,86,552,14
1786206798.080,680,680,779,608,866,508,937,429,1000,381,775,321,802,188,817,115,830,51,703,305,703,155,699,71,694,0,639,325,622,193,616,119,612,51,582,369,549,276,530,216,516,157
1786206798.226,667,667,773,595,869,495,942,415,1000,361,783,314,805,185,815,109,823,41,711,294,712,150,708,67,700,0,645,307,637,176,635,99,635,33,581,343,555,238,547,167,546,98
1786206798.372,635,635,759,556,863,452,939,363,1000,302,770,241,783,113,783,53,783,6,689,228,686,91,683,31,682,0,617,249,605,128,602,64,608,34,549,293,522,198,513,145,510,109
1786206798.550,702,702,827,631,922,522,972,427,1000,340,844,330,851,168,851,75,850,0,760,319,755,170,749,85,743,14,683,330,671,193,669,111,668,46,609,360,593,249,591,176,593,113
1786206798.732,639,639,803,537,931,339,976,137,1000,0,830,189,826,59,813,198,801,249,729,199,737,81,739,260,735,296,628,212,637,91,653,273,655,329,528,237,545,121,567,249,568,308
1786206798.876,678,678,842,578,957,366,984,149,1000,0,847,210,838,56,841,198,836,263,752,217,760,87,776,278,773,331,655,233,669,106,694,299,693,364,554,264,583,150,609,289,605,355
1786206799.061,674,674,833,575,952,364,979,147,1000,0,836,214,834,41,837,128,827,147,743,223,763,93,783,278,775,328,650,241,671,111,697,299,689,366,553,272,583,144,611,278,603,352
1786206799.205,669,669,827,562,941,356,978,148,1000,0,830,185,825,14,817,51,798,31,740,201,759,76,777,259,768,303,649,226,669,103,696,289,692,348,556,265,585,147,616,280,611,345
1786206799.387,669,669,779,604,876,513,945,440,1000,389,791,327,815,208,825,139,831,77,719,305,717,160,707,71,693,0,654,317,642,186,636,108,631,44,591,353,566,247,555,176,548,110
1786206799.556,674,674,778,602,867,503,937,422,1000,374,774,316,805,184,823,111,837,47,701,299,704,151,700,68,694,0,636,318,621,188,616,113,614,45,576,361,543,262,529,198,523,132
1786206799.735,686,686,785,613,868,514,937,435,1000,390,779,333,810,202,827,128,840,62,707,317,700,163,692,74,682,0,644,339,625,205,618,127,614,57,589,385,558,291,544,230,536,170
1786206799.928,661,661,775,587,870,483,943,392,1000,322,783,286,800,143,804,65,807,0,706,273,708,136,708,72,709,25,632,290,621,159,622,87,626,29,562,327,526,220,515,160,514,107
1786206800.121,567,567,725,470,861,302,943,126,1000,19,772,105,771,0,755,147,747,177,666,109,671,13,677,195,683,206,566,127,569,46,590,218,597,252,475,157,482,59,511,167,520,202
1786206800.299,612,612,778,525,908,330,965,131,1000,0,814,173,827,57,812,209,794,250,711,171,735,57,733,245,719,264,609,183,631,74,644,262,632,297,510,210,540,113,558,242,545,284
1786206800.463,617,617,792,508,910,324,959,126,1000,0,819,178,835,51,815,205,794,266,719,178,744,62,738,246,726,280,619,188,639,69,653,254,647,305,521,214,545,112,571,243,568,299
1786206800.632,621,621,784,515,904,328,960,134,1000,0,812,169,833,56,809,199,786,247,715,171,741,61,734,246,721,275,617,187,639,77,649,261,643,308,522,221,548,108,570,237,569,294
1786206800.836,661,661,776,586,873,486,942,407,1000,351,775,295,803,163,819,91,833,29,697,280,703,143,703,64,699,0,625,295,617,170,618,99,619,40,559,329,534,218,523,146,517,77
1786206800.983,675,675,776,595,863,488,935,404,1000,359,772,303,805,168,824,98,838,33,697,287,699,139,693,60,686,0,630,307,614,179,608,108,604,49,570,350,538,250,523,185,512,121
1786206801.184,680,680,781,603,867,496,936,410,1000,362,778,311,811,175,830,104,843,38,704,295,702,145,695,64,686,0,638,314,623,185,616,111,612,49,578,357,547,259,532,197,522,137
1786206801.359,694,694,806,624,894,516,951,419,1000,344,811,321,829,190,833,114,832,49,731,300,729,153,722,67,713,0,658,313,645,178,642,103,642,43,586,347,555,231,548,151,551,77
1786206801.549,733,733,860,666,960,520,1000,375,985,262,872,346,877,167,877,85,876,0,791,363,813,282,827,425,819,462,713,388,733,320,759,461,753,494,637,424,656,353,688,460,688,503
1786206801.704,663,663,832,568,963,368,1000,154,962,0,841,173,853,20,857,194,845,256,738,194,753,69,775,277,770,297,636,218,649,100,684,302,680,333,532,255,556,149,592,298,588,349
1786206801.883,658,658,826,537,957,352,1000,149,970,0,846,169,870,31,856,201,835,268,744,183,771,61,770,255,757,283,642,201,664,79,680,270,671,310,539,237,567,123,596,265,591,320
1786206802.062,652,652,812,537,945,354,1000,152,968,0,850,160,874,34,855,205,830,254,745,170,772,58,764,261,751,272,640,188,663,82,673,281,662,305,539,225,565,123,591,271,588,316
1786206802.230,660,660,789,601,893,488,959,399,1000,324,839,348,858,234,864,172,866,123,767,311,793,162,802,75,803,0,689,304,705,152,706,89,698,39,604,324,611,243,614,280,604,328
1786206802.409,694,694,803,625,892,525,953,437,1000,363,821,345,852,213,869,131,883,61,748,321,755,166,758,75,759,0,680,333,670,188,669,99,671,20,615,372,584,268,570,200,562,134
1786206802.606,696,696,797,627,881,529,945,441,1000,376,812,337,849,206,869,128,885,60,741,317,755,166,760,75,763,0,675,335,670,198,669,113,673,38,612,377,588,278,577,210,571,146
1786206802.773,695,695,796,623,879,524,944,436,1000,374,806,338,840,203,860,126,875,59,736,320,751,167,755,76,757,0,669,338,662,203,660,120,660,47,606,380,581,276,569,207,560,141
1786206802.962,698,698,796,625,877,522,941,432,1000,373,805,339,840,208,858,131,873,64,738,319,751,163,752,74,751,0,674,337,666,197,660,114,657,41,613,379,581,279,564,212,554,146
1786206803.133,701,701,797,627,878,524,942,435,1000,375,806,341,840,208,857,130,871,61,739,322,751,164,751,74,749,0,675,340,665,200,658,117,654,43,615,383,582,282,565,215,555,149
1786206803.303,703,703,800,629,883,525,944,435,1000,375,810,347,840,213,856,136,869,67,740,327,746,169,745,77,742,0,676,345,665,207,657,125,654,52,615,388,583,285,571,217,567,150
1786206803.492,717,717,835,658,933,523,977,407,1000,302,859,313,858,152,859,65,863,0,777,316,783,216,789,332,794,432,698,338,709,258,724,374,733,467,621,377,640,302,660,385,668,458
1786206803.664,743,743,885,643,981,489,1000,328,991,201,882,329,888,144,890,70,885,0,801,346,824,243,834,377,826,438,722,372,747,272,768,415,766,480,643,407,672,308,698,412,698,474
1786206803.853,688,688,864,566,984,376,1000,165,988,0,860,183,857,3,861,122,850,190,759,196,775,62,793,248,784,312,660,221,681,89,712,274,708,346,558,263,596,135,631,268,630,338
1786206804.027,696,696,868,571,983,376,1000,164,996,0,864,195,862,8,860,112,846,168,764,208,784,70,802,256,795,326,666,231,689,96,718,279,716,358,566,272,603,140,636,272,635,346
1786206804.207,680,680,786,604,876,498,944,412,1000,349,783,319,810,180,824,99,836,29,706,302,707,154,704,69,697,0,636,317,628,183,627,106,627,41,569,354,545,243,539,170,540,100
1786206804.376,689,689,787,607,868,496,937,407,1000,352,776,314,801,177,813,100,823,32,699,306,689,157,685,72,682,0,634,334,611,206,605,132,604,62,580,383,542,292,522,232,506,171
1786206804.555,693,693,790,612,871,502,938,412,1000,358,778,320,804,180,818,102,829,33,703,310,695,157,691,70,688,0,638,337,613,207,606,134,604,69,583,386,544,294,524,232,509,170
1786206804.732,687,687,798,610,892,498,952,397,1000,318,804,299,822,154,826,71,830,0,722,284,718,142,714,65,711,5,649,300,631,166,627,89,627,26,581,338,548,219,541,139,543,64
1786206804.906,771,771,899,696,988,526,1000,360,986,226,907,369,909,197,913,94,916,0,823,383,841,296,855,450,844,497,740,410,756,331,783,477,780,517,657,446,672,359,705,465,709,514
1786206805.313,748,748,878,692,979,504,1000,323,991,187,895,357,894,183,891,102,887,0,816,369,834,270,843,442,831,476,735,388,755,295,772,465,760,498,651,414,675,319,698,440,690,487
1786206805.507,677,677,788,611,882,512,948,428,1000,365,788,322,815,191,827,114,837,49,713,301,716,154,714,68,709,0,645,314,635,180,632,102,633,37,580,349,549,247,541,180,541,118
1786206805.702,686,686,785,609,872,507,941,426,1000,373,780,323,808,187,824,113,836,45,705,308,703,157,697,72,689,0,640,330,620,202,611,129,607,63,583,378,550,284,534,223,523,163
1786206805.860,687,687,786,614,872,512,941,428,1000,373,788,328,816,195,831,120,844,52,715,312,713,159,707,73,700,0,649,333,632,203,626,129,624,61,590,377,559,281,546,220,539,159
1786206806.046,728,728,857,630,948,492,982,364,1000,256,863,334,876,166,886,75,900,0,773,324,771,168,780,80,794,10,687,340,677,183,679,86,685,12,602,376,565,228,559,122,564,32
1786206806.220,663,663,803,566,914,346,966,142,1000,0,845,214,838,68,832,230,823,272,744,225,734,99,753,288,750,307,643,250,630,142,660,319,658,354,543,283,540,182,573,298,577,342
1786206806.390,688,688,830,577,922,346,963,139,1000,0,847,228,845,86,839,249,832,303,757,242,752,126,770,316,767,337,664,269,655,159,682,339,678,377,569,303,565,203,595,320,595,369
1786206806.533,683,683,828,569,919,339,961,134,1000,0,851,232,841,91,836,253,833,310,761,243,752,125,767,316,767,344,667,265,657,157,681,336,679,381,572,295,568,195,597,313,598,364
1786206806.696,714,714,834,634,931,510,972,413,1000,352,885,349,904,185,907,82,911,1,797,329,796,178,793,81,788,0,714,336,710,197,706,103,697,32,630,365,629,235,638,138,647,56
1786206806.870,683,683,783,594,868,482,938,391,1000,332,767,301,790,156,797,73,803,0,688,297,678,155,673,77,668,9,621,327,594,204,585,129,582,57,565,380,524,296,503,238,488,179
1786206807.048,689,689,787,603,870,494,939,404,1000,342,776,314,798,173,804,91,809,18,698,308,688,160,683,74,678,0,631,338,603,212,594,136,591,63,575,390,534,304,512,246,496,185
1786206807.232,698,698,794,615,877,511,943,424,1000,356,777,330,798,188,805,103,807,28,703,322,688,169,678,77,669,0,639,352,608,226,596,148,590,74,586,406,548,326,529,270,517,212
1786206807.401,749,749,874,654,960,494,989,354,1000,249,893,347,907,183,910,82,914,0,799,338,794,184,797,88,804,5,711,359,691,213,691,107,693,17,626,406,585,299,564,218,548,144
1786206807.621,762,762,883,681,965,497,989,330,1000,195,901,378,901,208,902,106,904,0,824,391,831,297,842,455,835,508,744,413,755,322,773,476,767,526,662,441,679,348,703,460,701,518
1786206807.768,711,711,856,601,954,368,984,157,1000,0,887,258,882,111,881,276,879,342,795,264,794,132,806,334,800,374,696,280,700,154,721,350,717,412,596,304,611,186,638,321,635,391
1786206807.942,704,704,846,614,948,391,984,193,1000,47,891,278,920,107,934,78,940,0,797,283,799,140,807,300,803,326,696,298,708,174,731,365,723,428,591,322,612,208,643,341,638,412
1786206808.125,664,664,779,595,876,495,946,414,1000,351,780,312,803,186,814,112,822,48,705,291,711,147,710,65,706,0,636,302,630,169,629,96,628,34,570,335,547,225,539,152,536,82
1786206808.305,672,672,775,600,866,496,938,411,1000,354,777,310,807,176,823,103,836,37,702,294,706,148,702,67,696,0,635,314,622,190,615,115,610,49,574,356,544,258,527,193,515,129
1786206808.482,680,680,780,608,868,502,939,417,1000,366,784,317,811,185,826,114,839,50,712,299,715,151,711,67,707,0,647,317,633,191,628,123,626,62,587,357,556,260,539,197,528,134
1786206808.674,695,695,799,621,886,519,947,428,1000,362,802,327,824,186,833,103,841,29,727,314,726,165,721,75,715,0,659,337,644,210,639,133,637,63,596,381,566,277,550,208,538,142
1786206808.821,728,728,859,667,966,513,1000,360,996,233,877,336,882,173,877,82,872,0,789,342,794,259,812,389,821,467,706,365,709,296,733,428,744,502,623,397,619,263,636,245,645,213
1786206809.021,751,751,880,699,978,528,1000,355,1000,221,889,370,902,194,905,104,902,0,807,387,829,295,843,453,831,493,725,412,747,314,771,472,759,513,640,445,665,353,695,466,689,518
1786206809.227,703,703,866,613,978,393,1000,168,992,0,884,239,885,101,893,263,886,328,785,245,792,116,813,313,802,352,683,261,693,124,725,326,715,390,577,289,602,173,635,320,628,396
1786206809.381,676,676,796,608,897,481,957,383,1000,314,847,335,864,191,866,104,867,33,771,309,788,169,797,81,804,5,693,302,705,162,720,70,731,0,607,313,602,180,608,89,613,10
1786206809.541,676,676,785,598,878,492,945,405,1000,341,783,308,810,170,824,93,837,26,707,293,709,149,708,68,705,0,638,312,627,190,625,120,624,55,573,352,547,248,536,179,529,109
1786206809.733,681,681,784,606,873,500,941,411,1000,351,786,316,814,179,829,104,841,35,713,299,717,152,715,68,710,0,646,317,637,189,636,120,637,59,583,357,555,255,544,187,539,121
1786206809.911,688,688,789,614,876,509,943,420,1000,360,790,323,817,186,832,109,844,39,716,307,718,159,715,72,711,0,650,327,636,201,631,130,630,65,589,369,560,271,547,205,539,140
1786206810.084,696,696,816,634,909,518,960,423,1000,347,821,325,841,169,849,75,859,0,737,314,734,173,735,95,742,34,657,330,641,190,639,103,643,32,578,366,544,235,535,147,534,68
1786206810.260,752,752,868,684,960,500,989,322,1000,185,890,343,894,177,895,98,889,0,808,361,807,269,833,433,837,450,725,389,722,306,754,466,759,490,643,421,641,333,675,445,684,486
1786206810.443,715,715,865,617,966,383,989,159,1000,0,885,242,883,103,882,267,878,319,788,253,789,128,811,328,808,355,689,274,690,161,722,351,722,398,587,305,592,195,624,322,627,379
1786206810.627,669,669,820,584,933,352,979,145,1000,0,866,186,866,13,844,103,822,113,764,190,763,57,773,249,773,289,655,213,654,96,679,295,682,364,542,257,546,147,585,276,598,343
1786206810.793,674,674,779,596,871,490,940,407,1000,351,776,304,798,166,812,90,825,22,699,292,697,145,690,65,682,0,631,314,618,184,613,109,612,42,568,359,538,252,529,181,527,111
1786206810.976,680,680,782,603,868,495,939,409,1000,352,773,307,799,166,813,87,826,17,697,296,687,150,681,68,677,0,632,322,610,195,604,122,602,55,577,368,541,272,521,209,505,146
1786206811.144,683,683,784,608,869,499,939,412,1000,358,775,311,800,170,814,90,827,20,699,301,690,154,684,70,680,0,634,328,612,201,605,129,602,62,579,376,543,280,524,218,508,155
1786206811.320,697,697,810,620,899,504,954,403,1000,325,819,290,842,146,851,66,861,0,734,274,735,135,737,68,743,19,656,290,644,152,647,80,655,22,581,330,550,205,548,125,556,51
1786206811.510,756,756,907,659,990,405,1000,171,1000,0,906,255,886,106,899,284,902,354,803,275,789,133,823,349,822,393,701,307,688,179,734,385,744,452,597,351,589,233,633,373,650,449
1786206811.693,790,790,900,693,970,489,985,311,1000,175,909,355,925,198,933,95,939,0,823,377,832,269,853,442,841,487,735,417,739,325,772,484,770,524,649,462,647,371,688,478,697,522
1786206811.894,783,783,894,681,964,487,984,312,1000,175,895,349,907,193,915,94,922,0,814,372,829,268,847,433,835,476,730,409,743,317,770,473,765,515,646,452,655,359,691,469,697,519
1786206812.037,652,652,766,586,859,474,935,392,1000,336,775,283,791,143,794,63,797,1,698,266,697,132,696,61,697,7,623,277,610,140,611,63,617,0,551,307,518,187,512,109,513,39
1786206812.219,682,682,783,603,869,496,939,413,1000,359,773,305,796,167,809,91,822,24,697,296,687,148,681,68,678,0,632,322,609,195,601,121,599,52,576,371,542,280,526,221,518,162
1786206812.397,686,686,786,608,871,501,939,416,1000,362,780,312,804,176,818,101,831,34,705,301,695,152,687,70,680,0,640,326,617,199,608,125,605,56,584,375,550,282,534,221,524,159
1786206812.544,687,687,788,608,872,500,940,416,1000,360,780,314,805,177,820,102,832,34,705,304,695,155,686,72,678,0,641,331,618,204,609,128,604,56,585,380,551,288,534,230,523,170
1786206812.693,703,703,829,630,926,507,976,390,1000,286,847,318,852,161,855,69,860,0,764,310,756,184,754,186,760,198,687,324,676,224,682,256,692,289,614,353,609,264,624,274,638,295
1786206812.878,750,750,881,653,960,491,982,337,1000,214,884,351,887,175,886,89,886,0,806,366,828,290,831,432,820,472,726,389,749,309,762,451,753,490,647,419,667,331,693,437,694,485
1786206813.046,709,709,859,613,958,426,981,242,1000,109,862,282,861,106,857,70,852,0,775,293,785,198,789,360,782,392,686,313,700,216,714,378,711,422,598,343,618,247,644,364,648,413
1786206813.226,675,675,843,567,955,361,978,148,1000,0,853,209,856,71,845,221,834,275,756,214,769,96,768,294,754,321,657,226,675,107,687,300,677,346,557,250,587,138,607,273,598,327
1786206813.399,670,670,786,596,878,492,943,403,1000,343,802,299,829,177,839,109,844,49,720,273,735,135,740,61,740,0,643,281,636,150,637,75,639,14,568,315,537,205,525,131,517,60
1786206813.595,692,692,788,618,872,511,940,425,1000,372,795,329,827,193,846,119,862,51,723,310,726,157,723,72,718,0,658,328,644,195,638,120,636,52,600,371,568,276,554,215,547,155
1786206813.784,692,692,789,618,872,511,939,423,1000,372,794,331,826,195,845,119,859,50,721,312,723,159,718,72,710,0,655,330,642,199,635,120,634,52,595,372,563,274,553,210,551,148
1786206813.954,695,695,799,622,886,514,947,421,1000,355,809,332,832,202,838,127,842,60,735,310,738,158,736,71,732,0,667,323,661,175,658,88,657,16,599,360,575,245,567,166,564,94
1786206814.124,758,758,881,681,974,518,1000,371,984,253,893,347,904,173,910,80,911,0,814,355,821,290,830,417,827,483,737,373,746,316,763,441,767,505,659,392,668,239,686,164,695,86
1786206814.294,693,693,855,600,981,384,1000,157,950,0,876,209,883,18,890,80,874,78,774,218,798,82,815,291,797,330,668,236,693,109,719,317,707,370,560,266,595,144,626,296,620,361
1786206814.480,749,749,882,649,981,482,1000,306,962,178,893,330,904,157,904,78,895,0,813,341,832,238,836,391,822,438,730,360,753,260,768,415,759,466,647,388,675,289,698,405,694,464
1786206814.656,698,698,863,576,982,370,1000,155,956,1,864,196,878,7,883,20,869,0,767,205,796,74,804,266,783,320,667,222,702,96,721,289,707,354,565,254,610,129,638,270,631,343
1786206814.836,764,764,888,679,980,515,1000,350,973,223,900,360,903,184,904,89,901,0,823,371,846,272,851,425,837,481,746,390,770,289,787,444,777,500,666,418,691,321,717,434,715,495
1786206815.014,765,765,890,674,981,510,1000,340,972,206,899,352,904,177,904,85,897,0,819,364,845,261,850,415,832,474,739,386,769,285,786,442,773,502,657,417,690,317,718,433,715,501
1786206815.193,698,698,863,588,980,385,1000,165,965,0,868,210,873,31,875,92,859,101,770,216,793,80,803,275,782,330,669,228,698,85,720,281,707,354,565,257,604,125,636,266,629,345
1786206815.366,689,689,851,569,973,370,1000,154,955,0,857,199,860,52,852,167,832,219,756,203,771,77,773,271,755,325,657,217,676,95,691,288,684,356,558,247,591,117,618,249,616,315
1786206815.541,691,691,855,565,972,368,1000,158,959,0,860,196,865,20,861,24,846,2,762,203,784,72,786,255,765,314,663,221,692,94,706,278,694,343,563,254,601,126,625,261,618,332
1786206815.718,725,725,872,623,978,432,1000,235,965,90,880,271,892,93,894,56,882,0,789,279,819,158,821,334,796,385,695,295,731,180,745,359,727,417,600,324,643,212,668,347,657,413
1786206815.912,676,676,781,597,872,489,941,404,1000,346,775,302,798,171,814,101,830,39,700,287,703,140,701,62,696,0,631,304,621,165,619,90,619,28,566,342,538,224,530,144,527,69
1786206816.071,677,677,777,598,863,495,936,410,1000,354,769,305,797,169,813,94,826,28,694,292,694,143,691,63,686,0,628,313,608,181,601,108,596,45,569,358,532,257,512,190,496,125
1786206816.292,684,684,782,608,867,509,937,425,1000,366,773,316,802,180,818,102,831,34,699,302,700,152,694,68,686,0,634,325,616,195,607,119,599,51,576,371,538,270,516,204,498,137
1786206816.436,719,719,833,648,919,532,964,436,1000,365,846,322,856,179,854,95,854,27,763,304,761,157,756,70,753,0,685,320,670,178,666,94,666,24,609,360,573,235,559,149,552,67
1786206816.617,781,781,904,670,979,490,997,322,1000,190,906,344,915,156,918,81,914,0,827,367,828,278,841,424,836,461,748,406,751,317,778,467,778,507,672,452,678,379,710,485,715,527
1786206816.792,794,794,903,680,977,508,997,347,1000,207,905,352,921,177,929,86,929,0,826,381,835,285,851,445,842,486,748,423,758,332,785,485,779,519,673,473,682,387,714,495,716,539
1786206816.971,774,774,892,660,972,484,999,308,1000,157,894,320,902,149,904,78,898,0,813,347,818,239,841,401,838,443,731,383,740,281,770,442,768,484,651,428,662,336,693,450,693,499
1786206817.156,769,769,892,693,981,528,1000,369,992,228,955,331,973,165,974,69,973,0,870,321,887,169,894,147,901,131,785,332,802,224,810,288,814,343,697,354,700,198,715,97,732,9
1786206817.319,685,685,785,609,873,508,941,425,1000,370,783,321,810,181,827,103,840,33,711,304,713,152,711,68,705,0,644,322,632,185,627,108,627,42,581,363,549,261,539,193,537,126
1786206817.510,688,688,788,613,874,513,941,430,1000,375,787,329,817,192,836,116,851,47,717,312,722,160,721,72,719,0,653,331,638,198,633,123,632,55,594,372,561,271,548,204,541,137
1786206817.701,696,696,797,619,878,522,943,434,1000,372,796,340,827,200,847,118,863,43,726,323,739,168,743,77,747,0,663,341,650,207,641,128,638,57,603,385,570,282,558,216,554,150
1786206817.860,700,700,803,630,891,526,952,434,1000,365,814,352,837,221,841,143,840,75,739,328,747,172,748,77,744,0,670,339,658,212,656,142,656,83,603,373,574,265,564,194,561,129
1786206818.038,739,739,872,657,971,503,1000,347,994,222,874,341,879,181,882,79,880,0,789,344,781,188,780,98,774,22,712,373,702,285,720,350,728,403,634,418,645,355,666,418,674,478
1786206818.224,749,749,877,651,973,488,1000,324,978,193,883,326,885,165,883,82,876,0,806,347,826,248,839,387,830,443,731,375,751,279,773,420,768,471,654,413,679,315,705,418,701,473
1786206818.388,700,700,861,579,971,373,1000,159,970,0,854,210,865,45,862,132,833,146,764,228,794,88,814,278,791,320,673,254,702,117,732,308,714,359,576,296,612,172,644,307,629,370
1786206818.569,658,658,808,550,934,372,989,204,1000,73,854,171,885,19,876,138,856,207,757,161,791,0,796,100,788,120,652,172,676,50,681,213,670,300,542,208,574,107,595,230,590,311
1786206818.765,683,683,788,602,878,499,944,415,1000,357,776,313,800,173,815,94,828,24,700,303,699,152,693,68,685,0,633,327,617,195,610,119,605,51,573,373,539,272,520,204,504,138
1786206818.934,679,679,784,602,873,500,939,413,1000,354,770,311,799,173,815,97,826,29,694,299,694,146,690,64,683,0,627,322,608,193,600,121,593,59,568,366,532,264,512,199,495,134
1786206819.119,679,679,782,602,870,500,939,413,1000,354,770,312,797,175,814,100,826,32,695,298,697,147,694,64,689,0,629,319,611,192,604,120,600,58,570,362,532,262,513,197,499,130
1786206819.294,681,681,785,604,872,503,939,416,1000,357,773,318,802,181,818,103,831,34,700,304,701,153,698,69,692,0,634,325,619,200,610,126,604,61,575,368,538,269,517,205,501,140
1786206819.464,682,682,785,611,875,518,944,436,1000,373,778,325,804,193,818,116,830,48,705,307,702,155,695,69,687,0,641,325,626,195,619,118,617,50,580,369,548,269,536,199,533,132
1786206819.637,682,682,812,629,925,521,979,414,1000,313,849,355,867,237,856,300,840,353,771,324,796,159,805,83,800,0,689,331,700,228,718,339,722,423,602,365,626,278,648,364,655,433
1786206819.780,767,767,895,679,985,515,1000,361,987,240,903,347,905,173,909,83,912,0,822,360,844,273,865,411,862,466,745,384,767,305,796,448,797,499,667,419,696,329,726,437,728,494
1786206819.943,714,714,868,636,988,404,1000,168,955,0,915,227,934,63,945,188,933,221,811,232,831,86,847,312,824,341,700,250,723,124,744,347,721,385,585,281,621,156,645,317,629,378
1786206820.118,724,724,874,606,985,391,1000,170,962,0,877,207,888,34,902,134,885,168,781,225,814,89,843,294,816,340,686,254,722,130,759,331,736,390,586,296,638,172,675,314,658,385
1786206820.309,668,668,778,600,872,510,943,436,1000,381,784,321,812,196,826,124,838,60,710,298,718,151,722,65,721,0,643,308,632,174,632,99,634,38,578,342,548,232,536,157,531,86
1786206820.470,673,673,777,599,867,499,939,417,1000,363,774,308,803,174,821,101,835,36,701,293,705,146,703,65,699,0,635,314,619,183,613,111,611,48,574,356,540,258,523,192,511,127
1786206820.651,679,679,781,607,869,510,939,426,1000,371,779,319,812,184,830,109,844,43,707,302,712,148,708,65,703,0,642,321,626,189,618,117,614,55,582,361,549,260,533,195,522,131
1786206820.838,721,721,821,652,903,553,955,471,1000,411,825,354,841,203,846,113,848,37,752,342,753,183,750,82,745,0,683,362,669,221,663,135,662,64,616,405,586,296,576,217,573,145
1786206821.015,783,783,910,700,1000,515,1000,335,957,210,941,364,949,191,953,88,957,0,851,374,857,258,866,404,863,481,766,403,775,304,798,455,801,524,682,444,704,360,733,470,737,531
1786206821.198,774,774,901,700,994,505,1000,317,951,193,930,357,939,189,947,92,949,0,841,368,846,244,859,405,852,473,754,398,762,289,787,455,782,520,668,438,686,348,716,466,716,528
1786206821.368,777,777,897,711,989,515,1000,332,964,206,932,369,940,203,948,95,953,0,845,374,860,248,873,411,860,484,758,400,768,294,792,458,786,524,671,438,692,343,728,455,734,512
1786206821.546,670,670,784,602,878,498,945,414,1000,354,788,316,811,190,822,118,829,55,712,294,716,149,717,66,714,0,644,304,636,168,637,88,639,22,578,336,553,226,547,151,545,80
1786206821.717,674,674,777,600,865,494,938,409,1000,356,772,306,801,173,819,101,833,36,698,290,700,144,696,63,692,0,633,309,616,180,610,109,606,49,574,351,541,252,523,187,509,123
1786206821.896,680,680,784,605,871,504,939,417,1000,359,778,314,810,179,828,105,841,38,703,298,705,148,700,65,693,0,637,318,622,190,615,116,610,54,578,360,545,259,526,194,511,129
1786206822.079,724,724,829,649,910,543,959,455,1000,387,837,342,859,187,868,95,875,17,757,327,755,169,750,74,744,0,685,345,672,208,668,128,667,64,616,386,588,268,582,186,584,110
1786206822.263,772,772,909,705,1000,506,997,318,956,187,879,362,846,197,836,92,831,0,796,383,814,258,843,405,835,485,719,421,735,306,772,457,767,528,638,464,670,362,710,465,706,527
1786206822.455,760,760,903,673,995,471,1000,279,962,136,905,313,908,150,917,83,921,0,816,326,831,202,852,377,842,432,726,355,742,251,772,426,765,485,633,393,652,289,688,414,689,478
1786206822.630,776,776,902,681,989,497,1000,327,969,198,909,330,920,166,926,77,926,0,827,347,847,246,863,399,854,466,745,378,761,289,786,441,782,500,662,414,672,297,708,362,721,380
1786206822.801,785,785,910,678,991,529,1000,378,983,251,930,332,946,166,952,78,955,9,852,322,864,160,870,72,872,0,778,332,777,178,781,85,782,14,696,361,686,227,689,139,689,64
1786206822.986,674,674,778,616,869,533,940,460,1000,405,790,327,831,198,855,122,873,55,720,307,725,164,728,75,726,0,655,322,647,196,647,111,649,38,594,360,571,261,562,192,559,126
1786206823.141,677,677,780,616,868,536,940,460,1000,403,789,333,825,202,845,120,861,46,719,312,728,163,730,75,729,0,656,330,648,201,646,124,647,52,597,372,568,282,555,219,549,156
1786206823.318,674,674,777,615,870,530,942,460,1000,409,798,329,837,198,858,120,876,50,731,306,741,161,744,74,742,0,668,321,663,194,663,116,665,44,610,361,582,269,566,206,553,143
1786206823.534,668,668,773,610,869,523,942,442,1000,380,800,318,837,189,856,111,870,40,733,293,743,151,745,70,745,0,669,305,666,178,665,100,666,30,609,344,582,257,568,197,559,139
1786206823.686,710,710,851,621,959,478,997,329,1000,211,910,307,927,159,921,102,916,78,812,282,822,136,817,93,817,71,718,284,714,140,718,64,721,13,618,312,596,173,587,80,584,0
1786206839.084,690,690,787,625,868,536,938,468,1000,424,779,345,811,208,828,123,841,50,708,327,713,173,721,79,727,0,643,349,630,207,628,115,630,34,587,399,557,302,539,238,526,177
1786206839.254,685,685,785,621,868,533,938,463,1000,417,781,347,811,211,828,124,841,49,709,330,718,180,728,84,737,0,645,351,632,215,633,124,637,43,588,395,555,298,537,232,524,170
1786206839.431,699,699,798,639,883,548,946,469,1000,409,807,365,829,223,838,130,845,52,735,348,739,193,746,91,754,0,668,365,657,226,658,129,668,44,605,407,573,311,565,245,569,182
1786206839.604,694,694,821,645,922,509,968,395,1000,304,854,307,867,144,871,58,878,0,764,298,761,165,757,236,760,312,676,314,674,202,684,288,693,370,593,349,596,252,612,309,623,374
1786206839.782,713,713,867,590,969,381,996,167,1000,0,881,223,878,91,880,254,870,323,787,225,791,112,802,308,795,353,689,231,695,121,716,315,713,377,589,252,600,145,631,286,633,356
1786206839.957,705,705,864,595,964,376,990,158,1000,0,880,220,882,90,885,254,875,327,782,221,793,102,806,303,796,355,679,233,688,117,711,317,707,386,573,262,588,147,622,293,625,367
1786206840.136,695,695,851,588,953,372,986,156,1000,0,875,212,878,79,876,241,866,317,776,207,789,85,797,282,791,341,675,216,686,100,705,293,705,368,572,241,593,134,625,276,629,352
1786206840.306,676,676,780,648,874,576,948,518,1000,466,811,373,818,214,822,104,825,26,740,351,741,191,741,81,736,0,673,362,667,208,671,115,671,45,610,395,607,309,615,270,620,245
1786206840.504,674,674,781,607,866,517,938,448,1000,402,779,334,805,207,820,128,830,57,705,318,704,175,706,81,708,0,639,338,626,217,626,137,630,64,580,380,549,286,532,221,520,158
1786206840.676,683,683,786,613,869,524,938,450,1000,399,778,338,807,207,822,124,835,50,705,324,706,174,707,80,708,0,641,346,625,216,624,127,627,49,582,392,548,295,530,229,518,166
1786206840.853,688,688,790,619,873,531,940,454,1000,401,789,348,815,209,827,120,836,43,716,333,717,180,719,82,721,0,650,355,630,227,625,141,626,66,590,402,555,309,534,243,520,181
1786206841.038,769,769,876,717,957,597,991,486,1000,389,897,402,915,233,929,126,938,41,817,388,821,203,823,90,820,0,742,413,732,259,742,312,752,378,668,465,661,359,676,390,689,442
1786206841.206,722,722,884,604,988,377,1000,156,960,0,874,227,873,75,887,240,884,326,776,246,781,118,804,327,792,378,676,269,686,148,724,354,719,418,575,303,600,190,643,336,644,406
1786206841.384,713,713,874,590,979,373,1000,159,966,0,886,209,892,69,894,237,882,313,784,223,792,104,805,316,792,357,679,245,692,129,719,339,713,399,574,282,596,169,632,309,631,371
1786206841.565,709,709,870,593,980,375,1000,156,962,0,878,201,875,68,880,237,871,311,779,213,780,107,794,314,784,353,677,231,685,121,713,325,709,383,575,262,598,151,635,292,638,356
1786206841.734,701,701,858,597,971,373,1000,158,962,0,875,192,897,6,900,176,884,279,774,204,792,69,801,287,784,357,670,229,689,103,715,319,707,402,564,272,589,143,627,303,630,391
1786206841.932,696,696,799,629,882,532,947,451,1000,392,796,345,822,194,833,99,841,21,722,336,728,181,736,83,744,0,653,362,643,226,644,132,650,51,591,414,561,318,553,253,553,193
1786206842.101,694,694,797,622,875,525,941,446,1000,391,785,338,812,195,827,107,837,29,714,328,721,180,727,84,732,0,648,353,629,229,622,144,620,68,589,402,554,309,535,246,520,183
1786206842.277,701,701,801,625,880,529,943,446,1000,386,789,346,817,201,830,109,838,30,717,335,717,180,716,82,715,0,651,362,631,233,621,146,617,69,593,413,556,323,535,260,520,198
1786206842.452,753,753,861,696,936,578,972,470,1000,379,863,399,877,222,886,105,894,16,788,390,792,210,792,93,789,0,718,420,708,273,705,255,702,256,647,475,618,374,609,350,604,348
1786206842.637,706,706,865,585,971,375,1000,160,989,0,869,231,868,88,879,246,870,331,777,236,781,95,800,287,788,358,680,252,686,114,714,305,711,391,578,288,591,156,625,295,628,380
1786206842.814,720,720,881,594,977,380,1000,165,1000,0,880,228,882,94,886,255,873,343,788,236,794,103,808,299,794,363,689,254,698,119,722,317,715,393,585,293,601,168,636,309,636,385
1786206842.988,718,718,883,580,977,373,1000,165,998,0,869,221,871,82,877,237,868,328,778,230,785,98,802,296,791,364,681,248,691,116,720,310,715,391,581,288,596,157,634,287,635,366
1786206843.172,716,716,880,590,977,376,1000,166,998,0,875,218,872,72,881,234,877,332,780,230,782,87,801,293,791,372,680,250,684,107,715,309,713,402,577,291,589,155,627,288,630,369
1786206843.349,696,696,805,653,897,564,957,482,1000,409,816,382,834,233,845,130,851,48,743,358,750,198,757,90,762,0,675,368,674,212,676,108,679,23,610,407,594,316,588,270,587,238
1786206843.530,699,699,807,627,890,526,950,444,1000,384,797,358,824,212,838,122,846,44,724,344,734,188,742,87,748,0,657,368,644,241,639,155,639,79,597,417,565,327,551,264,543,205
1786206843.708,702,702,809,633,891,534,951,450,1000,384,799,360,827,221,841,136,848,61,726,346,735,189,741,87,744,0,660,371,644,245,638,160,636,85,599,420,567,328,552,265,545,205
1786206843.885,720,720,822,649,901,540,955,440,1000,361,819,379,840,234,848,139,852,60,746,363,751,201,759,92,770,0,676,384,663,237,662,135,671,53,611,433,580,341,573,285,582,241
1786206844.080,718,718,836,667,927,568,971,469,1000,374,868,355,884,187,890,82,893,0,789,345,795,180,794,122,796,79,716,367,719,255,731,356,741,448,646,410,653,328,675,377,692,433
1786206844.240,685,685,849,573,965,370,1000,165,982,0,873,203,885,66,884,226,869,318,773,203,791,91,796,287,780,360,667,216,684,107,704,301,696,382,556,248,579,136,612,287,615,369
1786206844.422,696,696,862,581,976,374,1000,164,976,0,879,206,887,66,891,236,879,327,781,204,796,83,804,292,789,364,676,215,692,101,712,308,702,387,566,247,589,144,617,296,614,368
1786206844.601,701,701,864,588,975,382,1000,167,976,0,876,214,872,81,875,249,864,330,778,208,784,91,792,295,780,355,678,213,685,101,705,302,700,373,574,238,589,137,621,283,623,353
1786206844.776,620,620,762,556,881,405,951,290,1000,207,826,166,827,3,809,84,790,167,727,153,724,0,716,118,709,223,625,168,623,26,626,132,626,235,523,211,518,91,534,136,543,192
1786206844.957,694,694,801,631,888,534,950,455,1000,395,799,356,821,225,833,143,840,70,723,337,726,184,731,85,735,0,654,357,640,231,638,151,643,78,591,404,561,313,552,251,551,191
1786206845.134,693,693,802,627,888,530,949,450,1000,391,798,350,820,215,831,130,840,55,722,333,723,183,727,85,732,0,653,353,637,226,635,141,638,66,590,398,562,306,553,242,551,182
1786206845.304,707,707,812,642,892,546,951,460,1000,390,808,366,830,218,840,123,847,44,735,352,737,194,743,89,752,0,668,373,655,236,657,142,666,61,605,421,576,330,569,269,574,215
1786206845.478,759,759,870,709,955,592,995,474,1000,367,899,400,920,219,931,112,934,26,822,383,830,198,834,87,833,0,748,402,740,238,741,188,743,166,673,444,668,333,681,321,692,337
1786206845.623,753,753,872,689,963,545,1000,413,993,301,885,375,903,195,919,85,927,0,808,382,820,281,829,403,823,491,731,406,747,326,768,450,768,531,655,445,674,358,702,442,708,509
1786206845.797,671,671,836,542,945,348,991,151,1000,0,856,189,874,63,867,223,849,287,761,190,773,69,777,265,766,317,658,205,671,80,683,277,677,345,553,239,569,126,597,270,597,338
1786206845.958,672,672,827,553,936,348,982,148,1000,0,843,196,852,65,849,228,831,297,750,205,761,83,768,281,755,329,652,217,664,95,680,292,671,358,551,246,564,126,594,267,595,338
1786206846.148,666,666,823,555,932,350,978,147,1000,0,844,196,858,62,851,223,830,300,751,201,768,74,768,271,752,329,652,212,666,84,677,285,670,360,550,243,565,126,593,273,596,348
1786206846.313,689,689,794,634,882,535,947,451,1000,392,804,370,827,220,839,114,849,32,732,350,736,193,744,87,753,0,666,363,662,214,664,110,671,25,605,405,578,320,568,273,564,240
1786206846.501,702,702,804,627,886,528,946,444,1000,384,796,351,825,212,839,126,847,50,723,339,728,186,729,85,728,0,656,364,640,237,633,149,631,74,594,414,561,324,546,262,539,203
1786206846.680,707,707,811,631,889,529,946,439,1000,373,810,356,837,209,849,115,857,34,737,345,738,187,739,87,740,0,669,369,649,237,642,147,642,69,607,418,577,331,566,271,562,214
1786206846.859,729,729,832,667,909,558,959,460,1000,380,827,382,840,225,846,117,849,33,752,373,744,203,742,90,743,0,685,401,660,248,654,141,656,58,627,456,598,376,589,348,591,338
1786206847.031,684,684,850,607,969,378,1000,156,988,0,862,215,868,65,879,230,876,314,764,215,779,72,801,277,790,341,665,226,682,101,712,301,706,376,559,251,583,134,614,276,610,354
1786206847.213,709,709,876,608,979,381,1000,161,978,0,887,238,885,91,892,241,882,333,790,238,794,100,811,288,799,360,689,253,697,122,725,306,718,389,585,288,602,170,635,297,634,371
1786206847.381,740,740,872,672,972,511,1000,340,988,206,898,346,914,147,920,66,920,0,813,349,819,240,817,356,811,429,729,363,737,275,750,401,750,485,644,388,651,312,667,402,667,470
1786206847.558,695,695,853,569,964,362,1000,161,989,0,869,174,874,19,873,178,861,289,768,182,785,35,798,229,785,332,661,202,680,57,707,248,704,364,547,244,574,111,618,252,627,357
1786206847.734,715,715,830,656,920,554,972,460,1000,376,844,386,867,256,875,172,880,104,770,359,779,196,784,87,790,0,700,369,694,215,693,110,699,28,633,411,611,318,608,271,616,240
1786206847.924,702,702,818,635,908,534,964,435,1000,349,827,356,855,211,870,123,881,45,750,337,761,184,769,86,778,0,680,352,674,226,675,144,680,67,614,394,592,298,583,234,578,173
1786206848.115,709,709,823,642,912,540,966,441,1000,357,832,360,856,215,866,125,871,46,754,341,760,185,765,85,769,0,683,358,672,224,674,135,680,55,617,401,590,302,578,234,573,171
1786206848.278,742,742,848,667,931,559,977,453,1000,356,859,382,877,219,883,116,887,28,782,368,783,203,786,95,791,0,710,390,699,248,696,147,700,56,642,436,612,336,599,265,593,198
1786206848.484,712,712,864,602,980,385,1000,164,987,0,862,192,833,43,836,137,839,221,765,206,745,98,761,245,771,338,676,237,659,131,688,265,706,359,590,285,586,171,612,188,626,192
1786206848.630,714,714,844,658,960,449,1000,253,994,102,902,200,911,0,913,39,904,91,803,198,800,17,817,142,826,228,699,222,704,99,733,258,741,368,596,270,603,156,640,263,653,351
1786206848.814,711,711,830,643,917,530,966,418,1000,324,839,367,847,233,849,175,848,139,763,345,763,175,767,61,772,0,693,362,680,216,681,177,695,194,621,403,591,298,592,270,608,290
1786206848.980,716,716,838,641,930,526,977,407,1000,301,853,346,867,214,871,164,872,140,774,321,770,148,774,44,780,0,698,338,682,184,690,150,710,190,619,380,587,265,591,227,612,252
1786206849.191,739,739,857,665,946,554,986,433,1000,327,871,375,891,198,902,92,907,15,793,358,799,182,801,66,803,0,719,375,710,240,709,194,719,203,645,412,623,313,622,276,634,284
1786206849.354,733,733,852,658,941,544,984,423,1000,316,864,369,878,238,881,180,882,142,784,345,788,175,793,62,801,0,710,360,700,230,708,180,729,181,635,400,608,307,608,260,624,252
1786206849.548,710,710,819,653,907,559,963,464,1000,378,840,389,859,228,869,116,876,25,768,369,775,207,778,92,784,0,699,381,695,250,700,163,718,99,629,418,603,335,609,280,633,240
1786206849.709,700,700,813,640,901,542,957,440,1000,353,828,370,853,224,866,132,875,51,753,348,759,189,767,87,775,0,682,361,676,230,680,143,691,65,614,400,592,303,588,236,592,174
1786206849.882,709,709,845,652,956,502,1000,348,995,226,885,294,911,112,921,50,924,0,794,274,806,95,827,83,847,44,705,285,714,185,730,319,738,414,621,318,626,227,650,298,666,360
1786206850.054,724,724,888,601,984,377,1000,160,987,0,877,227,870,100,879,269,877,335,784,236,785,118,803,334,794,374,687,253,692,136,722,347,719,404,587,290,600,183,639,328,643,389
1786206850.234,712,712,872,596,978,374,1000,156,980,0,875,224,865,95,871,259,869,334,779,230,783,114,796,317,791,371,682,244,688,130,714,328,717,396,582,277,597,171,631,313,637,382
1786206850.421,779,779,889,739,970,586,998,450,1000,344,919,391,945,201,959,88,966,0,840,388,847,246,854,330,856,381,758,409,774,320,794,453,795,538,680,448,697,366,726,459,735,527
1786206850.599,711,711,801,630,874,525,940,444,1000,386,763,336,779,190,789,99,797,22,695,334,688,178,688,83,691,0,633,371,604,228,592,131,585,46,578,434,530,352,498,298,472,248
1786206850.775,709,709,803,630,876,528,940,446,1000,387,762,335,781,186,793,94,804,18,692,333,686,176,686,79,688,0,630,371,601,234,588,146,579,69,576,433,526,348,493,294,464,244
1786206850.960,710,710,805,627,877,526,941,442,1000,381,767,339,785,187,795,92,802,13,696,335,692,177,692,80,693,0,633,369,606,230,594,138,585,60,578,428,529,345,497,292,467,244
1786206851.137,773,773,871,704,941,599,976,507,1000,420,846,380,844,211,843,100,843,16,772,378,750,202,742,89,740,0,707,411,675,247,665,142,663,60,649,474,602,377,585,334,579,306
1786206851.320,681,681,862,609,990,383,1000,154,952,0,842,190,830,41,863,204,864,309,736,195,747,62,783,262,772,355,631,213,652,97,696,292,693,388,522,248,567,153,610,297,606,380
1786206851.480,683,683,868,584,987,377,1000,157,959,0,857,190,850,34,871,202,868,301,758,204,771,74,797,281,785,348,657,224,676,104,712,311,702,381,552,258,597,167,633,319,622,385
1786206851.672,688,688,862,577,983,374,1000,157,960,0,855,186,858,31,878,197,871,296,755,200,776,70,801,270,786,342,655,220,681,100,716,300,706,377,552,258,600,156,638,304,631,379
1786206851.860,709,709,809,651,890,554,950,470,1000,404,803,364,819,202,826,98,830,19,730,346,727,180,730,77,735,0,663,363,648,207,646,111,648,38,603,411,565,321,549,265,541,222
1786206852.025,706,706,806,631,885,528,945,437,1000,375,798,348,821,208,834,121,843,43,722,336,722,185,725,85,727,0,654,361,635,229,633,137,635,56,593,410,556,314,537,249,524,187
1786206852.214,710,710,810,634,887,529,946,436,1000,372,800,344,823,203,835,116,843,39,724,334,723,179,723,81,722,0,656,360,635,226,630,136,630,58,594,410,556,312,536,244,522,181
1786206852.380,727,727,829,655,905,553,954,460,1000,388,819,366,837,219,843,124,846,43,742,355,734,197,734,92,737,0,673,382,647,240,640,143,639,58,611,433,570,334,549,265,535,200
1786206852.551,786,786,889,730,966,605,999,495,1000,397,902,406,927,229,940,121,943,37,823,402,833,218,844,96,847,0,747,437,762,339,789,446,801,541,676,493,693,408,724,481,740,556
1786206852.734,709,709,865,590,964,364,996,153,1000,0,861,191,868,82,864,256,849,312,765,197,776,97,786,315,773,352,666,217,679,134,703,343,692,390,565,256,584,176,619,322,616,373
1786206852.921,708,708,864,590,962,367,993,151,1000,0,866,213,873,103,864,267,847,326,767,220,778,102,787,307,779,345,666,242,674,142,698,346,698,398,566,284,576,184,611,321,617,373
1786206853.093,707,707,863,579,960,358,989,146,1000,0,856,204,868,86,866,251,850,313,758,214,779,101,791,308,776,349,659,236,676,132,704,330,697,385,561,278,583,177,620,314,619,370
1786206853.271,692,692,793,635,878,541,943,459,1000,397,794,358,814,198,825,96,832,12,722,344,726,186,732,84,739,0,655,360,645,209,646,110,654,26,591,399,554,288,540,210,536,140
1786206853.454,701,701,805,630,886,532,948,449,1000,388,797,350,822,212,835,125,843,49,722,336,728,181,735,84,741,0,654,360,637,225,634,133,636,53,593,410,560,314,544,249,535,187
1786206853.628,708,708,807,635,886,535,948,447,1000,381,804,350,831,211,844,125,854,49,730,335,735,182,743,84,752,0,663,359,644,226,641,137,644,58,603,409,570,313,554,248,544,185
1786206853.809,717,717,814,641,890,535,946,439,1000,368,814,361,836,208,843,110,848,27,741,348,739,188,742,87,746,0,674,371,653,232,646,138,647,54,613,420,576,325,563,263,563,202
1786206853.975,648,648,817,545,951,343,1000,153,966,10,832,138,844,0,848,171,837,276,716,141,721,9,741,224,745,323,602,159,607,35,647,242,662,349,489,195,507,77,553,215,574,302
1786206854.163,698,698,860,583,974,368,1000,156,979,0,870,190,861,74,859,245,850,321,767,191,763,73,774,285,774,359,665,207,662,100,690,310,698,396,561,247,573,153,611,300,624,371
1786206854.352,700,700,868,573,977,362,1000,154,980,0,861,199,858,68,860,233,852,319,760,207,762,86,777,291,773,363,660,226,662,107,694,309,698,398,558,269,572,156,614,295,624,374
1786206854.530,693,693,850,594,966,369,1000,161,983,0,855,183,855,45,859,209,858,322,754,189,759,53,773,261,772,368,651,213,655,83,685,283,691,392,544,258,560,137,599,281,609,373
1786206854.695,714,714,816,639,893,528,947,432,1000,361,810,354,836,196,845,101,850,19,736,346,742,189,750,88,757,0,667,373,658,239,661,142,670,58,604,423,575,320,568,251,569,187
1786206854.883,712,712,814,632,893,523,950,427,1000,356,800,345,829,195,843,104,851,23,725,336,728,181,731,82,733,0,658,363,640,231,635,145,634,71,597,414,563,315,546,249,533,187
1786206855.049,716,716,816,633,889,523,946,425,1000,354,799,348,827,195,839,101,847,17,724,340,723,183,725,85,727,0,659,369,638,237,633,149,633,69,601,419,567,318,549,250,535,186
1786206855.223,728,728,828,643,899,532,950,431,1000,354,816,363,842,212,854,116,862,31,744,352,749,191,754,89,760,0,677,379,656,235,647,139,644,51,615,432,577,334,559,267,548,202
1786206855.397,749,749,863,697,944,560,980,436,1000,329,880,395,897,216,906,102,911,12,806,390,810,212,819,99,820,0,733,416,756,335,777,451,776,536,660,461,690,389,719,473,722,539
1786206855.601,695,695,851,580,953,364,987,155,1000,0,868,211,882,77,876,238,862,306,772,219,788,105,792,306,781,346,670,235,684,130,699,329,695,383,568,266,582,158,610,302,613,365
1786206855.771,691,691,848,580,952,364,989,152,1000,0,872,199,880,70,873,237,858,299,775,203,790,92,793,295,781,328,673,217,687,114,698,316,690,364,569,247,591,153,612,302,607,358
1786206855.948,731,731,845,679,930,539,964,428,1000,352,889,358,903,187,905,82,906,0,806,348,798,174,793,104,792,44,728,372,729,261,746,380,755,476,653,419,661,333,683,401,693,463
1786206856.127,708,708,808,632,885,528,945,437,1000,373,806,350,835,205,849,115,858,36,732,337,739,184,748,86,758,0,663,363,646,232,645,142,650,64,602,412,570,320,554,258,546,199
1786206856.298,711,711,810,633,889,529,947,435,1000,367,814,350,839,209,851,122,860,43,738,335,740,185,745,87,751,0,669,359,651,227,647,138,650,57,609,407,576,316,559,253,549,193
1786206856.476,713,713,816,639,894,533,949,437,1000,362,817,355,841,208,850,115,855,35,742,341,745,186,748,86,752,0,673,364,656,230,650,142,655,65,609,413,573,320,563,263,567,210
1786206856.647,731,731,834,658,913,546,962,438,1000,348,837,371,852,208,862,108,870,32,763,358,764,187,770,75,782,0,694,384,677,247,679,188,699,164,629,436,592,348,584,316,597,311
1786206856.851,731,731,843,683,927,567,969,465,1000,376,862,364,888,191,900,82,909,0,783,356,795,180,806,144,815,122,705,381,705,260,722,364,734,459,629,431,629,342,649,408,663,480
1786206857.010,731,731,676,539,694,329,721,164,693,44,899,332,924,120,886,37,844,0,965,402,974,184,922,124,877,112,993,468,993,271,949,212,905,200,1000,527,996,366,963,303,931,282
1786206857.189,735,735,894,619,983,376,991,159,1000,0,858,224,858,60,882,226,880,327,768,251,773,101,812,305,802,378,678,288,690,150,740,353,733,437,585,339,617,221,665,362,659,440
1786206857.376,744,744,859,708,941,564,973,443,1000,346,880,384,900,206,906,98,905,9,798,378,816,192,823,92,819,0,717,407,730,322,755,449,763,544,640,461,663,401,694,492,706,562
1786206857.550,724,724,843,653,933,525,979,405,1000,291,852,331,866,160,868,68,866,0,771,334,775,170,784,188,793,210,691,365,693,225,716,322,730,415,612,417,615,318,647,374,668,443
1786206857.721,751,751,864,680,945,559,984,444,1000,338,871,372,886,202,893,104,893,25,794,367,802,188,805,84,804,0,720,395,727,273,746,352,759,435,646,444,655,354,683,400,702,463
1786206857.897,736,736,853,679,941,553,986,436,1000,331,865,345,875,174,876,76,873,0,787,339,790,195,795,261,799,328,711,360,718,238,735,327,742,409,636,401,641,303,664,357,674,420
1786206858.084,706,706,814,653,903,555,959,465,1000,385,825,382,851,240,864,154,874,80,752,360,758,195,760,90,763,0,683,373,676,236,673,143,676,62,615,414,590,326,581,269,579,219
1786206858.266,698,698,798,632,880,537,943,453,1000,390,802,358,828,217,842,131,853,54,730,338,737,183,744,87,749,0,662,354,650,210,648,115,650,28,599,396,572,298,560,230,553,164
1786206858.466,695,695,795,629,877,535,942,451,1000,389,802,351,827,210,839,122,848,44,731,333,736,179,739,84,742,0,664,351,653,212,651,121,655,40,602,393,573,293,560,226,554,161
1786206858.629,720,720,820,658,900,567,953,481,1000,413,822,371,841,218,849,122,855,39,750,356,750,190,752,89,755,0,682,377,671,226,668,126,669,37,615,420,584,305,573,227,568,153
1786206858.796,697,697,863,588,974,364,1000,151,982,0,849,203,858,69,872,239,859,311,748,218,756,87,781,295,766,344,647,247,664,132,701,336,687,390,548,293,586,212,622,355,608,407
1786206858.980,716,716,883,599,983,369,1000,157,999,0,854,203,863,76,876,254,866,316,757,223,771,95,798,301,780,341,662,258,680,143,718,339,700,382,564,311,593,215,639,348,632,395
1786206859.144,698,698,865,610,968,373,996,148,1000,0,866,191,866,59,864,232,854,298,766,194,772,71,787,288,781,329,668,216,673,108,703,319,702,376,570,257,576,158,609,292,610,342
1786206859.334,705,705,806,632,885,527,945,437,1000,374,798,348,818,204,827,117,834,41,723,335,724,179,728,82,734,0,654,360,639,226,636,140,641,65,591,408,559,308,546,242,542,181
1786206859.512,709,709,808,632,884,528,944,440,1000,381,793,347,821,203,833,113,841,35,718,336,717,180,719,82,721,0,651,363,631,226,627,132,628,51,591,415,554,315,535,247,520,183
1786206859.692,727,727,828,648,901,540,951,443,1000,369,819,360,843,211,854,116,860,34,742,349,744,190,749,88,755,0,671,378,646,235,640,142,641,61,608,430,567,327,546,258,532,193
1786206859.880,744,744,856,693,937,574,975,464,1000,360,875,362,896,185,905,82,906,0,798,354,804,182,810,122,812,76,724,376,725,253,746,352,759,443,652,421,648,324,672,387,688,459
1786206860.037,699,699,867,585,970,363,992,156,1000,0,857,209,872,63,881,236,869,315,761,216,787,98,802,297,780,351,665,239,695,130,722,321,701,378,563,278,604,185,639,321,624,376
1786206860.219,673,673,839,587,951,362,988,153,1000,0,854,185,867,42,863,215,852,295,756,188,773,64,782,273,768,330,656,210,674,100,697,307,686,368,551,250,577,153,612,304,610,366
1786206860.390,715,715,829,667,916,550,968,453,1000,363,848,332,861,169,865,72,868,0,773,325,776,160,784,144,795,144,699,349,710,234,730,339,740,435,629,395,642,307,667,371,678,442
1786206860.576,701,701,806,636,888,538,948,451,1000,391,813,363,838,225,851,135,862,58,740,345,746,193,755,90,764,0,671,365,659,220,657,117,661,26,607,413,577,316,565,245,561,178
1786206860.757,696,696,796,627,877,529,943,449,1000,391,784,342,813,203,826,117,834,43,712,329,720,177,728,80,735,0,646,354,635,214,636,121,640,39,586,403,555,303,538,237,525,175
1786206860.932,698,698,795,626,875,529,942,446,1000,386,785,340,814,198,827,110,837,34,713,328,718,175,726,80,734,0,649,354,632,213,632,120,635,39,592,403,559,305,540,238,525,175
1786206861.141,734,734,838,666,915,573,962,489,1000,420,840,372,862,221,873,124,879,41,762,362,762,200,764,93,766,0,692,387,672,241,666,139,665,50,626,438,587,335,566,263,552,196
1786206861.286,716,716,884,613,994,384,1000,154,948,0,898,209,894,24,898,199,894,312,791,217,787,77,799,287,799,372,684,237,687,111,715,316,721,413,577,272,590,153,630,278,646,353
1786206861.462,729,729,899,622,1000,383,997,157,960,0,910,201,916,34,924,213,914,305,810,209,823,66,842,293,824,356,706,233,730,115,758,339,742,409,598,279,639,180,671,339,657,405
1786206861.646,800,800,917,753,987,586,1000,426,973,310,946,431,954,222,956,101,956,0,872,432,881,343,885,490,880,571,797,450,812,372,826,518,822,597,724,479,739,410,764,516,765,586
1786206861.814,708,708,810,632,891,529,949,442,1000,377,805,349,835,202,848,111,855,32,731,337,740,184,747,85,754,0,664,361,652,230,653,141,659,63,603,409,572,315,558,250,550,191
1786206862.030,706,706,806,629,884,527,945,438,1000,373,794,340,822,201,836,115,846,38,719,328,722,177,727,82,732,0,653,352,635,220,635,129,640,48,594,401,558,304,539,237,526,173
1786206862.182,718,718,820,643,898,539,952,442,1000,368,821,356,845,216,857,129,866,51,744,340,746,188,753,87,761,0,674,363,656,231,652,138,653,56,612,411,576,314,558,246,546,181
1786206862.357,764,764,868,695,948,576,986,464,1000,364,889,403,912,223,924,111,930,23,812,386,822,201,825,87,824,0,736,403,726,226,718,138,717,81,661,448,624,335,605,282,596,255
1786206862.534,752,752,908,622,996,394,1000,169,976,0,955,249,968,88,972,212,958,255,847,248,855,111,864,324,850,378,733,261,746,127,764,343,758,422,620,289,647,177,677,332,676,413
1786206862.710,762,762,912,654,1000,420,1000,184,971,0,963,253,975,101,981,217,974,261,858,254,867,131,868,343,850,387,751,275,765,153,777,371,764,432,641,306,666,200,692,360,686,432
1786206862.886,766,766,915,649,1000,414,998,178,968,0,955,253,964,88,970,227,958,287,854,257,864,131,870,343,852,388,749,277,762,155,780,370,770,444,642,308,669,193,702,349,702,433
1786206863.064,738,738,886,639,984,390,1000,156,970,0,948,213,969,28,974,58,965,49,847,212,857,78,855,293,842,364,734,233,747,109,760,329,757,419,621,271,644,165,675,328,676,419
1786206863.259,689,689,790,621,876,528,945,454,1000,401,795,343,823,190,834,98,841,22,722,332,731,179,739,82,746,0,654,356,646,222,649,130,656,52,590,404,562,311,552,247,550,188
1786206863.441,705,705,807,634,891,537,952,454,1000,388,806,365,830,218,842,124,850,44,734,352,742,197,749,92,755,0,668,373,657,242,653,151,654,70,606,417,574,325,560,262,554,200
1786206863.619,708,708,818,643,904,542,959,441,1000,359,832,381,856,212,868,103,876,19,761,363,773,195,783,81,795,0,692,379,692,234,699,144,716,91,625,417,604,327,601,292,609,287
1786206863.791,723,723,834,669,922,562,969,462,1000,369,861,366,885,200,897,96,899,14,782,354,802,188,810,85,809,0,705,377,718,265,731,359,738,450,629,423,633,338,654,386,669,448
1786206864.077,757,757,916,603,1000,372,961,142,896,0,920,240,917,94,912,247,896,340,822,251,822,125,821,324,815,402,723,271,737,152,747,350,742,451,617,307,649,174,682,211,696,210
1786206864.539,795,795,908,732,975,581,972,444,965,332,943,440,975,262,991,145,1000,53,863,429,872,240,883,107,887,0,786,454,803,364,822,478,825,571,710,498,730,420,755,503,763,578
1786206864.687,721,721,829,646,913,538,962,443,1000,371,813,360,830,223,838,133,845,56,742,347,745,188,754,87,764,0,678,373,665,233,664,138,667,55,618,429,589,347,579,291,574,236
1786206864.868,723,723,824,650,906,544,960,445,1000,363,806,383,821,240,826,142,832,60,739,370,737,205,743,93,752,0,679,393,666,243,666,141,674,56,623,445,594,362,587,300,591,246
1786206865.038,713,713,823,640,904,523,956,419,1000,343,821,369,824,198,823,84,823,0,752,366,743,200,735,86,726,4,686,394,679,273,687,285,697,325,621,442,599,353,593,333,595,340
1786206865.737,784,784,901,703,959,552,940,402,912,286,962,424,988,236,996,114,1000,17,875,410,874,227,868,104,865,0,797,436,803,336,815,454,818,551,725,475,739,401,762,474,776,544
1786206865.928,701,701,803,628,885,531,948,450,1000,388,787,351,801,207,809,114,816,33,720,343,720,192,725,89,731,0,660,369,645,239,644,145,651,63,603,419,572,328,567,262,572,199
1786206866.101,696,696,799,619,880,519,947,434,1000,370,782,335,794,183,801,86,807,3,712,333,705,182,703,84,702,0,651,363,632,237,626,152,625,75,596,413,563,321,545,259,533,198
1786206866.282,697,697,799,622,880,522,946,435,1000,371,785,340,802,189,808,92,811,9,715,333,710,180,708,83,705,0,652,360,634,233,627,146,623,66,595,408,560,315,540,252,526,188
1786206866.463,710,710,809,659,893,563,953,471,1000,395,821,384,836,227,843,118,848,36,752,368,764,200,770,88,770,0,686,382,693,210,697,104,701,28,620,420,599,314,590,293,584,292
1786206866.629,631,631,817,540,940,337,983,149,1000,26,855,156,862,0,846,173,833,261,744,147,743,14,734,229,735,296,632,155,635,32,642,244,645,317,526,180,543,83,564,230,569,293
1786206866.836,620,620,809,534,936,331,977,136,1000,2,857,154,858,0,839,167,823,255,747,138,750,11,736,214,731,290,635,133,643,16,644,220,645,307,526,143,542,53,556,195,557,263
1786206866.983,615,615,804,532,929,330,972,135,1000,4,852,152,851,0,832,163,818,250,749,138,753,9,739,212,732,288,642,135,651,17,650,227,649,315,535,152,552,57,566,212,568,285
1786206867.176,702,702,810,659,895,563,953,482,1000,416,842,384,852,227,856,118,859,35,768,363,771,201,771,90,768,0,697,382,699,222,700,129,700,51,629,431,625,366,631,327,636,295
1786206867.366,694,694,798,628,882,538,944,455,1000,396,808,351,836,220,850,136,861,61,732,332,735,184,739,86,744,0,662,351,648,222,642,130,641,49,599,397,567,304,550,238,539,175
1786206867.528,698,698,799,633,881,543,944,460,1000,401,810,354,839,220,854,135,867,60,736,336,740,185,745,86,751,0,668,356,653,226,649,137,649,57,606,400,575,307,558,243,547,180
1786206867.702,701,701,803,638,885,543,946,459,1000,398,819,362,842,221,853,130,859,53,745,344,748,187,751,86,754,0,677,362,665,221,663,125,665,44,612,406,581,307,568,237,562,173
1786206867.882,603,603,774,530,925,367,988,199,1000,66,831,164,840,14,811,157,793,279,725,140,737,0,724,146,725,244,624,127,638,12,632,179,631,303,529,131,534,22,537,136,536,229
1786206868.056,611,611,791,529,935,364,995,176,1000,12,850,161,874,3,852,148,822,267,746,147,776,0,763,188,738,308,640,146,670,12,673,204,659,324,528,168,571,45,592,198,589,306
1786206868.230,606,606,790,531,935,362,992,172,1000,9,852,166,882,9,853,153,821,267,749,150,781,0,758,188,731,302,644,148,674,14,669,209,653,325,532,171,576,52,592,204,588,305
1786206868.428,681,681,798,650,894,562,957,471,1000,397,856,383,881,251,892,166,896,107,787,343,816,190,826,86,828,0,714,335,737,181,738,91,729,21,632,355,629,269,615,244,594,232
1786206868.597,672,672,788,613,881,520,946,445,1000,390,814,341,849,216,870,146,888,82,742,318,752,178,758,83,765,0,675,330,674,213,678,136,688,66,609,366,599,275,600,215,606,157
1786206868.782,678,678,790,617,878,520,944,435,1000,378,814,337,852,209,874,131,891,61,743,312,758,169,770,78,780,0,674,324,676,199,682,119,692,48,609,362,597,267,596,203,598,143
1786206868.958,691,691,797,632,882,536,945,446,1000,381,826,357,854,221,866,135,877,59,754,333,767,184,778,86,788,0,687,345,687,214,694,128,706,51,623,382,608,292,604,231,605,175
1786206869.130,734,734,846,693,928,582,972,477,1000,386,878,398,890,229,895,116,898,32,806,379,810,207,812,93,812,0,734,395,734,232,734,129,732,47,667,446,666,369,670,334,672,313
1786206869.312,618,618,793,568,939,366,989,162,1000,0,837,162,861,22,840,186,810,336,729,146,764,17,749,219,722,382,618,148,660,45,663,247,644,404,498,169,547,71,574,218,571,347
1786206869.479,611,611,790,549,939,356,991,161,1000,0,846,158,869,3,846,166,812,323,735,148,773,4,751,210,719,381,624,148,666,36,660,248,640,412,508,165,561,55,577,205,569,336
1786206869.682,622,622,806,533,941,352,987,163,1000,6,847,161,864,11,842,163,810,312,743,145,769,0,753,190,729,351,639,145,670,18,673,206,661,365,533,165,575,54,598,194,599,327
1786206869.857,693,693,804,641,890,542,948,446,1000,378,833,381,869,267,885,200,897,141,765,347,784,189,797,87,808,0,698,349,703,202,713,109,724,31,630,383,615,296,611,247,614,206
1786206870.027,695,695,807,637,891,538,947,444,1000,376,829,374,867,247,885,171,899,103,761,346,780,187,792,86,801,0,695,354,698,212,707,121,722,44,626,391,610,298,610,237,618,183
1786206870.199,692,692,803,633,889,533,946,437,1000,368,829,368,866,237,883,159,895,86,759,340,774,179,784,82,793,0,691,348,693,206,701,119,715,44,622,384,604,288,604,228,612,174
1786206870.373,700,700,811,641,895,541,950,444,1000,370,833,378,866,253,880,177,890,107,763,348,779,192,789,88,799,0,697,356,699,217,708,124,724,48,629,391,613,302,613,246,623,201
1786206870.557,681,681,802,633,896,517,954,417,1000,350,817,355,825,167,829,71,829,0,746,358,754,280,758,405,758,500,673,370,689,301,701,426,705,514,603,392,620,324,638,411,641,479
1786206870.725,572,572,742,488,870,322,940,179,1000,91,764,148,774,0,765,133,755,261,668,140,683,26,681,198,674,326,572,144,589,45,604,209,607,332,477,167,497,79,527,195,537,292
1786206870.918,575,575,744,493,873,331,940,185,1000,91,770,148,780,0,766,142,751,279,669,139,684,19,681,195,673,329,571,141,586,30,602,198,606,328,475,161,497,68,525,182,535,280
1786206871.095,684,684,796,644,884,553,946,466,1000,393,831,340,836,175,835,74,835,0,759,326,768,166,770,96,771,41,688,339,697,215,697,253,692,295,619,370,625,297,628,347,623,406
1786206871.275,698,698,799,637,882,540,944,457,1000,402,820,362,851,226,868,142,881,67,749,337,762,184,770,85,775,0,681,349,678,204,679,106,683,22,614,389,592,291,584,222,581,158
1786206871.448,704,704,803,639,882,543,942,457,1000,401,822,362,857,223,875,140,890,65,751,339,761,181,767,84,772,0,684,352,678,207,677,114,680,32,619,392,597,292,588,225,584,164
1786206871.628,705,705,806,643,885,546,943,459,1000,400,826,368,855,230,870,142,884,64,753,345,761,188,768,88,773,0,684,358,675,217,677,124,683,42,620,398,595,297,584,229,579,166
1786206871.798,709,709,826,670,915,559,961,460,1000,383,849,374,859,200,863,89,862,0,776,362,782,201,781,99,777,14,702,373,715,301,727,417,731,521,631,401,639,324,654,389,663,462
1786206871.977,594,594,779,512,909,343,962,178,1000,39,809,145,830,21,811,177,784,320,712,130,741,0,727,198,701,362,612,128,646,16,648,211,632,366,502,145,536,14,558,142,561,268
1786206872.166,589,589,770,513,911,343,970,178,1000,39,812,148,838,9,812,161,782,306,711,130,746,0,726,189,701,353,608,123,646,13,646,199,633,357,500,133,539,14,561,145,565,279
1786206872.354,596,596,779,501,911,332,963,165,1000,25,809,138,833,13,818,156,798,290,711,121,742,0,734,187,714,346,614,118,649,11,657,190,646,342,510,134,540,6,567,118,575,241
1786206872.516,704,704,815,668,901,570,952,479,1000,414,840,386,864,227,873,122,877,38,767,357,777,194,782,88,783,0,697,359,698,200,699,96,699,9,629,386,617,264,611,180,606,106
1786206872.726,712,712,815,646,891,546,946,452,1000,387,830,366,858,224,873,136,886,58,757,345,768,187,776,87,785,0,688,362,681,213,683,118,691,35,623,406,599,306,589,236,584,172
1786206872.869,722,722,819,653,894,551,947,454,1000,387,833,371,862,232,875,145,885,66,761,350,769,188,774,87,779,0,693,366,683,218,681,125,686,42,629,409,602,303,588,233,580,169
1786206873.053,714,714,816,654,894,549,947,450,1000,378,834,378,858,232,867,136,874,52,762,356,776,197,786,92,795,0,692,370,688,217,690,115,695,27,623,409,598,299,587,222,581,151
1786206873.220,557,557,732,548,881,402,956,241,1000,90,785,133,826,0,794,153,761,318,662,94,684,19,662,245,645,439,541,80,559,50,561,263,561,439,426,83,446,31,456,168,458,287
1786206873.404,620,620,779,583,923,383,984,179,1000,9,860,182,896,0,864,129,831,284,748,168,775,45,747,253,723,424,633,173,671,90,665,287,648,437,513,196,564,107,582,248,576,367
1786206873.592,603,603,766,565,914,376,982,187,1000,20,838,170,887,0,861,139,829,293,728,154,774,54,750,265,722,440,619,155,679,87,668,296,642,456,506,171,584,106,593,249,573,365
1786206873.770,614,614,782,556,919,371,978,184,1000,20,855,181,895,0,872,134,842,285,747,166,784,66,759,269,732,431,638,165,689,91,681,288,660,439,523,180,584,106,602,244,595,363
1786206873.945,696,696,803,648,892,543,952,448,1000,379,833,382,873,258,896,176,913,110,762,344,784,184,794,82,800,0,692,344,699,192,704,90,711,4,621,373,599,267,591,188,589,116
1786206874.120,711,711,816,645,896,541,950,444,1000,374,834,370,859,234,873,149,885,75,760,349,762,192,767,90,772,0,690,364,680,228,677,132,679,49,625,405,599,305,587,236,582,172
1786206874.295,714,714,816,652,895,545,950,454,1000,387,832,383,854,226,864,124,873,38,759,363,765,202,775,93,786,0,690,376,683,219,687,110,698,19,623,411,598,285,591,196,595,117
1786206874.473,709,709,817,658,896,555,953,464,1000,393,835,384,856,219,867,108,871,21,762,365,774,200,779,92,777,0,691,382,695,243,704,311,707,382,622,420,638,333,651,377,656,432
1786206874.648,669,669,793,621,884,541,952,469,1000,409,817,328,837,172,846,77,849,0,741,323,749,217,750,325,744,397,665,342,677,243,691,359,690,427,593,380,612,307,636,388,639,442
1786206874.840,561,561,723,503,858,369,938,256,1000,190,757,129,758,12,757,164,752,223,655,122,659,0,663,194,656,250,553,131,562,11,574,207,571,275,451,159,472,65,497,203,496,260
1786206875.019,561,561,726,486,854,360,936,248,1000,181,756,133,761,17,758,159,753,226,656,123,665,0,668,179,664,242,556,130,570,11,584,193,584,266,458,160,480,69,505,195,504,252
1786206875.190,694,694,800,660,887,582,950,514,1000,460,825,377,840,225,848,120,851,37,753,356,763,202,767,96,763,0,685,371,697,265,712,361,715,440,618,409,630,332,649,370,660,406
1786206875.364,687,687,794,628,880,535,945,460,1000,412,809,351,831,224,842,143,851,70,733,331,737,184,741,85,744,0,664,348,657,227,657,145,661,72,598,393,576,313,571,261,575,214
1786206875.573,692,692,796,632,881,538,944,462,1000,413,810,360,832,230,842,150,853,79,737,339,738,186,745,86,756,0,669,354,661,216,663,121,673,40,606,398,581,315,574,259,576,208
1786206875.717,697,697,801,649,887,560,950,481,1000,417,818,380,838,221,850,111,859,25,747,364,756,200,764,87,771,0,679,382,676,218,678,107,683,27,613,426,592,333,586,298,587,288
1786206875.896,621,621,802,552,947,394,992,238,1000,125,828,155,826,19,822,147,817,276,720,148,726,0,733,174,733,326,616,160,632,31,652,205,659,347,508,201,539,83,568,207,577,316
1786206876.089,642,642,832,563,969,369,1000,163,989,0,863,164,859,15,844,167,828,311,754,149,750,18,747,209,741,336,649,150,648,30,666,213,670,335,544,171,562,68,590,207,600,309
1786206876.265,652,652,835,557,962,366,1000,162,992,0,873,168,874,18,856,172,839,307,768,151,773,18,766,212,759,330,663,150,671,27,683,216,685,334,557,173,579,69,604,208,610,303
1786206876.445,639,639,822,558,959,366,1000,160,989,0,876,162,875,21,852,168,835,302,768,138,771,3,762,199,754,325,662,132,668,9,681,200,684,326,555,152,577,51,602,192,611,295
1786206876.626,707,707,811,640,892,536,949,448,1000,386,826,357,851,201,862,102,870,21,754,346,763,190,771,87,778,0,684,369,676,231,677,136,684,55,616,418,588,323,580,259,584,201
1786206876.789,706,706,809,629,887,519,946,430,1000,371,800,344,822,192,832,96,839,15,727,336,725,181,724,83,724,0,661,363,641,230,633,139,629,59,601,413,564,319,546,253,533,189
1786206876.967,712,712,812,633,887,525,946,434,1000,373,804,347,822,195,830,99,835,17,732,340,730,184,728,84,727,0,666,367,645,237,636,148,633,70,605,418,570,324,552,258,539,194
1786206877.145,721,721,823,655,898,547,951,449,1000,374,818,368,833,212,838,106,840,21,743,360,737,194,732,86,729,0,676,388,650,237,640,136,639,58,615,442,582,352,574,323,578,310
1786206877.331,618,618,796,541,945,352,1000,168,970,34,825,146,833,0,839,144,833,269,716,136,728,3,745,172,749,292,609,145,626,28,655,193,665,312,506,176,539,75,573,198,583,297
1786206877.510,650,650,835,553,975,362,1000,152,958,0,859,154,855,17,851,173,846,295,749,140,752,9,756,208,754,315,642,141,648,28,667,218,670,318,536,166,560,62,584,201,588,283
1786206877.695,655,655,842,560,975,365,1000,154,964,0,849,145,850,5,855,167,845,286,743,137,752,13,765,219,758,319,638,142,652,21,679,224,681,327,533,170,565,64,598,212,605,297
1786206877.861,650,650,824,567,962,383,1000,191,961,55,849,155,857,16,855,169,846,301,745,141,757,0,762,202,756,329,640,146,653,19,674,218,677,341,532,179,560,74,591,220,598,318
1786206878.040,700,700,801,627,883,525,945,437,1000,379,809,344,840,191,854,97,862,14,735,334,744,184,753,85,762,0,667,357,654,232,654,142,658,66,603,402,572,309,557,246,547,188
1786206878.221,701,701,801,627,882,531,945,446,1000,387,803,350,834,205,849,114,857,35,730,339,739,185,747,86,753,0,662,362,647,232,644,141,646,62,600,409,568,314,552,248,541,186
1786206878.391,702,702,803,638,885,540,948,455,1000,391,807,369,825,222,833,127,838,48,737,352,742,192,744,89,745,0,670,369,659,227,656,128,660,45,606,412,579,315,572,250,577,193
1786206878.586,709,709,821,674,911,578,964,485,1000,394,848,386,861,223,869,115,869,30,769,367,775,201,772,90,763,0,695,381,694,255,710,335,719,418,622,414,619,322,638,379,650,452
1786206878.756,566,566,726,470,861,289,941,122,1000,11,765,104,788,0,766,168,745,205,664,105,687,3,677,200,667,230,563,118,582,17,585,214,581,267,465,146,487,53,507,190,507,244
1786206878.901,570,570,736,473,865,291,939,120,1000,6,774,113,794,0,774,165,753,208,672,112,692,8,681,203,671,238,569,122,586,17,591,217,588,278,471,146,492,54,511,195,511,254
1786206879.062,580,580,741,486,875,296,950,120,1000,0,784,115,803,3,786,171,763,219,682,113,705,3,695,205,683,245,578,122,601,10,604,218,598,280,478,149,505,46,522,195,519,256
1786206879.244,581,581,736,522,872,363,946,222,1000,110,793,123,796,0,773,161,759,274,690,108,693,9,683,193,679,299,589,113,598,29,599,196,598,295,486,140,506,57,526,170,530,242
1786206879.395,690,690,791,618,877,524,944,444,1000,391,795,344,830,197,847,103,857,21,721,331,732,184,742,85,750,0,654,353,641,232,641,145,644,69,591,398,564,307,553,243,549,184
1786206879.595,696,696,797,625,879,533,945,454,1000,397,799,350,830,209,845,119,853,42,727,336,737,184,744,85,747,0,660,360,646,229,642,139,643,60,597,407,565,314,550,250,541,188
1786206879.765,718,718,820,643,895,539,949,451,1000,386,812,364,827,218,834,123,838,41,740,356,735,196,732,91,730,0,674,382,656,242,646,142,642,55,612,434,582,338,567,271,558,208
1786206879.949,793,793,916,747,999,604,1000,466,968,358,927,426,933,247,939,124,937,24,848,421,849,241,852,111,845,0,773,450,781,354,807,473,815,573,700,501,720,432,748,520,757,599
1786206880.117,680,680,862,564,984,359,1000,145,948,4,849,158,833,0,850,170,855,263,747,162,743,9,766,219,765,295,648,187,650,55,681,255,681,327,548,242,569,144,604,282,605,338
1786206880.300,675,675,858,573,980,369,1000,149,954,0,853,163,845,8,856,191,853,264,752,160,757,17,774,239,765,293,656,173,665,46,691,259,682,318,558,211,582,118,617,260,614,309
1786206880.480,659,659,843,582,974,372,1000,147,951,2,854,150,837,0,837,169,839,264,751,137,744,7,753,234,755,301,650,141,648,27,669,247,672,321,551,167,560,73,592,229,600,294
1786206880.649,708,708,804,630,885,522,947,432,1000,366,788,335,807,200,816,110,822,30,715,326,706,177,705,82,704,0,650,359,631,221,623,127,619,44,594,421,555,337,533,279,516,222
1786206880.852,706,706,802,624,880,518,945,427,1000,362,779,336,794,193,802,100,807,21,709,334,694,182,686,83,679,0,647,368,624,235,612,141,605,59,593,428,548,345,519,288,494,234
1786206881.014,707,707,804,622,879,511,944,420,1000,358,784,338,798,194,805,101,808,21,713,334,697,181,685,81,674,0,650,367,627,234,616,143,609,65,595,425,552,342,524,283,500,228
1786206881.194,749,749,854,678,926,560,970,459,1000,374,833,380,843,221,848,111,854,24,761,378,748,209,747,95,751,0,694,412,666,251,654,142,648,49,636,474,586,380,552,326,524,281
1786206881.375,671,671,840,574,968,369,1000,176,994,34,843,148,835,0,850,141,862,256,736,167,736,28,763,202,778,311,630,205,636,87,678,256,699,364,526,269,540,159,586,284,610,376
1786206881.542,698,698,888,588,996,382,1000,168,992,0,891,214,881,69,884,219,881,325,786,212,787,66,796,263,789,368,681,229,688,96,712,299,712,405,571,273,597,166,626,314,626,394
1786206881.696,701,701,880,589,990,381,1000,170,992,0,885,204,879,58,883,214,879,319,783,209,787,69,802,265,798,360,682,230,687,99,720,298,725,398,577,276,599,167,641,311,653,395
1786206881.854,740,740,858,701,946,562,979,452,1000,369,882,415,900,258,909,166,912,92,803,399,805,218,809,102,801,0,726,418,730,310,753,421,756,516,650,458,660,371,686,448,692,523
1786206882.022,703,703,807,625,887,520,948,434,1000,370,789,335,811,190,823,96,833,16,716,328,714,178,716,81,718,0,651,358,630,233,624,145,623,70,592,411,556,324,541,261,532,201
1786206882.214,701,701,803,621,882,518,946,432,1000,370,784,335,803,185,815,89,824,7,714,332,709,181,707,83,705,0,651,362,632,234,624,145,620,65,594,413,558,322,537,258,522,196
1786206882.390,711,711,807,631,882,529,944,437,1000,371,791,343,806,200,814,108,819,25,720,335,712,183,708,86,706,0,658,366,638,228,631,136,628,51,603,421,566,332,544,270,527,209
1786206882.551,784,784,902,730,976,602,1000,488,999,387,876,417,883,241,891,122,898,23,791,415,780,231,785,106,786,0,716,457,702,330,738,437,759,533,647,527,648,438,684,509,703,583
1786206882.738,696,696,869,594,988,377,1000,163,968,6,847,134,823,0,839,186,848,266,728,153,712,23,749,251,762,301,611,193,596,80,647,305,664,358,494,261,490,161,540,322,557,379
1786206882.918,704,704,879,596,986,376,1000,160,981,0,867,181,861,43,873,223,865,300,755,190,757,49,785,265,775,322,645,221,650,92,691,304,688,368,534,274,551,174,599,323,602,383
1786206883.094,695,695,866,582,978,372,1000,159,978,0,865,166,866,55,866,241,856,293,755,172,763,56,780,276,770,308,646,200,657,104,687,316,679,352,539,251,559,179,595,327,588,364
1786206883.271,697,697,803,643,888,548,949,464,1000,398,791,352,802,197,808,93,814,10,721,343,714,186,716,83,718,0,660,367,636,214,631,110,630,27,607,419,579,329,564,278,554,239
1786206883.451,711,711,805,633,879,532,941,443,1000,380,784,339,805,194,815,104,824,25,711,333,700,178,695,82,693,0,648,364,629,229,621,138,620,57,593,421,553,340,531,285,516,232
1786206883.628,712,712,806,631,881,529,943,438,1000,374,790,340,814,199,827,106,838,26,718,334,706,180,699,82,693,0,654,366,635,234,624,143,619,62,599,424,560,340,537,283,520,227
1786206883.804,762,762,869,691,944,573,984,464,1000,370,851,387,857,216,864,105,869,19,777,385,762,210,762,94,768,0,710,418,678,256,665,148,658,58,652,480,604,392,570,345,540,309
1786206883.985,683,683,844,570,959,389,992,210,1000,60,842,156,824,0,828,127,836,250,733,168,715,6,741,178,755,305,627,214,611,68,645,219,662,331,522,290,522,170,557,263,572,343
1786206884.172,733,733,897,592,997,374,1000,156,987,0,881,202,881,58,893,229,896,346,776,215,790,84,814,295,815,393,669,242,684,114,723,321,732,425,562,299,597,206,636,344,640,423
1786206884.385,723,723,896,600,996,386,1000,170,985,0,884,211,886,75,892,236,884,344,780,216,794,75,814,289,800,377,675,243,691,110,729,317,726,406,564,295,596,190,632,326,625,387
1786206884.631,703,703,806,640,886,539,947,452,1000,385,796,352,810,196,818,92,827,11,728,341,725,183,725,80,729,0,665,365,643,215,636,115,637,35,609,417,576,342,560,294,550,257
1786206884.808,712,712,807,631,883,522,944,431,1000,368,793,338,816,193,829,104,837,25,723,332,722,179,721,83,720,0,659,363,643,229,635,137,633,57,601,418,562,328,538,268,521,211
1786206885.001,713,713,812,633,886,526,945,432,1000,368,797,343,822,198,834,105,841,24,725,335,723,180,722,82,721,0,662,363,644,232,639,141,639,62,604,415,566,325,544,261,527,199
1786206885.173,711,711,809,632,884,524,944,431,1000,366,799,343,821,195,832,100,840,17,728,336,726,185,728,86,731,0,663,365,645,233,640,141,639,60,605,416,566,325,542,263,523,204
1786206885.354,752,752,865,704,952,591,991,481,1000,387,884,407,898,250,908,146,914,70,810,387,819,206,825,89,826,0,736,404,741,233,752,125,759,46,661,453,639,348,635,320,628,314
1786206885.538,692,692,872,594,986,379,1000,161,976,0,876,208,881,56,906,207,903,302,778,212,791,65,825,256,810,332,677,231,698,90,740,284,729,376,569,271,604,145,640,282,631,369
1786206885.710,687,687,866,585,985,377,1000,161,967,0,873,192,874,49,879,211,867,308,774,194,791,56,806,271,789,349,674,211,693,82,721,293,713,377,569,252,598,139,631,283,625,352
1786206885.878,687,687,870,590,982,382,1000,165,970,0,891,204,900,67,895,219,877,317,790,200,807,53,809,261,788,351,683,216,702,78,722,287,712,380,570,257,598,133,628,275,622,352
1786206886.060,703,703,804,631,886,530,948,447,1000,384,785,342,804,201,814,108,821,28,714,332,713,182,714,84,713,0,651,359,632,224,625,133,623,56,593,413,561,324,546,271,537,224
1786206886.239,707,707,802,630,881,526,944,438,1000,373,785,335,805,192,816,99,824,19,713,331,706,179,703,82,702,0,650,364,630,233,622,142,618,64,594,421,555,338,530,283,511,232
1786206886.432,705,705,802,627,880,521,943,429,1000,366,787,335,806,187,817,96,825,17,715,329,704,174,699,79,696,0,652,360,632,226,623,139,619,62,595,415,556,330,533,274,515,222
1786206886.597,714,714,807,634,882,529,943,439,1000,375,791,345,804,204,811,111,820,31,720,339,704,184,696,84,691,0,657,371,636,238,624,149,617,70,603,429,561,347,533,295,512,246
1786206886.779,751,751,861,698,941,593,981,491,1000,390,854,399,859,220,863,104,867,11,779,395,773,218,770,99,768,0,710,431,686,293,675,231,670,181,644,495,606,403,586,354,573,315
1786206886.973,663,663,844,613,978,416,1000,204,975,39,885,190,896,19,891,180,875,310,768,182,784,0,786,215,770,342,649,193,670,46,688,261,679,382,520,232,557,104,585,249,578,341
1786206887.427,700,700,809,657,895,573,950,493,1000,435,830,396,859,242,873,135,884,50,760,373,776,211,789,94,799,0,692,385,695,236,699,137,703,60,626,425,600,326,591,264,585,217
1786206887.626,694,694,799,618,880,518,945,434,1000,374,787,332,813,191,827,101,837,22,715,321,721,175,724,79,725,0,650,349,635,234,630,155,630,84,590,398,557,309,539,249,526,191
1786206887.780,705,705,809,629,887,525,947,437,1000,374,798,342,823,195,837,102,848,22,727,331,731,178,733,80,733,0,661,359,646,235,639,151,636,76,601,411,568,318,550,256,537,197
1786206887.973,722,722,824,645,899,534,951,441,1000,373,810,350,825,200,832,105,837,23,739,344,734,187,736,86,739,0,674,374,655,234,649,138,647,54,615,429,576,340,554,275,537,213
1786206888.148,743,743,862,697,954,570,993,455,1000,355,880,403,873,259,867,191,863,133,797,387,779,212,770,97,761,0,722,407,707,266,708,269,708,284,649,453,635,343,635,342,633,358
1786206888.322,720,720,898,612,1000,379,999,163,974,0,915,202,919,46,915,217,904,323,807,212,810,69,818,287,809,374,694,238,702,109,728,334,732,433,578,289,597,164,631,324,637,413
1786206888.516,719,719,898,603,1000,375,994,161,962,0,905,192,910,41,910,210,898,320,800,194,807,58,817,277,808,377,692,215,705,95,732,316,732,423,580,264,607,154,639,308,639,393
1786206888.683,718,718,898,608,1000,382,997,163,965,0,901,210,905,66,907,232,892,336,800,210,808,65,825,279,812,370,695,227,709,90,741,309,739,412,586,270,613,150,652,303,654,392
1786206888.866,659,659,782,626,882,536,945,450,1000,388,817,341,838,197,848,101,851,31,738,310,752,160,755,66,751,0,661,318,660,180,654,128,646,105,587,352,568,251,561,214,558,205
1786206889.034,698,698,805,633,891,539,950,459,1000,395,815,367,846,215,861,116,871,33,741,353,754,198,760,91,765,0,674,374,669,250,670,166,679,95,609,418,583,330,580,275,589,227
1786206889.208,696,696,804,629,891,534,953,450,1000,382,811,362,841,216,855,124,865,46,738,345,745,191,750,86,755,0,671,363,664,242,663,158,668,86,608,405,582,318,575,261,578,208
1786206889.383,724,724,833,664,919,566,970,470,1000,384,855,389,885,215,897,102,905,15,782,372,796,200,805,86,814,0,712,387,713,226,719,116,733,37,643,429,623,332,623,288,634,268
1786206889.540,717,717,840,678,937,580,987,475,1000,376,879,395,902,222,913,112,915,22,801,373,812,203,815,95,811,0,725,386,730,260,741,344,746,424,650,419,656,319,673,375,682,440
1786206889.747,733,733,896,632,1000,410,985,170,923,0,960,235,970,75,956,239,933,328,855,226,859,83,851,303,833,384,745,239,755,101,764,323,751,423,628,272,660,150,682,306,675,397
1786206889.925,734,734,892,642,1000,405,979,157,893,0,969,229,983,71,968,240,944,323,861,220,864,75,855,304,835,379,748,234,756,98,767,327,751,417,625,270,658,159,683,318,673,398
1786206890.157,702,702,871,625,994,417,1000,214,960,71,949,207,989,0,985,23,970,88,833,185,846,8,843,164,835,306,716,197,724,46,744,216,747,359,598,241,609,124,641,246,652,359
1786206890.342,713,713,825,648,914,558,967,467,1000,382,830,372,863,207,880,103,890,17,755,357,771,199,780,90,789,0,687,377,680,253,682,176,692,111,621,423,593,342,589,291,597,247
1786206890.518,715,715,826,649,913,553,964,459,1000,375,833,381,856,237,867,145,877,67,759,361,770,202,779,91,792,0,691,377,688,243,691,153,705,85,625,422,599,341,594,289,602,251
1786206890.693,731,731,843,672,931,568,977,460,1000,361,859,387,883,234,900,129,909,53,786,365,800,194,812,80,820,0,714,382,707,220,713,119,723,56,642,432,614,337,615,303,625,303
1786206891.409,745,745,876,686,955,512,944,341,913,213,959,356,994,166,1000,68,999,0,865,334,866,182,858,303,851,406,769,343,773,225,785,360,787,457,678,373,690,283,708,377,713,453
1786206891.593,701,701,811,639,896,551,952,469,1000,399,806,366,836,211,851,112,861,27,733,354,733,196,732,90,733,0,668,376,655,247,652,161,653,86,609,422,580,332,569,272,565,216
1786206891.766,705,705,810,638,893,542,952,456,1000,387,813,369,838,232,849,146,855,71,744,351,754,195,762,91,770,0,679,369,671,235,670,139,672,55,617,414,590,327,579,266,575,208
1786206891.943,703,703,807,642,890,537,949,441,1000,367,813,367,819,241,816,162,816,95,741,348,741,193,747,85,758,0,675,364,664,216,666,111,678,35,613,411,589,328,581,284,585,259
1786206892.128,582,582,740,512,879,365,958,232,1000,130,774,143,776,0,777,141,775,222,668,148,671,31,679,218,679,297,564,169,574,72,595,252,603,334,465,211,483,115,515,245,526,316
1786206892.302,559,559,722,472,856,309,940,169,1000,72,755,112,756,0,749,158,744,211,653,113,661,13,661,201,661,238,553,123,562,25,573,216,577,275,456,151,474,63,496,197,500,252
1786206892.472,557,557,716,476,847,310,935,167,1000,70,752,112,757,0,749,163,740,201,650,110,662,12,661,205,659,225,549,119,567,18,573,214,572,261,454,141,478,54,496,190,494,239
1786206892.667,681,681,792,639,884,549,949,470,1000,412,813,374,826,229,834,127,839,47,741,350,747,195,753,88,759,0,672,359,672,214,673,120,676,46,609,397,584,314,567,270,555,239
1786206892.845,695,695,797,634,883,544,946,464,1000,407,818,359,840,222,850,137,858,65,743,339,750,186,758,85,767,0,675,358,667,228,669,140,677,67,611,404,587,327,581,280,585,239
1786206893.019,698,698,804,641,890,550,950,470,1000,408,819,371,845,212,858,105,867,21,747,356,756,195,765,85,774,0,678,374,677,222,681,118,690,41,615,416,589,324,577,275,576,243
1786206893.190,636,636,784,572,904,424,961,301,1000,199,789,196,786,64,783,177,783,271,695,184,702,0,717,21,734,16,602,201,613,65,631,236,643,367,512,247,531,151,561,264,578,360
1786206893.382,598,598,761,519,890,349,955,197,1000,89,782,154,772,17,761,168,755,300,678,147,680,4,678,191,680,318,577,154,583,0,600,188,611,316,482,183,507,75,535,205,548,302
1786206893.540,594,594,761,520,900,358,965,202,1000,86,795,140,793,14,776,152,762,294,690,123,695,0,694,162,695,303,592,123,605,6,619,166,628,304,498,143,532,59,556,176,563,281
1786206893.719,618,618,800,562,951,373,1000,161,957,12,850,171,865,20,836,181,813,307,747,135,760,1,737,200,722,316,647,117,664,0,659,189,652,300,548,120,575,23,585,155,578,241
1786206893.897,640,640,822,566,957,379,1000,170,970,13,887,178,882,28,852,185,833,323,781,145,783,2,760,204,747,339,677,132,682,0,680,199,678,330,572,150,590,52,602,198,604,297
1786206894.093,643,643,818,573,956,386,1000,182,975,21,887,171,885,27,852,182,828,320,780,145,782,0,760,201,745,342,673,142,679,5,680,207,678,342,565,169,586,66,602,215,605,317
1786206894.261,693,693,797,646,880,567,943,494,1000,442,817,370,839,216,850,112,860,29,744,354,753,198,763,90,773,0,674,373,669,224,669,124,674,44,609,420,585,336,575,294,573,265
1786206894.437,683,683,791,645,880,566,944,493,1000,439,810,369,830,219,843,116,853,33,737,350,747,200,755,91,763,0,668,368,662,250,664,180,673,130,601,409,574,324,577,297,595,289
1786206894.613,670,670,790,646,883,557,948,475,1000,408,811,363,832,210,842,109,848,32,732,338,746,177,757,83,759,0,656,346,652,207,662,234,663,269,581,376,576,276,593,299,604,340
1786206894.792,661,661,846,603,978,380,1000,159,994,0,880,180,888,13,878,170,861,309,771,180,785,25,779,226,766,380,666,196,688,67,696,261,689,409,556,229,592,113,614,256,613,374
1786206894.966,661,661,845,578,972,368,1000,160,990,0,879,172,892,16,883,172,863,306,778,172,798,25,794,229,773,376,678,189,705,60,716,260,705,403,572,226,610,108,638,244,637,354
1786206895.152,651,651,832,572,966,365,1000,163,989,10,879,162,887,0,868,156,847,287,775,153,782,5,769,209,754,347,671,161,683,36,686,242,681,376,563,192,588,87,607,240,609,344
1786206895.346,701,701,805,635,890,536,949,456,1000,398,812,361,842,211,854,117,861,37,739,349,748,191,753,89,755,0,672,371,663,233,661,136,665,53,608,419,582,323,575,259,577,199
1786206895.533,698,698,800,628,882,528,945,447,1000,388,799,350,821,206,832,114,839,36,726,336,728,182,726,83,723,0,660,360,642,230,634,142,632,64,598,410,568,328,555,270,550,214
1786206895.685,716,716,819,656,903,551,958,459,1000,386,822,377,832,223,835,116,839,33,752,369,749,205,748,91,748,0,688,395,686,245,689,145,694,68,630,451,607,377,599,345,595,324
1786206895.852,636,636,829,562,963,362,1000,158,994,0,873,172,887,14,875,159,858,308,765,158,789,16,780,209,761,378,656,165,688,59,695,257,689,419,541,192,575,75,606,207,622,336
1786206896.056,654,654,834,578,965,367,1000,164,996,0,879,173,894,33,878,185,855,329,772,168,794,32,785,230,762,399,665,180,696,81,698,282,683,441,552,211,592,95,615,228,619,355
1786206896.216,654,654,837,542,962,348,1000,157,989,0,869,156,888,2,878,149,861,299,768,158,795,27,782,221,759,389,666,169,696,67,699,262,685,421,557,199,590,81,617,211,623,336
1786206896.397,718,718,828,663,911,552,959,454,1000,381,850,402,870,229,879,113,886,22,778,389,788,216,793,97,799,0,707,405,705,246,703,132,707,40,638,448,613,358,602,306,600,270
1786206896.582,709,709,822,642,906,530,958,430,1000,354,837,378,847,241,847,155,847,79,765,360,771,204,777,95,787,0,695,375,693,239,696,149,707,72,625,417,605,332,605,275,615,225
1786206896.760,722,722,832,660,914,546,963,449,1000,374,844,405,852,282,851,203,847,133,775,384,783,218,792,102,801,0,708,397,705,236,709,120,718,23,642,442,619,351,610,296,609,250
1786206896.939,637,637,817,567,953,372,1000,169,993,9,857,159,877,0,887,157,883,304,756,157,791,39,796,231,784,392,656,168,706,77,720,263,708,419,550,196,607,107,639,242,643,371
1786206897.109,645,645,818,591,952,378,992,175,1000,14,869,152,888,0,883,159,870,312,763,150,791,27,785,235,767,404,655,167,699,78,703,285,689,442,540,201,592,111,619,258,622,382
1786206897.298,654,654,832,583,963,375,996,173,1000,12,873,157,894,0,896,153,887,302,773,158,808,37,806,237,787,398,673,175,718,80,728,278,715,431,562,208,616,114,647,256,650,380
1786206897.469,656,656,826,587,957,405,1000,214,1000,61,879,165,878,0,866,142,855,278,772,143,776,6,775,174,776,309,667,142,677,34,686,192,690,318,562,163,580,61,602,170,610,266
1786206897.645,710,710,816,638,894,524,948,429,1000,366,824,371,850,228,859,137,864,59,750,354,756,194,759,90,762,0,682,374,670,240,667,144,670,61,617,422,593,333,585,274,587,219
1786206897.836,714,714,818,646,896,539,949,445,1000,377,830,380,858,242,868,149,873,69,756,360,760,198,762,92,763,0,687,377,674,237,670,142,670,57,622,423,596,331,585,268,581,207
1786206898.016,708,708,813,634,892,521,949,426,1000,361,821,366,847,223,857,131,863,53,748,348,753,190,753,87,751,0,680,367,667,234,662,145,662,65,617,412,590,323,577,261,571,202
1786206898.210,714,714,821,641,898,529,951,430,1000,359,826,371,850,230,861,138,866,58,753,354,758,196,761,91,763,0,685,374,673,233,672,138,674,54,622,420,595,329,584,265,578,203
1786206898.360,712,712,819,638,897,523,952,427,1000,357,822,369,844,226,854,134,859,54,749,353,753,194,755,90,755,0,682,374,666,242,661,152,662,72,618,420,590,328,578,263,571,201
1786206898.533,722,722,830,651,908,538,959,442,1000,366,831,385,847,248,853,158,857,80,760,369,761,205,762,95,762,0,693,390,680,253,674,156,674,73,628,438,600,346,589,283,586,225
1786206898.710,723,723,832,673,918,555,968,446,1000,350,846,411,861,256,873,155,882,84,770,384,785,211,795,96,797,0,694,389,697,221,702,125,705,50,618,418,604,303,602,238,600,188
1786206898.893,635,635,825,564,962,371,1000,163,987,0,872,176,874,8,855,166,837,311,765,149,769,3,753,196,741,340,659,138,668,13,671,193,666,330,551,146,576,45,593,175,592,282
1786206899.061,653,653,838,575,969,373,1000,166,991,0,884,177,887,19,870,190,850,328,780,159,787,5,777,216,758,354,674,159,687,20,694,226,683,360,561,182,588,59,607,210,604,319
1786206899.260,657,657,846,577,975,374,1000,166,999,0,888,178,892,29,873,194,852,333,783,160,793,7,782,214,763,359,677,162,693,21,701,227,693,369,565,188,590,62,613,212,618,330
1786206899.432,701,701,807,645,892,538,949,447,1000,383,825,366,850,211,861,103,869,22,752,348,760,189,766,82,771,0,683,365,680,211,683,107,688,26,619,412,590,337,574,294,563,266
1786206899.608,706,706,801,627,878,521,943,436,1000,379,783,337,809,194,825,105,836,29,712,329,711,176,711,79,709,0,648,364,627,238,617,152,610,80,591,425,550,349,526,298,505,251
1786206899.804,704,704,802,625,877,523,942,441,1000,384,779,339,804,197,819,109,831,32,708,331,704,176,701,79,697,0,644,363,626,234,617,148,611,74,586,421,545,333,520,274,497,218
1786206899.962,703,703,801,623,876,520,941,437,1000,381,778,334,803,191,818,102,831,23,707,326,703,174,698,78,692,0,643,358,622,234,613,152,606,81,585,415,543,327,517,267,495,210
1786206900.134,707,707,799,635,878,536,941,453,1000,395,787,351,807,200,816,103,824,19,716,345,708,190,703,88,697,0,654,377,628,243,613,147,603,63,597,435,548,362,519,306,498,251
1786206900.316,693,693,812,651,901,543,953,457,1000,401,820,381,832,256,836,223,833,203,745,361,760,197,772,88,778,0,677,371,683,293,698,397,707,494,611,396,618,330,641,407,660,488
1786206900.508,625,625,805,598,946,388,991,171,1000,0,865,176,887,25,863,200,836,341,753,157,784,28,765,242,739,381,639,158,670,58,672,271,658,401,517,174,553,77,574,227,573,324
1786206900.685,621,621,800,587,944,386,988,170,1000,0,865,181,893,25,868,177,840,313,764,165,805,25,779,228,745,373,658,163,700,57,694,258,671,396,542,177,590,73,607,217,598,330
1786206900.854,628,628,802,587,944,382,986,169,1000,0,866,166,891,29,867,188,841,323,762,154,805,27,777,244,742,390,656,156,699,58,693,267,672,402,542,173,589,67,611,208,610,312
1786206901.043,602,602,749,559,877,392,940,255,1000,164,805,138,795,0,780,142,770,258,704,122,704,3,697,181,693,305,602,128,609,17,612,186,612,308,501,156,516,57,536,185,543,285
1786206901.238,702,702,800,629,879,525,941,441,1000,388,788,337,813,194,827,104,836,25,718,327,725,175,729,80,731,0,655,355,637,224,630,136,628,62,595,409,560,321,539,266,525,217
1786206901.382,699,699,795,625,873,525,939,444,1000,389,781,334,807,190,822,99,833,19,710,326,708,173,705,78,702,0,647,357,628,226,617,137,610,61,590,414,549,329,523,271,500,217
1786206901.566,701,701,798,631,876,537,940,456,1000,398,783,343,804,197,815,103,821,21,712,334,708,180,702,83,694,0,649,365,629,233,617,143,609,66,591,421,550,334,524,275,502,219
1786206901.750,718,718,812,643,886,533,945,444,1000,381,792,355,802,205,807,110,811,30,721,353,706,192,696,89,688,0,660,390,630,247,614,154,605,72,604,454,559,377,532,323,511,273
1786206901.926,735,735,846,676,923,544,963,446,1000,367,820,392,822,224,829,116,834,26,751,393,740,225,738,98,733,0,688,426,711,370,744,493,761,597,633,476,654,423,690,518,710,605
1786206902.101,705,705,877,619,989,392,1000,170,988,0,890,214,886,66,872,228,864,380,784,211,791,67,789,269,787,437,681,223,698,120,715,323,723,482,575,254,606,161,639,297,654,413
1786206902.277,709,709,888,606,999,385,1000,170,987,0,893,215,885,74,876,227,871,371,791,219,795,68,793,272,788,433,691,236,702,122,717,326,721,481,587,272,615,158,641,284,651,391
1786206902.461,718,718,895,609,998,386,1000,174,997,0,895,209,885,70,882,229,879,371,795,213,799,56,805,271,800,435,696,231,710,120,731,333,733,487,592,268,623,151,651,286,658,394
1786206902.641,680,680,801,628,892,507,952,406,1000,332,818,337,839,186,848,86,853,13,737,323,742,170,746,78,749,0,660,346,656,207,657,122,656,48,591,398,566,317,551,266,534,222
1786206902.806,707,707,805,629,883,528,944,440,1000,377,789,342,812,197,824,101,832,18,719,335,716,186,714,86,711,0,656,366,639,236,628,143,619,64,600,420,561,338,534,287,510,241
1786206902.996,705,705,802,627,881,527,945,445,1000,385,789,341,812,198,824,105,833,25,719,334,714,180,708,81,701,0,656,365,636,240,624,154,615,80,597,420,557,335,533,276,514,220
1786206903.171,712,712,805,636,880,533,942,445,1000,383,789,349,806,207,814,112,818,30,720,345,706,189,696,87,687,0,658,377,637,240,623,145,614,61,603,435,563,351,534,293,510,239
1786206903.354,732,732,833,665,905,546,959,447,1000,365,824,375,831,208,834,95,838,7,750,371,738,201,732,89,731,0,684,402,652,233,642,125,640,37,625,461,590,355,580,307,579,273
1786206903.539,655,655,816,567,940,374,998,206,1000,78,831,172,820,0,834,142,843,268,724,188,722,36,747,213,761,346,621,219,627,95,665,266,687,395,520,269,538,159,581,279,601,380
1786206903.700,708,708,893,601,1000,379,991,163,967,0,884,216,860,35,882,189,893,327,778,227,773,67,798,260,801,401,675,247,684,111,719,301,730,444,572,284,604,176,642,316,653,432
1786206903.879,710,710,898,616,1000,392,987,172,981,0,904,208,890,39,891,186,891,313,796,214,798,54,811,268,808,401,691,235,701,104,730,319,736,456,581,276,613,167,649,312,657,413
1786206904.082,710,710,892,624,1000,383,999,178,992,26,919,169,928,0,918,153,906,304,807,172,817,24,821,232,818,384,691,193,706,78,728,282,735,428,574,235,602,131,640,280,653,396
1786206904.252,712,712,815,637,893,527,949,437,1000,369,803,353,821,207,832,111,840,29,732,344,732,189,733,87,735,0,667,371,651,236,642,139,638,54,606,424,572,333,555,268,545,206
1786206904.426,708,708,811,631,888,525,948,435,1000,370,801,348,828,202,843,108,855,25,730,340,736,188,741,87,746,0,664,367,649,238,646,150,646,71,602,415,569,318,552,253,538,192
1786206904.606,703,703,807,629,887,526,948,435,1000,368,801,348,823,200,834,106,843,23,729,338,732,185,732,85,732,0,663,363,649,237,643,148,640,69,602,410,571,314,553,248,539,186
1786206904.806,724,724,825,649,899,539,951,445,1000,377,816,356,828,209,833,113,835,29,743,349,737,193,734,89,731,0,677,378,658,242,651,149,648,67,616,430,581,333,561,265,545,202
1786206904.953,760,760,871,703,958,590,1000,486,996,386,884,396,890,229,896,119,893,31,809,397,803,222,802,100,793,0,737,432,751,336,775,459,782,560,670,490,690,412,717,502,728,583
1786206905.130,671,671,863,589,982,375,1000,161,974,0,892,184,898,11,895,183,885,295,782,187,791,27,792,248,781,350,667,205,677,49,699,274,700,386,548,244,570,114,605,272,612,365
1786206905.304,685,685,869,598,986,384,1000,169,985,0,892,199,893,45,898,199,894,309,789,200,800,45,808,257,797,365,681,215,694,66,719,281,715,397,564,250,591,124,624,275,625,370
1786206905.480,676,676,857,593,978,380,1000,167,987,0,894,193,897,40,894,190,883,301,791,189,801,31,803,237,789,351,682,202,697,48,715,257,709,379,565,236,593,106,620,251,618,348
1786206905.683,710,710,818,651,903,548,957,459,1000,390,837,382,867,222,879,114,883,28,764,362,780,199,792,89,800,0,693,377,695,222,699,119,706,35,626,422,594,324,582,260,578,204
1786206905.854,703,703,805,630,885,528,947,439,1000,376,795,343,817,199,830,107,839,26,724,335,726,183,725,83,724,0,659,365,645,242,635,158,630,85,599,416,562,329,539,271,522,217
1786206906.031,706,706,806,629,884,524,946,435,1000,371,796,342,820,198,834,107,844,27,724,334,725,182,722,82,720,0,659,364,644,237,635,151,631,77,599,417,562,325,539,263,521,206
1786206906.200,716,716,814,638,888,531,947,438,1000,372,800,352,821,204,830,110,835,29,729,345,722,188,717,85,711,0,666,377,646,242,637,150,631,71,609,432,570,339,546,275,526,217
1786206906.385,759,759,882,711,968,591,1000,479,998,384,878,401,881,235,886,137,884,64,800,400,795,223,798,100,798,0,730,435,740,359,765,477,778,578,665,493,680,429,709,515,727,595
1786206906.550,654,654,829,583,968,386,1000,166,973,0,864,182,852,38,840,187,832,338,759,162,759,37,753,227,746,380,659,160,663,43,674,221,674,370,558,175,579,71,598,198,602,312
1786206906.730,652,652,829,577,968,373,1000,161,968,0,856,160,855,10,849,162,839,315,754,152,766,1,770,205,759,370,654,162,671,24,692,221,690,375,551,196,579,75,611,216,617,338
1786206906.919,655,655,835,565,969,371,1000,164,976,0,862,160,866,2,859,152,843,299,763,149,777,3,777,205,760,361,665,151,682,16,700,210,693,366,560,174,588,56,619,197,624,321
1786206907.098,711,711,811,644,893,537,951,450,1000,384,797,358,806,208,811,107,814,25,731,349,727,192,728,87,730,0,670,374,655,230,650,129,650,43,614,427,581,339,569,272,564,208
1786206907.269,711,711,809,635,886,525,946,432,1000,368,797,345,819,197,830,102,837,21,725,337,722,184,721,84,721,0,659,368,638,235,629,145,624,68,600,424,556,342,528,289,505,241
1786206907.447,713,713,810,634,887,524,948,432,1000,365,798,347,817,198,825,101,831,19,726,342,714,184,707,84,702,0,661,373,639,236,628,141,622,60,603,428,559,337,532,276,511,220
1786206907.624,715,715,815,633,890,518,947,423,1000,360,799,351,816,206,825,112,832,30,729,341,723,184,721,84,721,0,666,367,646,228,640,137,639,56,609,419,569,331,546,267,528,206
1786206907.818,716,716,823,652,910,547,965,456,1000,387,834,378,848,209,855,102,860,18,765,363,761,189,761,83,763,0,700,380,692,217,694,115,699,37,638,422,619,310,619,240,622,185
1786206907.973,674,674,831,607,952,444,994,261,1000,108,905,254,969,45,990,0,994,5,808,244,828,113,805,275,791,417,708,250,717,153,719,320,722,455,613,270,626,177,646,273,664,365
1786206908.185,678,678,850,588,971,409,1000,207,999,43,897,221,920,0,920,55,903,138,798,222,818,74,807,242,794,374,696,234,722,118,729,291,728,426,596,263,632,170,655,293,664,400
1786206908.344,703,703,858,625,965,470,991,288,1000,143,896,295,929,74,944,10,941,0,811,298,831,138,833,216,836,293,725,312,746,214,755,355,759,477,641,337,670,251,690,355,702,458
1786206908.545,749,749,878,679,974,551,1000,416,986,300,942,393,983,227,991,219,983,240,860,374,892,155,913,64,924,0,774,384,802,261,805,377,799,490,688,416,723,317,742,396,750,489
1786206908.707,709,709,816,643,899,546,955,457,1000,390,840,392,866,273,875,204,879,139,770,365,784,205,797,95,810,0,701,376,704,243,711,155,724,84,634,416,614,336,611,285,619,244
1786206908.869,716,716,828,646,913,546,967,454,1000,372,842,393,869,260,882,177,893,103,770,368,781,207,794,97,809,0,702,379,703,241,709,147,724,66,637,418,619,326,617,265,624,213
1786206909.076,712,712,826,647,912,549,965,453,1000,370,849,385,874,246,884,162,891,85,773,359,783,203,793,96,806,0,703,367,702,244,708,167,722,96,636,402,620,314,616,256,621,203
1786206909.221,712,712,828,648,917,548,969,450,1000,362,850,383,874,245,882,161,886,84,773,357,781,200,789,94,798,0,701,365,701,242,709,168,723,101,630,400,613,310,612,250,620,193
1786206909.414,721,721,834,665,920,567,971,469,1000,378,859,399,885,236,899,123,908,34,787,379,801,209,810,92,819,0,716,393,716,228,717,112,722,25,647,433,626,336,615,293,612,273
1786206909.590,698,698,811,659,903,560,959,470,1000,392,849,379,877,214,890,104,894,14,777,365,791,195,796,93,793,0,704,384,716,269,731,372,733,456,632,429,652,348,674,419,679,483
1786206909.779,642,642,834,582,971,393,1000,187,998,27,869,166,886,21,878,173,858,312,766,155,790,0,787,194,769,339,661,168,686,33,699,230,691,373,548,207,587,95,614,243,612,360
1786206909.942,642,642,836,577,969,387,1000,174,998,9,872,182,888,15,881,173,860,302,774,170,797,0,795,197,775,323,674,178,696,29,710,230,702,363,569,206,607,94,633,240,630,348
1786206910.126,642,642,828,591,965,402,1000,185,999,17,871,193,884,25,870,178,849,315,771,178,794,0,787,202,766,338,671,181,694,31,704,235,693,368,563,207,601,83,623,233,619,346
1786206910.293,760,760,880,748,973,634,1000,522,999,421,934,460,956,301,958,247,951,205,856,428,861,231,863,110,856,0,782,431,802,346,810,477,803,575,710,454,740,394,754,494,752,571
1786206910.490,697,697,804,628,888,533,948,452,1000,391,820,361,854,202,871,99,883,12,747,348,761,191,767,87,772,0,679,367,679,239,681,150,688,75,614,409,594,320,589,262,593,209
1786206910.666,696,696,802,630,886,534,948,451,1000,392,820,365,855,225,872,139,883,62,748,345,763,189,772,86,780,0,680,361,679,231,681,138,688,60,615,401,594,309,588,247,588,191
1786206910.837,700,700,804,634,887,536,947,451,1000,389,823,367,858,228,874,140,885,62,749,345,765,191,775,88,785,0,681,361,675,230,678,138,686,59,615,402,593,309,586,247,589,190
1786206911.013,720,720,828,666,914,569,963,478,1000,405,841,405,869,239,884,129,895,42,769,383,780,209,788,95,794,0,702,390,706,229,712,120,721,34,636,423,624,313,625,257,633,217
1786206911.192,629,629,823,575,965,386,1000,169,964,11,883,173,888,1,873,173,862,289,770,158,780,0,768,210,762,303,656,158,669,20,677,229,678,320,540,183,571,89,592,243,593,319
1786206911.369,645,645,846,560,979,370,1000,155,966,0,871,168,879,0,872,164,858,292,768,154,774,7,771,213,762,312,663,154,676,15,691,218,689,320,556,176,590,72,616,219,616,302
1786206911.541,647,647,843,567,980,382,1000,166,969,0,881,167,898,3,889,165,869,297,777,152,795,4,791,216,776,322,672,155,693,18,708,227,703,334,564,183,603,71,630,223,630,313
1786206911.730,709,709,816,662,902,574,956,486,1000,415,846,390,882,230,897,121,904,34,773,362,797,198,811,88,819,0,703,370,709,215,717,113,725,35,633,405,607,302,598,241,596,192
1786206911.894,706,706,806,627,886,525,948,437,1000,374,799,337,825,190,838,97,849,15,726,329,727,178,730,82,733,0,660,357,645,230,644,146,647,71,601,410,572,326,557,265,548,208
1786206912.097,706,706,808,629,885,522,946,435,1000,374,802,350,826,213,839,123,849,43,732,337,735,186,738,86,741,0,668,363,655,233,651,144,651,63,608,415,578,330,563,271,554,215
1786206912.261,645,645,783,581,888,456,952,338,1000,246,802,280,813,139,812,82,809,44,713,256,720,91,725,29,728,0,629,268,621,112,627,121,633,175,545,304,526,185,530,180,537,219
1786206912.446,583,583,735,499,866,357,945,209,1000,92,775,138,775,7,763,141,753,255,677,131,682,0,680,165,679,281,583,144,587,15,595,170,600,290,489,177,505,68,524,181,532,278
1786206912.603,574,574,737,480,865,295,939,119,1000,0,779,127,794,2,783,156,766,239,679,123,699,4,694,189,684,273,579,139,600,28,608,212,605,307,479,176,509,83,529,213,528,291
1786206912.796,583,583,744,481,872,300,945,124,1000,3,794,133,804,6,785,153,763,238,691,127,709,0,697,183,685,269,591,137,610,14,611,200,609,300,493,168,525,75,539,209,537,291
1786206913.017,690,690,810,668,907,559,961,474,1000,405,856,391,878,245,890,151,893,76,779,367,794,206,800,95,798,0,703,378,708,292,721,401,725,494,631,411,643,345,660,426,668,501
1786206913.206,694,694,800,623,883,528,947,455,1000,400,794,348,814,202,825,109,834,29,723,336,724,183,724,82,725,0,660,362,644,244,638,164,640,92,601,411,571,334,564,280,565,229
1786206913.385,695,695,801,624,884,531,948,456,1000,400,800,353,822,215,837,126,849,48,728,339,732,191,735,89,738,0,664,361,655,239,651,152,654,73,602,408,575,327,569,270,574,216
1786206913.558,695,695,801,623,883,521,947,442,1000,386,799,352,817,215,827,126,834,48,728,336,729,184,730,82,733,0,663,356,651,233,650,149,659,77,600,402,570,316,567,263,579,217
1786206913.763,760,760,882,708,971,588,1000,469,996,368,882,406,884,231,890,115,892,22,809,403,798,224,797,101,793,0,740,433,753,350,777,466,787,560,673,488,692,417,720,502,733,576
1786206913.947,666,666,860,547,986,353,1000,148,954,0,868,165,871,6,878,172,872,293,757,169,764,26,777,230,772,329,645,192,654,47,685,249,690,352,532,242,555,121,595,266,605,351
1786206914.105,647,647,845,545,982,357,1000,152,951,2,874,159,874,0,869,167,861,288,759,150,765,3,767,203,764,305,646,161,657,20,678,221,684,326,538,200,568,103,596,249,602,332
1786206914.277,722,722,832,677,924,582,979,502,1000,427,866,393,883,238,896,130,901,51,792,368,803,200,808,88,807,0,719,380,721,211,723,110,722,31,646,422,629,329,620,293,609,270
1786206914.453,699,699,813,631,899,535,957,452,1000,388,810,363,831,250,839,186,847,125,738,341,745,189,759,80,780,0,671,358,663,228,676,162,702,124,607,404,581,325,579,281,594,254
1786206914.629,695,695,810,629,896,533,956,451,1000,385,815,367,833,261,841,198,846,139,741,342,751,195,762,86,777,0,673,358,663,238,671,177,692,136,608,402,579,330,575,286,587,253
1786206914.806,716,716,831,660,920,564,974,470,1000,381,837,386,845,246,850,175,849,127,766,366,776,189,783,78,789,0,698,381,693,217,700,123,714,65,627,425,598,320,599,293,610,293
1786206915.002,686,686,871,560,982,345,999,144,1000,0,862,162,844,20,856,200,869,294,747,182,739,60,766,272,778,331,634,218,626,108,667,308,681,371,523,273,522,169,563,313,576,378
1786206915.211,720,720,893,599,994,374,1000,161,978,0,883,202,875,60,888,241,890,325,778,219,778,94,801,309,799,368,671,252,672,123,709,338,714,409,561,308,573,196,612,345,618,412
1786206915.360,727,727,905,603,1000,375,999,160,981,0,896,215,893,75,902,246,899,327,791,227,794,97,814,308,806,370,683,253,692,127,725,337,725,410,573,300,591,187,629,336,631,406
1786206915.515,719,719,835,661,922,555,971,472,1000,393,833,342,838,188,843,84,845,0,755,338,747,183,745,84,739,3,684,371,678,279,701,388,714,482,617,428,617,355,645,432,660,503
1786206915.714,694,694,809,636,898,534,956,445,1000,374,800,346,808,209,814,121,821,50,723,333,712,185,712,77,720,0,656,357,635,241,639,182,657,152,592,406,561,326,560,286,575,267
1786206915.888,665,665,795,604,892,492,956,399,1000,317,779,300,792,177,799,101,805,36,695,284,677,140,674,52,681,0,622,304,598,176,609,114,635,86,553,355,516,270,517,232,538,217
1786206916.056,682,682,808,617,907,508,966,406,1000,317,806,313,813,192,812,127,810,71,722,297,709,148,710,56,718,0,647,320,627,190,636,129,659,112,574,370,537,275,539,231,561,222
1786206916.256,686,686,818,622,916,504,971,394,1000,298,819,315,828,190,826,123,821,74,734,295,729,147,727,56,726,0,657,315,643,181,647,141,656,144,581,364,550,263,553,231,566,238
1786206916.423,649,649,821,559,959,366,1000,175,958,55,830,143,825,3,843,144,854,276,720,151,727,0,752,178,763,317,609,181,617,43,654,220,673,347,496,241,521,124,562,255,577,353
1786206916.598,650,650,834,565,966,373,1000,168,962,19,878,176,876,26,868,180,865,304,762,163,766,0,771,204,772,330,647,175,653,37,679,238,693,356,532,215,556,110,589,250,605,339
1786206916.774,653,653,834,572,968,371,1000,158,963,4,872,162,871,27,869,191,864,309,760,154,766,0,777,217,773,330,648,169,654,38,683,256,693,363,531,211,556,108,591,261,603,341
1786206916.955,646,646,815,560,953,380,1000,191,967,57,855,155,857,13,853,156,846,283,745,150,757,0,759,182,756,316,633,165,646,30,668,215,679,346,519,208,549,93,585,231,598,337
1786206917.130,717,717,825,654,912,543,967,451,1000,367,823,340,824,173,828,75,833,1,748,336,737,171,733,70,734,0,681,365,654,238,654,185,667,162,617,420,590,334,597,310,617,311
1786206917.304,713,713,827,650,916,540,969,435,1000,345,827,352,823,199,823,132,825,94,749,336,733,162,736,52,749,0,678,362,652,216,658,173,680,189,610,413,576,313,578,287,596,308
1786206917.495,716,716,834,660,925,558,976,454,1000,363,842,376,838,223,836,127,835,56,763,359,752,195,750,79,752,0,692,380,673,242,683,210,701,220,621,428,597,333,608,313,630,331
1786206917.670,704,704,821,652,918,548,973,446,1000,360,848,380,849,257,845,185,840,132,768,358,749,203,740,84,736,0,696,371,679,246,685,195,696,188,625,413,591,329,583,297,582,299
1786206917.845,606,606,784,537,931,373,1000,218,999,93,822,152,826,21,815,150,807,272,714,143,719,0,726,172,729,310,607,155,614,33,635,202,642,335,500,193,509,65,532,129,540,193
1786206918.024,601,601,790,529,942,354,1000,170,956,33,841,152,849,7,842,155,826,269,733,140,749,0,743,187,727,301,622,141,645,15,655,202,650,318,512,166,548,62,570,202,569,298
1786206918.200,596,596,779,564,935,391,1000,202,956,63,843,169,837,28,824,183,809,294,727,151,733,0,729,201,721,318,610,153,620,21,633,230,636,349,495,182,520,87,546,241,554,337
1786206918.380,609,609,791,556,943,385,1000,201,958,74,856,167,855,29,834,168,817,286,741,146,747,0,733,191,725,323,627,145,637,12,643,213,645,349,514,170,543,63,565,203,568,305
1786206918.581,706,706,820,648,912,554,967,463,1000,381,839,368,866,207,882,104,894,28,764,345,771,181,782,70,797,0,694,360,688,226,699,171,721,157,625,400,602,316,601,274,612,262
1786206918.740,707,707,829,635,921,534,974,438,1000,354,828,355,839,225,841,159,844,104,750,337,744,186,747,76,758,0,680,355,667,235,673,173,693,149,615,401,587,319,581,277,587,259
1786206918.919,705,705,826,626,914,517,968,418,1000,334,818,339,827,188,829,98,834,19,736,327,723,180,725,78,735,0,662,349,644,236,648,172,664,132,592,397,558,306,556,252,571,215
1786206919.098,726,726,841,668,927,567,978,469,1000,378,843,393,852,217,861,105,866,19,767,378,764,201,767,85,766,0,696,400,687,258,694,285,703,340,628,443,609,335,616,338,627,379
1786206919.265,665,665,843,613,958,394,989,169,1000,0,857,202,870,21,879,207,871,305,748,214,764,73,784,300,767,350,636,242,654,122,683,341,670,397,519,283,544,180,578,336,571,397
1786206919.448,667,667,846,572,967,360,1000,156,999,0,896,172,911,14,907,190,897,260,790,173,802,42,808,253,801,300,679,189,694,76,712,284,708,344,566,220,587,115,614,267,615,334
1786206919.631,656,656,837,565,962,362,1000,158,1000,0,879,183,905,7,896,179,880,278,774,181,792,38,788,255,775,323,662,193,685,59,696,276,690,354,550,224,579,105,603,260,601,336
1786206919.798,707,707,814,646,894,556,949,472,1000,408,829,382,856,227,867,121,874,37,760,363,771,202,777,90,783,0,693,380,693,240,696,143,705,67,630,424,607,346,602,292,606,247
1786206919.974,699,699,807,634,891,539,950,454,1000,388,822,367,852,216,870,112,885,24,750,348,763,197,773,90,785,0,684,362,678,242,681,161,693,95,620,400,596,309,593,252,601,201
1786206920.123,698,698,806,635,890,535,950,448,1000,385,819,368,844,246,856,168,866,95,746,344,755,194,762,90,772,0,679,359,673,230,674,144,684,70,615,400,589,309,583,249,588,193
1786206920.284,708,708,818,642,902,539,959,446,1000,371,827,377,848,259,857,190,863,129,756,351,771,192,787,83,806,0,689,365,683,227,689,146,707,89,623,411,597,331,592,283,601,252
1786206920.463,623,623,774,560,893,428,963,294,1000,184,803,227,816,95,824,35,839,13,713,198,719,43,725,0,740,12,625,206,625,53,632,44,647,97,534,239,515,111,517,69,528,86
1786206920.747,675,675,852,619,974,395,1000,163,976,0,879,217,882,53,882,229,872,319,775,220,786,68,795,290,779,355,667,235,681,110,703,331,694,404,553,265,582,159,606,319,597,389
1786206920.897,663,663,834,626,963,423,1000,214,970,58,910,174,925,0,898,206,879,330,792,155,797,28,782,265,774,346,668,159,672,66,678,303,678,389,544,187,561,102,583,281,587,364
1786206921.050,703,703,800,632,879,537,943,454,1000,395,796,342,827,194,843,98,855,15,726,331,736,182,745,84,754,0,661,358,646,218,642,119,639,33,603,410,569,316,547,256,529,201
1786206921.206,701,701,800,623,878,522,942,442,1000,385,780,336,807,199,823,115,837,41,710,326,716,175,723,80,727,0,645,359,631,228,627,140,625,61,586,418,548,330,527,272,510,215
1786206921.361,698,698,796,624,875,529,942,448,1000,390,777,336,802,198,817,111,830,34,706,328,704,173,706,79,708,0,642,361,625,230,619,145,615,68,584,420,544,329,518,269,496,210
1786206921.527,705,705,804,628,880,525,943,442,1000,384,787,345,809,198,823,107,833,29,716,336,710,179,705,80,702,0,652,367,631,235,621,150,615,75,593,422,551,328,526,266,505,206
1786206921.727,749,749,862,687,942,574,981,463,1000,363,869,387,879,208,886,98,891,9,793,376,787,193,783,83,782,0,723,401,704,252,713,305,727,368,653,447,636,342,645,380,656,436
1786206921.994,699,699,866,617,981,392,1000,171,977,0,911,183,922,35,922,208,909,299,804,188,819,45,829,272,810,340,693,213,713,114,736,341,723,406,578,257,615,165,642,328,633,390
1786206922.182,690,690,869,610,980,392,1000,176,992,6,921,185,941,0,929,170,911,293,808,187,826,47,824,270,808,359,690,209,717,88,734,320,727,424,574,250,623,148,651,317,646,411
1786206922.360,711,711,809,630,887,523,946,435,1000,373,805,347,830,198,840,103,848,22,733,339,733,186,736,87,739,0,667,366,653,225,651,128,652,42,605,418,569,326,549,265,535,207
1786206922.537,701,701,803,622,882,516,946,431,1000,370,795,339,821,199,834,109,845,31,722,329,720,180,717,81,716,0,656,357,643,233,637,149,634,75,596,409,561,324,539,266,520,213
1786206922.724,702,702,802,625,880,520,945,432,1000,368,792,339,816,201,830,111,842,34,719,330,715,179,715,81,715,0,654,360,638,232,631,144,627,67,596,414,558,321,534,259,514,200
1786206922.870,716,716,814,636,890,533,947,442,1000,377,803,347,826,199,838,106,846,25,729,340,722,187,718,85,715,0,663,371,642,242,631,153,624,76,602,425,561,331,536,268,515,209
1786206923.137,710,710,877,646,988,411,1000,181,984,0,867,184,866,25,894,205,894,311,755,203,766,68,810,293,797,354,644,245,662,137,716,358,708,420,532,307,569,232,619,396,612,460
1786206923.298,722,722,889,637,997,409,1000,176,971,0,904,182,922,5,940,171,927,274,791,199,807,52,837,298,812,357,677,238,699,135,742,364,722,415,559,295,596,206,637,365,623,417
1786206923.493,728,728,893,656,1000,443,991,247,962,85,937,181,956,0,960,137,950,245,812,184,814,14,836,237,833,363,685,221,694,94,734,310,740,429,559,290,585,165,629,317,636,415
1786206923.671,702,702,805,620,883,510,944,420,1000,357,794,330,816,190,828,102,840,24,720,320,712,172,708,78,706,0,653,348,636,224,631,142,630,69,592,401,557,321,542,264,533,211
1786206923.855,704,704,807,621,885,514,947,424,1000,360,800,332,819,181,829,85,840,2,726,325,720,177,720,82,722,0,660,354,643,231,640,150,642,76,599,405,567,317,550,255,539,195
1786206924.037,703,703,805,636,888,533,948,446,1000,383,812,380,831,241,841,151,848,74,749,358,765,197,779,91,792,0,685,369,690,220,698,114,711,26,620,408,601,303,600,226,607,157
1786206924.197,668,668,859,574,980,365,1000,159,983,0,886,172,887,4,877,158,866,302,778,168,788,9,789,214,782,358,667,177,682,28,703,236,703,382,550,209,584,92,615,239,619,354
1786206924.389,699,699,874,597,982,385,1000,170,978,0,908,202,916,24,916,189,905,326,803,204,816,51,823,263,810,380,691,220,717,79,736,294,729,415,578,259,626,148,654,300,646,397
1786206924.553,698,698,873,615,984,398,1000,187,991,22,938,196,939,0,924,133,904,261,825,197,823,57,822,261,816,391,709,214,718,86,732,295,734,433,593,246,626,127,652,268,656,375
1786206924.734,716,716,814,636,887,529,944,433,1000,368,811,348,835,198,844,103,851,19,738,338,737,185,739,86,741,0,672,365,659,228,655,134,655,53,613,416,580,323,562,261,550,203
1786206924.929,708,708,807,626,884,520,945,426,1000,363,805,341,832,198,844,104,854,22,733,333,728,182,726,83,726,0,667,361,652,234,646,148,644,73,607,410,575,318,555,255,540,196
1786206925.091,721,721,818,643,892,536,948,444,1000,376,810,364,828,218,837,121,845,39,740,353,738,195,741,90,746,0,677,379,661,235,655,133,654,45,622,432,587,347,566,287,551,232
1786206925.276,729,729,841,698,925,568,972,451,1000,350,824,398,819,212,820,99,820,0,751,419,758,334,783,478,786,535,681,454,692,378,723,512,728,563,617,502,628,429,662,528,669,580
1786206925.449,637,637,803,554,912,332,956,128,1000,0,813,179,808,20,810,191,806,252,710,195,713,57,730,261,722,301,607,223,613,100,639,294,634,343,503,263,515,162,544,297,540,352
1786206925.622,624,624,795,543,907,320,954,122,1000,0,808,168,814,8,811,175,801,243,702,174,711,30,726,235,719,288,597,198,606,75,634,277,632,339,493,237,507,133,538,274,538,336
1786206925.797,728,728,842,672,925,543,966,448,1000,377,848,347,853,185,855,82,858,0,775,353,773,216,796,214,812,199,704,384,715,308,740,421,747,499,635,435,652,369,682,452,689,511
1786206925.952,707,707,807,622,885,503,945,410,1000,351,789,333,803,195,811,109,818,34,712,328,698,179,694,82,691,0,644,364,621,231,611,142,606,65,584,426,544,342,521,287,507,234
1786206926.133,707,707,806,623,882,510,943,418,1000,357,787,331,805,187,814,100,821,24,711,327,693,177,686,81,681,0,644,362,620,234,611,149,607,74,586,421,543,331,516,271,495,213
1786206926.276,711,711,809,628,884,513,942,416,1000,351,791,334,806,189,815,100,821,21,716,330,700,177,693,81,691,0,651,367,626,237,616,151,612,74,594,428,551,344,526,286,506,230
1786206926.460,741,741,856,686,933,570,973,474,1000,393,855,405,860,231,863,115,864,28,780,392,775,219,774,95,770,0,713,412,703,267,712,226,720,212,649,450,640,351,648,332,657,339
1786206926.639,664,664,839,586,964,372,1000,158,993,0,867,209,879,32,886,194,875,287,764,208,780,57,793,251,774,317,659,223,683,91,705,284,688,352,553,252,597,150,626,296,611,364
1786206926.811,762,762,884,735,974,596,993,476,1000,384,925,432,946,273,959,173,966,94,841,409,851,231,862,109,864,0,761,426,773,339,792,461,794,554,684,467,705,403,731,500,737,578
1786206927.028,694,694,807,629,889,536,946,451,1000,391,818,358,851,196,867,91,879,0,744,346,752,199,760,97,770,11,675,366,670,249,678,176,691,114,608,406,582,317,576,258,578,203
1786206927.177,682,682,801,621,893,532,952,450,1000,391,819,362,852,238,869,161,881,90,742,337,755,190,765,87,773,0,670,350,670,236,673,158,678,92,600,388,575,305,566,247,563,193
1786206927.351,692,692,807,628,893,534,950,452,1000,393,824,376,860,251,877,174,890,100,749,350,766,198,780,92,793,0,679,362,678,245,683,167,693,99,611,401,586,316,578,257,579,203
1786206927.526,691,691,806,626,892,530,949,445,1000,383,823,372,858,246,876,169,890,95,749,346,765,196,778,91,791,0,679,358,678,238,684,158,695,90,611,395,587,307,581,247,584,192
1786206955.234,680,680,786,616,873,527,941,450,1000,398,806,342,845,207,864,123,878,47,732,321,740,173,746,80,751,0,664,336,652,203,651,117,654,44,601,375,577,269,563,198,555,132
1786206955.413,681,681,786,619,873,530,941,451,1000,398,809,345,844,207,861,121,871,44,734,324,742,175,748,82,751,0,666,340,654,206,654,121,657,47,602,379,576,271,561,201,551,134
1786206955.583,690,690,801,630,890,528,952,430,1000,356,830,348,854,208,866,119,876,45,757,322,775,175,788,80,799,0,685,329,686,181,695,87,706,10,612,360,595,240,595,159,602,88
1786206955.763,599,599,763,509,902,351,982,199,1000,82,810,134,811,0,802,170,799,242,698,139,693,23,701,219,711,259,586,156,580,60,604,241,618,290,481,190,479,83,509,218,523,277
1786206955.936,598,598,764,504,898,322,969,139,1000,0,806,136,808,7,790,178,778,224,692,137,694,24,694,223,697,240,579,147,581,37,598,230,602,265,473,170,478,67,505,208,510,256
1786206956.122,612,612,766,549,900,376,967,213,1000,87,824,170,833,0,827,35,818,29,720,164,730,3,738,84,750,83,615,179,620,86,634,240,648,304,512,210,520,105,545,191,566,225
1786206956.301,679,679,789,612,877,506,942,426,1000,374,790,319,821,178,837,95,849,25,715,306,719,160,722,73,723,0,644,326,631,194,631,107,636,34,576,371,551,271,546,204,550,141
1786206956.474,679,679,779,602,863,498,937,425,1000,373,762,302,787,170,800,95,811,31,688,290,689,146,694,66,700,0,621,317,607,187,607,113,609,48,560,368,522,266,501,205,487,144
1786206956.648,690,690,785,612,865,509,936,432,1000,379,763,316,787,178,800,97,811,27,688,303,684,154,687,69,690,0,621,332,603,196,600,117,601,50,562,387,518,289,493,223,475,159
1786206956.848,693,693,801,620,885,513,948,422,1000,352,800,326,816,177,824,86,831,12,725,316,717,166,710,76,706,0,655,341,634,198,626,111,625,36,592,394,549,314,528,264,517,218
1786206957.017,682,682,812,640,925,523,980,424,1000,336,863,356,893,183,902,84,906,0,781,356,801,215,809,257,811,252,695,370,713,286,722,410,719,465,610,402,635,315,652,410,652,462
1786206957.177,622,622,808,553,950,357,1000,152,997,0,850,160,879,1,866,185,846,255,741,159,762,36,760,254,745,286,628,163,652,58,664,267,652,308,515,180,545,74,566,226,555,283
1786206957.369,693,693,817,657,925,549,976,459,1000,383,880,385,900,219,910,111,909,20,799,371,807,211,806,106,801,0,716,381,722,314,727,433,727,515,635,410,655,333,661,412,662,469
1786206957.553,673,673,781,603,868,505,937,430,1000,380,785,308,819,169,838,90,852,22,712,294,728,153,740,70,748,0,642,317,635,187,638,102,644,27,574,363,545,262,535,192,531,122
1786206957.733,678,678,785,603,868,503,938,429,1000,378,778,310,807,176,824,100,838,33,706,295,712,153,714,69,715,0,639,319,625,194,621,112,619,41,576,367,541,273,522,211,506,150
1786206957.897,689,689,792,617,874,517,942,438,1000,386,787,329,813,192,828,112,840,42,715,316,718,168,718,76,718,0,649,342,633,213,627,127,623,52,588,390,552,295,531,231,512,168
1786206958.079,704,704,819,653,912,545,970,449,1000,365,839,378,840,214,837,113,835,31,766,362,762,199,757,90,753,0,694,369,693,212,696,103,699,14,622,395,612,255,615,154,622,65
1786206958.301,620,620,791,571,942,373,1000,159,995,0,852,158,861,14,845,204,835,251,741,159,749,42,753,265,755,271,632,166,639,61,657,277,656,290,521,181,534,90,557,250,554,287
1786206958.504,612,612,783,545,933,349,1000,151,999,0,852,154,879,7,861,191,836,252,742,144,763,18,754,240,736,271,630,143,655,37,657,252,641,296,520,156,552,57,564,211,551,263
1786206958.665,670,670,787,629,884,548,950,475,1000,414,823,349,850,198,863,104,871,25,746,323,760,174,767,81,771,4,671,329,676,177,682,81,686,0,597,355,582,227,578,136,578,50
1786206958.846,672,672,783,603,869,503,938,431,1000,382,774,305,802,174,819,99,834,34,703,293,714,154,720,70,724,0,636,319,624,193,623,112,624,40,572,368,538,275,520,214,506,153
1786206959.018,676,676,783,606,867,509,938,436,1000,383,775,310,804,176,821,100,835,33,705,295,715,156,721,70,725,0,638,319,626,194,625,112,625,40,575,367,541,272,523,210,508,148
1786206959.209,692,692,791,626,873,529,940,452,1000,398,791,333,819,195,835,114,848,46,722,320,727,169,729,76,730,0,656,345,643,209,638,123,636,48,594,394,562,300,542,237,524,176
1786206959.388,731,731,840,667,922,559,966,464,1000,385,844,388,851,227,859,119,867,31,765,373,758,209,757,96,759,0,694,393,670,237,664,135,666,55,627,442,597,337,596,279,606,238
1786206959.568,722,722,866,659,967,483,1000,307,993,181,881,314,897,113,902,73,897,0,788,326,789,229,809,403,820,436,693,344,692,252,725,421,738,474,600,373,589,256,621,366,634,433
1786206959.739,722,722,860,642,962,473,1000,305,988,175,872,306,882,108,885,73,877,0,780,317,785,226,798,395,798,418,687,337,694,255,719,420,722,456,596,369,600,260,630,379,636,436
1786206959.927,695,695,810,627,896,526,954,446,1000,387,811,325,826,175,831,83,834,10,731,313,726,159,725,70,726,0,658,334,639,192,635,99,636,23,592,384,561,293,550,233,547,182
1786206960.089,688,688,784,612,866,512,938,433,1000,377,775,316,803,183,818,106,832,40,704,304,707,157,710,71,712,0,637,332,625,202,622,122,622,52,574,382,536,284,513,221,496,157
1786206960.267,688,688,789,614,870,516,939,440,1000,383,784,323,808,187,825,110,842,46,713,311,715,163,716,74,718,0,646,337,630,209,625,126,624,52,584,387,547,290,524,226,506,162
1786206960.459,695,695,792,625,873,527,941,444,1000,387,795,341,816,197,830,112,844,40,724,327,724,174,725,80,725,0,659,350,643,219,637,134,634,59,600,395,565,300,540,238,520,179
1786206960.647,718,718,828,654,910,553,962,461,1000,374,839,349,845,186,850,87,853,8,760,339,755,175,754,79,755,0,686,364,670,208,668,125,672,59,616,416,593,310,594,253,600,211
1786206960.812,651,651,829,602,966,379,1000,153,993,0,862,207,859,40,865,209,860,293,755,208,762,68,773,274,762,339,650,215,669,95,688,299,680,373,543,234,577,124,596,278,586,349
1786206960.986,650,650,824,580,960,383,1000,171,992,1,872,178,898,0,894,109,883,149,765,179,781,66,781,280,768,303,656,191,680,94,692,304,680,340,549,212,580,118,605,275,598,326
1786206961.174,665,665,781,639,878,537,945,454,1000,393,831,391,854,235,863,128,870,45,753,368,764,210,770,101,773,7,675,371,674,210,674,96,674,0,602,396,574,272,544,196,517,133
1786206961.359,693,693,789,621,873,526,940,450,1000,399,787,340,820,207,836,123,846,50,716,323,716,170,712,77,704,0,651,343,639,209,632,121,629,46,589,388,559,296,545,234,536,178
1786206961.524,696,696,793,629,875,538,941,462,1000,408,794,345,822,211,835,129,842,56,725,330,725,177,719,81,712,0,662,353,649,218,644,129,643,52,601,402,570,308,555,243,548,181
1786206961.708,702,702,806,643,889,555,944,469,1000,406,835,362,868,219,881,129,887,52,763,336,776,180,781,82,782,0,693,347,688,202,688,108,689,31,623,384,598,274,590,200,588,132
1786206961.880,639,639,799,601,954,411,1000,215,990,77,860,184,889,0,881,135,866,247,740,177,773,35,772,229,758,338,621,189,650,76,667,265,665,370,505,220,545,115,574,255,573,340
1786206962.065,636,636,822,550,965,361,1000,154,980,0,853,147,855,16,851,182,834,266,738,142,746,31,752,232,740,293,628,144,645,33,664,234,656,306,521,161,557,58,584,207,579,275
1786206962.234,641,641,829,568,963,376,1000,167,991,6,862,154,879,0,869,164,842,252,752,145,780,31,779,240,757,302,641,146,676,24,690,241,676,319,530,163,575,53,602,216,593,292
1786206962.419,683,683,786,618,875,523,942,442,1000,387,802,331,837,190,853,107,864,35,726,312,737,164,746,76,753,0,655,330,643,188,643,100,647,26,589,374,565,269,555,200,553,136
1786206962.588,700,700,797,625,876,526,941,443,1000,385,796,337,823,203,837,122,846,48,725,322,730,171,733,79,733,0,660,345,647,209,642,123,641,48,599,393,570,295,553,230,542,169
1786206962.762,703,703,801,631,881,535,943,451,1000,390,806,346,835,208,850,124,858,49,736,329,743,174,743,79,739,0,671,349,661,212,656,123,653,46,606,396,577,296,562,229,553,165
1786206962.966,737,737,851,693,938,587,985,484,1000,382,871,386,876,210,878,107,880,26,792,367,790,190,791,84,792,0,721,374,721,207,729,104,735,25,647,401,641,267,648,178,656,105
1786206963.142,678,678,854,574,976,373,1000,163,991,0,857,155,874,30,875,211,850,281,742,168,767,66,781,280,757,317,628,194,655,85,684,294,662,342,515,236,552,132,590,281,577,337
1786206963.319,672,672,854,578,978,377,1000,163,995,0,866,166,887,39,883,216,860,276,755,170,782,69,789,282,767,307,646,183,679,83,702,293,680,330,536,207,580,115,614,268,602,318
1786206963.482,663,663,778,631,871,548,942,470,1000,414,812,351,841,195,851,97,856,22,731,324,748,175,760,79,767,0,655,325,659,183,670,88,679,6,585,344,568,227,567,142,573,63
1786206963.662,693,693,790,625,871,534,938,457,1000,406,789,338,822,198,839,113,849,37,716,321,721,170,723,79,722,0,648,344,637,207,633,118,632,39,584,396,554,306,540,243,531,183
1786206963.835,690,690,789,623,870,531,937,449,1000,392,798,333,832,193,850,110,862,36,724,315,731,164,737,77,742,0,654,336,641,198,637,113,637,35,592,384,564,294,551,236,545,179
1786206964.017,733,733,840,669,915,562,961,470,1000,396,845,357,861,207,864,110,866,34,764,344,759,185,756,82,756,0,690,371,664,219,655,121,657,40,621,427,584,340,575,289,580,246
1786206964.205,766,766,897,701,984,547,1000,394,989,276,899,388,919,184,931,95,931,0,817,402,831,323,842,473,829,504,736,430,755,348,780,498,772,535,660,466,680,400,713,512,711,554
1786206964.394,685,685,858,588,977,379,1000,161,983,0,869,175,883,59,884,237,864,304,760,181,782,85,792,297,772,333,652,198,679,93,703,304,685,357,544,232,584,141,615,290,601,345
1786206964.650,670,670,779,621,868,538,939,463,1000,413,800,341,833,198,845,106,850,32,724,318,737,170,744,78,749,0,651,329,646,188,648,101,655,26,582,366,559,259,554,191,559,128
1786206964.797,692,692,789,632,871,548,939,475,1000,424,797,348,833,210,850,123,861,45,723,328,732,175,739,83,744,0,654,347,642,208,640,120,643,40,591,392,562,289,546,220,537,153
1786206964.979,697,697,790,638,870,556,936,481,1000,429,800,356,837,216,855,131,869,52,728,336,740,181,748,86,754,0,660,355,646,216,643,128,645,48,597,400,566,297,549,230,538,163
1786206965.145,677,677,785,628,875,544,943,467,1000,412,816,332,852,185,869,94,878,22,740,306,754,158,767,68,779,0,668,318,665,180,673,95,686,32,601,357,581,266,577,210,583,167
1786206965.323,680,680,856,576,972,372,1000,160,998,2,866,176,892,0,899,110,883,120,754,184,790,80,797,283,762,287,644,209,692,123,712,316,679,329,538,246,598,173,627,309,602,342
1786206965.498,677,677,851,574,971,367,1000,158,995,0,879,157,900,14,895,194,871,252,764,169,788,63,795,281,774,300,650,192,682,94,702,308,682,339,539,228,580,139,610,291,598,337
1786206965.682,682,682,798,643,891,548,950,455,1000,391,843,361,872,211,881,105,888,23,765,335,780,187,790,85,798,0,688,343,687,190,690,88,693,1,612,376,592,259,582,174,575,100
1786206972.088,688,688,792,646,879,548,943,469,1000,419,822,366,863,225,886,141,903,71,747,341,761,175,768,78,773,0,674,351,671,201,668,110,668,37,603,387,577,270,563,194,556,128
1786206972.253,687,687,786,630,871,539,938,452,1000,395,812,370,846,225,868,137,887,63,736,344,745,180,751,81,755,0,664,352,661,204,660,114,660,41,594,384,573,266,558,194,550,131
1786206972.401,697,697,794,637,878,542,942,458,1000,401,821,362,857,228,879,145,899,73,749,337,759,180,763,83,765,0,681,350,676,211,673,127,673,52,618,389,594,278,579,207,568,139
1786206972.574,699,699,799,638,882,541,944,456,1000,396,825,361,858,223,877,137,893,62,752,338,759,181,762,84,764,0,683,354,672,214,668,128,668,52,620,394,595,283,580,211,570,143
1786206972.746,698,698,796,638,881,543,944,458,1000,398,824,364,857,227,876,142,892,67,751,341,761,183,765,85,769,0,682,356,674,215,673,130,676,54,619,396,596,284,582,212,573,144
1786206972.946,694,694,798,651,883,567,948,481,1000,421,824,364,863,226,884,148,900,82,751,337,757,173,762,78,767,0,680,349,669,206,665,116,667,43,613,390,583,284,567,214,558,147
1786206979.178,664,664,763,630,854,555,932,481,1000,442,813,365,867,230,897,152,918,87,746,329,775,166,791,72,800,0,675,334,683,191,689,107,697,40,605,365,592,257,587,187,590,125
1786206979.346,674,674,781,636,868,555,937,480,1000,431,825,369,873,236,900,149,921,76,757,339,785,186,798,85,806,0,687,345,694,205,699,113,705,37,617,373,602,263,595,189,592,123
1786206979.512,677,677,783,637,871,554,940,478,1000,429,825,368,870,234,895,148,914,75,757,337,782,185,793,85,802,0,689,344,693,206,696,118,702,42,621,374,605,265,597,193,593,127
1786206979.692,680,680,783,634,872,551,941,474,1000,425,825,368,869,231,893,143,912,69,757,337,782,183,795,84,806,0,688,344,692,206,695,118,702,41,621,376,604,269,597,196,594,129
1786206979.866,674,674,781,642,871,554,941,476,1000,420,827,365,855,215,864,123,868,46,757,334,771,177,775,81,779,4,686,332,686,176,688,79,692,0,613,350,592,214,585,120,584,34
1786206980.042,622,622,805,533,944,347,1000,147,992,0,846,132,852,8,850,177,836,220,737,132,751,33,761,237,752,243,630,142,651,65,671,259,658,278,526,167,557,98,585,243,574,280
1786206980.215,649,649,828,542,955,352,998,148,1000,0,844,153,851,34,845,207,833,265,738,150,760,59,764,269,747,290,634,158,659,67,674,269,657,307,532,185,567,107,596,252,585,297
1786206980.358,636,636,816,539,947,358,1000,158,999,0,852,129,860,24,849,199,830,241,746,128,766,37,764,249,747,262,638,133,662,40,674,243,656,274,533,152,561,57,589,205,579,250
1786206980.525,608,608,773,566,915,387,976,214,1000,84,841,151,876,17,858,178,832,271,742,130,773,0,760,198,736,273,636,128,669,18,669,207,649,284,527,146,561,48,579,184,568,251
1786206980.701,676,676,779,614,870,521,941,441,1000,392,806,322,835,186,849,106,860,37,729,301,743,161,754,76,762,0,657,318,652,191,655,109,661,35,589,361,564,264,554,199,548,137
1786206980.874,674,674,775,603,862,512,935,435,1000,383,779,315,817,179,834,97,847,24,704,297,713,151,721,69,729,0,635,317,620,181,618,95,621,21,574,362,542,264,524,202,511,141
1786206981.047,680,680,781,610,868,519,939,443,1000,389,786,324,822,189,838,107,851,34,712,306,722,159,729,73,733,0,644,325,630,189,629,103,630,28,582,370,551,272,532,210,518,151
1786206981.221,730,730,841,681,925,579,971,483,1000,400,853,369,876,214,890,113,900,33,773,347,780,187,788,81,798,0,699,363,691,207,697,104,710,23,627,408,588,294,580,219,585,158
1786206981.444,659,659,836,572,963,364,1000,153,985,0,862,173,879,39,873,216,852,268,750,183,767,83,774,297,760,311,638,197,662,111,682,320,669,349,529,220,562,129,594,279,589,327
1786206981.590,662,662,842,556,965,354,1000,151,998,0,865,147,873,42,868,214,851,252,753,160,764,72,775,285,763,291,640,179,655,91,680,299,669,326,531,207,554,119,587,262,581,301
1786206981.770,713,713,830,686,938,539,982,412,1000,320,887,351,906,183,913,88,918,0,802,340,808,235,810,361,812,415,717,348,726,284,738,426,737,483,634,370,649,298,669,404,674,457
1786206981.941,673,673,773,605,863,509,937,436,1000,388,770,315,795,181,808,102,817,31,698,302,705,159,713,75,719,0,629,326,618,194,615,112,616,38,563,373,528,274,511,210,501,147
1786206982.119,682,682,782,608,866,508,938,434,1000,384,768,314,796,178,810,98,820,27,697,304,703,157,709,72,712,0,632,332,618,200,613,118,612,46,571,382,536,286,516,224,501,162
1786206982.295,687,687,787,613,870,515,939,439,1000,389,777,327,805,190,820,108,831,36,708,316,714,167,717,76,718,0,645,341,630,210,625,124,624,49,586,390,551,295,532,230,517,167
1786206982.468,708,708,823,656,909,547,960,448,1000,365,829,359,824,203,819,102,816,20,754,346,741,189,734,83,730,0,684,360,670,204,673,104,680,27,612,395,588,260,588,166,597,86
1786206982.659,618,618,798,542,944,356,1000,164,987,24,838,152,871,0,854,177,824,235,726,150,759,58,748,258,730,281,617,152,651,56,654,260,641,303,512,162,543,66,562,215,554,266
1786206982.851,626,626,812,545,949,355,1000,156,990,3,851,146,881,0,864,182,835,244,742,143,773,56,764,265,742,282,632,145,666,53,670,263,650,297,525,156,557,54,574,209,561,258
1786206983.019,623,623,806,554,952,370,1000,168,990,1,861,157,894,0,878,179,848,252,750,147,785,43,773,261,749,295,637,142,674,48,675,264,654,309,524,148,561,42,577,207,563,265
1786206983.190,666,666,778,630,872,552,943,476,1000,413,810,348,836,203,845,110,849,33,736,317,750,170,756,77,759,3,665,317,668,171,671,79,674,0,596,339,575,218,567,133,562,52
1786206983.380,672,672,778,609,868,526,937,453,1000,402,792,331,830,199,847,117,857,43,718,308,728,162,734,75,737,0,649,324,634,191,631,104,631,28,586,366,558,265,544,198,536,133
1786206983.548,678,678,782,613,869,529,938,454,1000,403,793,336,830,203,846,120,856,45,719,314,727,167,733,79,739,0,651,330,633,195,630,107,631,30,588,374,560,278,544,213,536,149
1786206983.720,698,698,808,648,898,557,954,471,1000,404,829,361,861,211,874,114,881,36,754,337,769,183,781,82,789,0,682,348,679,197,685,96,694,15,612,384,582,275,575,200,579,132
1786206983.908,684,684,813,635,914,521,978,409,1000,308,845,350,869,169,874,84,876,0,765,348,768,284,769,416,772,448,685,358,692,301,707,431,714,460,613,379,623,316,645,409,652,447
1786206984.099,580,580,763,507,907,337,977,158,1000,29,797,134,802,0,789,172,774,236,681,126,693,31,689,238,685,272,569,126,588,32,595,232,594,279,467,138,495,48,510,183,506,227
1786206984.262,707,707,837,653,930,530,982,411,1000,316,863,364,873,166,874,85,872,0,785,366,792,302,785,435,782,470,706,378,722,306,727,444,726,483,633,394,651,329,663,423,662,461
1786206984.451,682,682,791,631,883,544,947,464,1000,399,813,345,843,196,856,104,863,27,737,324,749,171,756,78,761,0,664,337,661,189,664,94,670,13,593,374,564,263,553,186,551,113
1786206984.613,678,678,781,611,868,518,940,440,1000,388,789,332,822,197,837,114,847,40,714,314,723,168,730,78,735,0,646,334,632,199,630,114,633,40,583,378,554,275,538,208,528,144
1786206984.805,688,688,790,621,875,531,940,450,1000,394,801,342,834,203,846,115,852,39,727,322,734,171,738,79,741,0,658,339,644,200,641,110,643,32,596,384,569,287,557,223,554,161
1786206984.966,677,677,784,615,872,519,943,436,1000,372,792,330,815,189,824,101,830,27,718,313,727,165,736,76,746,0,649,331,639,186,642,96,652,21,586,377,557,281,547,234,551,194
1786206985.154,727,727,844,687,938,567,982,456,1000,355,872,398,899,225,912,114,915,24,792,386,802,213,810,104,808,0,714,406,726,346,746,460,749,538,639,447,660,391,688,480,697,543
1786206985.339,627,627,798,546,933,347,986,147,1000,0,818,159,833,36,825,210,808,256,704,160,720,54,731,264,718,281,593,173,614,65,639,269,626,297,487,201,516,118,551,262,544,301
1786206985.514,604,604,780,538,918,342,972,142,1000,0,813,152,816,17,801,187,783,238,697,147,699,50,700,253,698,276,587,153,593,54,609,256,608,296,484,172,500,86,527,237,529,286
1786206985.687,597,597,775,525,912,330,964,136,1000,0,814,135,819,4,802,172,781,216,698,129,701,34,701,237,699,253,586,134,598,39,610,243,605,275,480,149,505,57,527,207,524,252
1786206985.860,685,685,790,622,881,527,944,445,1000,388,804,337,837,199,850,115,859,44,727,318,736,167,743,76,747,0,655,334,647,194,648,105,654,29,589,378,560,272,553,203,555,139
1786206986.045,689,689,795,625,880,531,942,446,1000,391,803,341,839,202,856,117,866,43,728,324,733,172,740,80,745,0,659,343,641,203,637,114,640,37,596,388,568,288,555,222,549,158
1786206986.215,688,688,794,622,881,531,944,444,1000,380,812,351,846,210,860,121,868,44,738,328,748,177,753,82,758,0,668,343,659,209,657,119,660,40,604,384,580,292,570,231,569,173
1786206986.401,714,714,839,664,930,543,972,441,1000,352,846,384,854,216,857,107,861,20,769,368,767,201,762,91,758,0,692,377,697,212,707,98,716,5,612,407,603,263,612,157,625,63
1786206986.598,651,651,828,565,959,356,1000,152,984,0,844,161,871,7,870,187,852,267,738,170,764,47,773,257,754,299,630,194,653,75,678,275,664,323,521,234,552,128,586,276,579,335
1786206986.758,635,635,816,541,951,351,1000,153,988,0,861,153,881,6,864,180,845,253,746,153,755,40,752,245,746,287,633,165,648,61,662,262,657,313,523,193,550,100,576,246,574,302
1786206986.933,625,625,799,563,946,359,1000,173,988,49,863,162,887,0,874,180,856,251,750,160,765,31,762,249,750,286,634,168,655,53,663,272,652,326,519,190,551,91,570,253,559,312
1786206993.391,735,735,842,660,917,539,963,414,1000,327,832,374,858,237,872,155,880,90,743,350,755,174,771,74,786,0,660,367,650,192,661,112,680,63,580,419,555,305,564,277,586,276
1786206993.559,696,696,815,644,907,518,958,396,1000,310,855,349,874,200,883,105,890,33,775,326,784,168,788,68,795,0,698,341,691,191,686,117,690,80,621,382,602,276,598,245,603,246
1786206993.718,669,669,777,613,869,516,939,443,1000,396,795,321,830,187,846,107,860,39,724,302,733,157,741,71,749,0,654,319,647,184,650,101,657,28,588,361,560,260,545,194,535,132
1786206993.893,664,664,772,605,862,511,935,441,1000,396,785,304,819,175,835,100,848,34,712,284,723,144,730,65,736,0,642,301,636,169,640,92,646,26,577,343,550,241,536,177,527,116
1786206994.071,666,666,770,606,859,516,933,446,1000,405,782,311,815,180,830,102,840,34,708,290,714,149,720,69,725,0,640,307,628,176,630,97,636,28,577,351,548,253,532,190,520,131
1786206994.259,665,665,770,604,859,515,934,447,1000,407,782,310,813,180,829,103,841,36,708,290,714,150,721,70,726,0,639,308,627,178,629,99,635,31,576,352,546,256,530,194,518,136
1786206994.443,684,684,792,624,879,537,943,459,1000,407,809,338,840,198,855,111,864,37,734,319,739,171,743,79,746,0,665,338,651,200,649,114,651,41,600,381,565,281,545,213,530,148
1786206994.618,687,687,798,632,890,528,956,435,1000,350,814,357,840,201,857,99,870,20,741,343,756,178,768,81,775,0,668,364,669,205,678,116,685,41,597,415,588,330,594,304,598,285
1786206994.791,621,621,793,555,926,370,981,172,1000,27,817,162,833,0,829,56,811,16,705,167,722,62,733,258,720,252,594,187,613,118,638,299,628,300,486,224,511,149,541,278,533,306
1786206994.968,619,619,797,535,922,348,971,148,1000,0,834,142,837,52,821,214,806,222,714,146,722,51,728,256,723,243,599,162,612,89,634,280,623,271,490,188,514,120,543,260,534,281
1786206995.140,680,680,830,606,934,440,973,274,1000,151,862,268,880,80,884,64,876,0,768,273,781,181,781,340,767,353,671,293,690,215,706,374,699,397,580,320,600,241,631,364,633,406
1786206995.298,681,681,796,641,888,540,950,454,1000,386,821,374,851,223,864,124,871,48,746,347,761,196,770,98,777,18,671,349,673,194,681,88,687,0,596,372,568,249,559,153,556,67
1786206995.449,676,676,784,603,867,499,937,421,1000,369,771,306,799,170,814,95,827,30,700,296,706,153,710,69,714,0,633,323,617,198,614,117,613,46,569,372,536,274,517,212,501,151
1786206995.619,677,677,785,606,866,501,936,422,1000,367,770,307,793,170,809,92,823,27,698,299,705,155,709,70,713,0,629,327,616,199,613,118,614,47,564,377,531,280,513,217,499,157
1786206995.809,693,693,791,620,872,523,939,446,1000,393,775,331,790,179,793,88,793,11,707,326,704,171,701,78,699,0,643,353,623,213,614,122,610,44,584,405,550,311,532,246,521,185
1786206995.998,689,689,799,643,894,540,957,447,1000,361,818,355,829,207,840,109,850,34,744,335,760,182,772,81,780,0,667,344,676,188,689,87,698,7,583,374,564,253,565,169,570,95
1786206996.149,596,596,757,549,910,349,980,149,1000,11,821,153,855,0,833,182,811,221,709,159,731,35,733,263,722,259,598,172,613,73,630,286,621,294,484,193,506,86,526,232,515,278
1786206996.338,581,581,759,514,898,329,965,139,1000,1,827,133,849,0,828,167,810,198,717,134,732,38,729,240,727,229,606,139,622,58,632,252,627,254,497,150,519,64,537,210,531,246
1786206996.513,688,688,808,648,911,530,965,423,1000,331,862,364,885,193,889,87,892,0,783,355,786,202,777,193,768,168,700,369,710,300,722,407,728,471,619,397,639,290,652,318,657,336
1786206996.723,673,673,779,602,867,501,938,432,1000,387,770,314,802,176,817,96,830,31,699,302,704,153,709,68,715,0,631,324,620,188,618,99,618,24,566,370,541,267,529,197,521,132
1786206996.867,675,675,781,603,861,500,933,421,1000,370,766,304,789,166,805,87,821,20,694,294,697,152,700,68,704,0,626,322,613,193,609,111,608,41,563,374,528,279,505,220,487,163
1786206997.047,688,688,790,612,868,514,936,436,1000,381,779,320,802,184,818,105,833,37,707,309,712,163,715,75,718,0,641,338,625,210,621,124,622,49,580,390,542,297,519,234,499,172
1786206997.221,693,693,792,619,872,517,939,437,1000,383,782,326,803,185,818,104,833,37,712,316,716,167,719,76,722,0,647,345,630,213,626,127,625,50,585,397,549,305,526,243,507,182
1786206997.402,727,727,844,667,930,553,973,449,1000,355,850,374,858,206,862,104,866,22,770,359,764,190,763,85,763,0,696,374,685,213,684,109,686,24,625,410,611,281,616,191,625,114
1786206997.552,681,681,848,594,963,400,1000,203,980,58,843,210,852,24,853,52,830,0,741,238,755,136,785,322,780,331,641,279,656,183,698,357,694,372,538,333,560,238,602,365,599,406
1786206997.699,659,659,828,580,960,376,1000,158,975,0,848,191,876,63,863,240,842,280,739,202,763,80,769,294,755,304,633,224,653,115,676,315,664,326,525,257,551,161,579,303,568,338
1786206997.877,664,664,844,589,973,386,1000,163,986,0,867,198,889,36,886,149,872,155,755,208,766,95,771,303,761,311,643,226,659,120,679,323,672,342,530,258,554,158,582,309,577,353
1786206998.057,687,687,794,617,878,511,942,425,1000,362,789,322,803,179,811,91,816,19,715,311,714,164,714,74,714,0,646,335,629,198,626,112,629,39,580,386,547,299,535,242,531,191
1786206998.230,696,696,792,611,872,501,940,414,1000,355,777,312,800,174,812,94,821,27,703,303,699,156,701,71,704,0,635,332,616,202,612,119,613,45,573,385,529,289,507,222,491,156
1786206998.420,698,698,795,616,872,506,938,417,1000,360,775,319,801,181,814,101,824,31,702,308,701,160,703,74,706,0,636,337,617,208,612,126,609,50,576,390,532,294,506,230,485,165
1786206998.596,705,705,798,627,874,524,939,438,1000,379,784,341,807,195,818,106,827,29,713,330,712,173,713,80,715,0,649,359,628,221,619,135,615,58,590,413,544,318,516,254,495,190
1786206998.786,708,708,820,634,907,516,963,421,1000,339,822,342,822,183,823,85,827,9,744,339,732,178,728,79,729,0,673,369,656,217,652,117,652,35,605,429,589,323,592,250,600,187
1786206998.947,649,649,812,612,947,380,987,148,1000,0,837,202,862,36,862,225,847,291,725,211,750,76,769,308,752,332,616,233,639,114,671,334,657,367,502,261,533,165,564,317,552,371
1786206999.124,638,638,807,554,930,347,975,142,1000,0,840,178,864,36,846,215,827,264,732,188,747,71,751,278,746,293,624,209,639,112,658,313,651,331,519,238,538,148,561,289,553,326
1786206999.277,631,631,802,539,922,336,969,137,1000,0,832,174,852,36,838,209,820,248,725,184,743,69,750,272,738,281,620,203,638,103,660,299,646,318,517,229,537,139,565,274,554,314
1786206999.427,687,687,792,614,878,515,943,437,1000,380,787,328,812,189,823,104,831,31,715,315,719,168,721,77,721,0,647,339,633,204,627,116,625,41,582,390,552,298,540,238,536,180
1786206999.613,677,677,781,602,863,501,937,424,1000,370,771,303,798,170,814,92,828,26,699,291,703,150,706,67,709,0,630,319,617,192,616,110,617,40,565,371,530,277,510,218,493,160
1786206999.792,682,682,786,604,866,502,937,427,1000,372,773,307,796,170,812,93,829,28,701,297,706,153,710,69,714,0,632,326,621,196,619,116,620,44,569,376,537,278,517,216,498,156
1786206999.960,691,691,790,616,868,518,938,442,1000,386,779,321,804,182,823,104,841,38,709,310,714,160,717,72,719,0,643,339,630,209,628,128,629,55,581,391,548,297,527,236,509,176
1786207000.131,706,706,816,651,907,550,965,465,1000,386,825,363,832,199,838,99,844,23,748,348,743,183,741,79,740,0,678,361,673,210,675,112,678,39,610,393,603,266,610,175,621,100
1786207000.307,641,641,824,568,966,364,1000,143,949,0,855,185,882,53,868,236,846,267,746,186,770,66,770,283,755,290,638,194,655,84,675,294,663,309,528,217,547,126,579,283,573,326
1786207000.489,628,628,817,550,960,364,1000,148,951,0,840,180,871,53,862,227,840,274,734,174,761,71,759,272,736,290,629,182,656,87,671,279,652,303,522,208,558,117,583,259,568,306
1786207000.687,738,738,869,712,974,590,1000,465,979,362,926,400,962,217,977,107,979,18,835,377,860,197,871,92,866,0,746,393,757,297,768,413,763,500,658,433,681,361,703,452,706,531
1786207000.852,669,669,770,601,861,508,938,439,1000,386,761,298,782,162,793,88,805,27,690,286,695,145,704,67,712,0,624,309,614,177,618,98,624,29,561,357,530,253,517,187,508,122
1786207001.028,675,675,776,599,858,501,934,427,1000,374,756,295,781,158,794,81,807,17,684,284,686,139,694,62,704,0,616,312,606,183,609,110,614,46,556,362,512,266,486,216,468,169
1786207001.217,685,685,785,611,864,513,936,436,1000,382,759,309,785,169,799,90,811,23,688,299,689,150,695,67,701,0,624,329,611,195,614,119,617,52,567,382,524,290,499,231,478,173
1786207001.378,717,717,825,652,909,553,961,471,1000,404,818,349,832,200,839,106,845,30,741,339,731,182,722,83,715,0,670,368,647,221,637,133,634,57,604,425,554,329,529,277,515,232
1786207001.555,735,735,875,670,967,517,1000,387,996,291,860,363,853,179,851,84,850,0,779,387,780,300,803,436,814,503,698,419,705,328,735,467,746,537,621,463,629,370,663,472,674,537
1786207001.706,685,685,853,598,969,400,1000,201,997,54,861,206,864,0,869,48,859,33,755,230,763,114,788,312,787,342,652,265,664,162,699,354,697,391,548,312,568,208,602,347,597,403
1786207001.861,672,672,848,594,967,400,999,200,1000,52,879,207,910,1,920,22,916,0,773,221,787,101,794,293,786,334,666,247,684,142,706,333,702,380,561,289,584,186,612,328,610,386
1786207002.040,652,652,842,553,967,350,1000,148,993,0,868,166,876,21,868,190,854,265,756,177,758,57,764,261,756,303,645,197,655,90,675,292,669,339,536,231,559,133,587,279,581,334
1786207002.264,683,683,794,608,882,503,944,413,1000,351,808,331,844,186,860,99,870,23,733,313,749,166,761,78,770,0,660,328,656,188,660,99,667,23,590,370,564,267,557,197,560,131
1786207002.471,681,681,787,604,869,502,939,421,1000,366,780,308,807,172,824,94,840,28,705,299,711,157,715,71,717,0,634,328,620,203,618,120,619,47,569,380,535,289,516,228,500,169
1786207002.633,696,696,799,617,876,521,941,442,1000,385,790,329,818,190,836,109,851,41,717,318,722,169,724,78,724,0,649,346,633,218,629,131,627,54,586,397,553,303,534,242,519,182
1786207002.834,719,719,832,665,924,561,975,461,1000,377,849,371,853,208,855,106,858,23,768,353,759,194,754,88,750,0,692,364,676,236,671,159,670,95,619,399,594,288,589,215,591,154
1786207002.993,668,668,833,586,963,376,1000,159,990,0,859,208,877,70,871,238,856,300,759,215,778,104,782,308,768,330,657,230,676,126,693,326,684,352,552,255,578,161,601,314,592,362
1786207003.185,664,664,846,572,968,373,1000,160,1000,0,862,198,883,54,880,220,860,278,757,213,775,98,787,299,771,320,655,234,674,128,701,320,689,346,552,263,574,159,607,300,600,351
1786207003.371,709,709,862,640,967,472,994,295,1000,156,884,302,899,121,900,81,887,0,795,323,810,232,824,398,818,402,707,345,724,263,748,424,741,434,619,374,634,287,663,406,661,446
1786207003.535,668,668,778,601,870,506,941,425,1000,366,790,323,814,178,824,91,829,20,718,305,728,155,734,69,737,0,649,316,646,173,649,85,654,13,580,353,558,244,555,169,559,99
1786207003.697,683,683,788,605,875,508,942,429,1000,372,783,313,811,178,826,101,837,33,708,302,713,160,714,73,711,0,640,327,627,205,624,124,625,54,575,374,545,282,528,221,516,162
1786207003.875,686,686,790,609,874,515,942,436,1000,377,787,320,817,185,836,108,850,39,713,309,718,163,720,75,720,0,645,335,633,208,630,122,631,49,581,384,550,290,533,229,520,170
1786207004.059,692,692,798,621,877,524,941,441,1000,382,794,335,819,194,833,110,845,36,722,322,724,174,725,80,727,0,655,346,641,217,634,133,631,58,593,394,561,300,542,237,528,176
1786207004.238,766,766,900,722,989,565,1000,419,994,288,898,409,915,226,926,100,934,1,810,408,796,223,802,107,803,0,731,439,747,355,776,475,778,558,654,490,681,412,713,509,719,585
1786207004.414,685,685,861,583,982,370,1000,151,977,0,856,197,863,63,867,243,859,292,753,221,765,90,784,304,771,324,650,244,660,119,695,326,683,356,544,278,558,177,596,328,587,377
1786207004.594,688,688,862,596,980,384,1000,165,988,0,869,192,884,6,890,109,879,110,760,218,775,95,796,302,787,311,653,248,669,131,704,331,697,350,547,288,567,180,603,326,596,373
1786207004.759,741,741,866,697,955,570,988,453,1000,362,894,429,895,250,894,130,892,42,811,408,808,229,807,105,805,0,730,410,726,233,735,108,741,7,646,434,618,295,611,198,607,118
1786207004.947,687,687,792,614,878,515,945,436,1000,375,790,325,815,186,829,104,841,34,714,316,715,170,715,78,715,0,643,344,629,218,627,132,629,56,578,395,545,303,527,240,514,179
1786207005.150,683,683,790,607,876,510,943,435,1000,377,788,313,818,177,835,98,849,29,714,302,720,160,722,74,723,0,645,329,635,206,634,125,636,53,579,378,551,287,536,227,526,169
1786207005.305,685,685,790,610,874,515,941,437,1000,380,790,322,822,185,839,105,854,34,717,310,723,164,725,74,726,0,648,337,641,213,638,130,639,58,584,385,559,291,545,228,535,168
1786207005.484,712,712,810,655,890,565,949,493,1000,438,814,376,828,245,834,161,838,89,746,359,747,203,748,94,749,0,682,381,665,247,657,161,654,86,620,431,585,339,566,279,555,224
1786207005.666,721,721,848,670,943,527,980,390,1000,292,857,381,856,197,854,89,853,0,779,393,783,309,798,433,804,506,705,415,709,335,733,457,740,520,632,454,637,368,664,456,673,516
1786207005.854,617,617,792,525,918,341,968,159,1000,32,834,170,829,0,823,90,822,116,725,182,723,73,723,245,727,280,617,206,626,98,638,276,644,323,514,243,532,138,553,268,555,322
1786207012.197,654,654,762,640,855,556,932,474,1000,418,815,376,866,235,893,156,913,93,731,333,761,154,777,61,789,0,649,324,657,161,673,73,690,16,571,338,570,211,571,140,574,91
1786207012.369,686,686,788,642,875,554,940,461,1000,397,833,373,873,236,896,147,915,71,755,336,778,179,794,83,807,0,679,335,686,194,695,105,705,30,604,361,594,250,589,182,591,121
1786207012.559,678,678,784,637,871,544,937,458,1000,408,824,358,872,222,900,139,922,69,754,327,779,172,791,79,801,0,682,333,687,188,691,99,698,21,611,367,592,253,584,177,580,109
1786207012.715,680,680,779,635,867,546,935,462,1000,412,827,359,871,220,896,137,918,65,758,327,783,171,799,79,810,0,688,331,693,184,699,94,707,19,618,361,600,239,592,159,588,85
1786207012.903,706,706,814,680,906,591,965,501,1000,417,863,402,889,233,899,128,904,41,789,368,805,198,810,90,814,0,714,364,715,200,715,92,715,5,641,381,624,243,616,145,611,61
1786207013.079,572,572,743,508,898,357,987,192,1000,49,815,123,842,0,824,170,803,226,710,106,738,8,731,208,717,237,605,108,632,27,639,215,625,244,499,129,535,59,556,202,546,243
1786207013.249,585,585,772,510,921,337,991,150,1000,4,840,105,863,0,838,174,813,217,730,83,756,10,741,210,730,222,620,79,649,22,649,216,636,235,509,94,549,46,566,193,557,225
1786207013.399,576,576,751,490,892,321,969,147,1000,6,820,95,846,0,815,163,788,194,714,80,748,1,731,193,718,199,608,77,646,8,640,196,624,213,501,90,542,25,556,167,545,199
1786207013.555,566,566,740,482,881,325,961,157,1000,21,812,109,847,14,815,171,783,206,711,88,752,0,732,189,713,212,608,81,651,3,642,189,622,220,503,92,550,26,560,165,543,202
1786207013.727,678,678,779,628,869,545,938,477,1000,433,804,347,840,198,854,104,861,27,734,327,752,176,762,80,768,0,665,344,665,197,669,104,674,27,597,387,576,284,571,212,572,147
1786207013.899,679,679,783,617,863,527,934,457,1000,414,771,327,800,190,817,107,831,36,702,312,716,166,728,77,739,0,635,336,629,209,629,123,633,46,573,384,542,289,523,226,510,165
1786207014.080,686,686,789,624,867,536,936,467,1000,419,781,335,810,195,827,107,839,34,712,320,724,173,731,79,736,0,646,345,636,208,633,114,633,31,585,395,552,305,532,243,514,184
1786207014.254,736,736,846,699,939,598,989,501,1000,414,872,410,888,243,899,126,905,40,797,390,812,217,819,96,820,0,722,410,724,238,725,121,723,30,648,463,623,381,607,335,590,302
1786207014.452,608,608,796,532,946,350,1000,146,977,0,839,134,864,5,851,180,828,235,731,123,761,26,758,238,736,259,623,124,652,43,666,248,648,280,515,145,551,70,580,224,571,272
1786207014.621,608,608,787,533,939,361,1000,165,980,9,853,140,862,0,851,175,835,234,744,127,765,26,761,232,748,254,635,124,659,34,670,234,658,262,525,137,557,55,583,210,576,258
1786207014.812,693,693,807,683,908,590,965,513,1000,435,868,377,883,227,891,121,897,40,793,355,802,189,809,92,814,0,717,361,727,242,731,320,728,378,639,389,658,302,673,383,675,456
1786207014.977,676,676,778,611,861,518,934,448,1000,403,768,312,800,178,818,98,833,29,700,299,714,154,727,70,740,0,634,325,628,194,632,112,636,40,573,375,545,283,529,223,515,166
1786207015.149,680,680,782,615,861,527,934,457,1000,412,768,322,801,185,819,103,835,32,700,307,712,160,723,72,733,0,636,333,628,207,630,125,635,53,576,382,546,290,530,229,517,172
1786207015.332,689,689,788,620,867,527,936,455,1000,407,776,329,805,186,820,101,833,27,707,317,718,167,727,77,733,0,642,344,633,204,631,114,632,34,582,395,544,303,522,241,504,180
1786207015.518,736,736,847,681,927,582,973,492,1000,408,848,360,861,193,867,93,872,14,769,353,763,178,762,75,759,0,698,389,682,237,692,292,701,362,631,452,620,360,631,391,638,441
1786207015.700,650,650,828,550,959,362,1000,159,994,0,843,168,857,48,851,217,833,264,735,177,751,79,765,278,750,293,631,200,646,107,676,297,662,318,528,240,554,161,589,300,579,338
1786207015.875,633,633,810,534,942,343,992,148,1000,0,848,170,860,55,844,215,825,256,742,170,752,71,753,259,745,272,638,179,650,96,666,276,657,294,535,205,559,133,582,268,573,305
1786207016.061,740,740,850,714,933,606,974,504,1000,425,911,422,942,256,953,147,957,63,832,394,854,216,866,101,871,0,751,405,755,245,756,204,748,177,674,444,681,368,690,400,688,445
1786207016.229,681,681,782,613,866,516,938,443,1000,393,773,317,802,178,820,95,836,25,703,305,714,160,725,74,735,0,637,328,633,195,636,106,642,28,575,375,545,276,530,211,520,148
1786207016.411,687,687,785,613,865,513,936,441,1000,392,765,322,792,182,808,99,822,28,696,311,700,163,708,75,717,0,630,339,619,200,620,113,622,36,570,393,532,296,510,232,492,169
1786207016.579,687,687,788,615,867,519,937,444,1000,393,774,325,802,184,818,100,832,28,705,313,711,164,719,76,727,0,640,341,629,204,628,118,631,40,581,393,544,298,522,234,504,170
1786207016.751,716,716,813,646,891,552,947,469,1000,406,805,361,825,212,833,117,837,36,734,349,733,190,732,88,728,0,669,376,652,235,643,140,639,57,609,430,569,340,546,275,528,214
1786207016.897,759,759,873,712,958,600,993,486,1000,379,888,397,890,219,893,110,894,23,807,386,798,202,797,89,798,0,732,412,714,235,711,127,711,41,659,470,633,359,626,309,622,276
1786207017.058,669,669,844,573,970,377,1000,165,991,0,867,188,875,37,883,210,874,280,763,193,774,77,794,280,789,309,661,209,670,109,703,303,702,339,555,240,572,153,612,299,615,352
1786207017.256,658,658,849,548,963,351,986,147,1000,0,855,180,865,33,863,204,851,270,748,182,765,82,772,282,760,307,644,193,670,91,689,282,679,324,541,213,579,117,608,235,604,277
1786207017.408,646,646,838,551,957,361,987,152,1000,0,869,152,888,13,875,188,856,248,755,150,775,55,772,266,761,280,641,164,668,72,678,270,671,301,531,186,570,76,595,175,596,194
1786207017.583,682,682,786,613,871,519,939,445,1000,394,786,322,823,180,844,93,861,19,715,310,734,164,747,76,756,0,648,333,644,199,649,110,656,33,585,380,561,284,549,219,543,159
1786207017.776,679,679,784,609,868,513,938,438,1000,386,776,313,806,178,824,99,840,30,705,297,718,157,729,72,739,0,637,320,632,197,635,116,640,45,574,367,545,275,531,215,520,156
1786207017.957,679,679,782,608,866,517,937,441,1000,390,776,313,810,177,829,96,844,26,705,298,717,157,726,72,733,0,638,323,631,200,633,119,637,48,576,371,547,280,530,221,516,164
1786207018.134,682,682,786,614,868,523,938,446,1000,394,779,321,809,181,826,94,840,19,710,309,721,165,729,76,735,0,644,334,636,206,635,119,637,43,584,382,551,287,531,226,515,168
1786207018.301,721,721,826,665,909,581,959,500,1000,427,841,364,850,206,851,106,849,22,768,349,768,189,766,89,761,0,697,366,684,217,677,118,674,33,627,408,601,302,590,230,586,163
1786207018.493,616,616,794,542,937,360,1000,162,993,10,849,143,854,0,842,177,834,240,739,132,747,34,746,241,744,268,628,134,640,49,651,246,649,280,519,154,542,76,565,227,565,276
1786207018.662,619,619,799,542,939,357,1000,157,995,0,856,151,889,1,871,181,848,246,752,136,782,42,770,252,754,272,643,133,675,51,680,255,666,285,534,146,571,76,595,230,589,276
1786207018.830,623,623,800,556,929,379,1000,190,995,42,870,157,901,0,881,176,857,257,766,143,802,38,785,254,767,288,654,138,695,41,694,261,675,310,545,151,587,60,609,227,601,290
1786207019.016,677,677,779,616,867,533,938,463,1000,418,797,332,830,196,846,113,856,39,726,312,743,167,756,78,766,0,657,329,655,192,660,104,666,27,592,373,569,274,558,210,553,149
1786207019.198,676,676,775,614,860,530,934,462,1000,416,779,334,817,202,837,117,854,42,709,314,725,167,740,79,753,0,642,333,632,195,634,104,640,24,581,376,551,271,535,201,525,133
1786207019.373,679,679,779,616,865,531,936,463,1000,417,785,330,824,200,845,119,864,48,716,308,730,159,741,72,752,0,650,326,640,187,642,99,646,22,588,370,556,265,539,197,529,131
1786207019.555,678,678,778,615,864,531,935,463,1000,419,786,334,827,201,850,118,870,45,717,313,731,162,742,75,753,0,650,330,641,190,642,100,645,22,589,373,558,266,540,197,528,130
1786207019.725,727,727,833,687,920,602,971,515,1000,433,872,386,903,226,917,114,926,28,792,359,801,197,810,88,819,0,717,370,709,213,712,111,719,26,646,410,612,302,593,245,583,199
1786207019.902,650,650,830,541,946,345,997,150,1000,0,850,171,871,38,859,210,836,271,751,168,783,68,776,278,753,307,647,171,685,80,690,285,666,324,542,190,585,119,601,266,579,307
1786207020.082,666,666,839,551,957,354,1000,148,999,0,837,162,853,42,854,212,836,279,735,165,762,75,769,275,747,310,634,176,663,85,681,282,664,332,537,198,574,122,597,264,582,316
1786207026.992,717,717,815,672,892,586,950,524,1000,487,835,396,863,243,878,139,888,59,763,373,775,206,783,93,790,0,691,388,691,222,694,107,699,9,622,435,590,323,572,246,561,179
1786207027.138,680,680,779,638,865,560,937,498,1000,456,798,354,837,210,857,119,871,48,735,331,756,176,767,80,774,0,671,343,667,192,663,93,661,6,609,382,582,282,568,213,558,146
1786207027.336,652,652,760,606,857,527,935,465,1000,426,794,328,835,202,856,123,871,53,727,299,754,159,768,74,779,0,659,309,665,179,671,100,679,30,592,344,572,241,563,172,557,104
1786207027.484,660,660,769,606,862,522,938,450,1000,400,797,332,836,198,858,117,874,46,728,305,752,162,765,75,776,0,659,315,661,187,665,108,672,37,594,351,576,252,567,187,563,124
1786207027.655,686,686,794,627,884,538,947,461,1000,406,819,355,857,215,873,128,881,49,749,330,772,181,779,86,782,0,679,341,680,206,679,120,680,43,610,379,594,270,586,199,580,129
1786207027.837,730,730,858,653,948,531,982,402,988,285,949,391,983,222,996,120,1000,35,861,377,883,195,892,95,902,0,775,394,797,285,802,400,801,478,697,424,723,352,744,445,751,522
1786207028.007,737,737,859,647,941,514,986,383,1000,265,919,390,944,209,950,101,951,0,841,401,861,317,850,457,839,490,757,412,780,332,778,468,770,495,679,426,700,351,714,453,710,496
1786207028.159,726,726,853,655,942,512,986,369,1000,248,900,374,920,191,919,100,914,0,824,389,845,305,840,454,836,479,743,402,764,317,769,467,765,494,663,418,683,335,699,448,695,493
1786207028.311,738,738,857,655,941,517,982,390,1000,277,938,380,973,210,984,100,990,0,855,380,871,299,855,439,847,481,769,390,786,325,784,459,779,489,690,407,711,334,727,428,730,461
1786207028.485,673,673,786,611,872,517,939,442,1000,388,794,323,836,188,861,106,882,37,723,303,751,164,771,77,791,0,650,321,655,187,667,102,682,24,580,364,563,263,558,197,557,135
1786207028.692,664,664,783,613,865,525,936,453,1000,405,790,324,830,191,854,108,875,36,716,303,739,163,755,75,771,0,643,320,644,193,653,108,665,32,577,361,559,256,551,187,547,121
1786207028.839,669,669,782,611,866,519,938,447,1000,398,789,325,826,183,848,97,865,27,715,305,737,160,750,72,762,0,642,323,644,193,650,113,659,43,573,363,552,262,543,196,539,132
1786207029.030,706,706,805,642,888,543,949,461,1000,399,821,352,853,204,864,114,870,38,753,335,764,171,763,77,760,0,686,354,683,210,679,122,679,49,620,398,592,300,573,239,560,184
1786207029.216,739,739,866,666,956,536,986,404,1000,291,914,390,949,229,969,120,984,33,837,370,862,208,876,97,888,0,760,388,763,242,766,163,769,105,676,433,663,324,663,251,664,190
1786207029.397,720,720,874,673,972,540,1000,386,1000,276,924,391,961,184,972,90,981,0,841,391,846,293,837,422,840,481,760,397,767,298,770,432,773,493,683,412,691,342,704,436,705,485
1786207029.564,722,722,866,648,966,520,998,383,1000,273,926,356,958,176,970,82,980,0,852,348,862,226,860,276,866,296,778,355,783,286,779,403,778,462,706,368,717,298,727,375,733,422
1786207029.747,675,675,798,640,892,536,907,409,902,318,923,401,970,260,989,162,1000,84,851,352,887,210,904,122,915,44,771,326,796,195,807,139,814,98,685,316,684,177,690,81,697,0
1786207029.937,659,659,768,608,861,523,936,452,1000,407,805,325,848,196,873,117,891,51,735,299,760,158,776,73,789,0,665,310,668,180,675,95,683,21,596,347,578,253,570,188,566,126
1786207030.091,669,669,773,614,866,536,939,468,1000,422,806,334,848,203,873,120,893,54,734,308,760,164,777,74,790,0,663,320,666,188,673,101,682,30,593,358,571,264,560,199,554,138
1786207030.287,680,680,786,629,872,551,940,479,1000,431,822,359,869,231,895,147,914,73,752,328,777,179,791,83,801,0,684,337,683,199,685,113,690,42,618,372,602,270,594,200,589,135
1786207030.456,689,689,798,647,892,565,950,478,1000,414,858,368,898,220,914,127,923,48,788,331,814,177,824,81,830,0,718,328,733,177,743,83,753,7,643,350,638,220,639,132,644,51
1786207030.641,767,767,879,705,965,561,989,416,1000,293,906,402,922,215,928,99,929,0,830,415,842,331,849,451,839,489,759,444,778,379,798,502,790,532,688,485,718,424,743,516,740,550
1786207030.811,768,768,891,695,968,545,993,405,1000,290,910,401,912,209,911,100,908,0,835,417,865,329,877,479,863,527,761,443,797,366,810,510,792,546,688,477,727,408,744,514,728,555
1786207030.987,674,674,785,621,876,536,941,463,1000,418,824,338,864,183,881,88,890,12,749,308,775,154,786,66,791,0,676,312,686,159,694,72,702,4,601,340,586,217,586,134,594,58
1786207031.174,667,667,778,611,865,530,938,462,1000,413,794,326,830,195,853,115,873,44,723,305,743,164,756,77,767,0,654,322,652,195,655,114,662,39,590,363,567,264,555,201,546,138
1786207031.335,672,672,777,610,865,526,938,454,1000,402,794,320,834,189,858,109,876,40,724,298,747,156,762,71,774,0,655,314,654,186,659,105,668,35,591,355,566,258,553,198,544,140
1786207031.537,667,667,767,609,856,533,933,470,1000,428,795,331,842,205,867,123,885,50,728,303,755,161,770,74,780,0,660,314,660,179,665,98,671,29,596,351,573,251,561,189,554,130
1786207056.568,0,0,137,162,318,325,429,500,506,659,524,44,773,219,904,371,999,505,524,43,792,309,921,537,1000,718,475,90,737,347,855,565,926,737,393,185,593,362,709,503,797,623
1786207056.762,0,0,131,164,318,314,419,479,502,631,544,6,781,194,909,347,1000,476,539,8,804,287,925,520,995,712,490,71,757,346,875,566,944,747,413,184,609,365,719,517,791,652
1786207063.289,692,692,797,656,878,576,939,492,1000,424,825,397,866,264,891,174,912,95,756,375,776,214,789,102,800,0,687,389,687,246,688,144,692,52,620,428,597,324,589,252,589,183
1786207063.439,701,701,805,656,881,564,938,473,1000,411,821,384,859,242,883,150,904,73,751,362,771,199,782,91,792,0,682,377,683,229,686,131,694,47,616,417,593,303,583,228,582,161
1786207063.607,700,700,800,646,880,557,941,468,1000,404,821,370,861,230,887,144,910,71,754,344,773,185,785,86,795,0,688,356,690,215,692,127,697,50,624,394,605,283,596,210,590,143
1786207063.789,696,696,797,646,879,558,941,471,1000,409,824,370,864,231,891,146,914,74,758,343,776,184,788,85,798,0,693,353,696,210,700,122,707,45,630,389,611,280,601,208,594,143
1786207063.966,701,701,800,648,880,563,941,477,1000,414,824,373,865,239,892,155,917,84,758,346,775,188,789,88,801,0,692,358,694,215,698,119,704,34,630,397,611,290,601,218,595,151
1786207064.135,705,705,801,647,880,553,941,467,1000,404,817,379,851,249,871,170,889,101,753,350,771,189,787,88,802,0,687,361,689,213,695,116,705,28,623,401,596,295,583,223,578,156
1786207064.311,585,585,727,473,843,326,927,175,1000,58,688,69,742,0,756,155,737,202,584,74,633,4,648,186,622,223,492,106,539,32,561,207,541,257,409,156,452,91,480,203,469,252
1786207064.509,573,573,742,472,863,285,929,111,1000,0,753,96,771,8,756,175,738,193,641,92,666,18,670,216,659,204,533,109,559,37,573,220,558,222,431,140,456,83,484,204,477,218
1786207064.699,571,571,733,486,863,297,936,120,1000,5,754,97,772,0,763,163,745,172,646,99,671,2,685,201,666,188,542,117,565,23,590,210,571,210,439,145,460,72,489,203,474,224
1786207064.858,714,714,818,682,901,579,951,486,1000,415,836,383,842,231,849,126,854,46,764,364,769,196,777,93,781,0,692,376,689,217,695,139,698,71,621,416,619,314,628,295,634,281
1786207065.032,722,722,813,648,885,547,944,468,1000,412,793,359,819,203,833,102,843,18,722,353,726,193,732,89,738,0,657,384,643,239,637,141,634,55,597,442,557,347,537,280,523,216
1786207065.211,723,723,814,652,884,549,943,466,1000,408,792,361,812,210,824,112,834,29,722,354,723,193,723,90,723,0,656,388,637,244,626,150,618,66,596,446,554,350,526,284,504,221
1786207065.384,760,760,866,707,933,599,970,501,1000,422,841,424,846,249,848,121,849,21,757,423,741,241,736,110,735,0,681,462,648,294,639,171,631,69,614,530,562,430,532,363,508,307
1786207065.557,728,728,901,625,1000,373,993,139,921,0,839,191,839,40,878,222,872,295,724,228,732,119,789,333,770,364,617,291,630,200,694,399,677,430,510,373,532,287,589,430,580,477
1786207065.792,724,724,889,642,994,372,1000,135,929,0,860,165,848,29,872,240,867,274,742,198,733,78,783,319,772,310,632,254,622,155,682,374,670,371,520,321,524,245,579,398,576,422
1786207065.973,706,706,874,615,985,373,1000,148,942,0,851,158,854,6,872,208,863,279,734,183,741,61,772,288,758,318,620,229,628,128,675,346,669,380,509,295,525,214,574,369,576,414
1786207066.173,728,728,826,664,895,561,949,473,1000,407,799,378,808,208,815,95,821,8,727,378,715,206,712,92,713,0,663,415,633,266,621,167,615,84,609,477,563,395,538,335,521,281
1786207066.350,728,728,818,641,888,526,945,433,1000,369,788,351,796,199,801,106,808,26,716,352,694,187,686,87,682,0,653,392,620,248,604,157,594,76,597,455,550,361,520,298,496,238
1786207066.520,732,732,821,648,890,535,946,442,1000,377,792,357,799,205,804,110,809,27,721,356,699,188,692,88,687,0,658,393,627,245,613,155,603,74,602,453,554,356,523,292,498,230
1786207066.717,733,733,822,650,892,535,948,439,1000,370,792,354,800,203,807,107,812,22,722,352,703,189,696,88,691,0,660,389,634,244,619,154,608,73,604,449,557,353,526,290,500,230
1786207066.876,736,736,824,651,893,544,947,450,1000,383,792,360,802,211,807,114,811,28,721,359,701,195,692,90,686,0,660,396,631,251,617,156,607,72,607,460,558,365,527,301,503,240
1786207067.045,732,732,833,666,910,556,959,459,1000,385,826,381,838,210,842,98,845,12,756,372,754,202,758,89,763,0,691,395,683,237,687,133,696,51,628,444,603,338,601,275,609,225
1786207067.273,674,674,848,585,975,356,1000,138,974,0,894,163,909,16,909,200,889,256,782,166,806,46,813,251,788,275,673,193,702,97,722,295,701,321,565,239,609,179,639,315,623,344
1786207067.474,710,710,884,534,988,321,1000,133,990,9,910,124,944,0,941,175,907,240,809,130,849,9,855,202,825,256,706,160,752,51,769,244,748,301,607,219,661,145,685,271,666,318
1786207067.637,699,699,799,633,882,527,943,440,1000,381,794,359,819,240,834,168,849,108,725,338,723,180,721,81,719,0,661,358,642,203,629,101,619,16,603,410,567,313,543,257,526,208
1786207067.831,720,720,811,637,885,534,943,449,1000,394,789,361,812,221,825,133,838,57,721,350,707,187,705,84,705,0,660,375,637,230,627,133,620,51,606,429,567,330,545,262,531,198
1786207068.034,705,705,801,628,881,523,942,435,1000,382,790,353,816,210,832,123,846,50,723,341,715,173,713,78,711,0,662,368,645,225,634,136,625,58,605,420,564,322,536,260,513,200
1786207068.185,718,718,808,642,885,540,945,456,1000,400,797,370,822,229,837,137,850,57,732,357,727,193,729,88,731,0,672,381,654,230,647,125,645,34,616,433,574,335,550,265,534,198
1786207068.355,726,726,813,651,885,547,941,460,1000,405,801,372,824,232,839,148,852,76,738,360,729,186,728,85,728,0,679,384,660,234,653,141,649,59,625,436,587,335,567,270,552,208
1786207068.538,699,699,840,579,959,425,999,274,1000,135,859,178,870,0,882,76,882,157,760,181,770,2,788,129,793,240,664,204,681,57,706,198,717,317,570,252,593,137,620,232,629,322
1786207068.711,690,690,863,556,977,357,1000,149,969,0,875,178,889,24,893,200,878,265,777,188,800,72,812,275,796,300,678,214,699,101,721,296,708,331,579,259,606,160,634,294,626,340
1786207068.888,698,698,870,560,980,358,1000,153,971,0,883,179,904,28,911,197,890,262,783,189,815,64,829,262,806,297,683,216,716,97,737,289,717,334,579,266,621,161,652,294,641,345
1786207069.062,696,696,866,567,977,360,1000,151,979,0,892,177,903,17,904,199,887,270,789,184,813,53,819,260,803,305,686,204,708,75,723,282,713,342,581,247,615,139,640,284,635,345
1786207069.253,692,692,789,612,874,506,942,422,1000,366,775,328,801,200,817,123,830,54,704,316,697,163,696,75,694,0,640,340,623,205,616,123,612,50,579,390,543,293,523,228,509,166
1786207069.433,712,712,806,635,883,532,945,448,1000,389,783,353,802,219,813,139,822,66,713,344,700,181,696,82,694,0,651,373,627,240,619,163,615,92,595,427,554,331,529,268,508,206
1786207069.606,723,723,814,643,885,535,944,446,1000,386,790,369,808,232,816,149,821,74,723,359,713,192,709,88,704,0,664,387,638,249,628,169,621,95,610,440,565,346,536,285,511,223
1786207069.802,635,635,784,515,905,353,963,198,1000,80,775,134,775,0,788,149,796,245,674,137,678,2,700,185,710,273,575,158,585,42,618,218,631,305,481,204,499,107,538,225,553,294
1786207069.958,625,625,794,477,916,313,973,155,1000,43,768,126,793,0,811,164,803,213,674,128,704,7,736,198,730,227,579,142,605,19,648,209,642,256,490,176,516,74,561,203,561,252
1786207070.138,618,618,776,473,898,301,963,153,1000,46,751,113,776,6,792,175,781,240,650,110,679,0,710,194,709,248,552,126,580,18,625,208,635,275,464,164,488,77,541,203,557,261
1786207070.316,626,626,779,479,897,315,955,172,1000,72,733,106,777,4,797,175,779,235,636,109,681,0,716,201,701,250,543,130,582,23,632,220,628,280,457,174,489,84,542,210,545,264
1786207070.512,728,728,821,656,895,547,948,465,1000,418,803,382,817,258,822,183,826,113,735,369,730,204,729,95,730,0,675,395,657,251,653,149,655,57,618,450,584,362,576,299,577,237
1786207070.680,728,728,819,643,890,529,946,440,1000,387,786,367,798,228,805,143,810,68,720,361,710,192,708,88,707,0,661,393,635,257,625,176,620,102,606,452,561,362,536,300,517,237
1786207070.853,743,743,829,662,901,549,953,456,1000,392,808,389,816,252,818,168,818,94,745,378,736,203,738,94,740,0,689,403,672,244,668,139,668,48,633,457,605,351,598,275,597,201
1786207071.082,683,683,864,557,984,345,1000,133,954,0,857,179,864,29,872,195,855,270,760,187,776,57,789,248,774,303,661,205,673,75,702,262,696,327,560,244,578,138,622,272,629,334
1786207071.271,694,694,875,556,988,348,1000,135,945,0,872,199,863,56,880,214,877,288,775,206,783,78,801,269,791,319,674,222,686,92,712,279,706,338,568,258,590,154,622,282,618,332
1786207071.444,705,705,874,558,985,349,1000,139,950,0,860,183,851,55,860,214,851,288,759,190,769,71,790,267,780,321,659,209,670,84,704,277,704,341,561,252,578,146,617,282,620,341
1786207071.620,695,695,856,581,972,415,1000,249,988,117,860,174,874,24,881,163,873,273,757,159,768,0,783,170,782,286,656,160,674,3,698,172,704,295,552,188,573,54,605,170,614,270
1786207071.770,724,724,822,647,900,537,951,452,1000,401,797,358,816,229,827,155,838,88,728,349,723,186,725,85,727,0,665,376,646,243,638,164,635,95,606,428,567,332,543,270,525,208
1786207071.924,718,718,819,638,895,522,948,431,1000,379,789,342,804,208,812,132,819,60,717,335,708,176,708,79,708,0,653,364,629,234,620,161,615,95,594,417,553,318,528,256,506,194
1786207072.100,740,740,835,661,904,550,950,459,1000,403,805,377,818,238,825,152,829,75,738,371,734,200,736,91,738,0,676,402,653,258,644,167,639,87,619,460,575,361,551,296,530,230
1786207072.289,753,753,851,678,923,557,966,450,1000,369,841,365,838,188,833,82,829,0,771,367,760,188,751,85,741,1,709,400,692,265,710,314,732,373,649,454,626,354,643,378,663,418
1786207072.462,698,698,857,530,946,324,982,136,1000,0,847,180,874,22,877,194,853,263,759,196,796,66,805,261,779,301,667,221,701,97,722,289,702,341,575,260,605,158,634,280,623,331
1786207072.681,706,706,868,547,955,333,978,133,1000,0,849,193,877,70,875,240,848,280,763,207,801,112,811,310,783,314,673,239,707,143,729,330,703,354,584,285,619,203,648,325,631,356
1786207072.857,691,691,861,549,951,339,977,139,1000,0,859,198,881,50,880,213,863,276,770,206,799,85,808,282,788,316,676,232,707,117,728,314,713,362,577,275,611,180,640,312,633,362
1786207073.015,735,735,832,666,908,560,954,468,1000,407,822,390,838,258,843,169,846,99,753,373,749,206,746,92,743,0,688,394,677,244,669,141,664,58,628,447,592,364,574,309,562,263
1786207073.173,734,734,828,655,902,543,952,450,1000,391,802,375,818,230,825,148,828,74,734,368,729,191,729,85,727,0,673,398,644,261,629,181,619,112,614,453,572,357,548,295,529,234
1786207073.363,737,737,830,658,901,547,950,452,1000,389,806,378,822,237,830,151,834,75,738,370,732,194,732,88,731,0,677,398,649,262,636,183,630,112,620,451,581,353,558,289,541,225
1786207073.542,757,757,846,674,917,558,962,460,1000,387,830,402,839,263,842,175,844,101,768,388,763,207,765,94,768,0,710,413,696,251,693,144,698,54,655,470,620,381,609,322,607,268
1786207073.833,669,669,846,534,971,323,1000,114,929,0,865,148,867,1,865,166,855,252,762,150,770,6,775,204,772,274,657,165,666,30,686,232,692,306,556,205,574,103,605,246,613,310
1786207073.993,664,664,841,541,971,327,1000,121,926,13,861,133,879,0,878,182,860,242,755,140,782,8,789,230,771,268,647,159,672,35,696,255,684,301,540,203,573,99,610,259,606,312
1786207074.184,660,660,843,531,968,329,1000,127,931,10,860,149,880,0,881,183,863,258,756,150,787,2,794,224,775,278,645,161,678,19,701,241,688,306,534,199,574,86,611,245,605,313
1786207074.371,746,746,844,671,922,571,969,487,1000,418,819,387,831,248,838,165,842,95,750,374,742,200,738,90,736,0,688,399,668,255,658,156,656,70,631,457,598,367,588,304,586,245
1786207074.544,734,734,826,655,900,546,952,458,1000,399,804,374,818,238,826,159,835,88,735,367,724,193,721,87,720,0,673,398,645,265,632,185,627,113,617,455,580,364,562,306,552,248
1786207074.692,734,734,826,653,900,540,951,449,1000,389,804,366,820,231,830,151,839,77,734,359,718,191,713,87,712,0,674,391,648,259,637,178,633,105,619,449,587,360,572,303,564,247
1786207074.843,761,761,855,689,929,574,970,472,1000,394,842,404,849,235,853,127,855,43,775,393,769,206,770,92,772,0,712,415,696,245,695,137,700,51,651,466,621,368,615,317,616,280
1786207075.295,755,755,920,561,1000,343,997,141,986,0,861,210,893,64,912,218,899,302,783,221,828,83,854,264,838,329,702,245,750,108,783,287,768,358,621,294,683,182,716,303,701,368
1786207075.538,714,714,885,571,992,358,1000,145,969,0,896,192,920,20,930,194,912,294,805,199,830,48,846,247,827,321,712,217,740,80,766,276,752,356,612,255,650,144,683,274,677,347
1786207075.684,707,707,807,640,891,546,952,472,1000,419,800,377,819,261,831,192,842,130,735,358,731,191,730,85,729,0,676,374,665,227,663,131,665,52,616,418,589,326,582,266,581,212
1786207075.847,708,708,811,641,895,538,953,458,1000,399,800,372,824,250,839,181,853,116,735,352,733,188,738,85,742,0,676,368,665,223,664,131,666,51,616,410,594,301,592,225,596,152
1786207076.028,742,742,846,665,924,557,968,468,1000,393,834,388,845,259,853,187,862,120,765,374,754,200,752,93,752,0,704,396,689,242,687,147,689,65,644,448,609,352,596,297,591,248
1786207076.209,670,670,824,529,948,350,1000,171,999,28,823,150,843,0,853,151,843,250,726,155,751,9,773,191,765,277,628,176,654,49,685,227,684,316,533,225,561,115,602,239,609,315
1786207076.387,680,680,856,539,970,351,1000,147,989,0,855,190,863,39,878,179,871,282,769,201,779,60,799,228,791,322,681,221,692,84,723,248,723,347,588,261,613,144,649,258,652,341
1786207076.557,674,674,850,532,967,350,1000,149,989,0,845,184,873,40,880,193,861,274,761,186,793,58,806,238,786,290,674,198,709,72,728,252,711,311,579,234,621,122,647,247,634,307
1786207076.737,683,683,858,537,968,346,996,144,1000,0,857,196,896,62,889,219,866,294,773,195,818,67,818,258,800,314,684,205,727,72,740,263,726,336,590,240,641,128,663,253,650,317
1786207076.920,714,714,818,645,900,551,958,477,1000,420,817,388,840,258,850,189,857,132,749,365,748,188,749,84,748,0,685,376,677,217,676,114,677,32,624,416,604,320,600,255,599,201
1786207077.093,712,712,814,651,895,548,951,466,1000,410,797,380,816,245,826,164,834,93,726,368,719,199,716,92,715,0,661,390,641,257,634,174,635,101,601,438,570,338,557,274,553,216
1786207077.270,722,722,825,655,902,550,953,464,1000,401,806,388,825,256,834,172,839,99,737,375,733,210,734,97,737,0,674,399,658,265,657,176,665,98,615,451,588,365,583,305,587,248
1786207077.630,644,644,820,487,944,321,998,132,1000,0,828,141,875,12,864,162,836,244,737,127,787,10,785,198,761,260,644,134,688,18,700,202,689,274,555,175,587,64,622,190,626,262
1786207077.803,619,619,812,511,943,337,1000,141,995,0,842,160,871,15,854,182,825,251,748,151,782,28,769,222,743,270,652,153,678,25,679,222,664,289,554,177,583,87,605,227,601,291
1786207077.973,613,613,803,503,932,333,997,144,1000,0,832,167,863,19,849,172,826,252,740,154,772,18,759,206,741,270,643,154,674,13,675,206,664,288,543,178,580,71,601,210,597,287
1786207078.167,621,621,792,515,924,370,989,216,1000,93,826,149,854,9,844,153,823,250,739,140,769,0,764,179,748,275,650,150,684,19,691,195,683,294,558,190,596,87,621,207,622,290
1786207078.352,733,733,831,669,906,570,959,487,1000,414,808,386,817,227,820,123,819,38,739,382,733,211,734,97,735,0,675,412,656,255,651,146,652,53,615,474,579,378,568,307,565,242
1786207078.539,733,733,828,659,905,555,956,461,1000,387,802,383,817,230,825,139,828,61,731,380,723,205,724,95,725,0,667,410,641,255,630,151,624,58,608,467,569,368,549,297,535,231
1786207078.707,725,725,823,647,902,533,954,434,1000,362,801,357,811,212,816,131,819,55,729,356,717,187,714,89,713,0,665,390,640,252,630,165,626,85,606,451,567,359,547,299,534,242
1786207078.875,754,754,847,675,920,562,964,462,1000,378,828,391,836,223,841,113,844,26,761,385,747,206,749,92,757,0,702,413,679,249,673,143,676,55,647,471,615,371,607,301,609,239
1786207079.045,676,676,851,538,965,347,1000,138,997,0,845,159,857,60,858,229,843,275,746,164,763,62,779,262,767,284,647,187,663,96,690,291,684,322,555,236,578,170,611,304,608,338
1786207079.243,660,660,829,549,943,354,986,144,1000,0,843,186,854,81,843,249,830,287,742,187,757,79,760,275,752,288,642,207,651,105,670,299,667,324,549,246,563,181,593,317,597,349
1786207079.414,666,666,830,560,945,356,984,153,1000,0,836,200,853,73,848,232,834,289,740,199,762,71,766,260,752,304,642,215,659,89,676,282,670,342,543,250,568,157,597,290,597,346
1786207079.590,726,726,823,673,901,570,952,480,1000,415,817,387,828,221,832,110,836,26,749,375,746,202,744,88,743,0,687,393,674,230,671,120,670,33,629,437,607,332,601,259,600,198
1786207079.764,723,723,816,651,891,536,947,447,1000,397,787,368,804,222,815,144,824,74,719,361,714,186,716,82,718,0,657,393,634,252,624,164,619,89,599,450,563,355,545,293,531,235
1786207079.941,722,722,817,646,892,532,948,442,1000,385,789,362,807,218,817,137,825,65,720,354,708,180,707,79,709,0,660,385,635,242,625,157,620,84,605,442,566,346,545,285,527,228
1786207080.118,757,757,846,676,914,559,956,452,1000,374,822,391,828,217,832,107,837,20,755,391,743,212,745,95,753,0,694,426,671,266,666,159,668,71,639,487,594,399,572,342,558,295
1786207080.416,696,696,868,562,980,360,1000,153,980,0,858,188,879,37,891,194,874,275,765,206,791,89,808,274,790,325,673,239,696,131,724,309,715,355,578,290,612,193,643,324,637,377
1786207080.585,703,703,875,556,982,355,1000,152,978,0,871,199,877,60,887,209,875,287,776,208,792,87,807,266,796,322,682,232,699,116,724,292,720,352,585,278,612,179,643,305,644,367
1786207080.872,716,716,822,661,906,563,957,477,1000,414,813,387,826,239,831,139,834,60,744,374,742,206,738,93,733,0,682,396,666,261,657,169,654,92,624,447,594,361,585,302,585,248
1786207081.023,713,713,810,644,893,538,951,450,1000,388,796,368,818,231,830,156,839,88,726,358,727,185,731,84,732,0,663,382,642,248,636,169,635,98,602,429,570,335,555,275,547,216
1786207081.196,715,715,812,643,893,538,950,449,1000,387,800,370,824,231,838,152,846,81,729,360,733,188,736,86,737,0,665,385,646,249,639,169,636,97,603,432,573,332,556,269,544,206
1786207081.364,721,721,817,648,896,541,951,452,1000,391,806,373,826,229,835,146,839,72,737,363,736,189,736,86,735,0,675,390,654,253,643,171,638,99,614,442,582,347,564,285,553,224
1786207081.543,729,729,825,654,901,545,954,454,1000,388,809,374,823,231,832,146,839,70,742,364,733,193,733,89,736,0,681,390,662,253,655,167,656,88,624,442,589,348,572,286,561,225
1786207081.750,718,718,885,632,990,383,1000,159,961,16,845,194,845,0,871,184,876,311,743,217,753,58,788,283,780,381,636,257,645,123,696,336,697,425,526,318,541,206,592,354,598,429
1786207081.906,734,734,883,576,989,359,1000,148,945,0,870,170,888,3,902,182,882,273,770,194,805,69,827,275,807,328,669,228,701,115,738,311,729,367,568,285,602,173,646,310,646,370
1786207082.103,704,704,864,557,976,349,1000,143,944,3,871,168,889,0,888,169,870,273,771,183,797,70,801,269,791,333,666,206,694,100,716,295,719,369,566,246,597,136,629,276,636,353
1786207082.274,724,724,830,670,912,571,958,476,1000,403,824,383,827,219,825,105,822,18,751,366,741,198,737,86,733,0,686,383,670,229,663,126,661,44,627,429,607,335,603,275,604,227
1786207082.440,718,718,817,644,897,531,952,445,1000,388,795,368,810,240,820,171,829,107,727,356,721,185,722,82,726,0,668,382,646,250,642,175,649,114,611,433,580,342,578,294,590,254
1786207082.617,729,729,826,657,905,546,956,454,1000,387,812,379,829,255,837,188,843,125,746,363,749,191,754,85,760,0,686,385,670,260,670,195,682,141,626,433,595,343,595,293,612,249
1786207082.789,738,738,845,650,924,529,969,420,1000,325,829,354,841,225,847,163,849,107,756,341,750,170,757,70,772,0,693,368,670,230,683,173,713,142,633,423,600,333,601,292,619,268
1786207082.945,731,731,845,640,931,507,975,387,1000,282,828,316,838,172,845,112,854,76,751,306,735,116,741,35,759,0,681,335,650,176,658,129,688,131,614,393,575,284,579,254,604,260
1786207083.095,771,771,914,598,998,370,1000,159,985,0,884,181,883,3,918,164,922,274,801,210,800,63,842,246,846,330,717,251,722,122,769,296,773,376,632,309,658,205,706,331,713,399
1786207083.320,775,775,918,584,991,364,1000,163,988,0,888,204,904,17,932,168,923,274,809,229,828,72,865,264,847,348,727,268,756,141,797,328,780,408,643,328,690,224,730,353,715,422
1786207083.511,773,773,918,592,993,365,1000,158,988,0,898,208,911,29,935,195,922,298,816,234,831,78,866,278,848,358,732,273,750,134,795,324,786,405,644,331,678,218,724,344,717,415
1786207083.685,708,708,809,643,893,539,952,458,1000,398,799,363,819,234,827,157,831,90,730,349,733,180,730,81,727,0,666,372,652,246,646,170,648,102,605,423,577,335,569,279,571,227
1786207083.867,712,712,812,645,894,539,950,451,1000,389,807,375,822,247,831,171,839,103,739,357,738,190,740,86,744,0,678,378,662,243,659,159,667,85,620,426,591,340,586,288,592,239
1786207084.048,719,719,820,660,903,567,961,485,1000,414,832,378,842,227,845,135,847,63,764,359,761,184,760,80,761,0,701,374,692,205,696,106,703,39,639,418,616,312,624,305,637,327
1786207084.218,588,588,741,504,871,385,950,277,1000,187,765,147,771,0,759,131,752,234,666,135,683,2,677,162,674,262,570,141,585,8,589,160,591,262,476,167,474,50,480,107,484,148
1786207084.399,626,626,805,543,935,354,986,164,1000,22,824,141,856,10,837,188,810,263,720,136,752,0,745,222,727,282,611,145,640,22,653,241,645,308,499,175,529,74,558,226,556,284
1786207084.582,654,654,832,578,968,368,1000,147,974,0,850,146,892,26,874,207,840,272,749,145,799,29,786,254,752,302,643,156,688,52,697,278,673,338,533,191,579,90,605,252,593,311
1786207096.162,737,737,846,677,924,569,963,460,1000,372,846,385,879,248,898,157,913,80,771,362,777,197,784,89,792,0,702,380,689,236,688,137,694,54,635,428,604,328,594,258,597,197
1786207096.334,736,736,845,688,927,579,967,473,1000,382,842,398,870,255,887,163,903,85,768,380,777,211,784,97,792,0,698,402,683,256,682,159,690,72,628,452,594,347,587,275,593,206
1786207096.523,735,735,843,668,922,561,966,457,1000,365,841,377,870,231,889,143,904,67,766,357,772,186,778,84,787,0,695,376,684,227,685,132,694,51,626,424,594,320,588,247,593,181
1786207096.710,737,737,841,667,919,559,964,456,1000,362,841,378,871,238,890,151,904,72,768,358,774,187,780,85,787,0,700,377,688,228,689,138,697,59,634,425,603,323,594,252,596,188
1786207096.866,731,731,834,660,915,556,966,463,1000,379,831,384,853,251,870,182,887,125,762,362,775,188,790,83,808,0,697,377,694,218,703,120,724,46,630,423,602,321,604,254,621,199
1786207097.052,616,616,783,551,913,353,972,198,1000,88,800,144,803,0,810,182,810,252,693,155,692,31,708,239,709,282,586,178,589,79,615,278,619,328,479,217,489,123,524,268,531,323
1786207097.239,689,689,859,571,961,355,986,153,1000,0,859,188,868,61,866,243,851,306,755,201,767,96,778,305,763,336,650,223,664,129,690,334,679,375,544,260,561,172,599,321,598,372
1786207097.425,680,680,846,581,952,360,980,153,1000,0,859,188,867,64,859,235,848,290,761,193,769,96,774,306,765,323,660,205,670,120,688,327,680,363,559,232,569,145,601,287,604,334
1786207097.580,653,653,823,555,944,337,988,165,1000,46,865,117,877,0,865,183,854,266,753,109,761,4,760,226,756,296,638,127,647,41,661,254,662,329,526,170,543,93,572,241,577,298
1786207097.724,702,702,801,635,881,541,942,458,1000,404,807,361,831,231,841,150,850,77,735,343,739,192,745,90,751,0,667,363,657,236,650,151,648,75,605,410,575,315,560,252,553,193
1786207097.907,700,700,794,629,873,536,940,456,1000,402,785,350,819,204,836,116,848,38,715,337,727,183,740,86,753,0,651,363,638,233,637,151,638,74,593,412,556,314,533,250,513,187
1786207098.095,703,703,796,629,871,534,938,452,1000,397,789,347,818,201,833,114,845,36,721,335,728,180,741,86,753,0,657,362,642,223,641,138,644,58,597,414,561,316,541,250,522,184
1786207098.283,728,728,826,659,899,557,949,463,1000,392,826,375,851,217,862,114,870,29,754,361,757,198,764,91,772,0,689,386,672,242,667,149,670,69,631,438,598,349,586,298,584,254
1786207098.469,677,677,846,542,966,344,1000,149,972,0,833,168,837,26,850,189,843,282,723,179,730,67,755,254,750,323,616,198,626,98,662,273,664,347,515,236,531,154,568,280,569,342
1786207098.656,675,675,853,556,967,359,1000,159,997,0,847,181,884,42,885,217,862,278,747,188,797,73,805,277,772,306,646,208,697,99,715,300,685,335,543,247,600,160,628,300,602,341
1786207098.844,652,652,832,570,958,369,1000,159,999,0,844,168,884,19,876,200,853,273,746,173,790,51,786,269,759,293,643,190,684,74,696,291,672,325,536,224,581,139,606,292,588,333
1786207099.046,703,703,801,636,878,545,942,465,1000,407,798,360,822,211,833,124,842,49,728,344,733,186,741,87,749,0,663,366,655,223,654,136,656,58,603,413,577,313,567,249,561,189
1786207099.220,704,704,803,635,879,541,942,460,1000,404,794,355,817,208,827,119,836,43,723,341,726,182,731,85,735,0,657,364,643,230,638,146,637,69,597,410,566,311,549,246,537,183
1786207099.440,704,704,801,632,879,537,942,456,1000,400,796,350,824,215,839,131,853,56,724,334,728,177,733,82,736,0,659,356,645,221,641,139,639,63,601,402,569,301,549,237,532,174
1786207099.611,770,770,886,720,967,590,999,470,1000,370,899,399,916,203,925,89,928,0,824,396,829,198,842,125,849,51,748,424,762,309,787,431,793,518,675,474,700,391,733,482,743,553
1786207099.767,690,690,869,562,974,364,1000,160,985,0,875,182,885,31,886,197,869,283,774,188,788,81,797,280,781,327,670,203,687,105,712,298,702,359,566,234,593,147,624,283,619,342
1786207099.939,702,702,870,575,975,367,1000,160,998,0,861,187,868,49,870,216,857,285,762,197,780,89,792,293,778,331,661,216,681,112,706,311,697,362,559,253,586,163,622,303,620,357
1786207100.095,701,701,872,574,977,369,1000,163,994,0,869,179,881,37,879,205,862,280,769,188,792,79,800,283,787,324,667,207,690,102,713,300,705,353,563,245,588,151,626,291,630,347
1786207100.252,664,664,834,588,963,389,1000,220,998,93,870,136,897,0,889,187,871,265,763,127,792,0,796,225,780,294,650,134,680,31,700,260,688,344,531,163,567,81,604,249,600,322
1786207100.395,703,703,799,635,878,544,943,465,1000,409,792,356,817,221,831,143,842,72,720,340,724,184,732,86,739,0,654,362,643,231,639,148,636,74,595,408,560,309,539,250,521,191
1786207100.581,705,705,801,633,878,537,941,456,1000,403,793,348,819,217,834,136,848,64,720,333,719,178,725,83,732,0,654,357,636,220,631,131,631,51,597,408,559,310,538,246,522,182
1786207100.767,712,712,807,641,882,545,941,456,1000,395,805,358,830,217,842,127,851,46,732,344,732,188,736,88,738,0,665,370,649,232,645,143,644,62,606,419,572,325,551,263,536,204
1786207100.971,713,713,810,639,885,542,943,452,1000,385,805,358,827,221,838,132,849,51,732,345,730,189,733,89,736,0,667,370,650,230,644,138,643,53,609,420,573,329,554,270,544,213
1786207101.160,651,651,823,543,956,365,1000,167,988,18,848,158,859,0,865,151,856,248,747,155,758,18,773,199,766,278,648,167,659,58,684,226,680,304,544,202,563,111,595,229,596,294
1786207101.329,667,667,853,571,972,366,1000,156,990,0,866,180,874,22,887,193,880,261,764,191,778,69,802,273,791,305,664,209,680,99,712,300,703,343,561,236,591,145,624,293,617,346
1786207101.518,664,664,848,561,968,359,1000,153,992,0,865,180,879,26,883,197,870,257,766,186,787,57,802,262,788,296,668,203,687,87,713,290,701,334,567,232,593,135,626,277,621,329
1786207101.674,714,714,810,646,887,547,946,460,1000,397,806,368,829,209,838,107,843,23,734,356,740,195,748,89,755,0,669,377,661,235,665,137,676,57,608,422,583,322,579,262,587,211
1786207101.847,714,714,807,636,881,536,945,448,1000,388,798,356,820,193,831,96,837,17,730,351,726,184,729,82,731,0,667,378,649,237,643,142,641,62,609,427,579,332,565,269,556,210
1786207102.035,717,717,810,634,881,536,943,446,1000,383,787,345,812,186,827,89,837,6,716,344,708,180,706,81,705,0,653,379,628,244,617,158,608,83,595,437,556,343,532,284,512,228
1786207102.208,720,720,813,639,884,536,944,446,1000,380,795,348,812,191,820,93,826,9,722,345,712,182,708,83,706,0,657,381,632,244,617,157,607,80,598,441,557,349,531,292,510,238
1786207102.364,672,672,830,590,960,380,1000,182,982,38,840,162,862,0,872,183,859,273,733,170,750,37,778,238,769,288,629,198,651,82,691,282,687,337,526,245,564,150,609,292,609,347
1786207102.520,704,704,876,592,978,360,999,147,1000,0,867,211,878,88,879,267,861,307,761,226,776,121,799,329,779,334,659,253,675,163,711,360,691,380,558,294,578,216,614,344,602,376
1786207102.709,700,700,855,601,965,373,996,160,1000,0,863,198,875,65,872,240,860,291,761,213,774,107,789,315,779,323,659,241,671,144,699,346,689,359,555,282,574,199,610,346,605,384
1786207102.896,692,692,852,603,963,374,997,159,1000,0,864,201,873,51,872,242,863,293,762,215,768,104,786,317,780,318,660,244,665,143,695,343,689,350,557,285,568,205,604,348,604,381
1786207103.069,713,713,815,653,892,546,946,452,1000,384,816,370,841,204,850,101,854,20,743,358,751,188,758,84,764,0,673,381,663,224,663,122,667,39,606,429,575,324,561,258,555,199
1786207103.255,718,718,813,644,884,540,942,452,1000,390,789,354,816,197,829,99,836,18,720,348,722,186,725,85,728,0,656,381,634,237,623,140,616,53,596,441,555,348,533,283,514,222
1786207103.444,722,722,816,646,886,542,942,453,1000,391,790,353,816,195,828,96,833,13,719,348,718,183,717,82,715,0,655,382,629,244,615,156,606,79,596,442,552,350,527,287,508,227
1786207103.632,742,742,839,670,911,563,957,464,1000,387,842,387,866,221,876,113,882,28,771,375,780,201,789,89,800,0,704,401,699,238,702,135,710,52,640,454,610,358,601,302,602,258
1786207103.804,704,704,878,583,986,368,1000,155,973,0,861,198,855,59,865,232,865,314,757,208,757,89,776,291,771,345,654,231,656,123,686,315,684,373,550,273,561,180,596,320,596,375
1786207103.959,729,729,904,593,996,372,1000,155,983,0,860,207,855,87,869,260,860,312,760,226,772,125,798,333,778,353,663,255,677,154,714,351,694,387,568,299,594,218,635,353,623,393
1786207104.130,712,712,885,587,988,370,1000,160,974,0,855,190,857,60,870,233,859,304,751,214,761,105,787,313,768,346,648,246,663,135,701,340,684,383,546,292,578,205,621,350,613,397
1786207104.319,715,715,810,640,884,538,946,448,1000,382,802,359,825,201,834,100,840,18,730,349,731,188,737,86,744,0,664,376,648,235,645,142,649,63,605,429,574,343,564,294,564,252
1786207104.475,719,719,809,641,877,543,940,452,1000,385,794,352,820,202,835,112,846,31,721,343,726,185,734,88,742,0,655,372,635,241,630,165,629,92,598,424,563,325,543,263,528,201
1786207104.632,722,722,813,641,879,541,939,449,1000,383,795,354,820,206,835,117,845,37,723,345,727,184,735,86,742,0,658,375,634,238,626,158,624,84,601,428,563,328,541,264,521,201
1786207104.820,727,727,818,646,883,544,941,450,1000,383,799,359,825,209,840,117,850,35,728,350,731,186,738,87,744,0,663,381,640,242,632,157,630,79,605,436,567,335,545,270,527,205
1786207104.992,756,756,853,684,922,575,962,475,1000,395,847,389,863,218,872,108,877,23,772,383,773,205,778,90,783,0,702,414,691,249,692,142,697,57,634,473,599,379,592,331,594,297
1786207105.164,706,706,877,584,977,366,1000,154,985,0,852,188,854,48,867,220,859,281,755,213,757,107,786,307,772,317,660,245,666,157,707,350,695,374,566,287,585,219,630,355,625,390
1786207105.352,709,709,877,585,969,359,989,148,1000,0,865,190,863,56,870,234,858,279,764,212,772,108,795,316,782,324,665,244,677,153,711,354,697,378,568,284,585,208,622,348,615,384
1786207105.538,710,710,879,589,972,367,992,157,1000,0,861,188,865,51,871,229,860,284,764,208,774,102,795,309,782,323,668,237,680,149,714,352,701,377,571,279,591,206,634,351,631,389
1786207105.725,714,714,811,639,886,542,945,459,1000,396,796,348,820,186,830,85,837,1,721,344,723,187,728,87,734,0,652,374,633,238,627,148,625,69,589,426,546,332,521,271,502,214
1786207105.881,709,709,802,636,878,545,942,463,1000,405,787,348,814,187,828,90,836,7,714,343,717,183,724,84,729,0,646,373,627,234,619,150,614,75,584,426,541,331,514,273,491,217
1786207106.038,720,720,808,647,878,553,941,474,1000,416,783,358,801,199,813,100,819,16,713,353,710,185,716,84,721,0,648,383,625,235,616,139,609,55,589,439,545,341,518,275,495,211
1786207106.225,721,721,809,649,880,555,942,474,1000,414,787,358,809,201,821,104,828,20,716,353,712,183,716,83,717,0,650,386,625,237,614,141,605,58,590,445,543,350,512,289,485,228
1786207106.414,771,771,884,720,960,607,988,507,1000,412,896,358,916,185,924,81,926,6,813,350,817,180,823,73,823,0,737,389,745,292,771,395,782,490,668,453,685,382,714,453,726,530
1786207106.600,729,729,895,598,990,378,1000,163,989,0,874,221,871,66,890,232,882,312,780,239,787,112,817,311,802,365,685,265,694,153,735,348,726,416,587,309,603,206,649,344,650,409
1786207106.786,731,731,899,595,990,372,1000,160,995,0,876,215,885,60,901,226,890,308,782,236,804,102,830,307,805,358,685,267,710,146,751,349,733,412,585,314,618,204,664,345,658,411
1786207106.972,812,812,927,744,1000,625,990,510,971,419,949,422,965,241,969,123,971,30,863,403,870,218,876,97,882,0,787,422,787,247,794,132,802,38,711,471,701,347,701,265,705,196
1786207107.146,711,711,806,640,883,548,943,470,1000,420,803,360,832,201,845,101,856,17,728,350,730,190,737,86,745,0,659,376,643,246,642,169,642,102,596,424,555,333,530,276,510,221
1786207107.318,716,716,811,645,885,545,943,466,1000,414,795,361,818,197,828,97,836,14,722,355,716,188,716,84,716,0,655,384,632,255,622,173,613,102,593,436,549,344,520,287,496,231
1786207107.504,724,724,818,647,888,543,945,457,1000,396,796,358,806,196,810,93,813,7,723,357,710,187,705,84,701,0,658,390,631,251,616,163,605,87,598,447,552,351,525,289,503,230
1786207107.675,756,756,867,697,949,568,986,471,1000,396,882,359,900,182,910,79,915,0,802,362,813,186,824,106,824,41,725,404,733,314,758,427,765,518,654,470,669,402,702,481,715,551
1786207107.847,710,710,875,605,979,374,1000,158,998,0,870,199,884,52,888,245,872,307,759,217,769,97,791,319,776,346,652,254,666,163,702,381,688,418,546,307,573,239,613,388,606,427
1786207108.097,731,731,893,634,988,397,1000,166,994,0,883,226,887,89,896,276,886,330,779,247,790,121,819,346,800,355,678,285,694,189,734,398,714,419,576,335,603,261,645,400,634,434
1786207108.282,722,722,890,606,987,379,1000,159,997,0,871,214,892,81,904,257,886,314,772,235,799,114,827,322,802,345,675,273,703,160,744,367,720,406,577,326,619,242,662,381,646,426
1786207108.454,731,731,825,644,896,525,949,425,1000,356,798,356,806,188,812,84,817,0,726,358,711,195,705,90,704,2,664,394,636,259,620,169,609,91,610,453,565,369,536,314,515,263
1786207108.625,738,738,830,644,897,527,949,428,1000,355,801,348,814,190,825,93,834,9,727,350,708,185,702,85,701,0,664,388,636,246,623,156,616,75,608,450,561,349,534,286,515,226
1786207108.798,738,738,830,648,896,534,948,434,1000,360,802,353,818,191,829,91,838,6,730,356,717,188,714,86,712,0,666,394,640,251,629,159,622,77,607,454,564,353,537,290,515,232
1786207108.984,732,732,821,643,890,528,945,427,1000,354,796,348,807,193,815,100,823,17,724,346,704,182,695,84,688,0,661,382,633,240,616,154,605,75,605,445,558,346,532,285,514,225
1786207109.140,798,798,913,734,988,596,1000,470,977,371,903,387,918,199,928,86,931,0,825,393,814,197,816,86,812,2,756,439,759,336,796,429,813,509,691,505,707,435,747,508,767,577
1786207109.327,716,716,891,585,991,366,1000,154,972,0,861,207,861,70,885,238,876,300,762,227,771,114,808,317,788,345,665,259,680,158,728,351,712,385,566,307,594,218,644,355,636,404
1786207109.484,728,728,904,589,998,370,1000,159,980,0,874,207,880,68,897,240,887,309,775,228,790,107,821,313,800,347,676,260,695,152,738,353,719,394,574,308,609,218,654,361,641,409
1786207109.657,718,718,890,586,990,368,1000,158,980,0,873,203,882,63,896,233,885,302,775,221,792,98,818,302,797,332,676,254,696,144,734,341,717,376,573,305,606,210,649,350,636,398
1786207109.828,716,716,816,654,893,552,951,456,1000,385,818,374,843,211,854,104,860,21,742,356,750,192,758,86,764,0,672,372,663,222,665,124,669,42,608,413,583,305,574,235,574,173
1786207109.999,714,714,810,640,885,543,944,455,1000,391,795,356,821,197,834,97,843,17,726,350,726,187,729,84,731,0,663,382,641,236,630,140,622,60,606,440,566,352,541,294,519,242
1786207110.188,721,721,811,637,881,535,942,446,1000,385,783,343,805,188,818,94,829,14,712,343,697,180,689,82,684,0,651,380,623,241,607,155,598,78,599,441,553,348,525,289,502,232
1786207110.376,725,725,814,639,882,533,942,441,1000,379,787,345,807,192,819,98,829,16,715,345,700,181,692,83,687,0,655,381,624,239,609,153,600,77,604,442,557,349,527,290,503,232
1786207110.578,737,737,832,667,906,561,956,462,1000,377,814,374,816,206,820,101,827,16,740,370,727,198,728,91,731,0,673,401,648,237,643,139,645,56,611,457,569,350,551,282,542,219
1786207110.765,713,713,884,605,986,372,1000,158,999,0,858,212,881,69,896,255,877,314,758,231,785,123,813,329,784,356,660,265,689,162,729,363,701,401,562,310,598,224,641,367,625,417
1786207110.954,703,703,874,602,980,380,1000,161,997,0,870,208,886,64,891,258,875,312,763,226,781,116,802,340,780,350,657,253,677,156,712,368,687,391,550,289,578,217,615,361,599,395
1786207111.111,706,706,875,607,979,384,1000,164,1000,0,873,203,886,63,889,249,872,298,767,217,787,107,810,325,787,328,662,245,681,157,715,358,691,369,557,285,580,208,622,349,611,382
1786207111.298,674,674,836,597,956,371,998,169,1000,22,872,168,885,0,879,196,869,266,760,170,766,49,778,274,774,301,648,188,657,90,685,305,682,349,537,218,551,109,587,221,590,253
1786207111.500,701,701,802,637,883,542,945,455,1000,390,805,354,829,219,843,140,854,69,733,335,743,181,751,84,758,0,666,352,658,217,657,129,659,51,602,395,571,295,559,233,556,173
1786207111.672,708,708,807,636,885,537,945,444,1000,378,808,352,833,216,845,131,856,56,735,336,737,178,740,83,744,0,668,360,653,224,647,138,645,60,609,408,577,307,559,242,548,178
1786207111.861,741,741,842,665,914,554,958,449,1000,366,839,380,865,212,874,104,880,18,764,371,767,199,776,89,790,0,695,399,680,241,681,137,692,56,632,452,597,356,587,307,591,274
1786207112.078,684,684,861,610,985,385,1000,157,956,0,840,200,856,57,872,237,854,303,729,217,753,90,783,304,756,338,626,255,653,144,692,345,665,376,522,311,567,229,607,366,587,401
1786207112.232,705,705,891,618,999,392,1000,163,967,0,859,204,881,85,894,268,870,317,749,223,776,104,809,322,773,342,645,262,677,163,720,369,683,390,540,315,590,252,633,392,606,418
1786207112.418,703,703,884,624,995,390,1000,158,968,0,859,196,874,60,890,252,868,302,747,217,775,94,809,314,777,337,644,258,672,150,719,358,690,379,538,311,587,244,635,388,615,415
1786207112.607,690,690,862,588,983,369,1000,149,954,0,853,170,874,31,892,219,871,281,739,184,767,44,800,266,769,302,631,222,666,99,713,312,685,355,525,281,585,190,636,332,619,380
1786207112.779,726,726,819,644,889,535,945,442,1000,377,796,346,816,187,829,90,841,10,726,346,717,183,716,84,715,0,662,380,641,234,630,144,624,68,605,439,567,347,542,292,521,241
1786207112.936,728,728,818,643,886,539,943,447,1000,378,791,345,810,185,821,85,829,1,719,346,701,181,691,82,683,0,655,384,630,240,615,147,604,68,597,445,554,348,527,289,507,234
1786207113.125,737,737,826,652,894,540,947,438,1000,364,808,354,819,189,824,85,831,0,736,353,715,187,703,86,695,1,674,390,646,243,632,150,623,70,619,451,575,367,546,313,522,264
1786207113.504,757,757,917,620,998,376,1000,155,998,0,875,207,893,87,903,271,882,315,770,235,802,130,833,350,809,363,670,282,704,193,749,405,729,435,576,346,614,279,656,420,640,457
1786207113.693,723,723,892,649,993,404,999,165,1000,0,887,218,883,80,896,265,888,308,779,239,785,121,824,341,809,336,677,274,689,188,733,389,713,393,572,318,598,248,636,383,618,411
1786207113.866,720,720,892,633,988,397,996,165,1000,0,884,219,884,85,897,264,887,305,778,238,786,118,825,333,806,333,675,273,689,190,734,386,712,391,571,319,597,250,637,382,620,411
1786207114.051,747,747,848,693,925,561,969,450,1000,365,846,389,848,211,853,93,860,4,762,382,743,201,742,86,742,0,688,411,663,241,666,138,668,54,620,466,589,356,579,288,574,230
1786207114.238,719,719,810,637,880,531,941,445,1000,381,775,344,796,193,808,102,819,25,704,342,689,182,681,82,676,0,642,381,618,242,607,156,600,80,586,443,542,346,514,283,491,222
1786207114.396,720,720,810,637,878,529,940,441,1000,376,771,338,793,194,804,101,813,21,699,336,684,178,676,82,671,0,637,376,611,237,599,150,589,71,582,441,536,344,504,281,477,220
1786207114.554,752,752,842,660,904,531,949,418,1000,339,797,356,814,197,824,98,832,12,721,358,702,192,690,88,679,0,658,399,624,253,607,163,596,83,604,468,551,370,520,304,497,239
1786207114.760,743,743,856,701,932,574,965,459,1000,362,841,400,849,211,854,93,861,2,757,398,742,200,745,85,750,0,684,437,658,316,672,359,684,408,619,494,604,401,621,439,634,492
1786207114.933,712,712,870,593,961,361,986,149,1000,0,856,197,869,65,880,253,859,292,748,220,764,110,796,322,774,325,646,261,667,171,712,368,691,380,549,314,581,252,628,381,615,403
1786207115.106,708,708,865,618,968,379,993,156,1000,0,858,207,873,70,881,261,863,311,752,232,767,109,798,334,774,338,649,271,668,170,710,373,685,386,545,321,571,246,612,375,595,399
1786207115.293,702,702,866,623,971,370,993,150,1000,0,854,187,857,63,869,257,850,291,745,220,751,103,784,327,761,322,641,263,651,162,695,369,671,379,539,311,559,243,600,379,584,397
1786207115.481,701,701,798,642,876,547,938,466,1000,417,799,368,833,221,858,141,881,76,730,348,743,179,755,81,765,0,663,368,651,219,648,126,650,47,601,415,570,310,555,242,548,181
1786207115.655,702,702,799,642,876,550,938,469,1000,415,800,369,837,219,857,135,870,61,731,352,745,183,751,84,752,0,664,373,652,220,644,128,638,50,600,419,568,310,545,243,527,182
1786207115.842,709,709,805,644,879,548,939,462,1000,406,802,367,841,223,865,139,886,68,734,350,748,183,757,84,763,0,667,372,652,215,645,122,641,40,604,422,567,316,545,247,528,182
1786207116.030,716,716,811,650,884,556,941,468,1000,406,805,372,841,227,864,139,884,64,736,357,747,189,755,87,759,0,670,380,655,225,648,128,643,44,607,431,568,326,544,258,524,195
1786207116.203,689,689,853,595,974,384,1000,175,966,25,852,153,874,0,885,189,865,271,743,165,768,42,787,265,764,322,634,194,664,86,699,308,684,375,527,240,571,155,611,312,604,377
1786207116.390,736,736,901,598,993,377,1000,163,979,0,866,208,858,60,880,237,876,307,763,237,763,121,799,321,786,347,664,277,667,171,716,366,706,406,565,332,584,249,636,385,636,429
1786207116.576,716,716,891,641,995,392,1000,157,991,0,877,214,878,71,891,259,883,330,773,232,784,99,813,328,793,360,670,269,687,165,723,380,702,419,565,322,595,239,635,388,623,431
1786207116.748,693,693,870,629,981,390,1000,162,999,0,856,177,882,29,887,226,865,312,748,196,774,71,797,303,774,350,643,236,667,130,704,360,686,415,535,295,565,207,610,369,607,425
