timestamp,x1,x2,x3,x4,x5,x6,x7,x8,x9,x10,x11,x12,x13,x14,x15,x16,x17,x18,x19,x20,x21,x22,x23,x24,x25,x26,x27,x28,x29,x30,x31,x32,x33,x34,x35,x36,x37,x38,x39,x40,x41,x42
1786204751.113,662,662,773,628,865,557,939,492,1000,444,804,337,852,209,881,132,906,69,737,306,756,160,768,70,780,0,671,318,674,188,681,112,691,48,609,357,590,269,582,213,579,160
1786204751.302,666,666,777,631,868,557,940,485,1000,432,805,338,852,208,882,129,908,64,738,310,757,164,768,73,780,0,672,322,676,191,682,115,693,50,610,360,590,270,582,213,579,159
1786204751.471,808,808,918,769,989,667,986,568,982,505,965,424,987,286,993,201,1000,133,884,391,894,214,896,98,903,0,810,403,811,240,815,137,824,51,735,450,727,325,730,243,737,168
1786204751.667,824,824,930,774,991,621,955,478,888,408,996,452,1000,267,993,139,985,37,914,429,922,241,920,111,920,0,834,440,837,254,840,128,845,25,753,482,757,333,767,233,780,147
1786204751.827,823,823,919,761,979,605,941,464,880,384,996,433,1000,267,988,146,971,46,918,407,917,235,905,109,889,0,837,416,834,247,828,128,816,25,753,458,748,314,750,213,750,121
1786204752.026,838,838,936,782,988,639,937,510,857,452,1000,446,990,265,973,140,958,37,917,428,911,243,903,113,900,0,838,446,834,267,834,143,836,36,761,498,762,355,769,258,776,171
1786204752.194,825,825,937,753,1000,595,963,455,883,418,992,414,995,254,989,143,983,52,917,386,929,212,933,95,939,0,836,393,840,219,842,104,847,10,751,435,746,298,751,206,758,128
1786204752.376,630,630,756,594,856,518,937,453,1000,399,783,287,829,171,856,108,880,55,711,256,733,125,742,51,753,0,640,267,648,154,655,97,666,50,572,302,555,214,549,164,546,117
1786204752.566,624,624,750,587,849,509,934,453,1000,408,778,275,820,159,844,97,866,49,708,245,724,118,732,46,743,0,637,255,644,146,648,90,658,43,571,288,554,207,546,163,540,124
1786204752.724,634,634,756,602,854,527,936,468,1000,425,786,296,830,177,854,113,876,61,716,264,735,130,744,53,755,0,646,274,651,162,655,101,663,50,579,310,560,229,549,184,541,141
1786204752.918,647,647,772,624,867,556,940,495,1000,447,800,324,844,201,869,125,893,62,729,292,746,152,755,66,763,0,659,302,664,181,671,113,679,54,593,339,578,244,573,187,572,133
1786204753.074,781,781,888,722,958,597,935,471,884,398,970,393,989,241,995,145,1000,63,896,355,909,191,911,85,916,0,821,355,830,197,834,91,841,3,742,389,748,256,760,167,771,89
1786204753.248,841,841,949,766,994,602,907,490,802,470,1000,462,996,286,986,155,976,49,919,439,914,256,907,121,900,0,840,452,832,275,832,145,833,34,761,499,754,351,762,245,774,154
1786204753.449,850,850,953,778,994,631,940,498,874,425,1000,437,984,251,964,129,947,28,917,424,905,236,892,109,885,0,842,445,834,266,829,143,827,38,769,502,768,352,772,256,780,172
1786204753.630,854,854,952,778,994,637,944,511,877,441,1000,449,982,261,961,142,941,45,923,439,905,243,890,112,880,0,852,462,838,278,832,158,830,58,784,516,775,375,773,279,776,197
1786204753.788,710,710,814,674,898,597,940,534,973,494,877,358,936,239,971,163,1000,100,800,321,827,171,841,75,852,0,726,328,730,185,736,101,741,33,650,368,635,252,632,179,631,111
1786204753.964,627,627,750,590,850,515,933,460,1000,417,781,284,824,170,850,111,875,63,710,251,728,122,738,49,750,0,639,260,643,148,649,93,660,46,573,294,554,205,545,155,540,106
1786204754.116,627,627,754,593,852,523,935,470,1000,427,782,279,825,166,850,106,873,58,711,247,728,119,737,47,749,0,638,256,644,144,649,88,660,43,570,291,551,203,540,153,533,105
1786204754.281,633,633,755,593,851,520,934,463,1000,424,784,289,825,173,850,111,874,62,714,256,730,126,740,52,751,0,642,265,646,155,651,94,661,42,576,299,555,213,545,163,539,117
1786204754.449,668,668,782,642,874,562,940,492,1000,451,822,343,863,217,888,142,911,78,751,311,765,164,771,73,777,0,684,318,686,184,694,109,704,45,617,351,608,239,608,174,614,115
1786204754.862,868,868,957,791,979,646,893,540,809,509,1000,463,975,271,949,142,927,38,918,451,898,256,880,122,865,0,848,475,830,293,818,167,810,57,783,534,769,387,766,292,765,206
1786204755.029,874,874,961,790,979,641,891,537,804,512,1000,457,973,264,946,141,923,41,919,448,895,250,874,116,858,0,850,472,831,289,820,165,813,60,786,526,770,384,767,287,767,204
1786204755.178,867,867,954,786,974,636,886,533,797,517,1000,460,973,270,945,149,920,50,919,447,895,249,874,116,858,0,848,469,827,286,813,163,806,58,784,520,769,377,765,283,765,203
1786204755.333,706,706,821,675,910,585,959,498,1000,434,857,370,905,241,933,154,955,85,781,334,791,176,797,77,805,0,708,339,698,183,695,87,695,6,640,376,616,252,605,172,601,99
1786204755.541,643,643,766,607,866,528,940,468,1000,427,789,292,830,182,851,121,868,69,719,256,727,127,733,53,737,0,649,262,644,141,644,80,645,29,584,293,562,197,550,145,539,95
1786204755.699,641,641,761,608,859,529,935,470,1000,438,785,297,825,188,845,126,860,74,718,260,726,128,730,54,731,0,652,265,647,146,645,82,644,28,588,294,564,203,548,153,534,105
1786204755.868,690,690,800,650,887,559,946,477,1000,426,831,340,864,210,879,130,890,65,760,311,766,162,767,70,769,0,693,322,690,188,692,113,697,53,627,359,606,262,596,202,588,148
1786204756.044,857,857,950,803,1000,705,974,601,938,519,976,438,991,260,997,145,1000,48,901,417,907,232,915,106,925,0,832,438,835,276,846,174,859,87,765,493,750,381,750,306,753,236
1786204756.236,861,861,946,813,996,724,974,616,941,514,981,442,994,262,999,145,1000,42,903,417,908,231,914,107,924,0,834,436,835,273,845,176,859,86,768,487,758,376,759,302,765,232
1786204756.406,833,833,919,759,967,627,951,488,928,385,1000,412,988,248,974,139,964,46,921,388,910,214,900,100,897,0,846,398,837,234,833,124,835,28,766,443,762,298,770,204,783,120
1786204756.576,837,837,937,752,971,594,885,480,791,458,1000,430,983,248,964,125,949,20,917,417,907,238,896,112,889,0,839,434,835,267,833,145,834,40,763,484,762,331,767,231,774,144
1786204756.763,852,852,948,774,984,614,907,493,813,467,1000,447,981,259,960,133,940,31,919,433,903,238,888,107,876,0,844,454,829,272,824,148,823,48,772,506,764,363,765,264,770,181
1786204756.947,857,857,952,783,985,630,915,506,830,459,1000,446,982,258,962,131,944,28,918,433,903,244,889,111,879,0,843,457,833,274,827,147,824,41,772,517,767,367,771,266,777,179
1786204757.120,675,675,789,629,880,537,944,459,1000,401,805,329,840,206,855,132,864,70,735,298,749,153,753,69,752,0,668,304,660,160,652,74,646,3,605,337,586,225,574,153,565,87
1786204757.293,704,704,814,662,894,557,950,473,1000,414,810,347,830,217,835,140,835,77,741,324,741,166,732,72,720,0,677,339,657,184,639,94,622,20,617,380,585,263,562,189,543,121
1786204757.476,706,706,817,664,897,557,951,471,1000,411,813,354,832,223,836,145,835,81,745,332,746,173,743,76,736,0,681,348,665,190,653,95,641,16,623,391,594,277,576,201,560,130
1786204757.644,711,711,819,669,898,562,950,474,1000,412,820,353,838,223,843,146,843,81,754,330,755,173,751,77,745,0,692,345,678,190,666,98,656,19,632,386,607,272,592,196,580,124
1786204757.823,803,803,912,775,986,655,1000,547,992,478,932,409,944,250,946,141,947,54,853,388,856,219,857,98,860,0,782,404,779,243,781,127,783,29,718,452,711,318,714,224,716,137
1786204758.019,782,782,895,733,963,586,923,441,851,374,986,412,1000,253,998,143,996,48,908,379,926,214,929,98,934,0,828,378,845,217,854,99,864,2,741,405,758,262,774,163,789,75
1786204758.191,779,779,881,747,944,615,913,479,858,399,978,438,995,270,997,153,1000,56,904,403,927,231,942,107,961,0,829,403,850,235,866,115,883,10,752,435,771,303,789,211,808,132
1786204758.386,791,791,894,748,953,615,906,486,835,423,979,442,995,266,998,145,1000,45,903,412,921,233,932,106,946,0,828,417,845,245,859,121,873,16,753,456,768,319,785,225,802,141
1786204758.542,796,796,901,752,962,625,924,497,859,439,986,448,1000,272,998,154,992,58,914,417,935,237,940,109,946,0,844,421,863,249,872,130,880,28,769,456,784,324,796,235,807,158
1786204758.715,698,698,812,673,900,576,953,490,1000,433,835,357,853,222,855,142,852,78,771,326,764,170,749,79,731,9,712,331,698,177,684,79,669,0,655,362,638,234,628,152,619,76
1786204758.877,711,711,823,680,906,573,957,493,1000,441,829,348,841,227,840,157,835,99,764,317,744,166,724,76,705,7,705,321,682,171,665,77,647,0,651,347,628,219,613,138,599,63
1786204759.028,707,707,818,678,902,573,955,490,1000,438,826,352,844,230,847,159,845,100,763,322,754,168,745,73,734,0,704,327,690,175,681,79,671,0,650,357,628,232,617,150,608,75
1786204759.196,702,702,812,679,895,577,951,488,1000,428,822,371,837,244,839,165,837,100,761,343,756,186,747,83,735,0,704,349,691,196,680,99,668,18,652,380,637,256,628,177,621,105
1786204759.371,778,778,887,750,956,635,931,510,885,434,975,456,997,276,1000,154,1000,51,902,423,926,240,934,111,943,0,828,423,850,248,861,125,870,22,749,450,767,311,782,217,796,136
1786204759.621,789,789,890,749,946,605,886,478,799,432,974,435,994,275,999,156,1000,56,900,395,917,231,922,108,927,0,821,394,834,229,842,109,850,6,738,427,750,283,764,183,776,93
1786204759.788,790,790,893,759,952,615,885,491,788,450,978,451,995,283,999,162,1000,59,899,412,918,238,925,111,934,0,819,413,832,242,841,121,850,17,738,450,750,308,765,209,779,120
1786204759.979,797,797,898,764,956,615,902,488,820,447,983,449,999,280,1000,159,1000,58,905,411,919,235,920,108,924,0,825,414,839,240,847,120,853,19,742,451,757,308,771,210,784,125
1786204760.146,662,662,786,640,882,566,946,487,1000,429,827,338,878,219,908,149,933,90,754,299,776,154,788,67,797,0,682,301,686,166,691,91,698,27,613,332,597,224,590,157,588,94
1786204760.327,635,635,760,603,855,534,934,475,1000,438,792,294,835,178,861,112,884,63,721,258,738,125,746,50,754,0,649,262,654,147,658,83,665,33,581,294,562,205,551,153,546,107
1786204760.514,632,632,757,596,854,527,934,471,1000,438,787,294,828,177,853,111,875,58,716,259,731,127,739,51,748,0,645,265,648,152,652,87,658,36,579,296,557,210,546,160,537,113
1786204760.687,636,636,758,595,852,527,933,469,1000,434,785,292,827,176,851,109,873,53,716,258,730,127,739,52,748,0,645,266,646,152,650,86,657,31,580,301,556,215,544,163,536,114
1786204760.868,741,741,844,706,930,636,971,586,1000,562,896,381,940,247,961,166,980,98,821,348,829,184,834,81,838,0,748,358,744,202,745,106,748,26,678,400,662,283,656,206,654,134
1786204761.043,831,831,932,758,975,621,918,494,847,430,998,456,1000,270,991,148,980,47,922,437,924,243,920,112,919,0,848,451,849,268,852,145,857,41,775,494,777,353,783,254,790,169
1786204761.225,813,813,914,742,956,597,889,463,816,383,993,436,1000,261,992,140,984,36,913,412,924,237,925,112,929,0,833,424,842,258,847,131,851,22,751,467,762,318,776,216,791,124
1786204761.398,810,810,912,742,956,589,887,450,813,370,993,440,1000,264,993,143,987,40,910,416,920,240,924,113,931,0,828,427,836,264,843,134,850,22,743,466,755,318,770,210,785,113
1786204761.570,804,804,905,747,954,609,894,474,822,394,990,451,1000,273,993,151,987,46,910,423,924,243,926,114,932,0,832,432,842,263,849,134,854,21,749,473,762,328,774,224,787,130
1786204761.748,744,744,848,711,923,624,922,535,908,473,917,394,959,264,982,182,1000,118,844,352,871,185,886,82,901,0,773,354,776,190,777,96,781,17,700,390,688,274,686,195,686,124
1786204761.933,609,609,744,594,854,531,935,478,1000,438,791,279,842,176,870,120,895,74,722,233,741,113,752,45,762,0,651,227,660,121,668,67,679,24,581,243,570,157,565,113,564,74
1786204762.132,619,619,752,602,860,540,938,484,1000,444,797,292,846,184,873,125,897,77,728,247,749,123,761,52,769,0,656,243,663,132,670,70,677,20,586,263,570,174,564,126,559,82
1786204762.284,682,682,779,642,844,541,824,426,788,354,880,370,945,251,976,175,1000,111,815,322,843,168,856,74,869,0,749,314,761,177,771,92,780,23,678,335,684,229,690,161,698,102
1786204762.467,693,693,795,655,848,538,787,435,708,408,899,398,952,259,980,166,1000,88,836,353,876,195,897,89,913,0,770,344,796,202,813,110,827,37,698,363,711,253,719,183,724,124
1786204762.661,692,692,793,659,852,542,796,433,716,404,899,405,951,267,979,172,1000,92,835,359,874,202,897,93,915,0,769,349,795,207,813,110,828,29,700,368,713,258,721,186,726,125
1786204762.820,702,702,803,665,857,541,797,431,716,405,905,411,955,273,981,180,1000,101,842,366,877,204,896,92,911,0,777,357,798,215,811,122,822,45,707,374,717,265,723,194,727,133
1786204762.997,704,704,814,689,892,603,890,490,868,408,901,392,953,262,980,178,1000,109,831,341,865,183,883,82,897,0,760,331,775,178,782,88,789,12,686,350,683,232,682,155,683,85
1786204763.191,668,668,794,668,892,594,950,526,1000,488,827,336,854,232,857,179,854,134,768,285,779,149,772,77,759,25,707,266,712,127,708,56,698,0,642,270,636,145,628,75,620,13
1786204763.363,661,661,790,651,892,575,952,498,1000,452,825,322,841,209,836,146,829,90,766,281,779,145,776,75,769,20,707,267,721,130,727,58,727,0,641,276,652,156,659,90,661,29
1786204763.533,718,718,828,673,913,558,957,453,1000,383,836,362,840,223,837,130,832,53,770,343,772,188,773,85,773,0,705,354,707,202,711,100,713,14,639,394,629,272,630,189,632,119
1786204763.719,752,752,860,686,926,568,957,470,1000,402,818,409,766,251,726,148,689,56,740,412,680,233,642,112,609,0,678,441,625,277,593,164,568,64,625,491,583,372,563,287,551,208
1786204763.885,768,768,875,728,944,632,968,534,1000,448,843,419,803,251,766,138,730,42,766,416,723,234,689,110,657,0,702,444,664,276,639,163,614,66,646,497,616,375,602,289,591,213
1786204764.073,859,859,950,793,1000,654,962,532,895,483,970,466,952,285,936,167,920,67,906,462,892,262,878,123,866,0,846,489,833,307,820,186,810,81,784,539,771,408,766,316,764,238
1786204764.242,844,844,938,795,990,664,957,528,899,441,1000,490,999,299,988,160,977,43,921,471,918,273,906,128,896,0,844,489,838,294,830,152,824,30,767,535,763,383,764,268,767,166
1786204764.438,848,848,945,796,992,671,939,557,857,505,1000,491,988,297,971,164,954,52,921,477,913,275,898,130,886,0,845,499,840,306,832,172,825,54,771,550,770,406,771,301,771,206
1786204764.604,827,827,932,785,995,652,963,516,895,446,993,468,1000,289,991,160,979,49,915,447,923,264,918,125,911,0,835,457,840,281,836,149,830,36,752,495,755,346,759,234,759,135
1786204764.789,686,686,799,658,888,576,948,500,1000,444,826,360,856,233,873,155,885,89,756,328,758,170,750,76,739,0,689,334,675,180,659,91,644,17,626,367,603,245,583,173,567,108
1786204764.964,703,703,813,672,898,583,953,514,1000,471,830,349,847,223,848,145,845,84,758,320,748,167,731,72,714,0,691,330,670,179,650,92,631,19,629,367,595,247,567,180,544,117
1786204765.137,695,695,804,668,889,580,947,512,1000,472,823,355,842,226,847,148,847,83,754,328,746,175,734,77,719,0,690,337,675,190,661,102,649,28,631,373,613,256,601,183,592,115
1786204765.313,808,808,925,780,1000,641,977,514,934,438,968,413,979,253,976,143,971,53,896,386,912,218,913,99,913,0,823,393,837,230,841,111,842,13,748,431,759,289,769,190,774,101
1786204765.535,750,750,858,708,920,573,873,439,806,374,952,419,981,281,993,172,1000,77,878,375,901,229,912,115,920,13,798,365,817,218,833,101,841,0,710,384,726,245,741,144,751,53
1786204765.745,754,754,855,721,918,579,868,443,788,384,958,422,985,270,994,156,1000,62,885,378,910,221,921,107,931,8,808,368,830,210,844,96,855,0,726,384,748,243,768,145,786,58
1786204765.910,761,761,864,729,929,597,877,471,795,417,962,431,988,274,996,156,1000,57,885,392,908,233,918,111,927,0,806,386,827,228,843,111,854,8,725,411,744,272,763,174,779,87
1786204766.106,784,784,876,751,937,628,894,502,818,449,974,460,994,281,999,158,1000,59,904,424,926,241,936,111,948,0,831,423,850,247,862,125,875,22,755,453,765,319,776,226,787,145
1786204766.270,710,710,819,686,902,587,954,493,1000,422,844,388,878,260,894,175,903,104,779,354,774,196,762,89,746,0,719,358,708,202,691,98,673,9,663,392,646,265,635,178,624,100
1786204766.446,707,707,816,666,900,556,951,460,1000,397,821,338,841,203,845,125,842,59,752,312,725,159,699,71,674,0,693,324,660,177,634,82,612,1,640,359,611,236,593,153,578,75
1786204766.621,705,705,811,663,893,551,946,457,1000,396,821,341,847,209,858,134,863,70,753,318,729,166,707,73,685,0,694,333,663,184,638,87,617,7,643,372,618,252,602,168,588,92
1786204766.800,761,761,860,723,922,581,883,442,805,387,935,419,975,260,992,148,1000,54,865,381,881,218,885,99,884,0,795,382,798,231,798,123,792,29,727,413,731,286,736,196,737,114
1786204766.979,691,691,788,684,851,561,799,427,717,368,913,408,961,260,983,149,1000,54,843,357,883,212,904,99,922,0,767,344,799,203,822,98,842,5,686,362,705,244,727,159,747,81
1786204767.151,715,715,813,702,876,561,826,418,756,344,933,405,968,266,986,160,1000,67,863,349,894,211,912,105,931,9,784,333,810,194,829,92,847,0,699,350,718,223,740,132,758,47
1786204767.341,732,732,828,720,890,581,838,445,765,377,941,418,974,263,989,149,1000,53,865,370,898,215,916,102,934,0,786,358,816,206,837,100,857,8,705,378,729,248,752,160,772,81
1786204767.512,742,742,839,721,904,579,855,437,778,374,945,417,974,268,988,155,1000,59,869,370,894,219,907,107,921,6,791,361,814,211,834,98,852,0,709,386,728,250,750,154,769,69
1786204767.716,745,745,845,702,906,578,873,456,808,404,913,409,955,266,980,167,1000,89,839,369,867,204,891,90,914,0,766,373,782,215,802,115,823,37,692,408,678,291,679,208,686,140
1786204767.878,669,669,789,616,876,525,946,442,1000,372,788,295,821,156,841,78,862,16,716,278,722,139,727,56,738,0,648,301,648,179,654,113,666,58,587,348,565,268,558,224,555,183
1786204768.055,662,662,778,601,867,513,944,434,1000,363,779,279,810,145,828,67,845,7,707,264,714,128,719,50,730,0,637,288,640,173,644,112,655,61,576,333,554,259,546,220,542,185
1786204768.227,670,670,785,612,873,521,947,441,1000,373,788,289,817,150,834,71,851,9,712,273,713,135,716,54,726,0,642,298,638,182,641,118,650,65,581,346,555,273,545,233,538,195
1786204768.396,739,739,845,683,899,554,865,427,820,359,895,387,948,246,978,152,1000,75,820,354,838,190,848,83,858,0,751,361,759,216,768,123,778,51,683,397,681,291,686,222,695,166
1786204768.576,775,775,866,725,912,583,854,465,775,423,953,420,981,260,993,147,1000,57,880,391,903,222,915,101,927,0,807,402,822,235,836,123,850,24,733,445,737,324,747,240,756,165
1786204768.765,800,800,904,744,951,577,875,445,781,405,990,408,1000,244,999,130,997,39,906,378,920,210,922,96,925,0,822,384,829,215,836,103,841,7,735,422,744,281,756,186,765,101
1786204768.949,822,822,916,769,963,620,896,502,806,464,994,443,1000,269,997,150,994,54,918,418,927,237,934,109,942,0,843,429,850,252,857,133,866,28,769,474,773,342,780,252,787,171
1786204769.115,824,824,921,758,964,609,896,492,808,453,993,437,1000,258,996,141,990,48,916,413,927,230,930,104,934,0,842,425,848,247,854,133,861,36,769,467,769,335,775,245,781,167
1786204769.306,801,801,892,716,924,573,872,450,814,393,954,413,979,245,991,127,1000,31,874,393,885,220,894,99,906,0,799,409,800,258,807,154,816,68,729,454,715,346,709,272,707,209
1786204769.470,900,900,980,864,1000,787,919,707,842,634,984,476,984,276,982,144,982,32,908,458,909,260,916,120,928,0,846,488,848,319,859,214,872,115,795,547,779,435,782,365,790,297
1786204769.647,890,890,972,826,1000,720,935,625,862,564,975,455,985,260,987,137,987,32,902,443,906,244,913,111,921,0,839,472,842,304,854,199,868,109,780,532,771,411,777,338,788,270
1786204769.886,845,845,941,770,991,622,959,485,915,392,1000,426,996,251,986,133,976,35,919,406,910,225,899,103,892,0,841,420,832,246,826,131,827,31,761,466,749,322,752,223,763,136
1786204770.087,848,848,944,765,974,600,904,465,823,415,1000,420,987,239,972,118,961,21,916,406,907,225,897,104,893,0,841,429,832,253,828,138,827,37,765,488,762,336,764,243,770,159
1786204770.241,851,851,944,785,977,626,904,512,818,478,1000,441,986,252,968,126,952,27,920,429,909,242,899,110,892,0,847,452,839,273,835,146,832,40,776,508,770,368,772,272,775,187
1786204770.436,859,859,953,780,983,631,908,519,822,489,1000,452,980,265,959,142,940,43,920,440,905,247,888,113,877,0,847,465,835,281,827,159,824,58,777,524,765,384,762,287,762,204
1786204770.607,661,661,779,625,870,556,943,493,1000,444,791,310,835,186,861,112,880,53,717,281,730,142,738,60,744,0,646,296,641,169,643,97,646,38,582,338,543,252,520,200,502,150
1786204770.786,660,660,775,624,867,552,941,488,1000,439,789,307,829,178,851,103,872,44,716,281,725,139,733,57,742,0,646,298,640,172,644,103,650,47,585,341,547,266,526,220,510,178
1786204770.971,662,662,774,623,866,553,941,491,1000,443,791,308,832,176,855,99,876,39,719,282,728,141,736,58,746,0,650,300,642,176,646,107,654,51,589,343,551,269,532,222,518,179
1786204771.138,759,759,855,700,907,586,895,470,896,387,904,374,953,230,980,139,1000,64,831,341,845,177,855,76,867,0,763,351,769,206,780,108,793,29,696,392,677,290,675,220,678,159
1786204771.311,810,810,905,757,946,620,878,507,794,469,986,432,998,250,999,127,1000,29,910,404,918,222,919,100,923,0,838,415,846,246,853,137,860,44,766,459,769,326,776,240,785,163
1786204771.490,823,823,917,758,956,609,903,471,833,402,999,416,1000,255,995,140,991,48,919,385,918,219,917,103,920,0,840,392,835,227,833,118,834,18,760,436,760,292,764,200,771,114
1786204771.683,838,838,932,786,969,635,894,512,797,480,1000,451,996,265,985,137,975,34,917,426,914,240,908,112,906,0,841,442,839,266,841,146,844,42,769,495,771,355,779,262,789,180
1786204771.849,812,812,908,757,958,612,920,482,854,420,986,422,1000,263,999,151,994,64,909,387,912,211,905,94,902,0,830,392,830,224,825,111,822,17,749,432,739,297,738,202,738,119
1786204772.030,679,679,799,644,891,549,949,459,1000,396,823,338,859,216,876,146,887,86,753,305,756,157,752,69,744,0,687,312,670,170,657,93,645,29,625,346,600,235,584,168,569,105
1786204772.203,684,684,800,645,891,546,950,456,1000,393,820,338,852,218,866,147,875,85,750,309,750,162,743,71,735,0,684,320,666,180,653,99,643,31,624,358,599,249,585,180,574,115
1786204772.380,700,700,810,660,892,564,946,473,1000,410,828,361,861,233,879,162,892,98,759,334,758,176,751,79,743,0,696,346,678,202,666,115,658,41,637,384,621,267,616,191,614,122
1786204772.559,818,818,920,754,967,626,925,506,874,452,982,445,999,277,1000,168,997,75,913,422,920,236,916,109,913,0,848,436,848,262,844,144,841,45,783,478,784,348,783,257,781,178
1786204772.737,791,791,893,742,949,610,899,488,825,444,980,436,995,267,998,154,1000,63,908,407,927,230,934,105,942,0,839,413,858,246,868,130,877,31,768,451,779,326,787,237,794,159
1786204772.936,792,792,895,742,953,616,918,488,861,422,983,438,999,267,1000,154,999,64,912,410,929,229,935,104,942,0,843,416,859,244,868,127,877,29,770,454,781,326,790,236,798,158
1786204773.111,792,792,896,740,953,616,913,489,847,431,986,442,1000,270,1000,159,996,69,915,412,933,230,937,105,942,0,846,418,860,244,868,131,875,35,773,455,785,329,793,239,802,159
1786204773.277,792,792,893,739,949,614,908,487,842,427,988,440,1000,268,999,158,996,68,917,410,931,227,934,105,938,0,847,417,859,245,867,133,874,37,774,456,786,329,795,239,804,159
1786204773.450,765,765,866,662,921,510,859,378,764,350,956,374,983,232,993,136,1000,49,885,348,907,205,918,99,928,1,810,349,822,210,832,98,840,0,727,373,739,241,755,144,766,56
1786204773.635,786,786,887,728,932,598,874,484,808,438,969,436,989,266,996,151,1000,56,895,407,914,229,924,104,934,0,826,412,844,247,856,133,868,37,759,447,770,320,782,233,795,159
1786204773.807,800,800,907,766,983,674,1000,584,999,506,930,415,947,285,961,196,975,133,847,385,845,223,854,102,865,0,767,400,757,233,761,124,766,34,688,456,646,334,630,248,620,171
1786204773.980,777,777,885,726,954,652,979,566,1000,478,882,357,915,189,935,89,952,3,806,341,808,174,817,74,832,0,742,368,736,228,744,144,758,80,682,423,658,327,654,265,654,209
1786204774.154,781,781,884,740,954,674,982,596,1000,508,889,375,928,207,954,105,976,19,814,357,819,188,829,81,843,0,749,382,747,238,758,151,771,82,688,436,670,336,670,272,674,216
1786204774.448,732,732,825,673,876,531,835,395,778,333,934,366,970,226,986,126,1000,37,856,326,871,179,870,82,874,0,776,329,786,185,793,86,800,0,689,366,702,234,715,150,730,73
1786204774.637,772,772,870,723,920,601,867,485,799,428,958,434,982,269,993,162,1000,74,889,399,914,223,927,100,940,0,821,403,839,234,854,121,871,28,751,438,756,316,769,233,785,164
1786204774.818,775,775,871,727,919,600,883,478,839,403,964,426,985,263,994,152,1000,60,889,394,910,223,922,101,935,0,817,401,834,234,847,116,860,14,744,441,756,317,770,231,784,154
1786204774.994,776,776,867,732,923,603,921,470,916,378,962,431,987,265,995,150,1000,56,888,398,904,222,912,101,921,0,814,402,822,229,830,112,840,12,740,438,748,306,759,216,774,137
1786204775.203,737,737,835,701,900,600,885,494,856,424,907,403,955,271,980,185,1000,114,834,362,854,197,863,89,872,0,763,365,770,212,777,116,788,35,690,399,681,285,684,206,693,138
1786204775.371,667,667,784,624,879,534,946,454,1000,393,804,308,851,190,878,120,901,64,732,278,744,139,751,59,757,0,661,287,656,155,659,84,664,26,595,323,567,224,553,166,542,110
1786204775.542,665,665,781,623,873,533,941,449,1000,387,806,312,848,192,870,119,888,60,733,283,743,143,744,61,743,0,661,293,658,163,657,88,658,26,594,331,570,231,558,171,549,116
1786204775.712,709,709,818,667,900,575,951,495,1000,448,857,349,904,222,928,145,948,81,783,320,793,166,795,72,797,0,717,330,712,188,715,102,721,30,655,370,648,259,650,188,657,121
1786204775.884,757,757,849,693,894,575,834,468,756,439,931,412,972,267,988,175,1000,96,866,377,883,209,889,96,895,0,803,381,812,233,820,135,829,54,737,414,739,309,745,233,750,171
1786204776.062,755,755,849,694,900,579,845,468,771,431,938,411,978,261,992,165,1000,81,871,376,891,208,898,96,905,0,806,378,820,227,831,130,844,48,740,410,749,302,758,227,768,163
1786204776.240,761,761,852,694,904,579,853,468,782,426,940,416,977,264,991,167,1000,83,873,381,891,208,898,94,904,0,809,383,822,230,832,128,843,42,744,414,751,304,760,225,768,159
1786204776.428,755,755,848,699,894,579,838,468,766,430,934,421,972,270,988,171,1000,85,867,386,884,213,890,97,897,0,802,389,813,236,822,134,832,48,736,422,743,310,751,230,759,162
1786204776.602,763,763,852,705,899,590,842,480,768,440,935,425,972,276,989,177,1000,90,868,391,885,214,888,97,892,0,802,395,812,238,817,135,826,50,735,429,738,317,743,239,750,174
1786204776.783,694,694,802,670,892,619,953,565,1000,521,849,374,900,244,934,162,963,96,774,340,792,184,806,84,815,0,703,348,706,200,715,114,723,42,634,385,616,272,608,200,604,133
1786204776.968,657,657,773,617,865,545,939,477,1000,426,794,311,831,189,854,118,876,62,721,283,731,147,737,65,742,0,651,297,651,171,655,97,661,35,586,337,561,244,548,187,540,134
1786204777.132,658,658,773,615,865,539,938,469,1000,418,792,312,827,187,848,116,867,57,720,287,727,147,729,64,732,0,650,301,650,171,651,96,656,33,586,344,566,247,557,186,554,131
1786204777.310,824,824,939,773,1000,651,974,539,950,464,980,430,987,262,981,155,974,69,902,405,909,220,910,100,914,0,830,419,829,246,833,138,841,51,760,465,756,339,765,254,778,181
1786204777.495,811,811,915,753,969,606,914,465,842,380,998,427,1000,255,990,135,981,33,914,399,919,226,915,105,914,0,835,406,839,239,842,123,844,22,754,444,762,298,771,194,781,103
1786204777.645,833,833,933,775,979,638,926,502,859,429,1000,470,998,286,987,163,975,62,923,445,928,252,924,119,916,0,854,454,860,277,861,155,861,46,784,496,789,360,794,266,798,178
1786204777.804,808,808,907,736,955,586,899,442,819,373,997,409,1000,252,991,142,982,46,920,377,924,216,917,102,913,0,844,381,847,226,847,114,846,18,762,414,769,272,775,173,779,87
1786204777.963,830,830,925,758,971,627,922,495,851,423,1000,458,999,278,989,159,979,59,925,434,927,246,926,115,925,0,855,446,856,269,859,147,864,42,786,488,786,353,791,258,799,177
1786204778.140,821,821,924,755,980,627,939,499,874,441,990,452,1000,275,999,165,996,75,916,424,924,232,923,106,924,0,844,434,845,255,846,141,851,47,770,474,766,344,771,252,781,176
1786204778.339,660,660,780,635,876,572,946,505,1000,452,826,328,876,208,905,134,928,75,753,289,771,147,780,63,786,0,681,293,684,157,690,80,697,17,612,326,592,222,583,156,578,95
1786204778.514,653,653,776,624,870,560,942,493,1000,438,810,317,858,199,885,128,907,71,739,282,756,148,764,65,771,0,668,288,672,162,678,89,685,27,601,321,582,222,573,162,567,107
1786204778.689,723,723,829,677,899,583,901,473,899,388,892,364,947,234,977,154,1000,89,815,325,831,168,836,73,843,0,744,329,742,188,748,104,758,34,675,366,663,262,661,192,663,128
1786204778.862,745,745,834,680,875,557,815,455,745,421,916,399,962,265,984,180,1000,109,851,364,868,200,872,92,878,0,788,369,793,219,797,123,806,41,722,405,725,292,730,216,739,150
1786204779.041,784,784,881,728,923,596,864,483,796,435,968,431,988,260,995,150,1000,61,898,400,917,220,923,98,929,0,830,405,843,241,849,137,856,52,762,440,769,316,778,234,787,165
1786204779.211,798,798,895,743,946,622,905,499,850,434,984,427,997,259,1000,153,1000,65,915,401,932,222,935,102,939,0,848,409,858,247,864,145,871,58,778,447,784,327,791,245,798,171
1786204779.373,805,805,903,749,953,624,913,498,861,432,990,432,1000,260,999,152,995,63,922,404,936,222,937,102,940,0,853,412,863,243,867,141,873,54,781,450,787,326,793,243,800,169
1786204779.531,808,808,909,744,956,615,914,489,863,424,990,428,1000,260,998,155,993,67,922,400,936,222,937,103,940,0,855,408,865,244,870,140,876,52,785,446,794,323,800,238,806,162
1786204779.693,804,804,913,768,983,660,961,541,914,462,982,451,998,283,1000,178,998,93,908,419,926,232,932,107,937,0,836,426,845,255,852,145,860,52,760,462,759,335,762,248,769,171
1786204779.868,650,650,772,628,870,552,940,475,1000,426,817,325,863,207,888,139,907,85,745,283,759,142,763,65,764,6,673,282,670,142,671,63,673,0,604,310,579,201,565,135,554,75
1786204780.044,652,652,768,624,864,549,937,477,1000,432,813,325,860,211,886,144,908,92,745,285,756,142,760,60,762,0,675,286,671,148,670,68,673,4,607,317,583,210,569,145,560,85
1786204780.232,749,749,852,719,925,629,929,527,920,447,925,430,968,283,987,186,1000,101,857,393,881,219,894,101,907,0,791,393,806,238,817,136,831,49,723,424,733,307,745,229,761,161
1786204780.398,745,745,835,637,891,507,856,363,796,256,945,353,976,213,991,117,1000,35,874,330,898,191,915,90,928,0,801,331,819,193,838,90,849,2,724,356,744,223,765,128,781,44
1786204780.588,783,783,875,720,920,602,884,459,826,360,971,425,992,252,997,134,1000,31,894,398,915,228,927,107,941,0,823,402,842,248,858,133,872,31,753,435,771,303,788,211,807,127
1786204780.782,794,794,886,723,938,603,898,468,842,375,982,442,998,270,1000,158,999,65,911,412,931,231,939,107,945,0,844,417,862,246,876,135,888,40,779,450,790,322,803,231,817,150
1786204780.944,795,795,886,725,937,606,898,472,842,378,982,443,998,271,1000,159,999,65,912,413,932,232,941,108,947,0,847,418,864,247,877,137,889,41,782,455,792,327,804,237,816,157
1786204781.130,727,727,825,694,888,599,881,492,860,414,899,418,949,291,977,208,1000,139,831,377,852,207,862,94,872,0,763,377,767,216,769,113,773,26,693,406,681,287,673,206,670,136
1786204781.304,631,631,756,612,859,541,935,475,1000,437,808,305,855,200,880,140,900,93,737,259,754,126,760,52,763,0,665,253,666,127,667,60,668,7,594,273,573,168,558,107,546,50
1786204781.472,626,626,751,605,855,539,934,475,1000,439,802,307,851,201,878,140,900,91,732,261,751,128,759,54,764,0,660,256,663,128,668,59,674,4,589,278,571,176,561,115,554,59
1786204781.653,736,736,850,707,932,618,937,517,920,444,928,404,967,267,986,179,1000,107,855,361,878,196,888,89,898,0,785,358,802,205,812,108,823,28,711,386,722,267,735,190,748,122
1786204781.826,774,774,875,627,932,480,875,340,792,267,974,362,997,225,1000,121,998,32,891,348,902,215,901,107,895,0,807,369,809,236,816,126,814,25,717,425,702,319,698,240,692,163
1786204782.017,798,798,888,714,936,582,888,431,819,330,991,421,1000,250,996,133,994,33,913,391,921,222,922,104,928,0,838,395,844,235,853,121,863,20,763,426,772,280,787,181,806,91
1786204782.186,804,804,898,738,943,609,889,476,821,387,984,449,999,270,1000,145,1000,40,908,422,925,243,935,113,948,0,837,427,849,259,862,137,876,31,766,463,776,325,791,229,810,145
1786204782.367,791,791,884,723,934,605,888,470,823,378,981,442,999,266,1000,144,1000,38,907,415,922,238,928,112,935,0,837,420,850,256,860,134,870,28,766,454,777,316,791,218,806,133
1786204782.540,797,797,890,716,938,588,888,454,821,374,985,430,1000,260,1000,143,1000,40,913,402,927,232,931,107,936,0,841,407,856,247,866,127,875,26,766,443,780,308,797,212,812,129
1786204782.714,634,634,762,606,865,537,941,470,1000,417,811,305,863,192,893,127,918,76,739,264,760,132,770,56,778,0,666,263,672,136,679,68,687,13,594,289,579,182,572,117,569,55
1786204782.892,642,642,771,617,874,542,946,463,1000,399,822,308,873,196,902,129,925,80,749,266,767,131,775,53,783,0,674,265,678,135,683,67,689,15,600,290,585,182,578,118,574,59
1786204783.082,677,677,779,625,835,502,801,379,750,329,871,367,934,263,971,192,1000,133,805,317,828,168,840,72,852,0,737,308,745,172,755,91,765,31,666,324,662,212,664,139,668,81
1786204783.259,692,692,789,631,844,506,789,402,719,388,891,393,950,276,978,199,1000,134,832,343,866,186,880,81,892,0,769,330,794,191,808,105,822,39,702,344,718,242,731,176,743,124
1786204783.434,710,710,816,653,875,526,833,410,777,371,919,401,963,264,984,174,1000,98,856,357,886,196,902,88,918,0,791,347,813,203,829,110,846,36,721,366,737,256,751,182,765,119
1786204783.581,730,730,832,674,891,550,849,434,785,393,938,420,973,273,989,176,1000,97,874,378,905,209,923,94,939,0,808,368,832,217,847,122,862,44,737,384,756,274,770,199,784,135
1786204783.735,715,715,819,675,890,530,847,392,774,331,938,405,975,271,989,175,1000,88,870,356,902,214,916,112,932,24,793,338,819,198,833,90,847,0,709,340,739,204,760,112,777,30
1786204783.901,722,722,827,687,907,544,866,397,780,327,938,402,975,273,988,176,1000,88,868,357,902,219,918,119,936,30,789,342,819,201,839,92,856,0,701,344,737,205,761,109,782,24
1786204784.046,729,729,836,695,917,546,875,396,789,326,950,410,983,274,993,172,1000,80,881,363,912,219,925,115,940,22,801,346,830,202,848,93,864,0,713,347,746,206,769,109,788,20
1786204784.203,731,731,838,692,917,544,880,396,798,326,948,406,981,261,992,157,1000,65,880,361,910,210,926,101,944,7,803,343,829,192,846,86,860,0,717,343,748,201,771,103,789,15
1786204784.395,666,666,767,638,834,551,816,443,781,374,862,367,928,261,969,183,1000,119,788,313,824,172,845,77,861,0,711,304,721,172,728,91,733,23,631,328,628,216,629,145,631,83
1786204784.563,622,622,763,593,868,517,943,439,1000,377,794,276,837,171,862,111,879,65,718,236,726,115,729,49,732,0,642,236,635,127,633,68,633,18,570,261,542,175,526,128,512,85
1786204784.738,668,668,794,645,891,574,953,497,1000,435,842,336,898,218,930,149,957,92,765,295,781,150,787,66,792,0,689,296,685,161,687,85,690,17,617,326,597,217,585,154,579,92
1786204784.926,788,788,897,737,957,607,928,470,874,387,984,437,1000,260,1000,147,997,55,915,404,935,220,939,99,942,0,846,405,865,232,874,126,882,41,773,436,789,302,803,217,817,148
1786204785.100,785,785,889,729,948,581,899,444,821,394,983,429,1000,256,1000,138,998,43,910,395,932,221,937,99,943,0,837,398,858,231,869,114,880,15,759,432,780,299,798,210,814,133
1786204785.287,785,785,889,734,952,586,903,450,817,409,986,437,1000,261,1000,141,999,43,912,405,929,228,935,103,943,0,838,407,858,238,871,120,883,20,760,440,781,308,797,219,812,142
1786204785.452,786,786,891,730,951,584,903,449,824,399,981,434,998,258,999,139,1000,40,907,402,925,225,932,101,941,0,833,404,855,236,869,117,883,18,754,435,776,300,793,209,809,130
1786204785.647,775,775,895,744,971,631,934,525,870,479,951,417,976,268,989,156,1000,69,861,378,873,212,881,93,893,0,773,381,779,211,785,99,796,8,689,423,667,291,658,204,654,130
1786204785.808,693,693,813,637,907,517,959,419,1000,350,811,292,843,156,859,77,874,17,728,281,723,134,721,53,725,0,651,310,636,185,632,120,632,72,582,364,544,276,523,226,506,189
1786204785.980,813,813,942,697,1000,509,963,358,908,286,924,338,922,166,915,73,911,0,831,343,818,178,815,86,822,22,750,382,732,247,734,169,740,111,670,443,639,354,631,297,628,250
1786204786.190,866,866,964,756,1000,590,955,440,885,361,960,385,936,195,916,88,900,2,873,391,851,203,838,89,833,0,799,434,777,265,774,168,779,90,728,503,706,387,707,315,715,253
1786204786.354,866,866,964,737,1000,556,956,404,899,319,978,386,964,224,944,119,925,27,891,381,872,210,854,99,842,0,810,411,789,248,776,135,768,37,729,474,716,333,714,239,718,155
1786204786.526,860,860,960,751,992,582,933,446,859,390,1000,427,973,240,947,122,925,28,915,423,892,230,871,104,857,0,839,453,818,271,808,154,804,57,766,511,754,374,751,282,754,204
1786204786.701,866,866,963,774,993,590,912,465,818,447,1000,434,972,244,943,119,918,21,911,433,887,238,864,107,848,0,830,466,810,282,798,154,791,48,754,532,743,389,740,290,740,205
1786204786.878,860,860,961,759,995,586,926,457,843,422,1000,432,975,241,949,119,926,24,916,428,896,230,877,102,863,0,836,455,819,268,808,147,800,48,760,513,751,369,747,273,749,192
1786204787.069,847,847,954,780,1000,629,955,498,896,424,987,456,994,281,990,160,986,60,901,438,889,247,876,113,868,0,822,463,803,271,786,141,773,33,749,520,728,373,717,269,709,180
1786204787.227,668,668,778,674,878,615,941,537,990,465,868,403,933,298,970,237,1000,188,813,345,850,192,868,98,878,22,749,329,775,174,789,80,797,0,679,343,687,222,696,142,705,69
1786204787.407,637,637,749,642,847,584,911,505,965,436,858,382,927,267,967,195,1000,132,802,325,855,178,883,85,906,6,737,303,780,163,806,75,828,0,664,306,682,192,695,117,709,49
1786204787.598,693,693,802,681,882,602,878,498,847,422,912,406,960,269,984,176,1000,99,851,357,901,198,928,89,951,0,786,343,828,196,855,99,879,21,711,359,744,246,772,173,798,113
1786204787.776,690,690,797,662,873,544,846,406,776,335,924,404,966,253,984,145,1000,50,858,359,903,208,926,97,949,0,785,342,827,204,856,98,881,8,705,351,745,231,774,145,799,72
1786204787.954,699,699,800,665,875,540,848,406,782,342,927,407,967,251,985,145,1000,52,864,362,908,208,931,96,955,0,793,346,836,203,864,97,890,7,714,355,754,234,783,150,809,77
1786204788.127,701,701,799,664,875,540,848,404,777,345,927,409,966,253,984,146,1000,52,863,365,905,211,927,98,949,0,792,349,835,208,863,101,888,10,714,357,755,237,783,152,807,79
1786204788.302,704,704,803,676,880,557,859,421,795,359,932,416,970,259,986,151,1000,58,868,370,909,211,929,97,949,0,799,355,841,207,867,99,890,8,722,367,761,246,788,162,810,89
1786204788.478,686,686,787,680,881,557,877,403,802,320,906,413,959,284,983,185,1000,96,843,359,889,226,910,122,926,26,768,333,808,195,833,91,847,0,681,328,718,195,743,102,762,19
1786204788.667,667,667,780,657,875,598,936,521,981,451,863,370,929,257,969,188,1000,131,795,317,831,169,849,76,861,2,722,306,738,158,751,72,763,0,645,324,639,205,638,128,640,57
1786204788.842,690,690,797,678,885,606,931,522,956,445,868,404,931,282,971,207,1000,142,800,360,831,197,848,92,859,2,728,355,740,193,750,89,758,0,654,380,643,259,639,177,639,102
1786204789.025,691,691,800,669,887,593,923,499,937,412,875,399,934,274,971,198,1000,133,808,358,838,194,858,89,875,0,740,357,754,196,766,93,780,6,668,386,661,272,662,196,669,127
1786207149.746,665,665,771,619,861,546,935,479,1000,436,821,346,875,221,905,140,930,68,757,311,793,169,813,78,831,0,691,312,710,187,723,107,736,37,623,340,614,237,610,170,608,107
1786207149.929,669,669,775,622,866,547,938,480,1000,433,825,350,879,224,909,141,934,68,761,316,795,174,816,79,834,0,695,318,712,194,726,114,741,44,627,346,617,242,614,173,613,107
1786207150.082,725,725,829,676,909,585,947,490,983,415,888,385,941,250,972,163,1000,86,818,349,847,188,867,86,885,0,748,353,758,208,770,114,783,31,676,383,663,270,658,195,656,127
1786207150.269,730,730,833,678,889,569,864,457,827,387,923,414,969,247,987,134,1000,42,848,380,883,206,899,95,916,0,774,383,800,226,819,124,841,38,697,414,708,293,721,212,737,143
1786207150.426,756,756,868,710,933,593,886,479,812,434,966,425,992,254,997,151,1000,66,895,396,928,213,945,100,960,0,822,400,853,228,877,123,900,34,743,430,765,303,788,219,812,149
1786207150.598,773,773,882,720,938,587,885,467,804,428,969,430,990,261,996,153,1000,65,897,399,926,222,943,104,961,0,826,402,850,236,871,130,892,41,749,434,770,307,792,219,815,144
1786207150.769,774,774,881,726,937,591,881,469,794,440,968,434,990,264,996,155,1000,64,896,400,925,225,941,107,959,0,826,401,849,238,870,134,893,43,748,431,767,307,786,224,805,150
1786207150.957,671,671,780,616,865,537,938,466,1000,418,785,323,816,199,835,118,852,51,711,302,720,164,726,75,731,0,642,322,638,211,640,145,645,83,577,366,545,279,525,227,511,176
1786207151.116,676,676,782,614,864,530,939,460,1000,412,780,325,807,203,823,128,837,64,710,305,721,163,729,74,736,0,642,327,637,219,636,158,639,102,580,373,552,295,535,252,523,210
1786207151.272,676,676,781,610,863,526,938,450,1000,401,783,322,812,200,829,123,844,58,713,304,720,164,726,74,731,0,646,327,639,220,637,158,639,101,585,373,561,297,547,252,538,210
1786207151.430,794,794,865,717,897,588,878,483,861,393,930,450,967,269,985,150,1000,61,866,426,890,219,907,93,925,0,799,444,824,248,842,123,861,26,726,494,724,359,735,264,749,184
1786207151.588,771,771,881,719,939,575,881,457,793,429,970,450,991,274,996,161,1000,68,899,419,926,236,940,112,952,0,827,417,854,249,874,134,892,38,747,441,771,311,792,219,810,143
1786207151.744,783,783,899,727,960,581,903,461,820,431,985,441,1000,267,999,156,998,65,912,414,932,230,944,110,956,0,840,417,861,249,880,136,897,43,758,448,779,313,800,221,819,145
1786207151.932,790,790,899,745,960,602,895,497,802,469,983,471,999,300,1000,188,999,94,909,442,930,252,944,119,958,0,834,446,854,268,874,143,895,39,755,476,775,341,796,245,816,164
1786207152.089,751,751,862,715,939,609,950,502,952,431,921,412,967,258,986,162,1000,84,841,371,872,190,893,83,913,0,763,375,776,200,789,95,805,13,683,412,668,284,667,198,676,127
1786207152.261,675,675,787,616,873,527,942,452,1000,397,792,321,822,192,842,115,859,48,719,302,734,163,747,74,758,0,648,323,644,213,647,155,654,100,583,370,556,287,546,235,542,184
1786207152.448,686,686,793,622,875,532,944,455,1000,399,789,340,815,219,831,145,845,81,718,322,726,175,735,82,743,0,651,344,642,227,640,157,643,93,591,392,559,302,542,252,531,203
1786207152.636,770,770,889,717,967,588,985,467,1000,374,893,403,908,263,917,173,926,96,814,381,814,205,821,91,835,0,744,401,737,239,744,136,757,51,677,451,661,332,662,257,670,193
1786207152.824,786,786,900,741,962,607,912,491,832,461,979,455,996,284,999,174,1000,84,907,420,931,237,943,111,956,0,834,418,860,254,879,146,898,58,754,447,779,319,801,232,821,162
1786207152.997,775,775,879,723,935,583,873,476,791,448,968,435,992,269,997,163,1000,76,899,399,925,221,936,103,948,0,830,395,856,233,874,130,893,44,754,419,778,293,798,209,815,138
1786207153.152,785,785,886,713,933,575,870,469,789,442,976,433,994,267,997,162,1000,72,906,400,928,224,939,106,953,0,836,399,857,241,874,137,895,47,761,427,784,308,803,227,822,158
1786207153.339,786,786,889,717,941,580,878,469,792,443,973,430,992,263,996,158,1000,67,904,397,927,222,940,105,955,0,835,397,859,240,879,139,901,50,763,426,786,305,805,224,823,156
1786207153.497,783,783,887,722,939,581,872,473,783,450,971,434,992,271,997,167,1000,79,900,399,923,222,934,104,947,0,830,398,852,235,870,133,890,46,754,428,773,302,791,217,806,144
1786207153.670,683,683,791,619,875,526,942,450,1000,398,791,329,825,199,847,120,867,52,719,311,730,169,739,78,747,0,652,333,648,214,649,141,654,76,590,381,564,298,554,246,550,197
1786207153.858,673,673,781,605,866,518,939,442,1000,390,787,309,824,174,845,85,863,9,714,293,724,157,731,70,737,0,645,317,640,209,638,148,638,93,582,365,558,288,546,243,537,202
1786207154.045,680,680,788,615,871,529,942,452,1000,395,791,321,827,189,848,104,867,30,718,302,727,162,733,73,739,0,650,325,645,214,644,149,646,89,588,372,563,294,552,248,545,203
1786207154.203,779,779,886,744,962,638,980,523,991,428,937,434,970,259,987,146,1000,55,858,405,873,216,888,96,905,0,783,416,791,236,803,129,818,41,708,453,701,315,703,223,709,144
1786207154.376,759,759,865,737,937,603,893,474,813,432,957,433,988,274,997,176,1000,95,891,397,930,226,950,107,960,0,825,398,858,237,885,129,903,35,751,432,785,318,814,238,835,166
1786207154.564,760,760,871,704,933,559,876,445,793,425,957,444,986,288,994,191,1000,109,891,406,925,230,947,106,964,0,825,400,858,243,884,131,907,36,751,423,782,307,809,223,831,151
1786207154.894,868,868,965,805,1000,675,916,587,822,571,982,487,997,310,999,181,997,71,891,465,880,263,870,123,860,0,811,490,778,309,760,180,747,68,736,547,684,424,647,343,615,274
1786207155.066,869,869,962,806,1000,684,933,581,863,547,979,476,992,296,993,174,992,70,890,459,882,255,876,119,871,0,811,489,790,302,782,178,778,70,736,550,690,424,663,343,643,273
1786207155.254,845,845,944,781,991,669,958,566,927,498,960,446,989,256,997,130,1000,31,875,429,879,231,881,104,884,0,800,457,782,272,773,154,770,53,731,516,693,396,671,314,657,240
1786207155.443,675,675,777,623,862,548,938,486,1000,442,772,332,805,201,825,117,843,45,703,313,714,172,725,79,733,0,639,334,632,214,635,139,641,71,580,382,548,304,535,253,530,203
1786207155.615,674,674,774,619,857,548,936,487,1000,442,774,327,809,194,832,108,851,34,706,308,719,168,731,76,741,0,642,330,638,212,642,140,649,74,583,374,555,300,543,253,534,206
1786207155.773,674,674,777,620,862,549,938,487,1000,443,775,326,807,193,828,109,847,37,705,308,713,167,720,76,725,0,639,330,635,210,636,135,640,68,579,378,550,298,537,249,528,203
1786207162.187,807,807,905,732,947,607,881,508,800,480,975,439,996,269,1000,158,1000,66,903,411,927,228,938,106,948,0,832,417,853,249,867,133,879,32,757,453,774,328,790,241,806,167
1786207162.383,793,793,892,743,943,612,874,511,785,492,968,451,989,272,995,159,1000,66,895,421,917,233,929,110,942,0,823,427,842,253,858,141,875,43,748,464,767,334,784,244,798,169
1786207162.563,802,802,906,736,957,603,885,497,798,472,975,442,995,273,998,166,1000,74,902,410,925,229,935,108,948,0,832,413,852,245,866,134,882,38,758,449,774,317,789,231,802,160
1786207162.727,798,798,899,728,948,595,881,492,798,465,970,435,991,263,996,154,1000,61,898,404,920,222,933,104,947,0,828,407,847,241,863,135,881,41,756,443,774,312,790,227,807,154
1786207162.905,798,798,899,738,950,603,878,502,788,484,976,438,995,263,998,155,1000,64,901,409,923,222,934,104,944,0,827,414,849,244,865,134,880,40,750,451,770,319,787,229,800,153
1786207163.089,792,792,891,754,944,629,881,530,801,493,972,449,995,268,998,163,1000,74,896,417,918,216,930,100,943,0,819,425,838,237,854,129,873,38,738,462,751,331,769,244,786,172
1786207163.259,685,685,788,630,871,549,942,482,1000,437,782,332,805,207,817,137,827,78,710,314,715,167,721,76,723,0,643,336,632,203,629,124,627,55,582,387,553,291,538,231,527,173
1786207163.453,684,684,786,624,867,545,939,482,1000,440,774,328,800,202,814,121,826,54,704,312,710,169,715,76,717,0,639,338,628,213,624,135,621,68,579,391,547,305,527,252,512,201
1786207163.627,685,685,784,624,865,545,939,480,1000,434,775,334,803,207,819,125,833,57,707,317,710,172,713,78,715,0,642,341,631,211,627,128,625,55,584,391,552,302,533,247,519,195
1786207163.798,839,839,951,792,1000,688,946,618,887,590,975,466,991,287,996,169,999,76,894,439,898,238,906,105,915,0,819,457,822,264,832,137,844,36,744,509,726,367,727,270,733,185
1786207163.974,804,804,912,750,961,610,892,508,806,489,988,455,1000,277,999,167,997,76,914,425,930,234,937,109,944,0,840,430,860,253,874,142,888,48,762,463,780,326,796,234,809,156
1786207164.153,809,809,911,746,960,604,894,499,811,481,986,445,1000,273,1000,169,998,81,913,415,928,220,933,101,938,0,841,422,860,241,871,131,882,37,763,460,781,327,797,237,812,161
1786207177.275,773,773,869,685,926,570,964,477,1000,412,887,420,924,250,938,139,947,47,802,406,819,219,823,100,827,0,725,426,720,261,720,149,723,56,650,474,615,359,594,281,583,210
1786207177.441,678,678,778,643,865,577,936,523,1000,488,796,363,832,225,856,141,878,74,728,336,747,179,762,81,773,0,662,347,663,200,666,108,670,31,601,386,573,286,555,222,544,164
1786207177.602,678,678,778,646,866,580,937,525,1000,487,800,360,840,220,865,134,888,66,732,334,755,178,772,82,785,0,664,346,669,200,676,107,684,27,599,385,574,287,560,221,550,160
1786207177.777,748,748,856,711,940,631,974,554,1000,501,897,406,936,250,961,158,983,80,820,374,843,197,859,90,873,0,746,386,752,217,761,114,770,31,671,427,644,312,630,236,621,170
1786207177.967,770,770,870,718,929,568,865,467,771,462,948,402,978,230,991,126,1000,40,883,384,919,208,937,96,948,0,816,397,843,242,865,140,880,55,742,436,763,318,780,236,789,166
1786207178.140,794,794,904,739,965,585,901,474,808,464,982,454,996,282,998,180,1000,91,912,430,931,241,942,114,952,0,841,437,864,268,885,154,905,57,762,471,788,350,810,261,827,186
1786207178.318,807,807,908,745,957,594,896,487,814,466,970,438,991,274,998,175,1000,89,897,417,917,229,931,104,943,0,823,433,844,251,866,137,887,41,741,480,765,351,789,259,809,180
1786207178.494,809,809,919,742,970,589,901,480,812,462,985,458,999,299,1000,200,999,108,913,429,927,240,940,112,952,0,841,434,861,258,880,141,898,41,762,470,785,338,805,242,821,161
1786207178.674,768,768,871,704,940,592,970,487,1000,409,882,389,919,226,934,114,945,24,805,373,820,205,829,93,837,0,735,395,725,234,725,127,727,34,669,443,641,331,630,255,624,185
1786207178.872,704,704,809,629,890,524,952,442,1000,377,787,335,817,188,833,97,845,20,715,324,721,172,732,76,745,0,648,354,636,240,640,183,651,133,586,409,551,331,544,289,545,253
1786207179.032,702,702,803,628,884,527,949,444,1000,382,788,339,815,206,832,122,845,50,718,325,724,178,738,82,751,0,652,354,641,235,645,168,653,107,593,411,557,337,543,294,536,253
1786207179.202,713,713,812,641,887,541,946,452,1000,388,809,349,833,222,847,139,859,68,738,330,739,178,748,80,761,0,673,354,664,214,665,125,671,48,614,405,585,307,572,249,568,194
1786207179.414,815,815,929,753,971,624,901,524,824,489,983,455,1000,269,1000,154,998,60,906,428,923,234,932,108,939,0,833,437,844,258,854,140,863,41,758,477,766,343,778,250,792,171
1786207179.565,814,814,916,752,965,617,895,510,811,483,988,445,1000,266,997,158,995,66,913,423,930,228,934,107,938,0,842,434,861,256,872,141,884,40,766,474,782,336,796,245,808,166
1786207179.739,817,817,920,750,970,610,897,501,806,478,987,436,1000,256,999,145,997,51,912,415,928,226,934,105,939,0,842,426,858,256,870,142,881,44,769,468,785,333,800,242,813,164
1786207179.915,823,823,925,758,970,623,896,519,813,495,983,457,1000,278,999,165,997,66,904,432,922,238,928,114,934,0,831,441,846,268,857,154,868,50,756,483,769,351,782,263,795,185
1786207180.092,715,715,813,663,894,588,954,518,1000,457,817,360,855,210,875,114,889,35,745,342,762,182,780,82,797,0,678,365,671,226,672,134,676,55,617,415,588,318,577,257,573,200
1786207180.272,682,682,779,624,862,547,939,486,1000,436,775,322,807,182,828,91,845,15,707,307,719,164,733,75,746,0,642,331,637,204,641,122,646,47,584,381,556,300,543,247,533,196
1786207180.452,685,685,781,631,863,558,937,500,1000,454,773,333,806,190,825,97,841,21,704,319,715,172,725,78,732,0,639,345,631,217,631,136,633,65,581,397,548,312,530,256,516,203
1786207180.634,692,692,785,637,866,569,939,514,1000,467,782,339,818,191,838,97,851,20,713,325,725,174,734,79,739,0,648,353,638,218,637,131,638,55,590,405,553,318,533,260,516,204
1786207180.813,809,809,919,760,978,666,946,586,907,549,951,436,985,261,996,146,1000,53,868,410,877,217,880,96,881,0,795,426,792,252,789,142,788,51,722,474,706,349,699,263,697,186
1786207180.995,832,832,931,756,965,610,887,504,803,483,980,456,999,287,1000,178,998,79,904,428,923,241,933,114,940,0,832,437,850,263,862,146,872,37,759,478,777,344,791,256,804,177
1786207181.166,816,816,917,750,966,613,898,504,814,484,985,445,1000,271,999,164,996,71,911,419,925,229,929,108,933,0,839,426,854,252,863,139,873,37,766,464,782,328,793,241,804,165
1786207181.341,819,819,918,753,967,615,899,508,815,487,985,443,1000,270,999,164,996,70,911,417,925,227,930,107,934,0,839,425,853,249,861,136,872,34,766,463,781,329,793,242,805,166
1786207181.518,823,823,927,760,974,629,909,520,826,495,988,451,1000,275,998,167,994,74,913,430,926,236,930,111,935,0,840,442,853,265,862,147,872,42,765,484,780,347,791,253,801,172
1786207181.698,678,678,776,641,861,575,934,528,1000,501,797,366,826,234,842,149,856,76,727,339,739,186,752,87,763,0,658,353,651,207,653,114,659,31,594,396,556,301,537,240,526,181
1786207181.896,687,687,783,641,864,572,934,519,1000,490,790,359,825,225,843,137,856,64,722,334,737,176,746,79,751,0,656,351,646,209,643,117,644,39,595,397,556,304,535,240,521,179
1786207182.060,678,678,774,633,858,565,933,516,1000,491,782,359,819,228,838,141,852,69,715,335,732,179,744,82,752,0,650,350,644,209,644,119,647,41,591,394,555,302,536,237,526,173
1786207182.243,678,678,774,630,856,561,932,509,1000,482,784,357,820,227,840,143,856,73,718,331,737,178,749,81,757,0,655,346,649,206,647,119,648,42,596,389,562,303,544,244,533,186
1786207182.420,836,836,943,795,1000,716,972,647,938,607,975,446,986,262,983,155,975,64,895,420,901,220,902,102,902,0,825,435,829,252,834,141,841,48,753,481,753,346,760,258,768,176
1786207182.591,843,843,946,777,988,641,913,546,827,528,1000,457,998,272,987,160,976,66,923,437,930,237,931,111,931,0,852,455,858,270,865,151,872,48,778,505,788,367,798,276,806,196
1786207182.767,843,843,943,774,983,644,907,547,824,524,998,452,1000,267,990,157,981,62,921,432,928,229,926,107,924,0,850,448,860,263,864,147,868,43,775,494,785,357,794,267,802,187
1786207182.941,847,847,947,777,989,645,916,543,834,513,1000,453,1000,270,990,162,981,69,924,433,929,231,928,107,928,0,853,449,861,265,865,149,869,46,780,496,790,360,798,270,804,191
1786207183.121,845,845,945,773,988,640,918,539,836,512,1000,452,1000,268,990,158,982,63,924,433,929,234,927,110,929,0,853,449,861,269,865,153,870,48,780,497,789,363,797,273,804,193
1786207183.308,693,693,788,652,872,580,942,525,1000,488,816,364,849,217,864,125,875,49,744,337,761,179,777,80,791,0,677,350,670,192,674,95,680,15,613,391,581,282,567,208,560,140
1786207183.488,682,682,777,630,860,559,935,502,1000,464,784,350,820,212,837,124,848,51,717,328,731,174,741,79,749,0,652,346,639,207,637,117,638,40,593,392,555,301,535,241,522,183
1786207183.668,683,683,781,636,865,567,937,507,1000,466,786,355,818,218,833,130,843,55,717,331,730,174,738,79,743,0,652,348,640,209,637,121,636,44,591,393,553,302,533,241,518,182
1786207183.837,684,684,779,630,861,557,936,497,1000,456,786,350,818,215,834,129,844,57,719,327,730,171,737,77,741,0,655,344,643,205,639,117,639,43,596,390,560,305,542,247,531,192
1786207184.019,828,828,928,783,979,712,950,667,916,651,966,449,990,270,998,160,1000,68,887,426,898,228,904,104,907,0,815,444,820,264,822,151,825,55,740,494,737,363,739,277,744,200
1786207184.186,837,837,940,772,979,640,903,544,821,521,997,459,1000,274,990,163,980,72,917,438,926,235,928,109,930,0,842,453,853,267,862,147,870,42,766,497,778,359,789,267,799,187
1786207184.373,832,832,929,773,973,640,900,539,816,523,999,456,1000,268,992,155,983,62,922,432,931,231,932,107,933,0,849,445,859,258,866,142,873,41,774,490,785,353,795,262,803,184
1786207184.555,844,844,941,775,983,642,909,541,825,519,999,450,1000,269,990,160,980,67,923,430,928,228,927,107,926,0,851,447,859,260,863,145,867,42,777,494,787,356,795,266,803,187
1786207184.734,687,687,783,639,863,562,938,502,1000,464,793,364,826,220,844,129,855,57,721,345,729,182,732,81,730,0,654,367,634,222,622,128,612,50,594,417,555,331,532,275,514,225
1786207184.916,682,682,778,628,859,553,934,500,1000,463,766,340,806,193,827,99,842,25,692,328,695,173,695,77,693,0,627,357,608,222,599,136,593,63,571,414,530,337,506,288,490,243
1786207185.085,680,680,774,629,855,556,931,504,1000,469,766,346,801,202,819,108,830,33,697,331,703,175,707,79,707,0,633,356,615,215,608,125,603,48,577,411,534,332,509,282,489,236
1786207185.260,685,685,777,629,857,554,933,499,1000,462,767,342,802,189,818,92,829,14,697,331,699,173,699,77,696,0,634,359,616,219,606,128,598,53,577,411,537,326,510,270,489,218
1786207185.461,829,829,937,757,1000,645,994,538,981,458,939,419,948,240,947,126,945,29,857,408,853,221,846,102,840,0,787,433,776,264,769,152,767,58,719,485,701,356,693,269,688,191
1786207186.167,803,803,710,683,670,541,667,437,665,368,707,444,693,248,684,129,676,37,796,444,807,234,812,103,815,0,875,479,902,288,914,169,918,74,944,536,974,412,992,333,1000,268
1786207186.333,687,687,782,637,865,568,937,510,1000,470,790,360,823,220,838,131,847,56,721,338,735,182,748,83,756,0,657,356,646,214,644,126,646,51,597,402,563,310,545,246,533,184
1786207186.513,680,680,780,633,866,562,937,504,1000,463,788,350,822,212,837,124,847,51,716,327,726,175,734,80,739,0,650,345,638,209,638,119,640,41,589,391,554,300,536,236,524,176
1786207186.699,680,680,779,631,865,557,937,496,1000,453,790,346,824,215,841,132,853,60,719,324,730,173,739,79,745,0,654,341,645,208,647,126,651,51,595,384,563,290,546,231,535,172
1786207186.873,800,800,913,739,976,643,950,558,921,506,940,410,973,257,988,161,1000,79,853,382,864,203,873,92,882,0,779,399,774,240,777,137,783,49,708,448,693,328,689,250,688,179
1786207187.099,752,752,863,686,923,559,865,448,779,420,961,408,990,256,997,161,1000,80,896,369,931,204,945,94,954,0,826,362,857,214,872,119,884,39,747,381,773,265,791,187,805,121
1786207187.242,779,779,887,724,944,578,875,462,778,446,974,429,997,274,1000,182,998,104,910,390,944,221,961,104,969,0,844,383,872,237,889,141,900,61,769,404,795,290,812,220,818,161
1786207187.404,791,791,898,734,957,591,898,471,815,443,982,429,999,259,1000,158,998,74,915,395,943,217,955,100,962,0,846,393,873,241,888,142,900,59,770,420,794,310,810,237,819,176
1786207187.587,769,769,874,721,946,620,936,522,912,466,931,421,965,282,983,193,1000,118,854,383,876,208,898,94,921,0,780,384,790,218,801,108,815,15,705,418,696,300,698,220,705,152
1786207187.767,686,686,794,644,885,571,950,503,1000,449,808,356,844,235,861,166,874,107,736,327,750,170,764,76,776,0,669,339,666,202,672,120,681,50,607,381,581,286,570,234,567,187
1786207187.938,680,680,785,633,875,558,944,491,1000,441,796,346,832,225,849,154,862,93,723,320,735,168,746,75,753,0,656,336,652,209,655,132,660,65,596,380,569,297,554,249,542,203
1786207188.108,705,705,807,653,891,577,950,509,1000,452,825,357,861,227,879,147,893,77,750,332,763,176,774,80,782,0,680,347,676,207,680,118,686,40,617,390,595,286,586,219,583,155
1786207188.312,797,797,896,723,938,588,876,487,805,450,952,434,982,272,992,165,1000,74,880,405,906,223,921,102,935,0,809,413,832,242,850,130,864,34,734,454,752,322,767,233,779,157
1786207196.139,783,783,886,717,940,567,879,444,796,413,959,391,986,223,996,116,1000,23,892,369,921,196,935,89,945,0,823,380,851,218,870,109,882,14,746,422,767,292,781,208,787,129
1786207197.173,784,784,887,734,948,599,904,464,824,407,962,421,989,250,999,135,1000,35,901,387,936,210,953,93,959,0,836,393,865,227,882,124,891,36,760,429,779,306,792,226,799,155
1786207198.211,783,783,886,717,940,568,880,444,797,413,959,391,986,223,996,116,1000,23,892,369,921,196,935,89,944,0,823,379,851,218,870,109,882,14,746,421,767,292,781,207,788,128
1786207199.241,784,784,887,734,949,599,904,464,824,407,962,421,989,250,999,134,1000,35,901,387,936,210,953,93,959,0,836,393,865,227,883,123,892,36,760,428,779,306,792,226,799,155
1786207206.117,860,860,742,824,665,734,619,675,603,623,657,535,606,395,579,298,561,210,736,471,720,264,708,134,706,29,824,459,835,249,839,113,845,0,916,490,952,328,982,224,1000,135
1786207206.323,704,704,809,652,887,560,944,465,1000,395,812,370,849,236,870,146,887,71,744,343,749,181,753,82,756,0,679,356,673,219,668,134,667,58,619,397,589,297,570,237,557,181
1786207206.490,707,707,811,654,889,561,943,466,1000,394,818,367,853,232,872,146,889,72,749,340,753,179,757,82,760,0,683,354,676,210,674,123,673,46,621,396,595,291,579,229,567,171
1786207206.670,743,743,845,688,919,591,960,502,1000,446,861,391,896,244,916,154,933,80,789,364,794,188,798,84,802,0,722,377,714,221,711,125,710,47,657,419,628,308,612,243,600,187
1786207207.244,854,854,951,769,998,616,930,499,832,496,995,423,1000,250,992,147,981,61,923,406,931,217,928,99,923,0,854,425,858,254,862,147,864,58,783,475,790,340,797,250,799,176
1786207207.474,858,858,955,772,999,614,931,499,838,496,995,418,1000,252,992,155,980,73,923,403,931,220,931,101,928,0,852,423,857,261,861,151,864,57,780,472,780,343,780,256,777,182
1786207207.630,853,853,954,771,1000,615,933,497,840,490,987,433,996,260,992,159,983,73,914,411,924,217,927,99,927,0,842,425,846,248,849,135,852,42,769,469,756,338,745,254,735,184
1786207207.800,703,703,801,646,881,550,942,479,1000,446,797,356,827,238,843,171,858,113,729,329,723,169,722,74,722,0,665,341,648,194,642,103,638,28,606,383,569,286,547,222,529,164
1786207207.995,687,687,783,634,864,546,935,479,1000,446,773,354,798,233,811,161,819,102,708,330,698,169,695,74,692,0,646,347,612,212,591,141,576,81,592,393,540,317,506,269,476,223
1786207208.185,684,684,781,628,864,535,935,469,1000,437,775,331,802,205,817,132,829,70,706,310,696,154,691,66,686,0,641,329,615,193,600,115,588,52,583,377,540,292,513,237,489,186
1786207208.342,696,696,789,636,868,536,935,459,1000,422,791,353,814,222,827,149,836,89,729,334,725,165,725,70,724,0,666,353,648,200,644,111,643,39,605,401,562,307,542,245,528,188
1786207208.509,852,852,955,765,1000,620,942,500,867,468,987,433,989,260,980,160,968,75,915,415,919,220,916,101,912,0,847,431,848,253,847,144,848,52,775,479,776,347,780,261,782,187
1786207208.696,853,853,953,774,1000,622,929,510,836,498,996,433,995,255,980,147,961,56,925,417,927,225,918,104,907,0,856,436,859,264,858,154,856,60,786,486,794,351,800,263,802,187
1786207208.872,857,857,953,772,1000,614,936,497,841,492,995,425,993,254,979,150,963,61,926,411,929,225,921,105,912,0,859,432,862,266,863,156,863,59,791,484,801,354,806,267,806,193
1786207209.047,852,852,957,779,1000,644,942,547,871,525,987,450,983,261,971,155,958,68,909,438,904,231,897,104,887,0,831,463,834,279,839,161,841,63,752,517,752,387,758,301,761,226
1786207209.233,713,713,807,648,880,554,940,484,1000,442,783,365,804,234,818,157,829,92,717,350,707,182,706,81,706,0,656,374,622,230,604,143,590,68,603,426,552,336,522,276,498,219
1786207209.399,701,701,795,635,871,540,935,471,1000,434,773,342,791,200,799,112,805,37,704,330,688,170,681,76,676,0,641,357,612,216,596,133,584,62,587,414,539,326,510,269,485,214
1786207209.607,706,706,796,638,872,539,935,467,1000,431,780,348,798,210,807,129,813,60,713,336,697,172,692,77,689,0,653,363,623,213,612,124,604,48,598,418,550,327,522,267,500,208
1786207209.754,798,798,897,745,975,652,999,578,1000,524,907,420,922,263,931,163,935,80,840,398,844,214,853,95,858,0,777,412,772,242,777,131,783,43,715,457,701,332,700,248,703,175
1786207209.948,830,830,936,768,987,623,918,515,832,496,981,463,999,281,1000,168,996,76,911,443,933,248,942,115,944,0,844,455,870,274,891,145,902,34,771,498,797,358,814,264,823,184
1786207210.124,831,831,934,759,989,608,926,488,840,467,984,444,1000,271,998,169,992,82,916,422,934,229,941,106,943,0,849,435,866,256,879,140,889,40,776,482,796,348,812,257,823,179
1786207210.296,828,828,931,751,989,596,932,473,849,448,985,422,1000,247,999,154,993,71,919,404,936,208,942,96,943,0,854,422,869,238,882,130,890,37,784,472,804,344,820,255,828,177
1786207210.471,735,735,833,682,912,585,959,508,1000,461,843,388,870,246,886,165,901,99,771,367,765,187,769,81,774,0,703,389,684,220,681,116,682,33,640,443,609,333,598,256,593,187
1786207210.652,703,703,802,641,879,544,939,472,1000,428,781,346,798,218,805,141,812,75,712,331,701,174,699,78,698,0,650,353,629,209,621,126,616,55,594,403,554,305,532,243,514,184
1786207210.832,699,699,798,637,875,542,939,469,1000,426,775,344,794,212,804,131,812,60,706,330,694,173,691,77,689,0,644,355,618,215,605,136,596,67,589,406,547,312,523,251,503,190
1786207211.002,714,714,807,654,883,557,941,482,1000,438,796,361,816,221,824,140,827,70,729,347,721,177,722,79,720,0,667,370,645,214,637,119,632,38,609,422,571,322,551,254,535,191
1786207211.192,851,851,952,778,1000,631,935,518,852,497,981,439,990,257,989,160,985,77,911,423,922,218,926,98,925,0,843,445,849,257,856,146,859,51,772,500,785,367,797,275,804,195
1786207211.370,847,847,950,777,1000,624,931,514,847,499,993,450,996,269,986,165,974,75,922,435,929,233,925,108,919,0,855,454,862,273,865,157,866,58,784,504,795,367,804,274,809,194
1786207211.542,854,854,953,782,1000,629,934,513,849,498,993,453,993,269,983,164,970,75,923,438,929,237,926,111,919,0,856,456,862,273,863,155,863,49,785,507,799,369,808,276,812,194
1786207211.788,717,717,810,666,892,580,949,508,1000,466,825,373,847,231,861,151,877,85,757,355,756,184,759,81,762,0,692,374,681,223,677,129,675,52,628,422,601,316,587,250,578,192
1786207211.991,708,708,805,645,882,550,941,478,1000,439,790,351,806,212,812,127,817,56,722,335,713,174,712,77,712,0,660,357,638,205,631,115,627,39,602,407,563,313,543,251,526,193
1786207212.137,702,702,800,638,877,547,939,478,1000,440,780,347,799,214,808,134,815,64,712,333,704,174,703,77,703,0,651,356,630,213,622,129,617,58,594,407,556,314,535,251,518,192
1786207212.322,708,708,799,654,880,572,945,515,1000,482,796,366,813,228,822,143,828,73,729,350,727,186,728,82,728,0,667,373,652,219,649,122,648,43,606,424,572,317,557,243,548,176
1786207212.491,860,860,960,790,1000,642,918,535,820,526,993,446,994,256,984,135,972,36,915,434,920,240,913,113,904,0,844,459,846,282,846,165,844,64,770,520,771,376,771,285,768,205
1786207212.723,852,852,949,782,991,640,916,536,826,519,1000,446,1000,265,987,150,972,55,927,426,933,237,928,111,922,0,858,442,860,264,858,148,857,48,787,491,791,356,794,264,796,185
1786207212.904,854,854,951,779,1000,641,946,527,874,498,990,444,995,267,991,160,984,70,921,422,925,223,924,102,923,0,853,435,852,253,852,143,855,51,783,477,780,341,782,255,784,185
1786207213.082,696,696,795,637,877,551,939,483,1000,439,781,343,808,217,822,147,833,88,713,322,712,163,717,73,721,0,651,340,632,197,630,115,630,44,595,389,558,296,538,235,524,176
1786207213.262,687,687,789,631,873,542,937,476,1000,439,778,335,804,211,817,142,827,82,708,316,702,160,702,71,700,0,644,336,629,201,625,125,623,58,587,383,553,290,534,231,519,173
1786207213.458,692,692,793,637,877,550,941,482,1000,439,785,356,805,226,815,151,823,85,716,338,711,176,710,78,707,0,653,359,635,219,626,136,619,66,594,407,560,312,543,248,530,187
1786207213.623,854,854,960,785,1000,647,930,548,852,514,987,463,985,274,974,149,963,47,912,451,920,255,914,122,907,0,840,474,846,292,844,169,840,62,761,529,767,389,775,295,781,212
1786207213.853,861,861,955,780,1000,640,938,524,845,493,993,452,987,266,976,145,960,45,926,441,929,246,927,113,924,0,859,463,859,281,860,162,861,62,790,515,788,380,793,288,799,210
1786207214.140,869,869,910,824,918,705,884,600,844,502,974,494,997,290,1000,142,993,29,902,472,902,255,891,110,881,0,829,486,810,279,790,142,778,32,755,526,734,362,717,256,708,161
1786207214.283,705,705,802,644,879,551,941,478,1000,429,776,352,796,221,808,141,819,76,706,338,699,177,701,78,702,0,643,362,619,226,609,146,601,79,588,414,545,325,519,268,497,213
1786207214.459,697,697,795,638,873,546,938,476,1000,433,770,342,791,215,802,137,809,70,698,327,689,170,688,73,687,0,634,352,608,219,597,144,589,83,579,405,534,315,506,259,483,206
1786207214.632,702,702,798,637,876,543,940,474,1000,429,772,340,791,210,802,131,811,63,700,326,690,167,686,72,684,0,636,353,611,218,597,140,587,72,580,408,537,320,510,264,485,209
1786207214.811,822,822,931,774,1000,668,988,583,959,530,934,428,943,252,944,137,945,46,853,415,850,226,850,101,852,0,780,441,769,267,767,149,768,52,710,499,692,363,690,274,692,196
1786207215.036,860,860,949,815,989,708,918,619,830,573,994,511,1000,323,990,197,975,94,919,497,930,287,925,137,912,0,844,520,856,324,854,186,845,64,764,570,775,422,781,321,782,228
1786207215.257,862,862,959,820,998,687,921,589,831,559,1000,508,999,306,988,168,977,57,922,497,930,284,925,138,916,0,847,520,855,324,856,186,850,64,767,573,779,427,788,327,790,233
1786207215.464,710,710,807,653,888,562,948,483,1000,427,804,364,815,218,822,127,828,53,734,350,727,186,725,84,723,0,669,371,647,226,634,136,626,59,610,418,568,324,544,264,525,208
1786207215.649,710,710,806,638,881,540,942,465,1000,413,779,341,796,210,805,130,812,62,707,327,694,170,690,75,686,0,643,353,614,216,600,141,589,76,587,407,544,315,516,258,491,204
1786207215.817,711,711,806,641,882,544,943,467,1000,413,781,347,800,215,811,133,817,63,710,332,698,172,694,76,691,0,647,357,620,217,606,134,595,63,591,410,547,318,519,258,496,201
1786207215.994,830,830,939,761,1000,649,975,567,939,529,925,407,928,225,926,109,925,15,839,403,815,216,800,97,789,0,766,439,737,276,721,169,711,82,698,506,664,378,647,299,635,231
1786207216.220,863,863,960,775,1000,616,920,512,821,508,989,432,976,256,958,144,941,47,913,424,905,236,892,111,881,0,841,451,836,283,830,165,827,65,772,506,770,372,770,280,768,205
1786207216.384,866,866,961,787,1000,633,919,533,822,529,989,450,978,271,960,159,943,63,912,436,905,240,892,111,882,0,841,460,837,282,833,163,830,64,769,515,768,381,770,287,769,210
1786207216.585,854,854,956,817,1000,699,915,621,808,610,994,513,988,312,966,180,941,74,908,501,908,287,894,136,877,0,828,528,826,323,821,185,810,63,748,582,749,440,752,339,749,246
1786207216.779,705,705,800,642,876,545,942,471,1000,424,788,359,806,219,817,140,828,75,721,345,719,180,724,81,729,0,657,368,634,225,624,139,617,66,599,417,559,317,537,255,521,195
1786207216.960,708,708,804,642,880,544,941,469,1000,423,778,341,799,211,810,133,820,66,706,327,696,168,695,73,694,0,643,353,615,215,602,137,592,71,587,407,545,313,519,254,496,198
1786207217.138,710,710,805,642,882,544,943,469,1000,424,781,345,800,216,811,139,819,71,711,330,698,170,697,75,697,0,648,355,620,215,607,137,597,71,593,407,552,316,526,257,503,202
1786207217.315,714,714,807,644,881,546,943,469,1000,412,785,351,800,214,809,132,818,62,714,339,702,176,697,79,694,0,651,365,627,220,617,134,610,60,595,420,561,317,546,253,536,192
1786207217.482,875,875,973,817,1000,699,915,623,821,598,996,506,989,306,968,181,945,77,912,502,906,282,892,134,876,0,831,537,821,331,813,197,804,79,748,600,745,450,749,349,753,257
1786207217.655,864,864,962,805,1000,654,917,550,820,542,992,468,979,281,955,161,933,61,911,457,907,257,893,123,882,0,838,482,832,301,825,176,819,67,763,541,765,397,767,298,767,211
1786207217.851,852,852,949,799,984,691,915,614,832,572,1000,536,987,326,962,192,937,87,915,529,907,297,890,140,873,0,831,559,822,342,811,203,801,83,743,611,736,470,734,368,733,276
1786207218.026,798,798,890,736,948,618,976,511,1000,433,885,438,888,245,888,125,890,31,802,432,796,233,795,105,794,0,723,464,703,277,695,153,689,49,648,523,608,395,584,303,566,226
1786207218.200,703,703,800,635,877,542,940,472,1000,424,765,340,784,206,796,123,806,53,689,328,672,171,667,76,664,0,622,357,589,225,575,145,564,75,567,415,513,327,478,273,448,219
1786207218.385,711,711,804,638,878,540,940,467,1000,417,772,343,793,207,805,125,815,55,699,333,687,174,686,77,686,0,634,364,602,227,588,147,578,78,579,422,525,335,491,278,463,222
1786207218.552,709,709,803,638,878,543,940,469,1000,421,775,348,797,209,808,123,816,49,701,338,690,175,687,78,684,0,636,368,606,233,590,149,578,75,581,426,528,338,495,280,468,223
1786207218.744,855,855,956,796,1000,684,954,599,902,553,948,446,940,263,929,143,920,46,865,440,836,242,820,108,810,0,794,476,772,291,764,170,762,70,730,548,710,408,706,315,707,235
1786207218.981,851,851,955,742,1000,574,984,439,959,338,984,543,966,332,945,204,928,97,901,560,878,311,862,141,850,0,816,607,800,374,791,220,786,90,731,672,715,524,712,413,711,315
1786207219.143,867,867,966,798,996,671,929,575,852,516,1000,564,986,343,957,205,928,90,911,566,896,314,875,147,853,0,823,602,814,371,804,216,793,84,737,652,729,504,727,395,723,298
1786207219.336,721,721,813,660,889,568,945,493,1000,452,805,365,829,229,842,148,855,79,730,351,723,189,722,85,720,0,664,377,634,238,617,154,603,84,606,430,565,327,541,264,524,205
1786207219.501,705,705,801,638,877,542,940,469,1000,419,770,340,792,216,804,141,815,78,696,326,682,171,679,75,678,0,631,352,598,223,585,153,577,94,576,406,527,321,498,266,474,212
1786207219.672,704,704,799,633,875,536,939,463,1000,416,767,334,790,207,802,132,810,65,693,320,680,165,674,72,669,0,626,348,593,218,577,144,564,80,569,404,516,317,482,261,453,207
1786207219.831,697,697,795,627,871,531,937,459,1000,413,763,328,786,199,798,121,806,53,687,317,672,163,665,71,659,0,620,345,588,215,572,139,559,73,563,402,512,313,478,256,448,201
1786207219.984,720,720,809,645,884,547,944,475,1000,432,788,353,814,212,827,126,838,50,715,345,707,183,701,83,694,0,650,377,628,235,614,144,603,66,592,438,557,337,538,272,526,213
1786207226.769,728,728,822,670,893,589,949,503,1000,445,807,379,834,226,848,126,859,42,729,373,720,206,719,96,717,0,662,408,639,262,629,158,620,69,603,468,560,363,532,290,513,223
1786207226.969,718,718,811,666,883,582,944,493,1000,425,807,386,833,239,845,140,854,57,734,375,729,207,726,96,722,0,667,405,648,260,639,161,632,77,606,459,563,359,538,290,520,227
1786207227.148,718,718,813,660,888,568,946,477,1000,411,806,375,831,230,843,138,851,59,731,361,724,195,722,89,720,0,665,387,645,242,635,147,628,65,606,439,567,337,541,272,522,212
1786207227.320,791,791,895,740,971,648,996,562,1000,487,897,418,919,254,930,154,941,69,813,404,804,215,802,99,801,0,739,435,718,267,711,160,706,68,672,495,635,372,613,294,597,222
1786207227.501,882,882,975,812,1000,678,912,586,817,581,999,486,983,292,964,167,947,63,914,478,897,271,879,130,867,0,836,509,822,320,814,195,811,86,760,573,750,432,747,335,746,251
1786207227.783,872,872,966,805,1000,674,921,588,835,580,993,474,973,280,951,168,932,71,912,473,898,253,886,120,876,0,837,509,820,308,814,184,810,73,762,577,757,436,756,339,753,253
1786207227.978,868,868,961,810,1000,680,924,590,834,576,992,472,967,273,941,160,916,65,911,470,893,250,876,116,861,0,835,505,819,305,812,180,803,72,759,571,752,426,751,329,748,245
1786207228.206,827,827,932,774,996,680,1000,599,992,549,932,448,940,246,941,120,942,21,839,443,821,236,815,106,814,0,759,480,723,296,705,177,694,78,688,545,644,410,620,323,607,247
1786207228.393,709,709,804,636,879,539,943,460,1000,402,774,337,793,187,800,91,804,12,697,329,684,174,678,78,672,0,631,359,601,226,586,150,573,83,575,414,527,319,499,261,474,204
1786207228.601,717,717,809,645,883,548,942,469,1000,419,778,350,791,194,796,96,799,14,706,345,691,183,685,83,679,0,643,378,612,248,596,172,581,103,587,435,540,345,511,288,485,230
1786207228.756,719,719,813,646,887,547,946,461,1000,396,788,347,800,197,804,102,808,24,717,341,701,181,693,82,685,0,658,370,632,229,623,143,617,69,604,423,578,314,569,243,565,176
1786207228.925,870,870,969,805,1000,683,925,601,842,573,996,491,986,290,967,174,948,78,915,487,906,266,895,124,884,0,837,520,826,318,820,188,816,80,757,582,752,435,754,334,759,246
1786207229.098,854,854,954,820,1000,720,927,639,831,609,999,502,981,288,953,168,925,71,914,496,897,263,879,121,861,0,834,530,816,329,813,196,808,81,753,588,746,449,751,351,757,264
1786207229.279,874,874,960,826,990,715,917,635,822,619,1000,518,982,307,959,182,937,82,918,511,901,280,886,130,871,0,838,543,821,331,818,200,814,85,758,602,748,458,748,360,748,272
1786207229.464,781,781,878,738,949,670,979,624,1000,598,885,419,890,239,892,130,893,41,807,410,801,223,799,102,794,0,735,438,724,265,721,155,719,64,666,493,641,364,627,280,618,206
1786207229.608,700,700,799,638,876,543,941,475,1000,432,782,351,801,224,811,152,820,91,710,336,706,180,706,81,705,0,645,359,623,228,614,154,609,88,588,409,552,309,533,249,519,189
1786207229.757,695,695,797,630,875,532,939,461,1000,418,771,330,791,202,801,126,809,60,696,315,683,161,679,70,676,0,630,338,604,202,594,127,586,64,572,388,532,290,508,232,488,177
1786207229.930,707,707,802,640,876,545,939,474,1000,430,778,350,798,222,808,143,816,73,707,335,700,178,700,80,700,0,644,359,620,222,612,141,608,69,588,410,551,315,529,254,511,194
1786207230.115,867,867,968,805,1000,683,946,592,889,541,980,489,970,287,948,168,925,72,897,486,885,262,874,119,865,0,818,517,807,313,803,180,800,74,740,577,731,425,733,324,741,238
1786207230.282,852,852,960,780,1000,646,947,538,876,476,997,516,983,303,960,174,936,67,912,520,896,283,880,129,864,0,827,556,815,340,808,196,801,76,740,610,733,464,734,358,736,265
1786207230.485,853,853,957,812,1000,697,931,613,843,585,989,500,976,291,956,176,935,79,909,496,897,263,886,124,874,0,833,530,819,323,814,197,809,87,755,589,749,443,750,349,755,262
1786207230.649,806,806,908,751,971,662,986,591,1000,544,897,430,916,241,926,124,933,29,815,419,817,222,827,98,835,0,742,452,719,272,715,162,716,73,673,514,631,387,612,306,604,234
1786207230.835,697,697,791,634,868,544,939,480,1000,443,773,350,794,218,803,134,810,64,700,337,696,182,696,82,695,0,634,364,611,230,600,148,592,77,577,417,534,323,508,263,487,204
1786207231.012,699,699,791,632,866,539,936,472,1000,431,767,349,785,214,794,128,803,56,696,336,685,178,682,80,679,0,632,363,604,226,591,144,583,72,578,417,533,330,506,271,484,214
1786207231.180,850,850,953,784,1000,663,969,556,936,478,924,429,904,231,892,105,882,2,837,430,805,229,781,103,764,0,764,471,733,289,715,176,702,81,699,544,670,404,659,313,654,235
1786207231.354,853,853,956,749,1000,575,986,430,956,321,946,493,925,286,902,167,880,63,862,508,840,281,824,132,811,0,783,557,765,352,758,220,753,104,704,627,689,486,689,385,693,295
1786207231.669,873,873,971,798,999,676,923,596,835,584,1000,468,980,265,955,152,933,59,921,469,897,243,877,112,858,0,846,506,827,307,816,183,806,83,763,573,754,430,751,337,750,256
1786207231.835,690,690,793,633,872,546,940,480,1000,445,780,343,806,213,819,136,829,71,703,328,694,175,688,79,680,0,634,354,607,224,594,150,582,87,573,407,528,312,500,256,478,203
1786207232.018,701,701,800,634,876,538,940,466,1000,419,775,337,795,203,803,121,809,52,697,326,683,170,674,75,666,0,630,355,599,225,584,146,571,79,572,410,520,323,487,268,459,215
1786207232.185,705,705,800,636,876,540,940,467,1000,421,774,346,793,212,802,129,810,58,701,334,688,175,683,78,678,0,637,362,608,228,596,152,588,85,581,416,536,325,510,267,490,210
1786207232.378,779,779,887,726,957,648,980,588,1000,547,861,412,854,246,843,147,832,62,778,410,753,222,741,103,727,0,711,447,686,286,675,178,666,90,649,511,630,381,622,298,620,225
1786207232.559,850,850,732,700,687,475,698,282,709,138,716,529,741,300,772,169,796,62,807,571,837,311,858,140,874,0,898,628,918,393,927,226,932,86,986,691,999,532,1000,415,998,311
1786207232.737,853,853,958,761,1000,609,972,482,931,395,990,516,973,298,953,174,935,75,911,530,897,283,883,130,869,0,833,574,823,353,819,208,813,84,750,639,747,489,751,381,755,284
1786207232.967,762,762,859,710,933,619,971,539,1000,486,857,401,878,239,885,127,891,38,777,390,778,216,786,97,793,0,707,419,680,257,672,145,667,50,645,480,601,375,577,302,563,233
1786207233.145,720,720,810,644,882,548,943,466,1000,407,782,351,792,203,798,107,803,27,708,346,692,186,687,85,685,0,643,379,612,243,597,160,588,87,588,438,538,353,511,296,490,239
1786207233.324,714,714,806,645,879,547,941,464,1000,407,780,352,793,204,800,111,806,32,709,344,692,180,686,81,683,0,646,377,615,241,599,155,589,80,591,437,540,353,512,296,492,242
1786207233.499,834,834,944,756,1000,632,994,522,995,431,914,421,913,238,906,115,902,14,824,423,799,236,781,110,770,0,752,462,720,295,702,180,690,82,686,530,657,405,642,320,634,245
1786207233.676,864,864,970,801,1000,685,919,609,830,584,984,493,967,277,941,158,916,63,901,496,880,259,855,120,830,0,824,538,803,327,791,195,779,87,743,604,730,453,726,353,724,266
1786207233.852,866,866,963,800,1000,677,937,580,867,523,988,467,965,258,941,147,919,52,905,475,883,246,864,116,845,0,830,518,816,318,806,190,795,81,752,590,746,448,743,350,740,260
1786207234.029,864,864,968,786,1000,645,945,543,885,488,987,503,961,282,934,157,910,52,897,518,870,275,845,130,821,0,813,565,794,352,782,209,771,88,726,633,712,476,705,368,699,269
1786207234.207,717,717,815,653,889,554,948,472,1000,413,796,362,818,224,827,134,834,61,720,349,714,187,709,84,702,0,653,377,624,239,606,152,592,79,595,432,541,346,505,293,477,244
1786207234.400,715,715,807,647,879,554,940,477,1000,429,787,370,805,226,815,135,823,59,718,358,717,189,719,86,722,0,654,388,628,243,613,150,602,71,597,446,545,358,512,305,485,255
1786207234.595,715,715,809,651,887,556,949,482,1000,429,796,363,813,199,820,93,826,7,723,358,703,195,689,88,675,0,662,390,634,240,619,140,607,54,609,446,583,339,572,264,566,197
1786207234.747,876,876,977,787,997,671,918,595,843,569,1000,480,988,283,970,170,952,71,914,482,901,257,888,122,875,0,836,522,830,321,820,196,812,85,758,590,757,449,756,355,756,265
1786207234.921,869,869,966,791,993,671,914,587,833,558,1000,481,987,282,967,168,949,72,915,481,906,255,896,120,888,0,838,519,832,317,828,190,823,81,758,585,760,444,761,346,760,256
1786207235.099,864,864,954,810,986,691,924,591,850,543,1000,492,985,287,965,172,948,77,918,490,908,258,897,121,888,0,840,525,829,316,825,186,820,75,760,588,757,445,756,346,756,257
1786207235.282,707,707,800,638,873,541,939,469,1000,422,776,358,802,230,820,150,836,81,703,346,694,189,690,86,688,0,639,375,607,243,588,158,575,82,584,432,533,347,503,291,479,234
1786207235.459,711,711,802,642,877,546,940,470,1000,419,777,358,799,222,815,138,829,67,704,348,689,181,682,80,679,0,642,380,609,242,590,154,578,77,587,440,534,354,502,299,480,245
1786207235.642,828,828,920,738,971,613,988,514,1000,440,889,414,902,219,905,98,909,0,798,425,761,232,733,110,711,7,726,478,679,306,652,193,632,97,666,559,620,432,596,346,581,268
1786207235.865,839,839,955,741,1000,590,973,462,929,375,979,508,958,282,933,154,908,46,891,526,870,284,849,129,830,0,807,572,794,352,789,206,784,84,721,634,713,488,714,381,717,283
1786207236.074,839,839,944,752,1000,579,993,423,973,300,975,502,955,289,932,169,909,65,892,524,869,284,849,132,829,0,810,573,797,352,790,209,779,80,729,636,720,492,718,384,715,282
1786207236.233,849,849,955,780,1000,626,958,493,902,399,989,498,966,281,941,161,916,57,904,512,879,273,856,127,834,0,821,558,803,341,797,204,787,82,737,624,728,477,726,372,723,274
1786207236.409,707,707,808,652,887,569,948,501,1000,462,800,365,826,236,841,156,853,89,724,351,716,194,712,88,705,0,657,378,626,246,607,167,591,101,598,432,551,334,522,277,499,225
1786207236.587,706,706,800,642,874,548,939,474,1000,430,777,354,797,218,808,135,817,67,706,340,701,176,699,78,699,0,641,370,605,240,583,168,568,107,584,428,526,349,491,303,464,259
1786207236.763,697,697,792,636,870,539,937,468,1000,426,771,350,794,216,805,137,814,70,697,337,679,171,668,74,661,0,631,368,594,239,569,165,551,102,573,427,518,345,482,295,455,247
1786207237.000,878,878,976,792,1000,647,948,547,891,490,991,513,969,296,947,170,932,66,917,528,898,287,881,135,868,0,843,574,827,354,817,207,808,83,761,646,752,491,750,380,750,281
1786207237.177,882,882,968,837,997,726,917,648,818,633,1000,524,980,305,956,183,932,79,922,523,906,285,890,136,874,0,843,560,826,347,819,212,810,88,762,620,754,474,753,371,754,274
1786207237.359,871,871,965,824,999,703,928,609,844,578,1000,504,982,297,959,179,938,80,919,504,905,273,893,130,880,0,840,538,825,331,820,193,813,71,761,599,756,453,756,352,756,257
1786207237.535,706,706,806,671,884,601,942,536,1000,496,808,390,841,250,858,163,870,91,736,369,741,198,743,89,740,0,668,388,653,239,646,144,642,66,605,435,572,329,555,259,543,195
1786207237.721,690,690,786,648,867,571,936,512,1000,476,786,364,811,223,825,134,835,62,715,346,717,186,719,84,718,0,649,367,633,226,626,141,621,69,589,416,553,315,532,250,516,189
1786207237.904,695,695,790,651,871,570,937,511,1000,477,788,361,817,227,831,142,841,71,716,342,715,181,716,81,715,0,650,365,633,223,626,133,622,56,592,417,554,319,533,254,516,193
1786207238.079,836,836,945,782,1000,690,977,617,946,566,938,442,946,241,945,121,943,21,852,438,837,233,828,107,820,0,778,475,759,295,748,179,742,82,709,541,691,400,684,309,683,228
1786207238.249,898,898,981,821,1000,694,932,614,849,595,992,520,970,305,951,171,937,63,915,525,892,287,875,132,861,0,838,570,815,353,802,214,792,94,759,641,741,492,737,386,736,290
1786207238.432,870,870,966,829,1000,732,934,664,848,638,999,542,981,330,960,205,940,102,916,537,897,294,886,137,878,0,836,572,813,354,802,216,795,94,758,634,739,489,734,389,733,297
1786207238.613,701,701,798,654,877,573,941,507,1000,465,794,368,822,223,838,128,849,52,721,354,721,191,722,86,721,0,654,380,633,238,620,148,612,73,594,431,550,332,523,271,503,215
1786207238.782,695,695,793,642,870,554,936,485,1000,446,778,353,807,218,822,135,835,68,705,338,703,178,705,79,706,0,638,366,613,226,603,141,597,69,580,422,530,329,501,270,478,214
1786207238.970,702,702,796,646,871,557,936,489,1000,447,779,359,808,219,824,132,837,61,706,345,703,182,704,81,705,0,640,374,613,237,603,150,597,75,584,432,534,340,505,279,483,221
1786207239.150,833,833,939,787,1000,700,997,637,987,591,937,458,940,270,936,148,930,51,852,448,841,250,838,114,836,0,779,478,760,296,756,171,757,71,708,542,684,410,676,324,673,253
1786207239.351,867,867,967,797,996,683,935,596,869,544,1000,506,998,291,987,163,975,54,913,506,915,275,912,132,906,0,828,544,833,326,836,195,839,76,742,606,747,455,754,351,760,253
1786207239.500,861,861,957,807,1000,685,930,594,850,559,998,474,992,274,978,159,964,59,918,472,918,254,913,122,905,0,841,507,841,308,844,183,841,70,764,573,768,430,772,334,773,244
1786207239.673,729,729,834,715,916,661,964,613,1000,578,862,432,904,298,929,216,950,150,785,401,794,222,797,100,794,0,713,410,710,249,710,144,709,60,642,447,623,329,614,252,608,184
1786207239.850,696,696,797,668,883,601,943,545,1000,513,810,384,840,255,857,179,871,119,740,358,741,191,742,84,740,0,675,372,663,224,660,129,657,52,612,415,578,311,559,243,545,178
1786207240.007,691,691,791,660,877,591,941,532,1000,501,805,370,840,239,858,160,872,96,735,343,737,179,737,79,734,0,668,357,656,211,651,119,646,45,605,398,571,294,551,226,534,163
1786207240.160,774,774,876,747,947,683,976,629,1000,588,895,440,920,260,928,150,933,61,812,423,816,225,817,103,816,0,737,449,734,272,734,159,735,69,664,506,653,375,654,290,658,216
1786207240.336,848,848,947,783,991,674,940,597,856,564,1000,552,1000,335,984,202,963,94,917,548,913,302,903,139,890,0,831,578,827,353,825,209,821,85,742,629,740,481,744,378,748,283
1786207240.506,848,848,945,809,988,713,932,634,853,590,1000,537,996,331,980,204,961,95,913,527,910,296,903,141,894,0,828,557,826,340,825,204,823,81,742,609,742,466,747,365,751,271
1786207240.682,707,707,801,660,882,576,946,503,1000,452,813,376,841,232,855,140,868,63,742,359,752,197,757,89,762,0,678,379,661,238,651,147,646,70,617,425,586,323,569,257,559,194
1786207240.863,693,693,794,635,872,545,940,478,1000,439,784,348,808,226,824,155,838,96,714,328,715,176,719,79,722,0,649,349,630,222,621,150,616,87,592,396,557,304,535,248,519,194
1786207241.046,692,692,791,631,870,545,937,477,1000,435,782,353,805,224,817,146,827,80,709,335,709,178,712,80,715,0,644,358,620,226,609,150,603,85,586,410,544,319,520,261,501,206
1786207241.225,812,812,918,775,988,683,1000,601,995,540,926,466,929,286,928,171,926,79,846,454,838,252,838,115,839,0,776,481,769,292,775,163,781,57,712,538,700,404,702,314,704,235
1786207241.514,846,846,945,793,986,674,914,582,827,546,994,481,1000,274,994,155,986,55,911,479,919,259,916,124,907,0,831,513,837,314,841,184,839,65,747,572,755,429,761,329,765,235
1786207241.691,853,853,951,803,991,685,916,593,824,564,997,491,1000,287,994,170,986,66,914,485,922,266,922,129,916,0,833,517,838,320,843,188,845,66,751,573,758,427,765,325,770,228
1786207241.867,720,720,816,664,894,573,950,496,1000,439,822,363,846,228,861,144,877,73,745,347,744,189,747,87,751,0,676,370,658,232,651,148,647,72,615,420,582,319,563,257,548,199
1786207242.060,698,698,793,638,871,551,939,481,1000,432,784,348,809,215,823,133,837,63,711,331,709,175,711,78,715,0,647,355,626,226,620,151,618,84,590,406,552,318,531,261,516,203
1786207242.233,707,707,801,646,880,562,943,491,1000,442,791,356,816,221,829,137,840,65,718,338,717,178,719,80,720,0,653,361,632,228,625,151,623,82,596,412,556,323,533,264,514,206
1786207242.408,830,830,940,773,1000,676,997,598,992,555,944,447,963,255,970,137,974,42,853,435,841,234,836,107,833,0,775,466,759,292,754,176,752,80,705,527,686,392,680,306,679,232
1786207242.589,879,879,974,801,992,681,906,610,821,601,1000,497,984,292,965,175,950,72,914,493,898,261,888,124,881,0,832,527,823,323,819,193,818,78,749,588,747,444,748,345,751,255
1786207242.762,863,863,957,806,985,689,913,605,832,581,1000,505,981,305,961,191,946,94,916,498,908,267,901,127,899,0,838,529,830,322,828,193,828,78,758,587,756,445,758,349,762,262
1786207242.946,863,863,951,798,982,686,953,598,927,530,982,514,995,297,997,162,1000,55,894,509,892,277,890,129,889,0,809,546,801,335,801,199,806,80,725,609,715,471,717,366,725,272
1786207243.114,701,701,798,642,880,557,946,491,1000,443,797,350,824,224,839,151,852,86,723,333,727,179,731,81,735,0,658,356,640,228,635,158,632,94,600,405,569,307,552,247,537,188
1786207243.307,704,704,798,644,875,556,940,482,1000,437,790,365,816,235,829,156,839,88,721,346,722,183,727,83,731,0,658,369,636,236,628,156,623,84,600,420,562,330,542,269,525,209
1786207243.482,723,723,815,664,889,574,946,502,1000,452,815,370,837,217,847,120,854,39,740,359,735,194,732,88,729,0,675,386,656,244,648,151,643,72,616,439,591,334,582,265,576,200
1786207243.657,873,873,974,814,1000,709,913,642,819,628,997,514,993,308,983,187,974,83,905,509,894,271,883,127,874,0,824,546,809,332,803,202,800,90,745,610,740,461,740,365,742,280
1786207243.832,871,871,961,803,988,694,933,619,866,576,1000,525,998,319,987,198,976,98,923,522,920,281,915,129,911,0,848,558,838,348,835,213,834,98,771,619,767,487,768,389,773,303
1786207244.016,862,862,957,816,997,713,939,631,863,585,1000,505,992,299,975,187,959,87,919,504,913,270,905,127,899,0,841,544,832,337,829,206,826,88,761,607,759,464,762,363,766,269
1786207244.185,707,707,801,655,881,574,946,500,1000,456,802,367,826,236,837,152,846,82,730,351,728,191,727,85,725,0,664,375,642,248,631,170,624,105,606,423,565,335,540,282,519,232
1786207244.364,722,722,818,654,892,559,946,476,1000,427,802,361,822,192,830,89,834,6,732,354,724,184,723,81,722,0,667,384,639,252,624,168,614,98,609,439,561,356,532,303,507,254
1786207244.550,737,737,829,671,902,574,950,489,1000,428,819,373,838,208,846,104,851,19,751,365,743,192,741,85,740,0,690,392,670,244,662,155,658,80,635,443,612,335,605,263,602,198
1786207244.746,848,848,949,792,1000,659,944,549,867,514,978,454,985,259,983,151,979,58,904,446,904,232,902,106,898,0,835,476,834,288,837,172,840,76,765,535,766,395,771,300,773,220
1786207244.919,869,869,958,810,990,698,919,620,832,599,1000,499,994,299,979,184,964,86,921,492,919,269,913,128,907,0,843,525,837,326,835,199,831,86,764,587,764,450,766,352,766,264
1786207245.112,864,864,953,825,996,714,927,622,833,599,1000,503,991,302,976,188,961,92,923,494,919,268,913,126,907,0,847,527,840,327,838,201,834,86,772,588,768,450,769,356,768,270
1786207245.324,732,732,824,689,902,618,953,555,1000,515,838,388,865,235,881,139,895,60,762,374,763,205,766,93,767,0,693,401,677,255,667,161,660,83,630,456,604,344,593,272,587,210
1786207245.497,705,705,802,650,880,563,941,490,1000,444,794,367,818,233,833,148,844,76,723,350,723,187,727,84,731,0,659,375,636,235,626,147,621,71,601,428,557,336,531,276,511,220
1786207245.686,704,704,798,650,877,561,940,489,1000,446,790,371,818,238,834,153,846,81,721,352,722,185,726,82,730,0,658,375,635,232,625,142,619,65,600,428,556,338,530,277,512,221
1786207245.850,835,835,937,775,999,690,1000,630,992,591,930,431,962,268,980,167,994,78,841,415,833,221,829,100,825,0,768,445,742,278,726,172,716,82,704,510,671,389,655,314,648,243
1786207246.035,872,872,966,813,986,702,915,625,846,584,997,530,1000,339,989,220,979,115,909,524,904,288,900,137,898,0,825,560,816,347,812,210,810,85,742,626,739,491,741,390,743,296
1786207246.237,865,865,960,811,1000,693,933,597,850,562,998,486,990,294,974,184,960,88,918,476,911,256,904,120,896,0,844,510,834,313,829,190,823,80,770,573,766,438,767,345,766,260
1786207246.425,866,866,960,811,1000,689,933,594,850,561,992,477,983,286,969,179,955,86,914,471,909,254,902,120,893,0,842,506,830,313,823,193,815,85,770,570,766,431,765,337,762,252
1786207246.595,866,866,958,820,1000,703,932,606,848,569,995,494,984,299,968,189,952,93,916,484,909,260,900,122,891,0,843,517,830,324,825,199,818,86,772,580,766,442,767,347,766,259
1786207246.746,863,863,958,817,1000,696,934,601,845,576,995,490,986,297,969,188,953,95,917,481,911,258,905,122,899,0,844,512,829,316,824,191,818,78,772,573,765,437,762,344,758,260
1786207246.921,860,860,955,817,1000,702,936,607,852,569,990,487,980,292,964,184,949,89,912,480,905,258,898,122,890,0,839,515,827,322,824,195,819,79,768,580,764,445,765,350,765,261
1786207247.098,861,861,954,811,1000,685,938,584,854,552,991,475,982,279,964,170,946,76,914,470,906,251,897,118,885,0,842,505,826,310,820,187,812,78,771,571,763,433,762,339,759,253
1786207247.280,864,864,956,820,1000,702,934,607,848,573,991,489,977,294,959,185,942,91,913,482,902,260,894,123,886,0,840,518,823,323,818,196,811,79,769,582,761,445,761,348,759,258
1786207248.309,841,841,940,797,984,695,932,598,867,539,993,493,1000,295,993,179,980,84,922,478,935,267,935,125,928,0,849,500,859,316,861,190,860,81,773,547,782,414,790,319,797,232
1786207248.476,844,844,939,807,984,702,922,607,843,562,994,505,1000,317,994,203,984,107,918,485,930,276,930,134,923,0,844,506,861,320,871,192,873,76,767,556,781,425,793,330,797,236
1786207248.648,847,847,939,807,985,697,922,591,838,551,997,511,1000,324,991,208,978,112,921,488,927,275,921,132,911,0,849,505,859,318,869,193,873,78,772,553,782,420,792,327,798,238
1786207248.826,832,832,935,768,988,623,920,519,833,499,992,438,1000,261,995,155,989,66,914,416,932,223,938,103,939,0,838,435,855,266,873,161,887,70,757,491,773,381,790,305,802,238
1786207249.002,827,827,926,763,972,617,889,526,790,531,987,438,1000,241,999,130,1000,38,906,428,912,224,914,103,916,0,831,458,830,305,837,206,845,117,754,517,757,405,767,330,780,264
1786207249.180,842,842,942,773,979,637,898,549,809,540,1000,473,993,290,975,185,960,101,922,460,923,249,926,113,930,0,846,485,839,308,844,198,850,105,769,541,764,418,772,333,781,262
1786207249.379,841,841,944,781,988,653,924,556,845,526,1000,467,989,278,971,173,955,86,920,454,915,240,914,110,917,0,843,480,835,295,838,184,843,90,765,535,763,408,769,328,778,259
1786207249.551,878,878,977,800,1000,677,938,588,867,549,987,496,971,285,950,167,933,69,908,492,892,259,879,118,871,0,835,525,819,316,811,182,808,75,761,586,752,447,751,349,754,265
1786207249.723,912,912,984,859,1000,756,924,702,833,684,947,510,915,294,895,149,877,33,885,521,843,290,808,132,774,0,825,576,780,364,749,228,716,109,765,660,734,518,713,423,686,337
1786207249.896,887,887,973,821,1000,703,929,637,847,615,938,455,907,255,886,136,868,37,876,470,840,251,809,115,776,0,817,526,780,325,753,198,720,89,759,613,736,466,721,369,697,281
1786207250.074,886,886,973,816,1000,700,926,634,844,615,936,470,908,268,886,149,864,50,874,484,841,258,811,117,777,0,815,536,782,332,757,201,726,91,755,616,735,467,719,369,696,281
1786207250.312,859,859,757,702,718,498,724,339,739,224,731,461,723,238,728,102,732,0,807,493,810,278,816,130,821,6,895,553,903,352,903,210,903,86,990,632,1000,493,995,387,989,290
1786207250.500,856,856,957,795,980,687,888,624,790,610,1000,505,992,310,978,193,966,94,927,486,924,263,922,125,924,0,854,502,852,313,854,188,860,79,775,547,773,419,781,331,790,255
1786207250.666,838,838,940,784,980,670,900,580,803,574,1000,494,992,305,979,191,969,92,924,466,927,248,929,117,932,0,852,475,856,286,864,168,875,65,778,512,784,386,791,301,799,227
1786207250.848,836,836,936,800,978,694,904,603,813,580,1000,501,994,305,980,190,969,90,922,473,922,254,921,121,923,0,850,482,854,293,858,180,864,78,775,521,783,388,789,304,797,229
1786207251.019,849,849,945,807,985,688,917,583,834,551,1000,489,999,299,991,185,987,87,924,463,932,250,940,117,952,0,855,475,864,285,873,172,886,72,786,519,794,385,799,303,806,230
1786207251.195,856,856,944,802,983,674,917,573,833,558,995,466,1000,271,994,160,990,65,921,448,927,235,928,108,930,0,851,470,856,282,860,169,865,66,781,522,788,392,793,312,799,240
1786207251.423,813,813,712,617,686,363,703,159,716,0,731,424,754,240,778,128,795,37,800,497,844,297,877,158,902,44,871,590,912,407,938,270,956,149,944,697,976,570,991,469,1000,374
1786207251.572,902,902,995,793,1000,655,911,584,833,573,988,467,958,282,927,171,898,69,901,475,857,251,825,118,799,0,825,522,791,321,766,194,750,82,754,600,731,460,719,365,712,279
1786207252.038,780,780,865,753,910,672,855,580,763,555,945,490,985,321,997,223,1000,142,881,445,928,237,943,107,948,0,812,438,852,261,868,152,879,63,733,457,764,341,782,266,798,205
1786207252.215,813,813,899,788,944,702,886,603,801,556,983,505,1000,309,998,196,995,105,908,469,942,255,953,121,956,0,833,477,856,296,865,180,869,70,751,511,772,402,783,324,789,245
1786207252.440,858,858,952,785,985,659,912,564,829,541,1000,476,1000,287,989,177,978,83,924,459,926,251,926,118,928,0,852,478,851,292,854,172,859,69,777,526,777,387,781,292,788,212
1786207252.601,832,832,928,780,974,663,908,564,826,530,992,464,1000,279,994,171,987,78,915,443,923,236,924,111,922,0,842,461,849,280,855,170,859,73,767,508,777,375,784,287,790,210
1786207252.747,837,837,934,788,974,672,900,581,815,554,994,475,1000,287,994,178,988,84,915,454,922,240,924,113,926,0,841,473,847,287,852,175,858,77,767,522,773,386,780,297,787,217
1786207252.942,843,843,935,786,977,665,908,569,824,540,1000,473,999,286,989,180,981,90,923,453,927,240,928,112,930,0,849,471,854,283,859,174,864,78,774,517,781,383,786,296,792,220
1786207253.104,845,845,940,788,979,666,909,567,823,539,1000,473,991,286,977,180,966,88,919,453,918,239,919,114,923,0,845,471,845,287,850,177,857,77,771,520,775,388,780,302,785,224
1786207253.284,840,840,936,788,973,674,896,584,802,570,1000,484,994,304,980,195,969,100,919,458,920,246,921,117,925,0,845,471,845,292,850,179,858,79,771,514,775,391,781,309,790,238
1786207253.450,837,837,938,785,968,675,881,607,783,599,1000,497,990,306,972,188,957,92,918,476,916,259,914,122,916,0,840,491,836,303,837,183,841,78,760,536,758,408,764,320,773,242
1786207253.653,857,857,965,807,991,695,902,614,810,599,1000,501,984,295,967,175,955,72,915,481,905,259,897,122,897,0,840,499,835,312,839,191,848,87,762,544,763,416,771,331,784,256
1786207253.819,867,867,955,815,976,692,891,599,797,587,996,482,1000,283,997,156,993,54,932,438,935,231,932,103,931,0,875,434,878,244,884,129,889,34,811,460,815,330,824,256,828,199
1786207254.524,868,868,968,759,999,600,966,463,935,356,990,479,993,281,993,162,1000,62,907,484,896,253,888,114,888,0,828,525,819,325,817,193,820,80,750,595,745,465,749,374,757,292
1786207254.701,877,877,969,800,998,665,921,570,842,553,1000,467,993,279,981,161,968,61,924,457,914,253,900,119,886,0,853,484,841,301,831,178,823,72,780,542,772,402,768,310,765,229
1786207254.844,872,872,965,807,1000,674,921,575,831,554,999,467,991,278,979,161,968,62,921,458,910,251,898,120,887,0,850,485,836,297,828,178,821,71,778,543,769,400,766,308,764,225
1786207255.008,870,870,969,811,1000,688,925,597,840,574,998,491,991,288,978,171,964,70,923,481,913,258,899,119,886,0,851,509,834,311,827,190,820,85,779,565,773,426,770,334,767,254
1786207255.182,877,877,969,800,1000,652,927,557,850,546,980,453,978,260,966,138,954,37,908,448,892,239,871,108,849,0,844,478,826,291,805,173,784,73,782,541,774,401,764,311,750,233
1786207255.354,885,885,975,805,1000,684,934,610,859,584,979,472,971,275,955,154,938,52,909,478,887,256,861,117,832,0,842,523,814,320,789,192,766,82,775,596,759,451,748,354,735,266
1786207255.529,878,878,966,817,1000,691,933,606,855,578,973,465,962,269,947,153,931,55,902,468,877,252,851,116,823,0,838,510,808,316,787,193,764,85,775,582,758,439,747,345,733,259
1786207255.730,880,880,972,807,1000,683,928,606,846,591,981,474,965,279,944,163,922,65,908,478,884,258,859,119,834,0,840,522,811,322,788,195,766,83,773,596,758,450,747,353,735,264
1786207255.996,914,914,1000,766,998,566,943,418,904,300,975,502,929,296,889,165,855,51,886,545,822,305,778,146,739,0,806,620,744,400,703,248,668,110,731,720,687,562,660,446,635,338
1786207256.151,868,868,969,705,1000,466,991,276,992,119,945,471,888,276,846,164,807,59,854,529,784,294,741,141,698,0,771,613,707,393,668,246,626,106,692,712,652,553,626,443,600,332
1786207256.575,866,866,970,773,1000,577,958,400,913,260,987,506,966,296,941,174,918,70,902,517,880,282,861,133,845,0,820,558,805,338,798,199,789,76,736,619,734,465,733,360,730,265
1786207256.728,865,865,959,811,988,697,907,613,819,583,1000,480,990,283,972,171,952,76,919,474,907,254,894,121,881,0,843,506,829,307,824,184,819,74,765,566,762,424,762,331,760,246
1786207256.907,862,862,957,803,994,680,916,590,829,561,1000,475,993,283,978,173,963,77,919,459,911,245,904,115,899,0,846,486,841,292,841,181,842,81,774,543,776,405,777,317,776,237
1786207257.085,872,872,967,812,994,697,913,616,825,597,1000,494,994,300,983,187,974,89,919,475,916,251,915,118,917,0,846,496,850,298,855,177,861,68,776,549,781,413,785,327,789,249
1786207257.257,836,836,933,790,975,672,907,578,819,556,998,484,1000,299,993,193,990,100,924,457,931,241,936,112,946,0,854,468,862,280,867,168,877,67,783,507,791,378,797,296,804,221
1786207257.442,841,841,939,782,979,679,940,594,887,545,986,522,996,314,998,195,1000,93,905,503,919,267,929,126,941,0,828,523,841,322,851,193,864,83,746,567,757,437,769,350,784,273
1786207257.686,796,796,900,749,952,631,903,532,831,498,971,450,992,270,998,159,1000,69,904,424,930,231,943,107,953,0,835,435,860,262,876,148,891,52,758,475,773,355,788,271,802,197
1786207257.852,799,799,894,750,951,617,895,502,810,480,977,442,994,266,998,158,1000,67,908,413,930,228,941,108,952,0,839,419,862,252,880,147,896,53,766,455,785,334,799,254,810,184
1786207258.029,813,813,908,763,958,619,892,503,803,483,980,440,996,265,997,154,1000,59,910,409,929,224,940,107,950,0,841,415,856,248,870,145,883,47,769,453,783,330,793,253,801,184
1786207258.228,806,806,904,763,957,637,899,522,822,479,981,446,998,266,999,163,1000,71,906,419,920,219,927,102,935,0,835,430,849,250,861,148,876,56,762,471,777,340,789,255,801,178
1786207258.394,809,809,899,754,953,637,913,539,854,495,975,432,995,239,998,127,1000,33,906,416,931,219,942,101,949,0,835,443,858,269,872,164,885,68,756,499,772,386,787,309,799,235
1786207258.579,794,794,890,756,945,643,896,532,824,487,978,463,997,283,999,175,1000,85,907,435,932,243,942,116,950,0,837,444,863,276,880,168,896,69,763,479,783,360,799,280,812,208
1786207258.761,788,788,887,749,944,629,894,520,821,479,975,453,994,276,998,169,1000,79,905,426,927,235,937,112,945,0,835,434,857,266,872,161,887,68,760,470,778,350,792,270,805,198
1786207259.215,793,793,895,765,953,660,907,543,835,476,985,465,1000,292,999,182,995,90,913,432,933,248,945,118,955,0,842,437,856,272,868,170,881,78,769,470,780,348,793,268,805,196
1786207259.402,793,793,896,762,949,663,909,552,846,488,985,481,1000,300,1000,193,999,104,913,450,937,249,948,118,959,0,842,454,859,285,870,183,883,91,767,484,779,365,791,286,805,212
1786207259.597,798,798,898,756,948,633,887,525,801,499,984,462,1000,293,997,186,992,96,912,432,929,243,938,115,945,0,842,435,854,271,866,165,878,72,769,467,778,343,789,264,799,197
1786207259.754,811,811,911,765,962,628,901,514,816,481,990,457,1000,288,998,183,994,94,917,430,930,242,938,114,946,0,848,436,857,266,866,158,877,63,776,471,783,344,793,258,802,183
1786207259.939,839,839,932,770,972,631,905,533,823,528,997,460,1000,284,994,180,990,90,925,439,930,240,934,111,938,0,854,453,855,275,860,166,868,74,781,495,784,363,790,274,797,201
1786207260.107,844,844,940,782,981,647,911,549,824,536,1000,471,999,291,990,186,982,97,925,451,928,243,929,114,933,0,853,466,849,282,852,169,858,73,777,511,777,379,782,290,787,215
1786207260.286,854,854,945,786,991,646,932,530,849,503,1000,448,993,272,981,165,969,74,926,429,925,236,924,111,923,0,856,447,856,273,856,165,857,70,785,497,792,368,796,283,797,209
1786207260.482,853,853,950,787,988,661,924,557,846,519,1000,461,990,274,975,165,963,74,924,450,919,244,915,115,913,0,854,473,848,288,848,173,852,76,779,525,778,393,779,303,782,223
1786207260.778,849,849,965,677,1000,423,980,209,974,38,969,483,950,282,929,161,909,55,888,529,859,294,838,134,818,0,806,600,781,378,765,222,749,81,723,687,709,538,700,421,690,313
1786207260.946,869,869,973,805,1000,676,916,603,821,607,989,482,971,282,951,168,931,70,912,483,892,262,875,123,859,0,839,522,816,320,805,194,793,84,765,588,752,443,745,347,736,261
1786207261.114,873,873,967,815,1000,682,951,580,892,510,976,492,954,286,933,166,912,67,895,497,872,269,853,124,835,0,816,540,796,328,784,193,770,75,738,612,728,460,724,357,718,261
1786207261.304,871,871,965,818,1000,684,925,601,836,587,983,481,967,281,947,163,929,62,904,481,889,267,874,127,861,0,831,520,815,323,806,193,795,76,758,589,750,444,746,345,739,252
1786207261.480,878,878,973,815,1000,689,926,609,844,588,988,485,970,279,950,160,932,60,910,488,890,266,872,123,856,0,837,529,815,324,802,190,788,74,763,597,750,448,745,345,737,251
1786207261.656,874,874,958,813,1000,701,955,591,885,490,1000,482,992,283,978,165,962,63,923,482,911,263,896,124,881,0,852,525,838,327,827,199,815,85,782,596,776,464,769,369,761,279
1786207261.836,899,899,969,837,995,729,940,618,877,510,1000,501,995,296,984,170,971,63,925,493,916,269,900,124,884,0,855,532,840,328,825,201,811,87,786,599,772,473,761,380,752,294
1786207262.010,914,914,976,858,989,752,928,644,867,533,1000,521,991,312,974,183,955,76,927,511,910,279,891,128,875,0,859,548,835,339,818,206,805,87,797,613,772,489,757,396,744,310
1786207262.185,896,896,967,827,993,710,937,597,877,492,1000,495,993,294,978,173,961,73,926,488,913,267,899,122,886,0,858,527,840,322,826,192,813,76,794,596,776,470,764,374,752,285
1786207262.366,893,893,955,838,982,730,938,619,873,518,993,497,1000,294,997,165,994,62,928,481,928,266,927,122,932,0,864,515,850,320,843,194,844,83,800,580,781,466,776,375,778,292
1786207262.559,872,872,962,792,999,662,941,537,871,443,1000,463,1000,273,993,167,983,73,931,450,933,243,935,114,935,0,869,478,864,294,863,179,860,76,806,541,806,409,808,321,809,239
1786207262.729,869,869,959,792,996,664,938,538,868,446,1000,466,999,285,992,179,982,87,930,451,932,247,933,117,933,0,868,477,864,299,864,185,862,83,807,539,805,411,808,327,811,249
1786207262.918,874,874,965,794,1000,667,938,547,866,462,1000,468,994,284,984,180,973,85,931,457,927,247,927,117,926,0,869,486,861,301,861,183,859,76,807,548,802,419,802,331,802,250
1786207263.094,871,871,958,799,997,676,941,550,875,452,999,478,1000,291,994,183,986,89,931,461,936,251,939,116,941,0,870,487,867,302,867,187,865,82,809,547,809,420,811,335,809,256
1786207263.259,858,858,945,796,990,670,946,544,884,444,995,466,1000,282,994,179,988,87,929,447,936,240,942,109,949,0,868,472,867,288,869,177,871,78,806,528,810,405,814,323,817,247
1786207263.434,857,857,948,787,991,648,943,516,877,424,1000,460,998,286,990,182,982,91,933,443,932,243,936,113,941,0,870,466,868,287,873,173,879,74,807,522,810,395,816,311,821,237
1786207263.618,864,864,951,791,991,647,944,514,880,421,1000,452,998,274,990,169,982,77,934,440,934,241,938,112,943,0,872,466,869,288,872,175,875,75,810,523,812,389,816,302,819,224
1786207263.801,860,860,952,798,988,662,927,556,853,511,1000,478,998,289,987,181,976,91,929,469,929,256,930,119,931,0,861,498,853,304,853,180,853,74,791,557,788,423,790,326,791,239
1786207263.981,862,862,954,797,995,652,933,542,849,511,1000,468,996,287,986,181,975,89,929,456,927,252,926,118,925,0,861,483,855,293,856,173,857,67,791,540,791,402,792,306,789,221
1786207264.152,858,858,951,798,992,660,929,554,851,518,1000,472,997,290,986,186,975,95,929,460,928,254,926,120,924,0,862,485,857,298,856,180,855,76,792,540,792,404,793,310,792,225
1786207264.330,857,857,949,800,993,659,927,556,842,532,1000,479,999,298,990,191,979,98,929,465,931,260,931,123,931,0,862,489,858,301,860,178,862,70,792,543,790,407,792,312,791,228
1786207264.516,857,857,945,797,982,659,915,564,834,548,1000,484,999,307,989,199,979,106,929,466,926,264,924,125,924,0,860,485,859,296,865,173,874,64,790,534,791,402,796,311,799,232
1786207264.684,855,855,932,812,957,717,895,651,820,623,1000,530,1000,329,990,211,983,110,927,512,928,282,930,133,938,0,852,533,850,334,849,205,854,92,771,580,771,443,775,347,781,260
1786207264.858,830,830,926,789,970,670,903,573,822,540,998,484,1000,307,991,198,982,106,924,460,928,259,932,123,936,0,852,473,852,292,855,174,859,69,780,516,781,389,785,302,789,225
1786207265.048,834,834,932,786,976,661,909,560,825,527,1000,477,999,296,990,189,981,99,924,456,928,250,932,117,938,0,852,470,853,284,858,170,865,70,778,513,783,376,790,286,797,209
1786207265.224,815,815,908,777,950,676,878,597,785,578,982,481,1000,286,998,172,994,75,906,461,926,250,933,118,935,0,831,481,842,299,851,178,856,67,754,531,766,411,773,325,775,244
1786207265.404,835,835,925,794,950,706,871,639,786,612,995,532,1000,340,990,223,978,119,909,506,917,279,920,132,922,0,826,521,832,322,835,191,839,75,740,565,748,440,757,349,765,267
1786207265.577,834,834,946,754,1000,619,992,507,983,419,981,509,979,316,972,201,964,101,894,508,896,284,900,134,906,0,810,536,816,340,823,204,834,87,727,585,725,455,730,357,741,271
1786207265.752,844,844,953,783,1000,669,948,576,880,538,987,475,993,294,989,188,985,96,909,455,918,246,924,115,931,0,834,476,839,288,845,178,854,83,757,524,754,386,754,296,756,218
1786207265.931,824,824,930,779,984,678,948,574,900,504,965,463,987,283,996,172,1000,77,885,438,897,238,906,112,912,0,810,456,814,277,819,170,826,74,735,503,724,368,719,280,717,202
1786207266.110,825,825,935,773,1000,658,966,542,904,476,966,444,987,267,994,168,995,79,888,419,900,217,910,100,914,0,816,438,818,255,828,145,836,50,739,483,722,352,714,264,707,185
1786207312.991,820,820,926,773,984,665,955,554,927,465,962,455,988,288,996,183,1000,94,875,420,883,228,887,103,892,0,796,427,796,239,797,122,801,27,716,461,699,304,695,198,698,110
1786207313.166,819,819,917,704,963,559,909,447,833,423,968,416,989,248,995,148,1000,59,896,388,913,206,922,97,934,0,825,397,833,230,838,129,849,45,749,434,727,311,715,223,711,151
1786207313.348,760,760,868,677,918,546,871,431,803,391,942,407,978,246,992,139,1000,51,865,373,892,207,906,95,921,0,789,374,798,221,809,126,823,54,706,400,698,278,700,191,707,121
1786207313.528,767,767,868,682,915,551,858,435,778,408,949,396,982,244,992,149,1000,68,882,358,919,195,938,89,959,0,812,353,837,206,854,114,872,39,734,372,737,252,740,168,746,95
1786207313.697,771,771,869,687,930,563,881,441,791,410,951,382,981,229,993,137,1000,57,885,352,922,192,944,90,964,0,816,352,841,206,858,117,872,44,741,377,750,258,759,178,764,113
1786207313.883,762,762,859,681,914,556,859,440,772,412,941,384,977,237,991,144,1000,63,875,350,914,193,937,89,958,0,806,347,830,205,847,120,864,49,730,371,741,253,751,173,761,107
1786207314.072,776,776,878,706,933,578,874,459,788,429,963,399,990,237,997,137,1000,49,892,366,925,207,944,98,962,0,819,366,841,219,857,122,875,39,740,391,743,266,749,176,756,95
1786207314.233,779,779,880,712,930,576,865,460,776,436,965,409,991,248,998,145,1000,56,892,373,924,210,942,100,960,0,818,372,835,222,850,125,865,40,739,398,736,273,736,183,738,104
1786207314.413,788,788,904,741,983,641,974,552,949,498,955,406,984,247,994,151,1000,73,873,371,897,190,913,82,928,0,794,377,803,207,812,113,822,41,711,413,698,276,696,189,697,112
1786207314.588,663,663,773,619,861,550,934,494,1000,454,773,313,793,184,799,112,802,55,703,293,713,147,719,63,721,0,635,307,625,174,626,101,633,42,569,347,536,249,520,185,512,124
1786207314.761,658,658,769,612,858,542,934,489,1000,452,773,313,790,183,795,111,796,53,705,291,715,148,720,65,722,0,638,304,630,174,632,101,639,41,573,341,543,249,530,187,524,128
1786207314.939,664,664,771,623,859,557,934,502,1000,461,773,316,788,185,790,111,788,53,707,295,718,151,723,66,725,0,642,308,636,178,639,106,645,47,576,345,546,246,532,181,524,118
1786207315.149,780,780,892,741,976,639,999,564,1000,522,911,394,919,237,913,138,906,57,837,374,849,205,854,94,857,0,765,387,768,225,776,123,785,40,688,428,674,295,675,204,680,119
1786207315.313,798,798,912,742,969,606,909,491,824,460,983,431,1000,268,999,163,993,75,912,400,940,228,954,109,963,0,839,402,859,239,871,129,883,34,760,434,778,304,792,216,805,138
1786207315.486,806,806,911,745,964,608,891,498,793,483,985,435,1000,269,996,164,989,72,913,404,937,230,945,110,953,0,841,407,859,246,870,139,884,46,766,439,781,312,793,225,804,151
1786207321.977,845,845,951,769,992,627,916,527,822,515,998,460,1000,282,990,164,980,66,921,441,931,250,926,118,923,0,846,457,855,279,856,160,858,59,771,503,782,365,789,268,795,187
1786207322.183,835,835,937,768,981,625,913,520,826,489,993,456,1000,281,992,166,980,73,917,435,929,243,929,112,930,0,844,448,851,272,856,154,863,57,769,490,778,355,787,259,796,178
1786207322.354,834,834,936,760,985,627,928,519,847,485,996,447,1000,275,992,166,981,74,922,428,931,239,928,113,926,0,848,440,856,267,857,152,862,52,773,482,784,351,790,258,796,178
1786207322.535,836,836,936,757,981,621,915,519,832,499,994,441,1000,267,992,159,983,67,919,421,931,235,928,111,926,0,846,434,856,265,857,155,861,57,775,478,784,353,790,266,798,192
1786207322.710,868,868,947,789,975,669,900,590,812,563,1000,472,994,297,990,171,985,70,937,454,936,261,932,118,930,0,870,468,869,288,866,168,866,76,798,508,783,376,784,277,786,198
1786207322.883,881,881,972,797,994,662,907,567,817,559,1000,462,996,287,989,173,983,77,926,433,928,241,927,111,930,0,859,440,861,266,861,156,866,64,794,480,792,348,798,261,807,192
1786207323.061,848,848,935,786,969,676,907,576,832,532,993,482,1000,296,994,174,986,74,921,455,930,258,927,121,926,0,853,464,864,287,867,170,872,69,789,500,794,371,801,284,810,211
1786207323.400,845,845,947,794,982,676,902,585,819,559,995,486,1000,295,993,172,984,73,916,462,923,258,922,121,920,0,843,475,849,290,852,170,856,66,770,517,775,379,784,285,794,204
1786207323.613,853,853,948,811,973,704,890,625,804,596,999,514,1000,313,989,186,980,84,924,490,924,261,917,121,909,0,851,506,848,302,844,176,842,67,778,552,775,414,774,322,775,241
1786207323.778,856,856,962,789,997,655,909,568,816,565,1000,488,999,298,990,178,981,79,916,469,917,260,916,121,917,0,842,486,842,294,844,169,850,63,771,534,772,397,777,302,782,224
1786207323.959,833,833,928,777,972,647,897,553,812,542,992,473,1000,289,994,177,987,83,916,449,924,245,926,112,930,0,843,460,851,281,859,160,868,61,771,501,779,370,788,278,795,204
1786207324.130,833,833,930,771,975,644,899,551,810,537,989,471,1000,289,999,176,996,79,915,443,926,249,931,116,937,0,846,448,853,275,861,159,872,58,779,484,786,354,796,264,806,189
1786207324.316,768,768,869,729,935,609,919,480,867,399,951,438,982,272,994,157,1000,62,890,408,928,236,947,111,962,0,824,404,857,240,879,129,899,35,750,423,776,291,797,202,818,128
1786207324.489,752,752,850,698,908,556,857,435,770,417,952,418,981,259,994,156,1000,71,885,380,922,214,941,99,957,0,817,374,847,220,868,121,888,37,744,395,772,276,794,196,815,128
1786207324.656,750,750,849,709,905,575,851,452,767,410,952,428,980,264,993,157,1000,70,882,391,916,219,933,102,947,0,810,386,839,223,858,118,877,27,735,408,761,276,782,191,801,118
1786207324.848,763,763,860,708,920,588,876,463,796,416,963,418,989,259,996,160,1000,74,897,380,929,212,941,100,953,0,829,375,857,222,874,123,892,38,756,397,778,280,797,199,815,131
1786207325.032,765,765,868,715,924,581,867,464,780,438,969,424,993,260,999,157,1000,70,901,388,933,218,947,102,959,0,832,385,862,231,880,129,898,44,758,407,782,284,799,202,816,131
1786207325.203,776,776,871,718,929,595,880,475,798,436,972,424,994,262,999,160,1000,72,907,389,938,221,949,105,960,0,840,386,869,232,884,132,900,44,768,410,791,292,807,210,821,139
1786207325.377,778,778,873,719,930,596,882,475,798,436,972,423,995,261,1000,159,1000,70,907,388,937,219,948,104,957,0,840,385,868,230,883,129,900,42,768,408,789,290,806,209,821,139
1786207325.552,773,773,874,720,939,607,908,481,846,418,971,424,996,263,1000,163,999,75,905,388,937,218,948,103,960,0,838,386,866,228,880,128,896,42,765,413,787,295,805,214,825,145
1786207325.739,774,774,879,702,930,572,888,437,828,350,972,432,995,266,1000,156,1000,65,903,398,931,226,943,105,952,0,834,398,855,236,873,127,887,35,759,425,778,293,796,206,815,132
1786207325.922,778,778,881,718,934,586,887,453,821,373,975,442,997,271,1000,156,998,62,903,408,928,232,939,109,948,0,832,408,854,241,873,127,889,31,756,437,776,304,794,215,812,139
1786207326.104,780,780,884,718,937,587,891,451,823,374,978,439,997,268,1000,155,998,62,905,405,929,228,939,107,949,0,834,405,855,239,873,125,888,29,758,436,776,301,793,212,811,135
1786207326.281,782,782,888,721,942,587,893,452,825,377,978,434,998,266,1000,154,997,60,907,401,933,229,943,108,952,0,837,402,860,241,876,128,889,33,761,433,781,301,799,212,817,134
1786207326.475,784,784,890,722,942,587,894,453,827,378,980,435,998,267,1000,155,998,61,910,403,935,231,945,109,954,0,840,405,863,246,879,134,893,39,764,437,784,305,803,216,822,138
1786207326.627,784,784,887,717,940,587,894,453,829,376,979,435,997,268,1000,158,999,63,910,404,935,232,946,111,957,0,841,405,863,250,879,138,893,43,766,435,786,306,804,217,822,140
1786207326.811,785,785,889,718,941,592,899,457,839,376,980,436,999,268,1000,160,998,66,912,404,936,230,945,110,955,0,843,404,865,245,881,135,895,43,768,431,788,304,805,215,821,139
1786207326.992,787,787,889,717,947,590,900,461,828,404,978,423,998,260,1000,157,998,67,911,393,938,223,947,106,954,0,845,397,867,240,880,133,892,41,770,431,790,307,807,223,822,151
1786207327.154,791,791,891,735,951,616,914,493,852,425,981,428,1000,261,1000,156,996,65,914,399,940,225,947,106,953,0,845,403,870,243,881,135,893,42,770,436,794,310,812,224,829,150
1786207327.347,792,792,890,733,949,610,900,493,822,453,980,428,1000,263,1000,158,997,67,915,398,940,224,947,106,954,0,847,401,870,241,883,133,896,40,773,431,794,306,810,219,825,145
1786207327.525,796,796,897,730,952,595,893,481,808,457,981,428,999,263,1000,160,998,69,913,395,939,222,946,105,954,0,845,396,867,239,878,132,892,38,773,425,793,301,809,215,824,141
1786207327.708,793,793,893,737,952,610,898,492,811,456,982,431,1000,265,999,159,993,68,916,400,941,227,948,107,953,0,847,401,872,242,884,135,897,42,773,430,796,306,813,220,828,146
1786207327.873,795,795,894,739,954,612,900,493,815,456,981,429,999,262,1000,157,998,66,914,399,938,224,945,105,952,0,847,400,871,242,884,136,898,44,774,429,796,303,812,216,827,142
1786207328.080,795,795,895,741,950,609,894,494,807,458,979,440,997,271,1000,163,999,71,912,410,937,231,947,109,956,0,843,412,867,248,882,137,896,41,770,441,792,313,806,222,818,144
1786207328.227,788,788,887,742,943,616,892,503,819,452,979,444,998,273,1000,161,998,66,909,414,936,233,945,110,955,0,838,417,863,254,876,142,890,45,761,447,784,319,800,230,813,152
1786207328.405,778,778,879,741,931,631,879,515,812,450,976,447,998,271,1000,155,997,60,910,412,939,232,946,109,950,0,842,411,870,247,882,131,889,28,768,439,793,311,807,222,819,141
1786207328.602,786,786,879,762,925,662,869,552,806,469,977,478,996,294,999,164,1000,52,903,441,927,259,935,123,943,0,827,443,852,271,865,134,876,9,751,475,772,347,790,251,804,166
1786207328.777,798,798,901,745,954,634,911,513,855,434,987,446,1000,270,999,158,994,64,917,419,938,233,943,109,948,0,847,424,868,256,877,144,885,47,771,459,792,327,807,235,820,155
1786207328.946,802,802,905,746,957,634,916,510,860,429,987,441,1000,265,999,154,994,61,916,416,937,232,941,109,946,0,845,424,867,256,877,141,886,43,769,460,790,327,805,235,819,154
1786207329.127,799,799,899,753,954,645,923,523,880,434,986,443,1000,267,998,156,990,62,915,417,937,233,940,110,942,0,843,423,866,253,876,138,884,39,767,459,789,325,805,232,819,150
1786207329.310,807,807,898,768,952,660,930,549,894,461,984,456,1000,282,1000,170,996,75,915,429,938,243,945,114,952,0,844,436,865,263,876,150,887,50,767,470,787,337,802,248,817,167
1786207329.487,815,815,915,759,968,633,909,536,826,509,986,450,1000,281,998,168,994,70,915,423,937,245,944,118,949,0,843,430,866,266,877,150,887,46,767,463,791,336,808,245,823,167
1786207329.663,809,809,910,744,962,617,900,516,817,494,982,435,1000,269,998,162,992,69,913,407,937,231,942,109,944,0,845,409,866,249,875,135,884,38,773,438,794,310,810,223,825,149
1786207329.825,834,834,928,764,965,628,885,527,792,516,1000,433,995,270,987,153,977,62,931,404,933,227,929,104,926,0,858,411,862,245,863,132,866,41,781,449,773,317,774,226,778,152
1786207330.023,868,868,955,798,981,671,908,587,827,562,1000,460,988,278,977,162,969,65,926,444,913,248,903,114,898,0,858,465,845,288,839,176,840,81,794,516,783,384,781,294,783,216
1786207330.193,891,891,981,810,995,679,905,603,822,579,1000,450,984,268,966,153,950,57,926,434,911,242,893,111,881,0,859,456,849,284,840,175,837,78,796,509,784,383,786,296,792,218
1786207330.369,890,890,984,821,1000,694,915,613,835,581,998,470,980,280,960,157,943,58,920,460,904,259,888,121,879,0,852,486,840,308,832,191,830,91,790,543,776,408,773,317,776,236
1786207330.546,899,899,984,845,994,734,916,635,845,576,1000,471,981,267,962,141,948,39,924,459,907,253,892,118,884,0,858,482,844,296,839,185,841,86,798,532,783,388,783,299,790,219
1786207330.728,899,899,985,834,995,710,910,622,833,578,1000,478,985,279,970,151,957,50,927,463,913,253,901,115,895,0,862,483,853,297,850,178,855,78,802,532,788,393,791,301,801,220
1786207330.907,902,902,985,833,991,709,902,618,826,567,1000,477,984,277,971,150,960,46,923,462,912,254,903,117,902,0,856,481,851,297,852,180,859,78,795,528,785,382,790,289,800,206
1786207331.091,888,888,971,835,982,723,897,625,818,563,1000,478,990,277,978,147,967,43,923,458,912,252,902,115,899,0,856,475,853,291,856,177,863,78,795,519,788,374,795,280,806,197
1786207331.272,888,888,974,840,990,736,913,636,838,564,1000,480,985,278,970,151,960,49,925,460,913,253,904,117,902,0,858,476,853,291,853,175,860,71,799,521,794,372,801,277,813,190
1786207331.444,900,900,978,839,981,720,897,632,826,592,1000,483,985,288,973,164,967,63,928,463,916,256,910,118,913,0,863,477,858,289,860,174,872,75,801,518,794,370,801,274,817,190
1786207331.630,893,893,974,828,980,709,895,623,818,577,1000,477,994,280,986,155,980,52,930,456,924,253,919,116,923,0,865,471,865,288,868,173,879,76,803,513,797,370,805,276,817,195
1786207331.793,912,912,978,803,992,663,926,573,858,552,1000,452,990,271,982,166,980,74,936,430,925,230,918,105,921,0,878,442,872,261,868,153,875,60,819,482,808,350,814,260,828,180
1786207331.969,882,882,973,789,1000,654,926,580,854,572,982,452,974,272,961,161,948,66,906,442,897,245,882,116,872,0,836,468,826,286,814,170,808,66,768,527,762,393,759,298,758,216
1786207332.144,876,876,973,775,1000,634,927,555,859,539,977,439,964,263,947,154,933,59,900,430,887,237,871,113,860,0,831,456,818,279,805,169,800,70,763,515,755,384,754,293,757,213
1786207332.328,877,877,973,788,1000,651,929,561,864,537,972,437,954,255,932,144,910,50,895,431,879,235,858,111,841,0,826,463,811,283,796,170,786,71,760,527,753,394,752,304,753,223
1786207332.522,873,873,964,790,1000,648,944,551,878,532,953,432,920,240,890,134,861,46,879,431,847,222,813,97,784,0,812,475,792,287,770,171,750,80,747,552,736,419,732,326,726,244
1786207332.696,887,887,982,777,1000,642,920,569,855,556,949,443,910,257,873,147,837,55,869,452,824,245,786,113,752,0,801,496,758,315,727,197,704,97,736,570,706,433,690,340,680,258
1786207332.866,883,883,975,784,1000,650,923,570,851,549,950,440,911,255,875,143,839,47,870,448,829,243,792,113,759,0,803,494,762,312,732,197,709,99,741,571,711,438,697,345,687,261
1786207333.043,887,887,977,779,1000,635,923,548,846,533,959,423,919,238,887,137,861,48,886,427,847,222,817,100,796,0,820,471,789,279,766,163,750,66,755,547,732,409,724,314,719,232
1786207333.221,809,809,912,740,976,622,943,511,881,460,979,428,998,264,1000,158,999,67,914,400,931,221,938,103,944,0,847,403,867,240,878,131,887,37,775,434,793,303,806,217,816,146
1786207333.393,806,806,905,757,974,642,946,526,887,470,975,441,996,270,1000,167,999,77,912,418,935,229,943,106,949,0,847,428,865,253,874,144,882,50,777,465,797,333,815,244,832,166
1786207333.571,791,791,902,720,958,600,905,501,831,481,973,438,997,268,1000,169,1000,81,905,405,931,221,941,104,950,0,836,404,864,239,880,134,897,43,763,429,787,312,807,229,825,157
1786207333.777,764,764,869,717,923,609,865,503,789,466,956,440,984,274,992,174,1000,86,883,401,913,215,930,101,950,0,816,397,847,229,870,129,898,44,746,422,770,298,793,218,819,152
1786207333.950,767,767,869,721,921,612,864,507,791,473,953,442,983,272,993,170,1000,82,884,404,915,219,932,101,948,0,817,402,848,234,869,132,893,47,747,428,770,300,793,218,817,152
1786207334.117,864,864,924,800,942,690,881,593,813,548,992,460,1000,274,998,161,998,62,930,424,934,226,933,101,940,0,870,424,872,245,873,140,882,54,809,449,803,319,806,233,814,166
1786207334.297,880,880,957,807,969,686,891,590,813,550,996,467,995,286,995,174,1000,78,924,436,922,238,926,109,939,0,860,443,862,261,868,153,882,56,800,482,798,346,808,259,825,184
1786207334.467,865,865,950,792,972,675,892,579,812,542,988,463,997,285,998,174,1000,79,915,433,919,241,922,112,930,0,851,440,857,268,864,163,877,67,789,479,789,346,798,258,813,179
1786207334.712,892,892,977,804,1000,677,928,597,848,586,985,479,980,288,971,169,963,70,914,468,902,255,889,116,881,0,849,492,833,297,823,171,820,66,784,545,771,405,769,307,772,226
1786207334.884,863,863,961,781,1000,644,946,546,889,512,960,446,949,262,936,153,921,59,888,444,876,244,858,111,841,0,823,480,806,294,792,176,781,76,759,544,749,408,746,311,746,228
1786207335.066,868,868,958,793,1000,653,947,554,882,520,961,442,952,263,940,157,925,66,891,443,877,240,859,110,841,0,827,482,808,295,794,177,782,75,765,551,754,416,750,321,748,236
1786207335.234,862,862,955,788,1000,654,948,555,883,513,959,440,950,258,938,150,924,57,888,440,876,239,858,110,839,0,824,478,808,293,793,176,781,76,760,545,753,410,750,313,749,226
1786207335.426,863,863,959,783,1000,647,935,555,856,542,962,450,958,273,947,161,932,65,890,444,880,248,863,115,845,0,825,475,810,295,795,177,784,75,760,538,750,403,746,307,744,226
1786207335.601,864,864,960,781,997,648,924,566,836,566,1000,469,1000,281,993,169,986,74,927,455,926,249,923,115,922,0,859,473,852,288,851,168,856,67,791,519,787,380,790,283,797,203
1786207335.778,864,864,959,785,1000,650,928,562,836,558,996,469,998,278,993,165,986,67,923,451,924,246,922,113,922,0,856,469,850,279,850,159,855,58,788,517,787,377,791,279,799,199
1786207335.954,859,859,954,784,997,662,929,574,845,561,997,468,1000,280,995,169,990,74,923,451,926,243,924,111,926,0,854,469,853,282,855,164,863,66,784,517,783,380,790,284,801,206
1786207336.136,860,860,957,788,999,661,928,575,842,563,998,468,1000,281,992,169,984,75,924,450,926,245,924,112,924,0,855,468,854,281,855,163,861,64,785,517,784,379,789,283,797,203
1786207336.304,901,901,987,783,1000,650,922,584,855,588,982,446,976,261,974,162,972,70,911,442,894,228,883,104,876,0,843,477,824,278,815,162,811,64,774,544,760,410,756,321,755,245
1786207336.484,885,885,978,791,1000,663,907,601,820,613,979,471,968,277,954,164,941,64,901,459,885,242,869,111,859,0,832,487,814,292,802,170,799,65,765,547,747,412,743,320,747,244
1786207336.657,893,893,982,798,1000,675,920,605,851,603,988,482,983,285,972,169,963,68,911,472,899,251,886,115,879,0,840,502,825,300,815,177,813,69,771,561,758,419,754,323,756,241
1786207336.804,881,881,974,782,1000,644,929,564,855,547,983,437,988,265,985,162,982,70,914,423,912,231,911,108,912,0,846,445,841,266,840,154,842,59,776,497,771,357,775,264,781,187
1786207336.961,817,817,914,740,967,615,914,521,832,506,980,434,994,266,997,168,1000,81,915,407,931,221,939,104,950,0,849,411,866,242,877,140,892,51,778,443,792,316,808,231,825,162
1786207337.137,802,802,899,737,956,618,908,512,836,477,979,438,997,267,999,168,1000,80,908,410,925,220,932,103,940,0,839,413,854,245,864,143,879,55,768,441,782,315,797,231,814,160
1786207337.320,721,721,831,655,902,522,854,393,765,363,948,377,983,219,993,124,1000,41,884,334,924,178,944,84,962,0,820,315,855,173,878,94,895,33,749,319,779,202,797,132,809,80
1786207337.491,662,662,776,614,854,489,825,359,760,303,921,369,967,230,985,148,1000,78,860,317,911,172,939,80,967,0,794,295,838,171,870,91,901,28,719,294,754,195,784,135,812,85
1786207337.638,688,688,796,638,871,514,851,390,793,338,932,380,973,227,988,137,1000,62,870,333,917,179,942,83,969,0,803,317,848,184,875,99,902,32,725,325,762,223,793,162,822,113
1786207337.805,737,737,810,696,864,576,860,456,839,390,926,406,970,259,988,157,1000,72,870,361,904,202,919,93,931,0,808,349,833,203,843,108,853,27,739,358,749,228,756,137,766,58
1786207337.969,889,889,970,822,981,705,901,618,821,582,1000,469,998,285,991,168,986,71,932,447,927,252,920,116,920,0,870,461,871,285,873,172,881,80,809,508,806,369,813,280,826,206
1786207338.147,890,890,972,823,982,708,900,620,826,566,1000,476,992,284,981,161,973,59,929,455,918,255,910,116,911,0,865,473,865,290,868,175,878,81,804,520,798,382,807,289,822,209
1786207338.297,891,891,978,830,983,713,897,629,819,591,1000,488,988,292,975,165,964,64,927,466,917,262,908,121,908,0,862,482,859,296,860,180,868,82,802,526,796,382,802,289,815,207
1786207338.449,895,895,980,838,986,724,898,634,818,590,1000,493,989,299,974,175,962,73,927,471,915,268,905,124,904,0,862,488,858,300,859,176,867,73,801,533,792,391,797,296,808,215
1786207338.688,891,891,977,776,1000,637,946,544,889,506,982,454,981,275,973,170,962,80,915,446,908,243,900,110,893,0,849,474,837,287,827,167,823,66,781,534,771,396,771,296,772,211
1786207338.868,862,862,957,791,1000,658,942,567,869,539,959,450,949,267,931,158,910,67,891,449,885,251,869,116,850,0,828,485,813,299,796,179,780,78,765,552,760,414,758,317,757,234
1786207339.041,861,861,953,791,1000,656,953,557,888,515,956,449,945,272,932,167,915,75,890,448,878,251,861,116,843,0,828,485,811,303,793,184,777,82,768,553,761,416,759,323,758,241
1786207339.217,861,861,952,794,1000,664,952,566,884,520,958,448,944,273,931,166,914,72,891,446,877,250,858,116,839,0,829,483,811,301,791,183,775,79,769,551,761,415,758,319,754,234
1786207339.399,852,852,952,774,1000,640,964,530,920,462,958,449,948,267,934,159,918,66,889,445,881,248,868,115,854,0,823,473,816,292,807,174,800,73,757,529,753,391,753,295,755,212
1786207339.542,828,828,928,768,977,641,907,550,812,540,984,467,998,283,1000,170,998,76,915,442,931,243,936,111,941,0,849,452,858,269,867,155,879,61,780,490,783,357,791,267,802,196
1786207339.701,831,831,930,785,970,671,895,581,806,554,989,489,1000,307,998,187,995,87,916,459,932,263,936,123,941,0,848,466,860,287,869,166,881,63,778,501,785,368,797,278,811,202
1786207339.871,830,830,927,777,969,662,904,566,824,532,988,476,1000,294,999,177,995,79,915,450,932,254,935,120,939,0,845,459,862,285,871,167,882,63,774,495,787,360,797,267,808,187
1786207340.059,833,833,926,778,965,654,893,559,809,527,990,470,1000,292,999,176,997,78,917,443,932,252,935,118,939,0,847,454,860,280,866,162,875,59,775,494,786,361,796,271,806,195
1786207340.227,857,857,951,769,981,630,894,549,795,548,991,479,1000,295,996,178,990,78,919,454,926,256,924,119,926,0,848,462,852,282,857,162,868,62,777,498,777,359,784,262,796,183
1786207340.590,959,959,1000,910,967,804,860,726,763,692,941,530,898,321,874,164,863,33,870,511,808,302,774,141,754,0,821,534,768,357,740,214,727,92,792,590,755,474,743,403,743,359
1786207340.770,930,930,1000,861,985,734,866,661,762,654,987,500,947,304,914,155,893,36,902,483,854,281,821,132,799,0,829,513,778,350,748,248,729,161,772,578,724,460,702,402,687,365
1786207340.956,860,860,945,785,998,661,1000,549,973,482,924,450,940,284,947,153,946,42,855,428,884,241,907,106,921,0,787,439,802,269,819,149,828,56,719,481,711,333,706,220,697,126
1786207341.132,876,876,969,791,984,654,889,578,798,575,998,476,1000,290,995,171,991,73,918,458,914,255,905,117,899,0,847,478,844,294,838,169,839,65,778,529,768,395,769,300,775,220
1786207341.299,888,888,977,800,997,676,920,599,842,584,995,487,1000,302,996,185,991,84,920,471,918,267,908,125,901,0,851,491,845,304,837,179,835,71,782,541,778,404,777,307,781,224
1786207341.499,888,888,979,794,1000,662,927,583,860,567,995,466,992,287,982,174,972,79,917,456,911,257,898,123,887,0,845,484,837,300,826,180,821,70,775,543,772,408,768,311,767,225
1786207341.654,883,883,973,805,1000,680,924,596,843,570,994,466,988,286,977,173,964,75,916,454,911,255,897,122,887,0,845,482,837,296,828,177,823,69,776,541,775,403,773,306,772,220
1786207341.858,877,877,969,793,1000,667,935,577,863,547,982,460,973,279,958,164,941,67,907,454,894,251,874,119,856,0,837,487,822,294,806,176,794,71,768,551,761,412,757,315,754,229
1786207342.018,877,877,969,792,1000,666,945,565,895,513,973,448,958,267,937,153,916,55,901,447,887,246,865,116,845,0,834,484,818,301,799,184,782,78,768,552,760,418,753,324,746,238
1786207342.192,872,872,968,796,1000,665,940,565,879,521,973,449,958,267,937,152,916,54,898,448,885,248,863,116,845,0,829,486,813,298,796,178,783,73,762,556,755,417,750,322,746,238
1786207342.368,869,869,951,818,1000,698,991,580,980,470,983,468,989,288,987,167,984,67,923,444,928,252,931,116,933,0,864,455,871,272,877,149,886,47,803,493,796,353,802,248,813,158
1786207342.546,828,828,934,729,985,582,940,467,872,459,986,416,999,256,1000,160,999,76,919,393,935,216,942,102,948,0,851,400,866,238,878,134,891,47,776,437,795,312,811,226,827,153
1786207342.721,822,822,925,731,980,597,935,477,860,443,980,417,995,254,998,156,1000,71,912,393,931,217,939,101,948,0,846,403,861,242,872,141,884,56,773,444,790,316,806,230,822,156
1786207342.899,824,824,928,740,983,610,944,485,874,441,982,427,997,261,1000,161,1000,73,914,403,933,225,940,107,947,0,848,412,863,247,873,143,884,54,774,451,793,322,810,235,828,160
1786207343.072,841,841,940,772,990,637,948,525,890,469,990,448,1000,268,999,145,991,48,920,428,933,236,929,105,919,0,848,440,863,263,866,142,865,49,769,481,779,347,791,251,801,171
1786207343.272,901,901,988,811,1000,676,916,603,835,574,946,455,893,268,851,142,816,37,860,469,804,268,758,125,720,0,788,524,739,336,704,206,676,98,724,611,689,470,671,368,656,278
1786207343.443,897,897,984,796,1000,653,930,563,865,522,947,447,907,265,872,143,840,40,867,456,822,259,782,122,746,0,797,505,757,323,725,199,699,89,735,587,705,445,690,345,679,251
1786207343.616,896,896,978,805,1000,663,938,566,882,519,950,438,914,249,885,138,858,42,878,438,841,232,807,105,777,0,814,482,785,295,758,176,734,77,754,560,736,421,730,324,724,238
1786207343.799,830,830,935,772,994,658,942,553,861,496,998,450,1000,279,993,148,984,49,923,416,940,235,941,106,938,0,851,417,874,251,878,132,881,39,780,448,789,317,795,226,798,154
1786207343.983,822,822,935,761,988,642,959,537,923,466,978,506,995,314,998,193,1000,93,900,483,923,270,932,125,943,0,825,491,844,298,854,171,869,69,747,522,761,379,777,283,798,204
1786207344.154,830,830,917,777,946,671,873,584,799,557,981,463,993,281,997,169,1000,73,913,431,926,240,933,110,944,0,849,437,860,262,869,153,885,60,783,470,790,335,802,248,819,175
1786207344.323,834,834,910,795,934,698,867,599,800,538,978,464,991,283,996,168,1000,72,915,433,931,245,939,113,950,0,854,438,870,268,882,160,899,64,791,473,799,337,812,252,829,177
1786207344.513,838,838,909,795,929,696,865,595,800,533,984,469,994,288,996,173,1000,78,923,435,930,242,937,111,951,0,862,438,875,262,887,150,904,52,803,469,810,333,820,245,833,168
1786207344.698,859,859,930,806,944,705,869,613,798,557,991,474,998,295,998,183,1000,88,923,443,929,253,936,118,950,0,859,453,870,278,884,164,904,62,799,493,800,360,815,271,834,189
1786207344.865,872,872,930,810,930,698,855,587,784,524,982,462,991,278,994,165,1000,74,914,429,917,234,920,103,932,0,851,434,860,257,865,147,879,54,793,468,790,332,799,241,813,162
1786207345.045,871,871,942,823,953,719,873,623,798,565,987,478,991,298,994,181,1000,84,920,449,920,255,925,117,937,0,857,461,860,288,867,181,879,88,798,505,794,369,802,281,814,201
1786207345.217,881,881,954,815,960,701,879,606,801,564,991,459,995,278,996,169,1000,80,919,436,923,243,928,114,938,0,855,449,862,272,868,168,879,73,798,495,800,352,809,265,822,183
1786207345.408,870,870,957,806,978,700,897,622,822,580,998,478,1000,299,999,188,998,95,919,460,916,261,910,123,906,0,848,480,843,300,838,186,839,82,780,530,775,391,777,299,783,217
1786207345.570,890,890,976,814,1000,694,919,618,836,618,998,485,992,291,982,168,974,64,918,471,905,262,891,123,882,0,847,497,831,305,822,181,821,74,778,554,768,408,766,308,769,223
1786207345.762,884,884,972,809,1000,686,930,616,856,615,992,476,983,285,969,171,956,73,915,468,902,260,887,122,876,0,844,498,827,305,816,183,812,76,775,559,766,418,763,320,763,235
1786207345.937,878,878,966,809,1000,691,934,611,862,597,972,466,961,277,945,163,929,66,901,461,886,256,869,119,853,0,836,491,820,306,806,187,795,86,771,553,761,409,756,316,752,236
1786207346.120,865,865,957,807,1000,685,934,610,853,600,959,454,939,269,917,155,895,59,887,457,868,256,843,119,820,0,821,496,799,307,778,185,760,82,758,565,746,422,738,326,729,241
1786207346.292,857,857,948,812,1000,692,946,608,869,596,944,459,925,281,905,164,887,68,878,458,854,255,828,115,805,0,820,494,790,304,765,181,742,81,768,561,750,426,737,334,723,257
1786207346.479,863,863,948,802,1000,671,955,585,881,583,932,442,908,272,894,164,882,73,869,445,839,247,811,111,782,0,817,488,781,304,749,187,719,92,771,564,750,433,737,343,721,266
1786207346.645,858,858,942,800,1000,665,962,581,879,598,922,441,899,273,884,163,867,72,859,444,828,243,796,108,762,0,807,490,770,301,737,182,704,88,764,568,742,435,725,345,706,268
1786207346.829,870,870,949,808,1000,673,958,581,872,595,920,442,887,271,858,155,828,58,859,450,824,254,787,115,750,0,808,501,765,315,727,196,690,100,764,586,738,449,717,354,697,274
1786207347.035,871,871,950,805,1000,671,958,584,877,595,925,443,891,274,868,159,847,63,864,452,827,253,791,114,756,0,813,503,771,313,734,190,699,90,769,585,742,450,724,356,706,275
1786207347.185,876,876,955,810,1000,675,957,593,883,596,930,447,892,269,861,149,832,50,870,458,831,253,793,113,758,0,818,508,777,311,741,186,707,87,772,590,746,451,726,356,706,275
1786207347.360,850,850,951,781,1000,654,932,581,839,578,949,454,931,274,919,158,908,61,878,454,853,249,830,112,810,0,814,490,784,297,763,176,745,76,752,557,736,416,726,324,715,245
1786207347.541,859,859,955,801,1000,673,933,592,850,583,965,452,954,273,936,161,917,66,892,449,882,253,863,118,845,0,825,482,811,300,799,181,788,78,758,546,754,406,749,312,743,228
1786207347.713,864,864,958,802,1000,673,934,588,852,572,980,453,972,272,954,161,933,67,907,447,901,250,885,118,869,0,839,476,827,293,816,176,805,72,771,538,771,398,769,305,766,222
1786207347.889,870,870,964,793,1000,671,937,590,867,567,991,458,985,278,969,170,951,76,917,448,915,254,902,120,890,0,847,474,841,296,834,179,831,76,778,531,778,393,779,299,781,216
1786207348.066,856,856,952,789,992,663,919,584,833,565,999,466,1000,288,992,174,982,76,924,450,933,257,929,123,927,0,854,468,861,290,862,169,865,62,781,515,790,379,796,286,802,204
1786207348.266,832,832,927,772,971,655,902,567,821,543,990,463,1000,284,999,170,995,74,915,441,931,247,934,116,939,0,845,452,858,275,864,161,873,59,774,492,788,355,797,263,805,183
1786207348.444,818,818,917,763,961,649,887,563,805,540,986,465,999,289,1000,177,999,81,912,436,930,246,937,117,944,0,842,443,858,272,866,159,879,58,772,480,788,345,799,255,811,177
1786207348.613,803,803,893,747,931,642,867,546,792,514,973,448,990,274,996,169,1000,82,907,414,927,228,941,106,956,0,842,415,861,246,876,145,895,56,777,444,790,313,805,232,823,162
1786207348.791,790,790,866,732,901,631,852,528,787,479,961,439,982,267,991,162,1000,75,901,402,928,220,945,103,964,0,840,399,865,232,883,136,907,49,778,422,796,296,814,222,837,158
1786207348.968,784,784,872,732,905,625,843,527,778,478,955,445,978,278,989,176,1000,90,891,402,921,223,943,105,968,0,827,393,856,230,878,134,906,46,764,411,788,283,810,208,835,143
1786207349.136,784,784,868,728,899,621,836,526,768,483,952,440,978,274,990,171,1000,84,889,400,919,227,941,107,964,0,826,392,854,237,875,136,901,45,765,412,786,291,807,219,830,158
1786207349.317,848,848,918,780,935,665,862,566,790,517,991,456,999,288,998,173,1000,76,924,421,931,241,929,113,933,0,860,420,869,257,869,149,874,59,795,446,796,326,799,247,806,185
1786207349.494,894,894,980,822,990,697,896,615,810,594,1000,486,987,289,967,165,949,62,923,466,909,259,887,119,870,0,854,485,842,301,828,180,820,77,787,533,772,395,767,301,764,222
1786207349.689,891,891,978,820,991,699,899,614,815,598,1000,484,985,285,965,163,946,63,921,466,908,255,889,117,875,0,852,485,840,298,828,178,822,77,786,534,772,401,768,310,767,233
1786207349.860,892,892,982,810,994,681,896,607,806,609,1000,478,990,279,972,158,954,58,921,464,910,251,889,115,873,0,851,490,838,299,825,177,818,76,782,546,765,412,760,316,760,236
1786207350.036,902,902,949,852,954,745,892,661,827,619,1000,498,996,306,990,181,985,71,945,468,931,262,917,123,909,0,885,478,873,289,862,161,856,47,819,515,806,373,802,271,802,183
1786207350.211,865,865,958,792,986,687,923,615,858,575,998,494,1000,293,984,167,966,61,920,483,913,268,899,125,886,0,844,508,836,312,829,180,827,65,768,559,765,420,767,323,771,238
1786207350.392,859,859,962,780,1000,666,954,579,901,525,993,483,989,290,973,169,955,64,907,474,902,263,891,124,882,0,827,503,824,313,817,185,816,71,751,559,749,424,754,329,760,243
1786207350.564,855,855,962,767,1000,642,954,545,904,478,991,481,984,292,968,174,952,72,911,474,905,263,897,124,892,0,835,502,834,314,831,184,832,68,761,559,761,423,767,328,775,241
1786207350.740,865,865,968,791,1000,684,940,611,882,557,998,496,995,302,981,182,966,78,919,487,914,275,908,131,903,0,845,514,844,321,843,186,846,64,772,570,772,432,778,334,785,244
1786207350.935,830,830,928,779,963,683,912,607,874,565,971,485,994,293,1000,173,999,71,879,457,881,244,878,112,876,0,794,472,779,272,767,152,764,48,715,517,691,374,679,282,674,204
1786207351.137,769,769,858,744,927,683,953,615,967,540,898,435,948,279,978,179,1000,94,815,408,827,226,835,106,843,0,741,425,722,252,717,140,720,41,672,476,635,358,618,273,610,193
1786207351.281,799,799,887,769,963,702,989,617,966,542,935,448,973,283,992,177,1000,85,854,420,861,231,861,109,858,0,780,435,770,264,769,156,774,58,712,482,696,354,691,267,694,185
1786207351.466,809,809,905,774,976,700,976,622,949,551,942,453,976,285,992,180,1000,85,856,425,861,236,863,112,861,0,780,442,768,269,768,160,771,60,709,490,689,360,681,270,677,184
1786207351.634,805,805,910,765,967,681,930,611,894,576,946,449,982,278,995,168,1000,73,861,419,870,229,870,106,868,0,785,435,775,263,771,152,772,55,712,482,694,348,684,256,680,172
1786207351.812,815,815,912,752,950,647,879,573,804,550,954,444,986,271,995,164,1000,70,872,416,881,219,879,100,878,0,796,432,788,251,784,142,787,48,723,478,703,339,694,250,692,172
1786207351.992,814,814,911,735,940,614,865,540,790,532,956,444,987,270,996,166,1000,73,876,416,887,220,892,100,897,0,801,426,802,247,808,135,818,39,727,463,711,321,705,225,704,143
1786207352.179,817,817,917,740,948,619,872,543,797,531,960,446,987,277,996,174,1000,81,880,418,890,225,892,104,894,0,805,430,803,254,805,144,812,48,730,472,712,333,705,241,702,161
1786207352.354,826,826,923,743,954,622,883,546,811,533,959,447,987,269,995,165,1000,73,882,424,890,224,889,102,889,0,808,436,808,255,810,141,815,44,734,478,721,336,716,242,715,163
1786207352.529,808,808,909,732,941,610,871,534,802,525,945,435,977,263,990,158,1000,67,865,409,876,215,880,97,886,0,789,422,776,241,770,135,771,42,716,465,684,328,666,241,655,165
1786207352.731,804,804,900,732,929,619,865,541,812,524,938,436,972,268,987,165,1000,74,857,406,869,217,878,99,891,0,779,419,755,243,745,134,743,37,707,464,665,338,640,257,624,185
1786207352.899,812,812,906,732,931,617,866,541,809,520,942,439,978,276,991,171,1000,79,859,408,866,218,870,99,878,0,780,421,754,247,742,138,739,41,704,467,658,344,632,262,615,189
1786207353.057,813,813,911,736,940,618,876,539,814,522,945,441,979,272,992,168,1000,76,864,411,874,219,880,101,889,0,785,424,761,244,751,136,750,40,711,471,662,350,634,273,617,204
1786207353.233,815,815,913,738,944,618,879,537,818,522,948,441,980,268,992,163,1000,72,866,411,875,218,882,100,891,0,787,424,763,244,753,136,752,41,712,469,664,350,636,273,620,206
1786207353.428,804,804,906,738,939,612,859,528,776,528,946,444,978,274,990,166,1000,75,863,412,878,219,888,100,900,0,784,420,770,242,767,136,772,46,710,459,672,329,650,243,640,171
1786207353.601,794,794,893,738,929,618,850,534,768,523,944,448,977,276,990,167,1000,74,862,411,880,215,889,97,899,0,783,418,774,235,771,131,775,43,707,457,671,330,650,246,639,176
1786207353.777,798,798,897,740,935,622,861,533,784,514,946,452,978,281,991,172,1000,79,864,415,880,218,887,98,896,0,786,423,780,242,780,136,788,48,711,462,676,332,654,247,643,176
1786207353.954,798,798,900,746,941,631,869,541,791,521,950,452,981,281,992,171,1000,79,867,414,882,217,888,97,895,0,789,421,783,240,781,135,788,46,713,460,677,333,657,249,646,179
1786207354.129,829,829,925,784,974,673,913,577,832,548,987,483,1000,300,994,184,983,83,909,453,922,256,920,122,919,0,836,463,843,280,847,162,853,60,762,504,773,369,784,276,794,198
1786207354.307,836,836,936,792,986,678,924,579,839,550,994,487,1000,298,992,180,981,77,913,459,921,257,918,122,917,0,837,472,842,284,848,164,856,61,760,516,768,379,777,285,789,204
1786207354.451,837,837,937,784,985,668,931,570,866,526,995,480,1000,300,990,186,979,88,915,454,921,257,918,122,918,0,840,467,843,284,846,163,852,56,763,509,770,372,779,277,789,195
1786207354.632,843,843,941,789,988,670,920,576,838,545,996,474,1000,296,991,183,981,87,917,449,923,252,920,119,919,0,843,463,847,283,850,164,857,60,768,507,773,372,781,277,792,196
1786207354.785,840,840,939,792,990,680,938,580,871,534,994,482,1000,301,992,188,982,90,914,456,920,258,919,123,921,0,839,469,841,281,845,161,853,55,763,512,770,374,780,280,792,198
1786207354.971,804,804,905,765,952,654,883,556,798,523,977,485,994,318,998,206,1000,110,906,442,929,255,942,123,957,0,840,434,860,265,875,151,895,49,773,457,784,327,798,243,817,173
1786207355.137,794,794,892,754,939,647,875,546,798,512,968,470,989,298,995,189,1000,95,899,429,922,243,936,114,954,0,832,424,855,256,873,148,895,54,766,447,780,315,795,227,814,154
1786207355.314,802,802,901,758,949,648,880,549,797,519,969,470,989,300,995,191,1000,96,899,428,922,243,937,115,955,0,831,422,852,256,872,147,897,52,764,447,777,315,793,229,813,156
1786207355.495,836,836,936,772,976,665,919,586,857,553,981,461,999,283,1000,176,999,83,909,432,927,240,934,113,941,0,838,438,850,264,856,151,868,52,763,474,770,338,782,250,798,174
1786207355.695,843,843,938,799,1000,694,954,606,873,573,957,467,948,290,929,170,910,69,885,460,873,263,856,121,839,0,818,492,800,310,784,188,770,87,753,554,740,419,735,325,732,246
1786207355.865,852,852,949,784,1000,656,946,578,871,574,951,452,936,273,919,162,899,66,879,455,863,257,841,120,821,0,815,496,794,311,774,187,756,81,754,566,741,430,733,336,725,254
1786207356.047,852,852,946,793,1000,672,960,582,896,548,950,457,935,275,916,164,893,70,881,455,863,254,842,117,820,0,820,491,797,304,776,185,756,87,761,557,746,422,739,329,731,248
1786207356.232,853,853,945,798,1000,668,961,575,887,566,937,454,919,277,898,163,876,67,869,456,847,258,825,119,802,0,810,496,785,309,762,189,738,91,759,567,742,435,731,344,718,267
1786207356.389,854,854,940,808,1000,681,970,588,902,567,936,458,917,278,895,163,873,66,869,463,849,262,828,122,806,0,809,508,789,315,766,195,743,94,757,583,745,445,734,353,721,272
1786207356.568,853,853,941,795,1000,667,965,573,893,556,940,449,921,268,900,156,877,60,874,455,858,256,837,118,815,0,816,501,795,315,775,196,754,95,762,577,746,445,737,354,726,273
1786207356.736,847,847,944,787,1000,648,944,545,854,542,969,442,977,272,978,164,975,73,900,428,904,237,901,109,897,0,836,453,835,274,833,159,831,62,771,510,770,373,774,282,778,208
1786207356.882,829,829,926,771,980,648,926,545,843,517,980,452,998,284,1000,174,998,79,913,428,930,246,933,117,934,0,845,437,858,268,862,157,867,60,773,477,784,343,794,251,804,174
1786207357.055,815,815,910,783,973,670,924,558,837,514,981,466,1000,290,1000,173,996,73,913,436,940,248,948,117,955,0,842,443,866,265,877,145,886,42,766,480,787,342,802,249,813,172
1786207357.216,743,743,850,710,920,602,874,487,790,440,944,418,979,268,993,159,1000,70,882,375,930,218,952,105,967,0,815,363,859,213,883,109,901,18,738,380,773,253,798,168,818,96
1786207357.424,689,689,793,682,868,589,842,469,780,410,913,420,963,268,985,166,1000,80,852,368,911,209,943,99,971,0,786,350,838,203,871,105,902,16,710,360,751,246,781,171,810,104
1786207357.581,695,695,802,671,876,564,848,434,775,386,918,398,965,249,986,156,1000,77,858,350,912,194,942,90,969,0,794,333,841,188,873,96,905,19,721,341,761,229,793,155,822,93
1786207357.762,685,685,790,655,868,552,862,426,818,366,915,386,963,243,985,154,1000,79,857,341,912,190,943,87,971,0,794,325,839,185,869,96,898,23,721,334,758,228,789,156,819,97
1786207357.939,711,711,826,652,908,526,883,379,805,329,940,378,976,230,990,139,1000,63,879,336,919,185,945,87,970,0,812,323,849,185,879,93,903,18,735,336,768,231,796,162,818,107
1786207358.112,714,714,828,657,904,532,879,393,814,337,942,379,979,232,992,145,1000,70,877,337,921,186,945,86,969,0,808,328,849,189,879,100,907,26,729,344,763,241,791,174,816,119
1786207358.257,761,761,870,698,942,542,900,392,815,362,964,395,991,231,998,125,1000,36,893,362,924,202,938,96,945,0,820,359,846,211,867,106,879,18,740,384,774,286,793,235,801,200
1786207358.400,858,858,962,768,1000,617,925,515,829,504,989,444,979,273,965,157,950,62,916,436,910,248,899,115,889,0,846,458,845,284,843,165,843,70,773,510,772,374,776,278,781,200
1786207358.604,872,872,970,795,1000,652,914,564,816,547,980,472,956,285,933,160,914,57,898,465,871,259,847,120,829,0,823,496,795,300,779,176,768,71,751,559,733,413,728,312,726,227
1786207358.768,878,878,976,787,1000,648,920,564,832,545,970,450,940,254,912,132,887,33,885,452,855,243,826,110,802,0,809,491,780,295,760,171,743,67,737,563,718,417,709,316,704,228
1786207358.952,895,895,991,795,1000,657,909,585,823,571,945,453,894,260,849,143,807,42,860,468,811,260,764,122,723,0,789,522,742,326,707,198,679,88,724,609,692,462,675,361,664,273
1786207359.131,885,885,985,801,1000,661,910,577,822,552,947,455,898,269,857,147,822,40,859,466,812,261,769,125,733,0,788,516,743,325,709,199,682,87,723,597,694,451,676,352,662,264
1786207359.298,891,891,987,808,1000,663,896,585,794,595,977,459,938,276,906,150,880,44,895,450,856,252,823,117,798,0,827,478,795,300,773,181,755,79,765,540,738,409,726,322,718,249
1786207359.442,912,912,993,822,1000,680,904,600,808,584,960,464,915,283,881,164,854,62,878,462,825,267,790,124,766,0,811,499,774,313,757,191,748,86,752,568,719,428,709,331,705,245
1786207359.601,912,912,994,822,1000,682,897,600,800,586,981,460,984,274,982,150,982,50,895,453,851,254,816,117,792,0,825,486,796,306,778,187,766,85,762,553,733,417,724,323,720,240
1786207359.783,919,919,1000,821,1000,678,896,599,796,595,966,456,923,273,891,156,865,56,885,453,837,258,804,120,781,0,819,489,786,303,771,182,762,80,760,560,729,424,720,330,715,248
1786207359.953,893,893,981,820,1000,687,929,600,859,565,976,487,967,300,960,171,956,65,902,468,875,259,855,116,841,0,835,489,814,290,796,153,784,40,771,541,749,391,743,280,741,187
1786207360.130,874,874,964,782,1000,641,933,546,852,519,957,449,931,264,907,151,881,54,885,450,858,248,830,114,802,0,821,490,793,304,768,185,746,87,758,560,741,426,732,334,722,254
1786207360.307,868,868,965,777,1000,638,931,540,847,514,958,436,932,255,905,141,878,43,885,440,859,242,831,114,806,0,819,478,791,296,768,180,748,78,755,547,742,411,731,319,720,238
1786207360.480,864,864,963,778,1000,641,936,539,855,513,961,442,942,261,921,145,899,47,888,443,867,245,843,114,820,0,821,479,794,294,775,175,758,71,757,544,742,404,733,309,724,225
1786207360.676,869,869,967,785,1000,647,937,549,871,511,962,442,940,260,915,148,889,51,889,442,867,246,842,115,819,0,823,481,800,300,778,182,760,79,760,551,744,415,735,321,728,237
1786207360.850,869,869,966,782,1000,641,934,544,858,519,962,448,949,273,936,161,921,65,890,444,871,249,848,116,825,0,825,480,798,300,775,180,756,77,764,548,746,412,737,317,730,234
1786207361.026,868,868,964,781,1000,642,937,543,861,512,960,446,948,271,935,160,919,64,888,444,869,247,847,115,826,0,825,482,797,299,776,178,758,73,764,551,747,415,738,320,730,236
1786207361.199,866,866,962,784,1000,645,941,545,869,514,960,444,944,267,928,153,911,55,888,443,867,246,844,113,823,0,824,480,796,294,776,173,759,71,764,548,748,411,739,316,733,234
1786207361.382,867,867,963,784,1000,647,938,555,866,526,964,443,955,269,941,158,924,63,891,441,874,247,852,116,830,0,827,478,803,299,782,181,765,77,766,547,749,412,740,319,734,235
1786207361.562,866,866,962,782,1000,643,940,546,868,516,961,440,947,261,930,148,911,51,889,439,871,245,848,114,827,0,824,476,802,298,781,181,764,77,763,544,748,410,739,316,731,232
1786207361.730,867,867,961,784,1000,644,942,545,872,513,959,442,953,262,942,151,929,55,886,440,871,243,851,112,831,0,823,476,799,294,781,177,766,76,761,543,747,410,739,316,731,233
1786207361.908,866,866,960,784,1000,646,947,540,881,497,962,440,953,261,941,151,925,56,890,438,872,239,851,111,830,0,826,475,802,291,782,176,766,76,763,543,749,410,740,316,733,233
1786207362.097,863,863,959,783,1000,646,945,545,877,508,961,441,952,260,939,150,923,55,889,440,873,241,853,111,832,0,826,476,804,294,785,178,770,78,763,544,749,411,742,317,736,234
1786207362.274,866,866,960,786,1000,649,948,547,883,503,961,440,953,259,940,148,925,53,890,438,875,240,855,111,833,0,827,475,806,293,786,177,770,77,765,543,751,411,743,318,736,235
1786207362.450,865,865,960,781,1000,642,948,540,882,500,957,440,951,261,940,150,925,55,887,438,873,243,853,112,833,0,825,476,801,294,782,177,766,75,765,545,751,413,743,319,736,236
1786207362.653,864,864,959,781,1000,644,942,544,869,508,959,436,948,259,932,148,912,52,887,435,871,241,850,112,829,0,824,473,803,294,783,178,766,75,763,543,750,409,742,313,736,228
1786207362.813,864,864,958,784,1000,645,947,541,878,499,959,439,949,259,935,148,919,52,888,438,870,241,848,112,827,0,824,476,800,293,779,175,762,72,762,546,749,411,741,314,734,228
1786207362.996,863,863,958,782,1000,646,950,540,887,491,960,438,948,258,932,148,912,52,888,436,869,238,847,111,825,0,825,473,801,291,780,173,764,72,763,542,750,408,742,313,735,228
1786207363.153,863,863,957,782,1000,646,948,543,878,500,958,441,946,261,931,150,911,54,887,438,869,241,847,111,826,0,824,476,800,292,779,175,762,74,763,545,750,411,742,315,735,230
1786207363.346,859,859,958,780,1000,650,963,537,915,459,966,442,951,263,933,152,914,54,892,440,873,243,853,116,834,0,828,474,802,292,782,173,765,68,766,539,751,403,740,309,732,224
1786207363.551,861,861,957,780,1000,644,963,523,905,448,962,445,950,266,936,153,918,56,891,441,875,246,856,117,836,0,828,476,805,297,784,179,768,74,768,541,751,406,741,313,733,229
1786207363.698,861,861,957,779,1000,644,962,525,902,451,960,446,951,268,939,156,921,59,889,442,874,247,854,117,833,0,826,477,803,298,783,180,765,75,766,543,751,409,742,314,733,228
1786207363.875,856,856,954,773,1000,641,962,523,897,454,959,441,948,262,933,151,913,53,888,438,872,245,854,116,834,0,824,473,801,294,782,176,765,70,763,539,749,404,739,311,729,226
1786207364.052,857,857,953,772,1000,639,962,519,895,453,958,439,944,260,929,151,910,53,887,437,868,243,848,115,828,0,824,473,798,295,778,178,761,73,764,540,748,405,737,311,727,225
1786207364.234,860,860,955,777,1000,644,961,530,898,461,959,441,949,265,936,156,919,60,888,438,871,245,852,116,833,0,826,474,800,296,780,180,763,77,766,542,750,410,740,316,731,230
1786207364.408,860,860,955,777,1000,645,963,531,901,460,961,441,950,264,937,154,920,58,889,438,871,245,853,116,833,0,826,474,801,296,781,180,764,77,766,542,750,409,740,314,732,228
1786207364.599,856,856,953,773,1000,643,961,527,894,461,957,440,945,260,931,150,913,53,887,439,869,243,849,116,828,0,824,475,799,297,779,180,762,76,764,542,749,407,739,312,730,226
1786207364.768,863,863,956,778,1000,647,959,536,895,466,959,443,948,262,933,151,915,55,888,441,869,243,849,114,829,0,824,478,800,296,781,179,766,74,763,547,748,411,740,315,733,228
1786207364.952,861,861,955,776,1000,644,959,532,894,466,960,441,950,260,937,150,920,53,888,438,871,242,852,113,832,0,825,474,800,293,781,178,765,76,765,541,750,407,742,312,735,226
1786207365.123,862,862,955,777,1000,645,960,532,897,464,957,445,947,265,935,154,918,57,886,443,868,246,848,116,828,0,823,481,798,300,777,182,760,77,762,550,746,413,737,317,729,229
1786207365.299,861,861,955,777,1000,646,962,532,897,463,961,443,949,263,935,153,917,57,890,442,871,244,851,116,829,0,826,479,802,298,782,182,764,78,765,547,751,412,742,317,733,230
1786207365.484,859,859,955,775,1000,646,962,531,896,461,960,443,948,261,934,150,914,53,888,441,871,244,850,115,828,0,825,477,800,297,780,180,762,75,763,544,749,408,740,312,731,225
1786207365.648,860,860,955,776,1000,644,962,530,897,464,961,442,952,263,939,153,921,57,890,438,873,243,854,115,834,0,826,473,801,293,782,177,765,75,766,539,750,404,741,309,732,222
1786207365.853,861,861,955,777,1000,646,961,532,895,467,961,443,951,263,938,153,922,57,889,440,871,244,852,115,832,0,825,475,801,296,782,179,767,76,764,542,750,409,741,314,734,227
1786207366.019,861,861,955,776,1000,644,961,531,896,462,958,441,950,261,938,151,922,56,887,437,871,241,852,112,833,0,825,473,800,291,782,177,767,77,765,540,751,407,743,313,737,228
1786207366.193,862,862,955,777,1000,646,960,535,897,464,959,439,950,261,938,151,922,55,888,437,870,241,852,112,832,0,825,473,800,293,781,179,765,78,765,540,749,408,741,314,735,229
1786207366.381,858,858,953,775,1000,643,962,529,897,459,956,442,947,262,936,151,919,55,885,441,868,244,850,115,829,0,822,478,799,297,780,179,763,75,762,545,747,412,739,317,731,231
1786207366.556,858,858,953,773,1000,644,964,526,899,456,957,443,948,264,937,153,920,56,886,440,870,245,852,116,833,0,823,475,799,296,780,179,762,74,762,541,748,408,738,314,729,227
1786207366.721,855,855,952,775,1000,647,966,530,901,459,958,444,947,265,933,154,915,56,888,441,871,245,853,117,834,0,824,475,799,293,781,174,764,68,762,539,748,403,738,309,728,223
1786207366.905,856,856,953,774,1000,646,964,531,900,459,957,447,948,266,937,155,920,57,887,444,870,246,852,116,833,0,823,478,798,296,779,176,764,70,761,542,746,406,737,311,729,224
1786207367.089,856,856,954,777,1000,648,963,533,900,461,957,446,947,268,934,157,916,60,886,441,870,248,852,118,834,0,823,474,800,296,782,179,766,73,763,539,747,407,738,315,730,230
1786207367.265,859,859,954,776,1000,646,964,530,901,458,959,443,949,266,935,157,916,61,888,439,871,246,853,117,833,0,825,474,800,295,781,178,765,74,765,541,749,408,739,314,731,228
1786207367.448,859,859,954,775,1000,644,962,528,898,458,958,442,949,263,936,153,919,56,887,439,870,245,852,116,833,0,824,475,799,296,779,180,762,75,763,541,747,407,738,313,729,227
1786207367.625,855,855,952,774,1000,644,966,524,901,455,957,444,946,263,932,152,915,54,886,442,869,244,851,116,832,0,823,477,797,294,778,175,763,68,762,541,747,405,737,309,728,222
1786207367.794,859,859,954,777,1000,649,962,534,898,466,960,445,947,266,932,155,914,58,889,444,870,246,850,117,830,0,826,481,800,298,780,181,762,76,765,549,749,412,738,316,728,230
1786207367.983,856,856,952,774,1000,643,964,526,897,460,957,443,948,265,936,154,919,56,887,440,871,246,853,116,835,0,824,476,799,295,780,177,765,70,764,542,749,407,739,312,730,226
1786207368.147,857,857,954,777,1000,647,963,532,898,466,960,446,949,269,935,157,917,60,889,442,873,250,855,119,836,0,825,477,802,298,784,182,769,76,764,544,748,410,739,316,731,231
1786207368.322,857,857,952,775,1000,643,963,527,897,466,955,444,946,268,935,158,920,61,885,440,869,247,852,117,833,0,823,475,799,296,782,180,767,76,763,541,747,408,739,314,732,228
1786207368.515,854,854,951,776,1000,644,966,525,900,463,956,445,945,265,930,155,912,57,885,442,869,245,852,116,834,0,821,477,798,294,779,175,763,69,759,541,745,404,735,310,725,224
1786207368.692,858,858,954,779,1000,648,964,531,900,467,958,451,950,275,938,163,922,66,887,445,872,251,854,119,834,0,824,478,799,299,779,181,762,76,764,542,746,409,737,316,731,231
1786207368.865,855,855,952,776,1000,643,964,522,898,461,957,445,948,267,934,156,915,58,887,441,871,245,853,116,833,0,823,473,800,294,780,176,764,71,762,536,746,400,736,306,727,222
1786207369.054,856,856,952,774,1000,644,963,524,896,458,956,443,946,264,935,154,919,56,885,440,869,244,852,116,834,0,822,474,798,294,779,177,763,71,761,538,746,403,736,309,727,224
1786207369.220,856,856,951,775,1000,641,964,520,898,456,955,443,946,265,935,156,920,58,886,441,870,244,852,116,833,0,824,475,800,295,781,179,765,76,763,540,750,403,740,309,731,223
1786207369.403,860,860,954,776,1000,643,961,525,894,462,958,444,946,267,933,157,916,61,887,443,868,245,849,116,829,0,823,478,798,298,779,182,762,79,763,544,748,408,738,314,729,229
1786207369.589,860,860,955,776,1000,642,963,523,900,457,957,443,947,264,936,153,920,56,887,441,870,244,851,115,832,0,824,476,800,296,780,178,763,74,763,541,748,403,738,308,730,222
1786207369.761,854,854,952,776,1000,643,966,523,902,456,958,443,946,265,932,155,913,59,887,440,871,243,854,115,835,0,823,474,800,292,782,174,766,68,761,537,748,400,739,305,731,219
1786207369.947,854,854,951,779,1000,646,966,526,902,461,960,445,948,266,932,155,912,59,889,441,872,243,852,115,833,0,824,475,800,293,781,176,765,72,762,540,747,402,737,308,728,222
1786207370.145,857,857,953,775,1000,645,965,528,902,458,958,444,946,265,932,154,912,57,888,441,872,246,854,117,835,0,824,475,801,295,783,178,766,73,762,540,747,405,738,311,730,226
1786207370.302,855,855,952,777,1000,645,965,527,902,460,956,448,947,270,935,158,917,62,886,443,872,247,855,116,835,0,824,476,802,296,783,178,767,73,763,540,747,405,738,312,730,228
1786207370.472,854,854,951,780,1000,650,966,532,903,464,955,450,946,271,932,159,913,61,886,446,870,248,852,117,832,0,823,479,800,298,782,179,765,75,761,543,746,408,737,314,730,229
1786207370.649,858,858,953,778,1000,648,966,532,905,462,955,447,947,269,935,158,919,62,886,443,871,248,854,118,835,0,823,477,801,297,783,181,768,76,762,542,746,408,738,315,731,229
1786207370.820,856,856,953,776,1000,643,964,526,901,458,955,442,944,263,930,154,912,57,884,439,868,245,851,117,832,0,821,475,798,295,778,178,762,72,761,540,746,405,737,310,728,222
1786207371.009,857,857,952,777,1000,645,968,526,905,455,957,444,948,266,937,156,921,59,887,443,870,246,853,117,835,0,823,478,800,297,782,178,766,73,763,544,750,408,740,312,732,225
1786207371.184,858,858,953,779,1000,648,967,533,904,462,956,445,945,268,931,159,912,63,885,443,869,249,852,119,834,0,822,479,799,299,781,181,766,75,761,545,745,409,736,315,729,228
1786207371.360,856,856,952,780,1000,651,969,535,909,463,957,449,947,272,934,162,914,65,886,446,872,251,855,120,835,0,823,480,802,301,783,183,767,77,763,545,747,411,738,318,730,232
1786207371.557,857,857,952,779,1000,649,967,534,905,463,955,448,945,271,932,161,914,65,885,444,869,250,852,119,832,0,823,478,800,300,782,182,767,77,763,544,745,409,736,315,729,228
1786207371.714,857,857,952,782,1000,653,967,537,904,469,956,453,947,277,936,166,919,68,887,448,871,254,854,121,834,0,825,482,800,304,781,185,765,78,764,546,747,413,738,319,730,233
1786207371.889,859,859,954,780,1000,651,967,535,904,465,957,450,947,274,935,164,918,67,887,446,871,251,853,119,834,0,824,480,801,301,782,183,766,78,764,545,747,411,738,316,731,230
1786207372.041,857,857,952,782,1000,653,968,536,907,465,956,452,947,277,937,168,922,72,887,446,872,252,854,119,836,0,825,479,801,301,783,183,766,78,765,542,748,409,741,314,735,228
1786207372.195,857,857,953,779,1000,650,968,535,907,467,956,452,947,277,936,167,921,71,886,447,871,253,853,119,834,0,824,480,799,303,780,183,764,78,764,543,747,409,739,314,733,229
1786207372.369,855,855,951,777,1000,647,967,530,903,464,955,448,946,271,932,160,914,64,886,445,870,250,853,118,833,0,823,479,800,299,781,181,765,75,762,543,746,408,737,314,728,229
1786207372.546,855,855,952,775,1000,642,966,523,902,459,953,444,945,268,934,158,918,62,884,441,871,248,855,118,837,0,823,476,801,297,783,180,768,76,762,542,748,407,739,313,732,225
1786207372.728,853,853,950,777,1000,647,969,528,906,460,954,448,947,270,936,159,919,62,886,445,872,249,854,118,834,0,824,479,801,299,782,180,765,73,763,542,749,406,739,311,730,225
1786207372.908,855,855,951,779,1000,651,970,533,909,460,957,450,948,270,935,159,917,62,888,446,873,249,855,118,836,0,826,480,802,299,784,180,767,74,765,543,750,406,740,312,731,225
1786207373.100,857,857,952,781,1000,650,971,531,911,460,958,449,950,271,938,160,920,65,889,445,874,248,856,117,837,0,826,479,803,298,784,179,768,73,766,543,751,408,740,314,731,229
1786207373.271,856,856,952,779,1000,648,967,534,907,463,952,448,945,272,935,162,920,66,884,444,870,250,855,118,837,0,822,479,800,300,783,182,769,78,762,544,747,411,738,316,731,229
1786207373.452,854,854,951,776,1000,647,969,529,906,460,954,448,945,271,933,161,916,65,886,444,872,249,855,118,837,0,824,478,801,298,784,181,768,75,764,541,748,409,739,316,730,231
1786207373.618,854,854,951,777,1000,648,968,531,906,459,954,448,947,271,936,161,919,65,886,443,872,248,856,117,837,0,823,476,802,296,784,178,768,73,763,540,748,407,738,314,728,229
1786207373.795,853,853,950,781,1000,652,973,533,914,459,959,453,951,271,938,160,919,63,890,449,875,249,857,118,837,0,826,483,805,300,786,180,769,74,765,546,751,409,741,314,731,226
1786207373.969,854,854,950,778,1000,648,971,527,910,456,955,450,946,272,935,163,918,67,886,446,871,249,855,118,837,0,823,479,802,298,784,180,768,74,762,542,747,408,738,315,729,229
1786207374.178,856,856,952,776,1000,644,968,527,908,455,953,448,945,270,935,162,919,66,884,445,869,249,853,118,835,0,822,479,801,299,783,181,768,75,761,545,746,411,738,316,732,229
1786207374.327,855,855,952,776,1000,644,967,526,906,457,953,446,944,269,934,160,919,65,884,443,870,248,854,117,836,0,823,477,802,297,784,180,769,75,762,542,746,408,738,314,731,228
1786207374.527,857,857,952,780,1000,651,968,535,906,469,955,452,948,276,939,167,925,71,887,448,873,253,856,119,837,0,826,482,802,303,783,184,767,80,767,546,750,413,742,319,736,235
1786207374.689,858,858,952,778,1000,644,969,526,908,458,955,447,946,271,936,161,921,66,887,444,872,250,855,118,836,0,826,478,804,299,786,182,772,77,767,543,750,411,742,317,735,231
1786207374.869,858,858,952,780,1000,649,971,532,913,459,957,453,948,276,938,166,922,70,889,449,874,253,856,119,837,0,827,483,804,303,784,183,768,78,767,547,749,412,741,317,735,232
1786207375.042,858,858,952,778,1000,645,968,529,906,458,955,446,946,271,936,163,921,68,885,443,869,249,854,118,836,0,823,478,801,299,783,182,768,78,763,543,748,409,740,314,734,228
1786207375.216,855,855,951,779,1000,650,970,533,910,460,954,452,944,276,934,167,919,71,885,447,869,252,853,119,834,0,823,481,799,302,780,184,764,79,764,544,746,410,737,316,730,231
1786207375.393,855,855,950,777,1000,647,969,529,906,462,954,448,944,272,934,163,918,68,886,444,869,250,853,118,834,0,824,479,800,300,782,183,766,78,765,543,748,409,739,315,732,230
1786207375.588,855,855,950,777,1000,649,968,533,905,465,952,451,943,275,934,166,920,71,884,448,867,252,851,118,833,0,823,481,798,303,780,184,764,79,764,544,746,411,738,317,731,231
1786207375.782,856,856,951,779,1000,649,970,531,908,462,953,454,946,276,937,167,923,73,886,450,870,252,855,118,837,0,825,483,799,303,780,184,764,80,766,545,748,411,739,318,732,233
1786207375.943,854,854,951,773,1000,638,967,523,905,457,952,442,947,267,938,160,924,66,884,439,868,245,851,115,832,0,823,474,800,296,782,179,766,76,764,538,748,408,740,314,734,229
1786207376.117,854,854,950,774,1000,642,967,526,904,460,954,443,947,268,937,161,923,66,885,439,870,245,853,115,834,0,823,472,801,294,783,177,766,74,764,537,748,406,740,312,733,227
1786207376.299,857,857,951,779,1000,652,970,535,908,464,952,453,944,277,936,169,922,74,884,449,869,253,853,119,836,0,823,482,798,303,779,184,764,79,764,545,747,412,740,318,735,233
1786207376.464,858,858,953,777,1000,646,969,530,909,457,956,446,949,271,941,163,927,68,887,441,871,247,853,116,834,0,825,475,803,296,784,179,768,75,766,540,750,408,742,314,735,228
1786207376.643,857,857,953,777,1000,649,967,533,907,461,952,450,943,274,933,166,919,70,884,446,868,251,851,118,833,0,823,478,799,301,781,183,765,79,765,542,746,408,738,315,732,230
1786207376.822,857,857,952,777,1000,647,969,531,907,462,955,450,945,273,934,164,918,69,887,446,870,251,853,119,835,0,825,479,802,301,784,183,767,79,766,542,750,407,741,314,733,229
1786207377.010,856,856,950,779,1000,652,970,537,909,466,954,451,944,274,933,166,917,71,886,447,871,251,854,118,835,0,825,480,801,301,782,182,765,78,765,543,749,410,741,316,735,231
1786207377.189,857,857,951,778,1000,650,971,534,912,460,960,448,953,271,944,162,929,67,891,444,874,248,856,117,836,0,827,477,806,298,788,179,772,74,766,541,751,408,744,314,737,229
1786207377.368,857,857,952,776,1000,644,970,526,909,453,957,446,948,270,938,161,923,66,888,442,873,248,856,117,838,0,826,477,805,297,787,179,772,75,766,542,750,409,742,315,736,230
1786207377.535,855,855,952,775,1000,643,969,525,909,456,956,446,947,269,936,161,919,66,887,442,872,248,855,117,837,0,825,475,803,297,785,179,769,75,764,540,749,407,741,312,734,228
1786207377.746,856,856,952,777,1000,649,967,535,905,465,955,447,947,270,937,161,921,66,885,442,870,248,853,117,835,0,823,476,801,297,784,180,769,76,763,540,748,409,741,316,735,231
1786207377.890,854,854,950,774,1000,643,969,526,908,453,955,445,948,270,939,162,925,67,886,440,871,245,855,116,837,0,824,473,801,294,783,176,768,73,764,537,748,405,740,311,733,226
1786207378.067,856,856,952,776,1000,643,969,523,907,454,956,446,948,270,937,162,921,68,887,443,873,247,858,117,841,0,825,477,803,296,784,179,768,75,765,543,750,410,741,315,732,230
1786207378.263,856,856,951,777,1000,646,972,525,912,451,958,447,949,271,937,162,919,67,889,444,875,250,859,119,841,0,827,479,805,299,788,182,772,77,766,544,751,410,742,318,734,233
1786207378.448,857,857,951,776,1000,646,968,533,909,459,954,441,946,264,935,156,919,62,885,439,870,245,853,115,834,0,824,474,801,295,783,177,766,73,763,540,748,408,740,314,733,228
1786207378.640,859,859,952,779,1000,649,968,534,908,460,957,445,950,269,940,160,924,65,888,441,873,247,856,116,837,0,827,474,804,294,788,178,773,75,767,539,752,408,744,314,737,229
1786207378.787,855,855,951,776,1000,647,969,531,908,459,955,448,947,273,937,164,923,69,887,444,872,250,855,118,836,0,826,478,803,299,786,182,770,78,766,542,749,410,742,316,735,231
1786207378.962,855,855,950,779,1000,650,971,532,912,461,954,452,947,275,939,166,925,70,886,448,871,252,855,119,837,0,824,481,801,302,782,183,767,77,765,545,748,411,740,317,733,232
1786207379.153,858,858,952,778,1000,648,968,534,908,465,953,451,945,276,937,167,924,72,885,446,869,251,853,118,835,0,825,480,801,302,783,184,768,81,766,545,749,413,742,318,736,233
1786207379.320,855,855,951,776,1000,646,966,530,903,461,954,447,946,271,935,162,920,66,885,444,869,250,853,118,836,0,823,479,801,299,783,182,769,77,763,543,747,410,739,315,733,229
1786207379.514,855,855,950,775,1000,642,968,524,905,458,954,447,946,270,936,161,921,67,885,444,870,248,855,116,837,0,824,478,802,298,785,180,770,77,763,543,748,410,741,316,736,230
1786207379.681,856,856,951,775,1000,643,968,525,904,459,955,447,948,270,938,162,924,68,887,443,872,249,856,117,839,0,825,477,803,297,787,179,772,75,765,541,750,407,743,312,737,225
1786207379.860,857,857,952,775,1000,644,968,527,904,460,958,446,950,270,939,161,924,65,888,442,873,248,856,117,837,0,826,476,803,296,786,179,771,74,765,541,751,408,743,313,736,227
1786207380.048,858,858,953,778,1000,647,969,530,908,458,956,448,949,272,940,163,926,68,887,443,872,248,856,118,838,0,825,477,804,297,786,180,772,75,765,543,751,409,743,314,738,227
1786207380.211,857,857,952,778,1000,646,968,530,906,463,956,447,949,271,940,162,926,67,887,443,873,249,857,117,839,0,825,477,804,297,788,180,773,76,764,542,750,409,743,315,737,229
1786207380.387,857,857,952,779,1000,648,970,530,909,461,958,448,950,272,941,164,927,69,889,444,874,250,856,117,837,0,827,477,804,299,787,180,771,76,767,542,752,408,745,314,738,229
1786207380.563,856,856,952,776,1000,648,967,532,904,462,958,447,950,271,940,162,925,66,889,442,873,249,857,117,840,0,826,475,804,296,787,178,773,74,766,538,751,406,743,312,737,227
1786207380.737,855,855,951,776,1000,647,968,531,907,459,956,447,948,270,938,160,923,64,887,443,872,249,856,118,840,0,824,475,803,296,786,179,772,74,764,538,749,406,741,312,735,226
1786207380.962,855,855,952,774,1000,644,966,529,903,461,958,444,951,268,939,158,923,63,889,439,874,248,857,117,840,0,826,472,804,295,788,178,773,74,766,536,752,405,744,312,737,227
1786207381.105,856,856,951,777,1000,647,968,530,906,459,956,448,949,272,938,164,922,68,887,444,872,250,856,119,840,0,825,478,803,300,786,182,772,77,765,542,749,409,741,315,733,229
1786207381.282,857,857,952,775,1000,643,970,524,911,450,959,446,951,272,940,165,924,70,889,442,874,248,859,119,842,0,827,476,804,298,786,180,772,76,767,541,751,408,742,313,734,226
1786207381.456,856,856,951,777,1000,649,970,532,909,461,957,449,948,273,938,163,922,68,888,445,873,250,856,119,838,0,826,478,804,300,786,181,771,75,765,542,749,409,741,314,735,229
1786207381.636,857,857,952,776,1000,646,970,526,909,452,958,448,949,271,938,162,923,67,889,444,875,249,859,118,843,0,827,477,805,297,788,179,773,75,766,541,752,408,744,313,737,226
1786207381.810,859,859,953,779,1000,648,967,534,905,465,958,447,950,272,940,163,925,67,888,442,872,249,856,118,839,0,826,476,803,297,786,180,772,76,767,541,751,409,743,315,736,228
1786207382.010,858,858,953,774,1000,643,967,528,903,462,958,446,951,271,941,162,926,66,888,441,873,248,858,118,840,0,826,475,802,296,786,179,772,74,765,539,750,408,742,314,736,228
1786207382.185,858,858,953,775,1000,645,968,530,906,460,961,445,953,267,943,157,927,62,891,441,876,247,859,116,840,0,827,475,805,294,788,177,772,74,766,539,752,407,744,313,738,228
1786207382.370,855,855,951,776,1000,646,969,529,909,457,958,445,951,269,940,160,925,64,888,440,873,246,857,116,839,0,826,473,803,294,786,176,771,72,765,537,752,405,744,312,737,227
1786207382.536,856,856,951,779,1000,651,971,534,914,461,960,451,952,275,942,166,927,72,891,446,875,251,859,118,841,0,828,478,806,299,789,181,774,79,768,540,753,406,746,312,740,227
1786207382.710,854,854,950,778,1000,648,970,529,908,461,956,449,948,274,936,164,920,68,888,444,875,250,859,119,842,0,826,478,805,298,788,180,772,74,766,541,751,407,742,313,734,228
1786207382.900,854,854,950,777,1000,648,970,529,908,461,957,452,949,277,938,168,922,73,889,447,874,252,857,119,840,0,827,478,805,300,786,182,771,77,768,540,752,407,744,314,737,230
1786207383.062,857,857,952,778,1000,649,968,533,907,464,958,452,951,275,942,166,928,72,890,446,875,252,858,118,839,0,827,479,805,300,788,181,772,78,767,541,751,406,744,312,737,228
1786207383.237,857,857,953,777,1000,648,968,533,906,464,958,451,950,273,940,163,924,67,889,446,875,253,858,119,841,0,827,478,805,301,789,182,774,76,766,541,751,407,744,313,737,228
1786207383.429,856,856,951,780,1000,652,973,532,913,457,960,452,951,272,939,160,921,64,892,448,878,251,861,118,843,0,829,482,807,300,789,180,773,74,768,546,754,410,745,315,736,229
1786207383.600,864,864,963,785,1000,660,938,566,865,529,993,476,992,292,986,180,980,88,918,463,916,258,913,119,913,0,848,486,846,294,848,172,854,70,776,538,774,395,782,295,793,211
1786207383.745,858,858,952,790,997,672,963,559,921,484,999,479,1000,294,994,182,989,89,924,461,926,258,926,119,930,0,855,479,859,290,865,168,877,66,785,525,788,380,799,281,815,196
1786207383.902,857,857,952,790,992,667,939,558,881,499,1000,477,998,298,992,186,986,90,925,454,927,256,927,120,931,0,856,470,861,288,866,169,877,67,787,516,791,377,803,280,818,197
1786207384.071,853,853,947,788,987,666,936,558,882,500,1000,474,999,298,992,185,985,89,924,448,927,256,926,120,929,0,855,462,863,283,868,166,878,65,785,508,791,372,803,278,817,197
1786207384.259,851,851,947,796,991,682,959,565,933,482,1000,490,1000,308,994,190,989,92,924,463,928,264,928,123,933,0,856,474,865,291,872,174,883,74,788,512,793,374,805,283,821,204
1786207384.432,846,846,942,797,984,678,949,557,915,476,1000,490,1000,310,993,191,987,91,925,461,930,262,932,123,939,0,856,470,863,288,870,172,881,73,787,509,794,371,805,280,819,203
1786207384.616,855,855,951,802,1000,681,975,555,944,466,995,492,993,309,989,190,985,91,920,468,925,266,928,124,937,0,853,479,862,295,870,177,883,77,787,518,792,379,805,286,822,206
1786207384.787,869,869,961,802,1000,676,962,568,932,483,986,461,992,280,995,164,997,69,915,441,920,242,924,110,931,0,849,458,860,271,872,151,884,53,782,506,786,363,799,268,814,191
1786207384.976,906,906,987,863,999,753,919,658,838,598,1000,513,993,314,983,186,975,77,929,489,921,275,913,129,912,0,864,505,865,307,868,179,874,69,802,550,799,401,804,303,811,219
1786207385.143,912,912,991,842,998,720,911,620,832,557,1000,496,983,302,967,175,956,66,927,469,913,263,905,122,904,0,864,483,860,294,863,173,871,71,807,529,798,386,803,292,812,212
1786207385.315,914,914,994,847,1000,726,913,629,833,572,998,495,978,300,961,175,950,68,926,472,911,263,903,121,903,0,864,490,858,301,859,181,866,80,806,540,795,397,798,303,804,222
1786207385.508,902,902,987,835,1000,712,920,609,840,551,995,492,988,301,978,176,973,71,925,460,915,254,910,116,913,0,865,468,861,281,866,163,873,60,811,510,804,367,810,283,818,215
1786207385.684,904,904,986,841,1000,722,918,622,835,566,997,501,980,310,965,186,953,83,926,478,912,274,906,128,905,0,865,492,860,306,863,187,870,84,809,540,803,397,809,300,818,216
1786207385.858,903,903,988,838,1000,722,913,631,832,580,992,499,972,306,957,183,947,79,919,478,902,270,895,125,896,0,857,495,848,306,850,190,857,91,800,545,792,401,798,306,809,223
1786207386.039,898,898,985,834,1000,720,914,630,834,579,984,498,964,305,947,185,936,83,911,477,892,267,884,124,884,0,849,497,839,305,841,186,848,85,791,549,781,402,788,305,800,220
1786207386.209,898,898,985,829,1000,713,914,623,833,575,982,490,963,299,948,177,937,75,908,471,887,264,880,122,881,0,846,492,834,299,836,176,843,71,789,546,777,398,781,301,790,217
1786207386.386,897,897,985,830,1000,712,920,623,841,572,984,480,968,287,953,167,943,66,908,463,888,251,877,115,876,0,843,488,831,291,830,170,836,67,782,545,768,405,771,312,780,231
1786207386.561,895,895,982,834,1000,720,921,627,844,579,980,488,960,295,940,176,924,79,905,470,884,261,873,120,870,0,841,491,827,296,825,173,828,69,782,544,768,400,771,303,780,218
1786207386.865,898,898,985,834,1000,712,925,639,837,607,945,480,914,282,889,157,869,56,871,482,821,264,793,120,779,0,806,528,760,324,741,199,730,95,742,608,703,468,691,371,686,287
1786207387.047,907,907,991,823,1000,696,916,631,834,616,958,486,945,277,931,133,923,18,880,490,831,267,794,122,772,0,810,533,769,327,743,201,730,95,743,609,705,458,689,359,685,275
1786207387.217,898,898,987,815,1000,687,919,626,843,618,948,476,938,269,928,128,924,16,871,482,825,264,792,119,774,0,804,529,763,329,741,201,731,96,741,608,702,462,687,364,684,282
1786207387.402,896,896,987,816,1000,692,916,627,836,625,948,491,931,288,917,153,910,43,874,491,831,267,800,120,783,0,808,532,773,329,753,198,745,90,744,604,710,459,698,360,695,277
1786207387.570,900,900,989,804,1000,666,914,607,830,620,950,481,934,281,922,148,915,36,874,482,839,262,815,119,801,0,808,524,777,322,760,191,751,81,744,599,712,453,701,357,699,278
1786207387.760,896,896,987,808,1000,683,912,619,830,622,954,494,927,308,903,189,883,84,876,486,842,268,820,126,808,0,808,518,779,319,761,190,754,75,742,584,713,440,701,342,698,257
1786207387.938,893,893,984,803,1000,677,914,614,832,616,955,491,925,305,901,182,884,74,875,486,838,271,816,128,805,0,807,521,775,323,757,190,751,72,741,588,712,443,702,343,702,256
1786207388.131,894,894,984,807,1000,682,912,614,828,610,957,494,929,305,906,183,889,75,880,485,845,270,824,127,812,0,814,516,784,319,767,186,761,66,752,580,723,437,715,340,714,255
1786207388.301,887,887,980,805,1000,679,916,612,833,605,955,489,930,303,906,179,890,70,876,481,840,269,816,127,804,0,810,513,779,318,763,184,756,61,749,579,720,439,712,344,711,258
1786207388.467,886,886,979,806,1000,683,914,622,831,613,959,499,938,313,920,184,909,73,879,491,848,279,828,132,816,0,812,522,786,329,768,195,759,76,750,586,725,446,716,347,712,260
1786207388.654,887,887,979,807,1000,684,917,620,834,608,958,496,935,311,914,184,899,74,878,487,846,275,824,130,811,0,811,518,784,324,768,190,760,67,749,583,722,443,715,347,714,261
1786207388.819,887,887,979,813,1000,692,913,623,827,607,962,499,934,310,911,184,895,73,882,486,849,273,830,129,821,0,814,516,786,320,771,186,764,64,752,578,726,436,718,340,717,255
1786207389.008,895,895,983,813,1000,696,920,626,841,603,964,499,942,310,921,182,907,72,884,487,852,273,829,128,818,0,816,517,789,320,771,187,762,69,752,579,726,437,716,337,712,250
1786207389.154,895,895,984,808,1000,683,913,614,830,600,961,496,937,306,916,179,901,70,883,485,850,271,830,127,820,0,816,515,786,317,770,183,764,63,753,578,725,433,716,335,714,249
1786207389.302,888,888,979,806,1000,684,917,613,834,599,961,495,936,308,915,184,899,75,881,483,850,271,831,128,821,0,814,514,786,318,770,185,763,65,750,577,725,435,717,337,715,250
1786207389.474,883,883,975,811,1000,693,919,625,836,610,964,497,939,315,918,190,902,81,882,484,851,274,832,130,823,0,814,512,787,320,773,188,766,68,752,574,727,433,718,337,715,251
1786207389.654,885,885,977,811,1000,690,918,619,835,604,964,494,936,311,912,187,894,79,883,482,851,272,831,129,820,0,814,510,787,317,772,184,764,66,750,571,727,429,719,331,716,245
1786207389.855,885,885,978,802,1000,676,915,608,829,601,964,494,939,309,916,184,899,75,884,483,851,272,830,128,819,0,815,512,788,317,771,184,763,66,750,574,726,431,718,331,717,246
1786207390.018,889,889,983,792,1000,665,919,595,842,595,960,480,934,292,912,171,896,65,881,474,847,259,825,121,812,0,813,507,784,313,767,183,759,66,749,571,720,429,710,332,708,247
1786207390.199,889,889,982,810,1000,686,917,616,841,604,963,495,941,301,919,171,905,62,883,485,851,268,829,125,818,0,815,515,786,319,769,186,762,68,750,575,722,434,713,337,713,251
1786207390.369,893,893,985,807,1000,687,919,616,843,600,962,496,937,306,912,183,893,76,882,487,849,272,827,127,815,0,814,517,787,321,769,185,762,63,752,578,723,440,714,341,713,253
1786207390.545,885,885,978,802,1000,678,917,612,835,607,958,488,932,302,907,180,889,76,878,478,844,266,823,125,812,0,811,509,783,315,767,182,759,64,750,573,722,435,713,339,710,255
1786207390.730,888,888,978,803,1000,685,918,620,836,608,959,493,934,309,910,187,891,81,878,482,845,270,824,127,813,0,810,513,782,318,767,186,759,66,748,578,721,438,712,341,708,254
1786207421.262,713,713,810,661,888,564,942,476,1000,419,834,385,870,247,892,163,911,90,767,362,774,195,782,90,790,0,703,375,700,222,704,124,712,38,640,414,617,302,606,227,601,156
1786207421.441,726,726,829,678,905,584,951,489,1000,418,854,392,889,248,910,161,927,87,784,367,794,198,801,91,809,0,718,380,716,224,720,124,728,39,651,418,629,304,620,227,616,156
1786207421.625,835,835,943,785,1000,674,957,583,905,527,975,460,974,263,966,142,955,44,897,444,900,239,900,110,901,0,822,464,823,279,827,155,833,55,743,513,741,377,748,283,758,201
1786207421.783,844,844,951,767,1000,624,942,515,867,483,985,444,996,250,995,144,991,52,909,436,917,228,918,105,913,0,837,464,844,274,854,159,861,63,759,521,771,386,784,295,794,219
1786207421.927,855,855,956,768,1000,622,934,508,858,481,990,448,991,265,984,162,976,70,913,438,915,237,916,113,915,0,843,465,846,280,852,167,857,67,770,525,778,385,787,290,794,208
1786207422.108,773,773,868,723,940,626,971,535,1000,471,887,420,917,264,937,169,954,92,808,395,823,212,836,97,846,0,735,417,726,243,726,134,729,42,665,471,630,362,612,292,601,233
1786207422.275,706,706,801,643,876,554,941,480,1000,425,785,354,810,216,822,130,829,55,710,340,712,184,716,85,721,0,643,368,615,244,604,169,598,100,586,424,533,340,500,289,472,239
1786207422.449,713,713,804,654,878,565,940,488,1000,433,795,370,819,237,832,153,843,81,725,354,726,196,732,92,740,0,661,377,643,231,637,134,637,49,603,429,567,334,550,268,542,206
1786207422.629,845,845,949,776,1000,641,939,532,863,496,982,449,991,263,987,156,981,63,907,437,914,232,915,109,912,0,839,462,847,277,853,165,857,68,766,520,777,381,787,290,795,213
1786207422.804,851,851,951,782,1000,640,934,530,853,505,994,455,994,272,986,166,976,74,916,442,921,239,920,113,915,0,845,469,853,285,858,166,860,62,770,528,780,395,788,302,792,220
1786207422.979,853,853,953,797,1000,674,941,572,866,534,988,464,993,262,987,149,976,51,908,460,913,248,913,118,903,0,832,494,833,301,842,176,847,64,753,554,757,418,763,324,765,237
1786207423.185,717,717,811,659,885,565,945,485,1000,429,802,376,822,238,832,155,841,85,731,361,734,200,742,93,750,0,666,386,643,242,631,152,623,74,609,438,565,338,538,272,516,210
1786207423.347,712,712,806,650,882,557,943,481,1000,428,795,364,818,229,830,145,839,71,722,347,721,188,725,86,730,0,656,372,630,233,618,145,612,69,598,425,554,328,528,263,509,201
1786207423.522,710,710,802,656,879,562,942,485,1000,432,805,378,823,236,833,149,842,76,735,362,730,196,734,90,739,0,672,385,657,229,656,129,659,45,614,433,594,314,590,236,592,166
1786207423.697,849,849,950,785,1000,653,945,546,870,506,983,451,983,264,973,162,961,73,909,443,909,234,905,111,898,0,840,474,840,284,843,174,845,79,768,536,774,401,781,313,786,234
1786207423.891,857,857,954,793,1000,657,939,545,861,508,993,461,991,273,982,168,972,76,916,453,916,244,913,116,910,0,846,484,847,294,851,180,855,81,773,547,778,410,786,317,792,234
1786207424.118,701,701,794,650,871,557,938,482,1000,441,795,377,818,232,830,148,840,79,728,361,734,192,740,88,746,0,665,384,649,235,642,146,638,69,606,432,578,325,563,256,555,193
1786207424.292,706,706,804,650,880,559,943,484,1000,429,793,365,812,228,820,142,825,69,720,351,715,191,716,87,716,0,654,378,627,237,613,150,604,74,595,433,551,331,528,264,511,200
1786207424.472,807,807,909,772,980,691,996,628,1000,583,911,440,907,255,897,151,887,63,831,432,816,229,807,105,797,0,760,466,746,288,743,176,742,85,691,530,678,394,677,311,679,238
1786207424.647,861,861,961,792,1000,661,931,565,843,538,988,466,976,267,958,153,941,57,910,467,910,251,904,117,895,0,837,505,837,314,842,189,843,82,761,572,764,434,773,334,779,245
1786207424.832,860,860,957,785,1000,651,938,549,860,526,986,451,982,264,969,161,955,70,912,452,912,244,909,116,903,0,842,489,842,304,845,187,846,84,769,555,773,417,780,322,784,238
1786207425.011,767,767,859,727,924,648,964,579,1000,529,877,422,888,244,892,130,895,46,798,408,803,218,808,95,812,0,725,436,712,262,713,144,716,53,655,493,633,362,626,272,625,197
1786207425.191,718,718,812,654,887,560,946,484,1000,427,798,365,814,198,820,93,824,10,725,361,718,194,715,88,713,0,660,394,627,254,606,167,593,90,603,452,556,356,531,292,511,229
1786207425.360,726,726,815,664,885,571,943,492,1000,432,802,379,820,221,827,116,833,32,733,373,729,205,730,94,734,0,668,404,645,253,635,151,631,63,610,462,569,364,547,296,532,231
1786207425.877,850,850,949,801,1000,683,940,584,863,538,995,463,997,261,991,147,983,47,915,463,922,255,923,123,919,0,840,502,846,317,860,193,868,77,765,572,770,437,781,342,789,251
1786207426.065,718,718,810,667,887,571,944,488,1000,434,816,386,843,232,857,137,872,59,744,371,741,201,744,93,749,0,681,396,655,250,640,158,633,79,626,446,591,341,572,273,562,212
1786207426.258,720,720,817,663,892,566,947,487,1000,432,809,377,834,245,846,163,856,94,737,361,729,196,728,89,730,0,673,388,644,245,630,155,622,76,617,442,576,341,552,273,536,208
1786207426.465,722,722,817,666,892,565,947,482,1000,424,811,378,838,245,852,161,864,91,743,363,742,197,746,89,751,0,680,389,665,237,661,140,661,57,623,443,587,340,569,270,556,204
1786207426.612,847,847,947,805,1000,712,962,636,912,589,962,470,963,275,955,166,946,74,883,458,878,238,876,109,877,0,809,489,802,292,802,175,807,80,733,549,723,406,725,315,732,238
1786207426.788,860,860,957,796,1000,661,921,565,828,559,995,462,992,276,980,164,967,68,918,449,923,247,922,117,921,0,847,474,851,288,855,169,860,66,774,529,777,389,782,297,786,219
1786207426.968,867,867,961,795,999,654,918,559,830,553,1000,459,994,271,981,163,967,70,923,446,926,241,923,114,920,0,851,470,854,286,857,173,863,76,777,526,781,384,786,293,790,215
1786207427.140,861,861,960,774,1000,634,987,512,974,417,992,492,1000,276,997,129,995,19,905,487,905,276,905,125,907,0,819,517,805,318,798,176,797,59,734,570,711,430,703,325,702,236
1786207427.315,734,734,830,679,906,586,955,505,1000,445,824,391,853,249,869,169,881,103,755,374,756,197,761,88,764,0,691,397,664,238,651,141,643,60,633,449,595,337,575,263,561,195
1786207427.507,733,733,828,674,903,582,953,499,1000,433,825,386,850,245,864,160,874,87,756,369,755,199,757,90,759,0,692,393,673,236,664,137,659,52,633,445,597,340,578,270,562,204
1786207427.683,840,840,944,789,1000,691,971,621,929,585,955,454,955,270,947,166,938,77,880,443,873,233,870,107,868,0,812,472,805,281,804,164,807,66,742,530,738,389,743,299,751,221
1786207427.871,851,851,950,788,1000,656,937,547,856,512,987,451,983,265,971,162,958,72,909,442,908,234,903,110,896,0,837,474,836,287,839,176,840,81,763,536,769,401,776,312,781,234
1786207428.034,857,857,954,786,1000,648,935,538,855,510,988,447,986,266,976,166,964,78,911,438,913,234,907,111,901,0,841,468,843,285,845,177,847,82,767,532,775,397,783,308,788,230
1786207428.211,777,777,870,734,940,647,975,574,1000,516,895,428,915,255,923,156,927,72,820,412,825,218,832,101,836,0,749,437,731,266,722,155,717,60,680,491,647,367,628,286,617,212
1786207428.358,743,743,839,692,913,598,956,506,1000,435,841,404,869,251,883,159,892,83,770,386,777,204,782,91,787,0,704,410,681,249,668,151,661,69,643,463,606,351,583,279,567,212
1786207428.521,741,741,835,683,907,584,955,497,1000,429,832,392,857,250,871,161,883,85,759,376,756,201,759,91,763,0,694,401,671,246,660,147,654,63,634,455,595,347,572,276,554,210
1786207428.690,840,840,940,799,1000,708,971,644,927,615,958,464,953,274,940,166,925,74,879,453,870,239,865,111,860,0,808,484,800,291,799,173,801,76,737,545,730,403,731,314,733,236
1786207428.865,864,864,957,812,1000,686,932,591,846,573,987,480,973,287,952,180,934,90,911,475,902,255,897,120,892,0,838,510,827,313,825,191,825,83,764,576,760,439,762,345,763,262
1786207429.041,864,864,955,809,1000,679,932,584,845,563,986,467,974,272,954,164,936,72,909,464,901,247,893,117,886,0,837,499,827,303,825,182,822,76,764,565,763,425,766,330,768,246
1786207429.289,763,763,856,722,929,640,968,566,1000,512,867,423,902,268,926,180,948,108,792,409,784,214,781,96,778,0,724,435,697,268,680,164,669,77,661,491,624,369,603,291,589,221
1786207429.459,722,722,816,671,892,582,946,508,1000,459,815,387,847,251,867,172,885,107,747,369,746,197,748,89,750,0,684,391,661,237,649,142,642,60,627,442,592,330,572,258,558,190
1786207429.637,709,709,806,660,885,575,943,502,1000,452,808,377,839,243,859,162,878,96,738,359,739,192,742,88,745,0,674,380,657,231,650,137,647,56,615,429,582,324,563,255,550,190
1786207429.809,838,838,942,796,1000,709,987,635,964,582,964,462,962,257,955,136,949,36,883,456,875,244,870,113,869,0,808,489,801,298,800,179,804,79,734,550,727,407,729,318,736,239
1786207430.001,865,865,957,800,1000,675,939,579,860,549,991,472,982,280,969,168,957,73,916,470,912,253,909,119,906,0,846,505,840,312,844,189,847,81,775,569,778,433,782,338,786,254
1786207430.176,874,874,966,798,1000,679,955,580,899,517,996,503,994,301,983,187,970,89,915,503,911,271,906,125,900,0,836,544,831,342,831,206,831,87,754,611,760,472,768,368,777,273
1786207430.361,809,809,908,776,987,683,1000,592,973,529,954,450,971,257,974,148,972,63,877,436,878,226,880,101,876,0,802,460,795,262,796,144,797,47,726,512,706,374,697,284,691,203
1786207430.592,759,759,872,720,955,615,988,514,1000,426,875,400,871,249,864,145,859,61,807,387,806,222,805,103,803,0,744,402,742,242,741,136,741,51,681,443,679,315,683,231,687,159
1786207430.783,820,820,934,750,1000,620,991,496,959,422,942,415,937,244,924,143,907,57,872,404,871,219,865,103,855,0,807,423,806,251,803,144,799,54,738,471,739,340,747,253,754,175
1786207431.005,847,847,945,791,991,651,918,539,825,526,994,458,1000,271,992,155,981,58,916,442,924,244,921,113,915,0,842,462,847,280,850,159,849,57,769,514,779,380,788,288,791,209
1786207431.190,840,840,940,790,983,678,912,589,826,561,995,478,1000,283,989,161,978,58,913,464,921,262,919,125,914,0,835,486,842,299,849,170,850,54,758,535,770,400,778,306,780,221
1786207431.415,756,756,858,706,935,605,973,516,1000,459,868,387,896,224,916,143,932,74,791,368,795,183,801,83,803,0,719,392,695,223,686,123,680,36,653,444,621,320,607,241,600,169
1786207431.602,724,724,820,660,898,562,949,478,1000,420,814,348,841,209,856,127,868,57,741,331,735,168,736,77,737,0,674,353,651,201,642,114,639,35,614,403,576,292,556,224,542,157
1786207431.781,719,719,815,653,893,552,947,470,1000,414,807,345,835,207,851,126,862,53,733,328,729,170,733,79,737,0,667,351,645,202,640,117,640,38,609,402,571,298,551,231,536,164
1786207431.954,832,832,939,767,1000,664,986,591,966,541,939,409,945,229,947,130,945,45,859,399,846,206,844,94,843,0,789,430,777,245,778,135,783,43,724,494,715,358,719,269,725,191
1786207432.138,856,856,954,785,1000,653,945,545,870,508,977,443,976,252,967,147,954,56,905,442,906,233,899,111,886,0,838,476,837,288,837,175,832,75,767,542,773,407,778,317,780,235
1786207432.306,862,862,961,794,1000,679,934,586,856,550,989,481,986,278,973,165,958,67,910,479,911,256,901,122,887,0,835,514,838,310,837,185,831,73,756,576,764,435,769,338,771,249
1786207432.490,860,860,958,808,1000,708,933,622,849,584,999,496,994,283,978,160,959,59,916,495,917,268,911,126,899,0,835,532,841,328,843,191,837,71,754,595,762,454,768,354,770,261
1786207432.689,857,857,956,806,1000,687,933,586,852,556,999,479,996,282,981,161,964,61,921,469,925,260,919,122,909,0,849,496,854,305,855,178,850,68,774,553,783,415,789,320,789,235
1786207432.850,848,848,952,782,1000,655,938,552,863,524,997,453,999,261,988,154,975,61,919,441,929,236,926,111,921,0,845,465,858,280,863,163,866,60,770,518,784,389,795,298,801,217
1786207433.026,893,893,990,817,1000,688,897,626,798,610,997,520,976,303,953,174,930,66,907,515,879,274,859,126,843,0,825,552,799,334,787,195,779,80,742,619,724,470,722,365,725,276
1786207433.206,900,900,983,817,1000,674,924,578,844,534,991,462,971,270,957,158,946,56,919,448,892,239,883,108,878,0,853,480,832,286,830,169,828,71,788,544,774,419,775,330,774,255
1786207433.428,879,879,976,760,1000,614,930,525,851,510,987,408,983,233,981,143,977,58,913,408,908,212,909,98,912,0,840,451,837,266,846,161,855,71,764,526,765,400,775,313,783,238
1786207433.617,846,846,941,796,982,671,914,565,828,537,995,469,1000,281,987,163,972,65,915,454,925,257,922,122,918,0,838,474,846,291,851,169,855,61,760,523,771,391,780,298,786,217
1786207433.801,848,848,946,788,987,661,914,558,826,536,999,471,1000,276,986,160,970,61,917,458,922,251,916,118,910,0,839,480,841,290,843,167,844,61,760,530,767,393,772,298,776,215
1786207433.976,857,857,957,780,1000,643,921,541,832,531,997,454,999,262,992,152,983,56,918,443,925,238,923,112,919,0,846,468,851,287,854,171,857,69,773,521,781,389,789,295,796,214
1786207434.150,856,856,954,776,994,639,911,540,820,527,996,454,1000,263,994,159,985,66,916,439,923,231,920,107,917,0,843,464,848,279,851,161,856,62,768,519,775,384,784,291,793,214
1786207434.337,863,863,958,784,997,648,923,548,838,527,997,463,1000,271,991,160,981,63,917,453,920,245,915,114,911,0,842,480,844,295,846,171,850,66,765,534,770,390,776,289,782,204
1786207434.519,864,864,961,788,1000,655,929,555,849,526,998,465,998,274,990,162,982,64,918,454,920,245,916,114,915,0,844,480,845,292,847,169,851,63,768,534,772,389,778,291,785,206
1786207434.690,856,856,955,787,996,657,920,557,835,534,998,467,1000,275,992,161,982,64,919,455,922,247,918,116,915,0,845,480,846,289,848,163,850,55,769,534,777,391,784,292,790,207
1786207434.871,860,860,959,782,1000,643,924,543,840,528,998,461,998,272,988,162,977,68,919,450,921,242,917,113,915,0,844,476,846,284,847,163,851,60,768,531,776,388,784,290,791,206
1786207435.040,861,861,958,779,1000,641,928,541,842,526,995,458,997,269,989,157,980,62,917,447,918,242,914,112,912,0,844,473,844,286,847,164,851,61,770,529,776,388,784,290,792,206
1786207435.243,860,860,959,775,1000,633,928,529,841,514,993,450,992,264,986,155,980,62,915,440,916,239,914,112,913,0,843,464,845,286,847,167,850,64,770,521,776,383,784,287,791,204
1786207435.406,862,862,963,778,1000,640,920,541,832,527,995,452,996,270,989,161,981,68,915,438,919,242,917,115,918,0,843,461,846,284,849,166,852,63,771,521,779,382,789,285,798,200
1786207435.549,862,862,963,777,1000,638,922,538,833,522,997,452,997,269,990,159,981,67,917,438,920,242,918,115,917,0,845,461,847,284,849,166,850,62,771,520,780,382,789,285,798,200
1786207435.701,859,859,958,776,1000,636,929,533,845,513,995,452,996,270,989,160,981,66,915,441,918,243,915,115,912,0,842,468,844,287,845,167,847,62,768,527,777,392,785,296,792,211
1786207435.872,859,859,961,778,1000,639,921,542,834,531,995,454,994,267,986,157,978,63,916,445,918,241,915,113,914,0,845,470,848,289,849,167,852,65,772,526,779,388,786,292,792,210
1786207436.058,861,861,962,783,1000,646,921,545,836,530,996,454,997,268,989,158,979,64,916,438,920,242,917,115,914,0,844,461,845,282,848,161,851,53,773,518,780,381,787,289,794,207
1786207436.227,858,858,960,781,1000,642,927,537,840,524,996,455,995,270,986,158,975,65,919,442,922,244,918,115,915,0,847,464,849,285,850,165,852,61,774,520,781,384,789,289,795,206
1786207436.422,858,858,958,777,1000,636,923,532,836,521,996,453,995,268,987,159,978,65,918,441,920,241,916,114,913,0,847,465,848,285,849,167,852,66,774,520,781,381,788,286,793,204
1786207436.602,861,861,959,781,1000,641,925,539,837,527,999,455,1000,268,992,158,983,64,921,444,922,242,917,113,914,0,848,469,848,283,851,163,854,60,775,525,782,386,789,289,794,207
1786207436.769,859,859,958,781,1000,639,930,530,846,506,996,451,997,268,990,157,982,63,918,440,920,242,916,114,914,0,846,466,847,285,848,166,849,61,773,524,781,386,789,290,796,205
1786207436.959,781,781,884,729,958,631,982,541,1000,466,891,405,911,243,916,138,920,53,805,389,803,213,809,98,816,0,727,417,700,248,693,135,690,37,656,475,622,349,606,263,597,183
1786207437.123,714,714,806,638,877,547,941,473,1000,412,755,336,763,187,767,95,771,20,681,335,658,175,648,79,640,0,618,376,579,237,559,153,545,78,566,445,515,362,484,312,460,264
1786207437.313,719,719,810,643,882,551,944,478,1000,419,763,333,771,184,774,91,777,14,688,333,665,171,654,77,645,0,624,373,583,230,561,146,545,72,570,441,516,355,483,301,458,248
1786207437.472,734,734,824,656,891,560,945,482,1000,416,783,341,792,191,796,95,799,17,707,341,682,177,668,79,655,0,644,381,604,229,585,137,569,58,589,451,537,362,506,306,481,254
1786207437.668,842,842,949,785,1000,658,952,554,897,486,945,438,945,248,937,133,926,41,859,430,842,228,832,101,822,0,785,462,764,271,759,149,756,49,715,523,694,377,688,276,686,187
1786207437.850,857,857,959,799,1000,659,923,556,831,535,981,471,973,288,956,163,939,55,899,462,896,263,884,127,872,0,827,490,820,303,815,177,809,66,754,551,751,405,753,305,755,214
1786207438.044,864,864,961,805,1000,662,921,562,825,552,981,469,972,286,955,165,938,61,900,463,896,266,883,128,871,0,827,494,822,311,818,182,812,68,755,560,756,418,760,317,762,227
1786207438.223,856,856,956,799,1000,657,927,554,835,540,981,462,973,281,957,161,939,57,900,456,897,261,884,127,871,0,828,488,823,305,818,179,812,66,757,554,759,411,762,310,763,220
1786207438.368,857,857,955,802,1000,659,927,556,833,545,982,462,974,281,957,161,939,58,901,454,897,259,884,126,872,0,829,485,823,304,818,180,811,67,758,550,759,409,761,311,761,221
1786207438.557,859,859,959,791,1000,647,926,543,839,529,981,451,975,271,960,156,944,58,900,446,897,253,885,122,873,0,829,479,824,302,818,180,811,70,759,548,760,406,764,307,764,218
1786207438.721,862,862,957,807,1000,663,925,557,830,543,986,468,978,286,959,167,939,63,905,460,901,265,887,129,875,0,832,491,827,308,821,183,816,69,760,555,761,414,762,316,762,226
1786207438.898,860,860,958,784,1000,657,965,547,943,470,965,441,978,258,982,152,984,64,878,425,869,220,863,100,859,0,801,451,777,261,767,150,765,56,729,507,692,373,676,286,669,210
1786207439.089,715,715,808,638,883,545,944,469,1000,411,781,336,801,182,809,87,813,11,706,331,697,169,691,75,686,0,640,365,610,221,595,135,585,60,581,426,534,335,509,280,488,229
1786207439.280,716,716,805,638,877,542,941,469,1000,419,774,337,794,189,803,98,809,23,702,328,700,165,702,73,705,0,636,360,609,212,597,118,588,39,578,420,529,330,501,270,480,214
1786207439.442,717,717,808,640,879,544,941,469,1000,413,775,338,793,189,800,96,803,20,703,332,696,168,690,74,683,0,638,365,611,213,596,120,584,40,578,428,530,336,503,274,483,215
1786207439.624,778,778,875,706,940,608,971,526,1000,457,857,382,865,216,869,117,870,30,780,373,766,198,766,91,765,0,713,401,687,237,679,134,675,46,653,455,625,330,616,249,613,174
1786207439.799,861,861,963,798,1000,663,922,565,838,546,978,457,969,271,950,155,930,58,898,451,891,247,876,116,860,0,826,483,816,293,808,169,800,63,754,549,751,404,752,306,752,220
1786207439.975,866,866,958,824,1000,691,924,589,826,571,989,480,975,293,952,169,929,64,906,472,898,267,882,128,867,0,832,503,821,311,815,181,808,65,757,568,756,419,757,320,755,232
1786207440.145,864,864,957,830,1000,697,925,594,824,566,990,493,979,293,958,161,934,53,906,486,897,272,878,128,860,0,830,518,817,312,810,175,800,54,754,581,750,427,749,322,745,227
1786207440.342,867,867,962,819,1000,688,925,592,839,566,992,480,981,292,962,169,942,66,912,474,905,269,891,128,876,0,839,503,832,312,826,183,818,70,765,564,766,419,768,320,766,230
1786207440.514,864,864,962,803,1000,671,928,573,842,541,992,474,982,289,963,165,944,61,912,466,906,265,893,128,880,0,839,495,834,306,828,181,819,70,765,558,767,417,768,321,766,233
1786207440.692,867,867,969,790,1000,660,920,570,831,552,998,473,988,279,968,157,946,55,916,468,911,261,898,124,883,0,842,498,835,306,831,180,827,71,768,558,767,416,768,319,769,233
1786207440.864,867,867,965,799,1000,672,924,582,839,556,993,473,987,283,971,163,952,64,914,464,913,261,900,124,883,0,841,492,840,307,833,183,823,76,768,554,772,410,775,311,774,223
1786207441.041,863,863,961,797,1000,662,926,567,841,547,993,465,987,277,968,159,948,59,914,456,911,255,896,122,881,0,842,484,837,300,832,178,826,71,769,546,773,408,776,311,776,224
1786207441.224,755,755,860,698,940,617,981,544,1000,471,860,360,889,211,904,120,916,45,778,345,782,182,785,83,784,0,705,371,688,217,683,121,682,38,637,426,606,307,593,229,585,154
1786207441.409,732,732,836,664,918,574,969,495,1000,419,822,338,847,199,860,117,869,48,741,323,739,162,741,72,745,0,671,351,652,202,651,116,656,39,609,407,575,302,558,236,544,172
1786207441.552,732,732,834,662,914,573,967,496,1000,425,817,338,841,197,855,114,868,46,738,322,734,160,736,70,740,0,668,349,650,198,646,108,647,28,607,405,571,302,552,237,538,172
1786207441.698,754,754,854,682,928,583,969,505,1000,440,840,348,859,193,867,104,872,28,760,338,751,169,749,76,746,0,690,367,670,207,664,111,663,25,627,425,604,304,599,228,600,154
1786207441.890,860,860,961,794,1000,669,956,570,920,499,971,463,963,274,944,156,924,59,888,459,880,257,865,118,853,0,816,491,806,302,801,178,798,75,745,551,740,406,743,309,747,226
1786207442.063,872,872,970,791,1000,652,915,564,824,556,987,461,976,266,956,143,936,41,906,457,900,254,887,120,874,0,834,490,827,304,822,177,818,69,761,557,762,414,765,314,768,226
1786207442.225,863,863,964,782,1000,643,923,541,843,527,987,451,981,262,969,155,957,61,908,442,905,235,897,111,891,0,838,470,836,285,834,170,834,70,769,529,773,393,780,301,787,221
1786207442.418,865,865,964,794,1000,658,917,568,829,554,991,459,985,268,971,155,956,60,910,452,905,242,896,113,887,0,836,485,831,293,829,171,828,67,762,551,766,408,770,311,772,225
1786207442.593,867,867,966,788,1000,644,920,548,837,543,991,454,983,266,970,155,956,62,912,448,908,244,899,114,890,0,841,478,836,293,832,172,828,69,769,540,773,400,777,301,780,216
1786207442.769,865,865,962,792,1000,652,920,554,833,541,994,449,986,257,972,149,957,56,914,439,910,230,900,107,889,0,841,468,838,279,834,166,832,68,768,530,774,393,779,299,783,218
1786207442.944,870,870,967,789,1000,644,920,548,837,542,993,452,985,261,970,150,954,57,915,446,911,241,901,112,891,0,842,478,838,291,833,170,829,67,769,541,772,401,776,304,777,220
1786207443.122,856,856,957,789,1000,660,954,542,915,468,979,447,993,258,995,144,995,51,893,428,887,223,884,100,885,0,816,448,804,255,802,140,807,47,741,493,716,332,709,224,709,134
1786207443.308,720,720,821,645,900,547,952,460,1000,389,801,325,819,170,824,78,826,0,721,317,711,160,707,71,704,1,652,345,626,201,617,119,612,46,592,398,555,287,539,216,527,147
1786207443.487,720,720,819,646,896,552,951,467,1000,395,796,326,812,172,817,80,820,3,719,319,706,160,702,72,700,0,651,348,626,203,619,118,616,43,593,401,555,298,536,233,521,170
1786207443.678,736,736,834,667,909,572,957,492,1000,425,822,350,840,192,846,101,850,22,748,341,744,177,743,82,741,0,682,368,663,217,656,124,652,41,622,419,599,299,591,224,587,152
1786207443.843,855,855,960,787,1000,657,945,548,895,483,977,442,974,257,963,145,949,51,896,432,893,231,886,105,878,0,824,460,821,272,820,156,821,58,751,520,750,375,755,279,761,196
1786207444.024,861,861,962,787,1000,641,916,540,826,531,986,445,984,259,973,152,963,62,905,437,906,232,903,109,900,0,833,468,835,278,839,162,842,63,761,531,771,391,779,295,782,212
1786207444.195,861,861,963,789,1000,647,920,547,833,534,988,449,984,263,973,155,961,62,909,442,908,239,903,113,897,0,837,473,837,286,840,168,842,66,763,537,770,397,776,300,778,215
1786207444.367,853,853,952,783,1000,640,928,531,840,522,991,430,991,245,983,146,972,59,914,420,918,217,912,103,902,0,843,448,848,268,851,161,851,66,769,508,781,382,790,298,795,226
1786207444.558,857,857,956,780,1000,637,926,528,839,524,985,435,984,250,976,150,966,61,908,426,910,225,907,106,901,0,838,454,843,274,845,163,845,67,767,514,779,386,787,301,790,229
1786207444.733,750,750,854,687,931,598,973,525,1000,457,828,355,847,202,856,113,864,40,746,346,734,178,733,81,734,0,677,376,645,221,633,129,627,48,620,435,577,321,553,248,536,178
1786207444.910,738,738,839,671,914,580,958,502,1000,439,813,347,834,203,844,118,850,44,734,334,724,172,725,79,726,0,666,363,637,210,628,121,623,40,608,422,563,318,540,250,522,182
1786207445.099,736,736,836,676,910,590,955,516,1000,453,818,357,838,211,848,125,856,52,740,342,730,176,730,82,730,0,673,368,646,215,638,126,636,45,615,422,575,313,558,242,547,172
1786207445.265,743,743,841,689,917,602,962,527,1000,458,829,366,846,208,853,114,856,36,758,353,753,182,756,82,758,0,695,378,683,214,683,117,686,33,637,429,620,310,618,232,620,159
1786207445.452,857,857,958,800,1000,672,938,567,873,519,976,461,978,273,970,155,959,56,893,451,892,249,880,117,868,0,819,480,815,293,808,172,803,68,745,541,747,396,750,300,752,216
1786207445.617,869,869,967,794,1000,650,915,557,826,549,984,460,975,273,959,156,942,57,904,452,896,249,882,116,868,0,834,484,823,296,815,173,808,67,764,549,761,408,761,311,761,227
1786207445.802,869,869,965,799,1000,656,919,558,830,551,989,456,979,269,964,155,948,59,910,451,902,246,889,115,875,0,838,483,829,293,822,172,815,68,768,549,769,407,771,310,771,226
1786207445.980,867,867,964,800,1000,661,925,558,843,541,990,458,979,271,961,157,942,61,910,454,902,249,888,118,873,0,838,487,830,299,822,175,815,67,766,552,765,410,765,314,763,228
1786207446.147,867,867,960,808,1000,687,949,584,893,514,986,475,982,280,974,164,964,67,907,469,899,257,890,120,880,0,834,504,821,306,815,180,811,72,763,568,755,422,756,320,758,228
1786207446.339,724,724,824,663,904,568,956,487,1000,418,812,353,833,204,844,118,852,48,737,337,738,171,741,77,742,0,670,360,651,203,645,112,642,32,609,413,576,301,562,228,555,158
1786207446.547,716,716,815,644,893,550,948,471,1000,413,789,338,810,193,820,108,826,35,714,326,707,166,708,75,710,0,648,352,621,207,612,123,608,48,591,404,552,302,534,235,521,169
1786207446.698,710,710,805,642,883,547,944,469,1000,413,785,343,804,203,815,119,825,47,711,328,704,171,706,79,710,0,646,352,620,205,613,117,612,36,590,403,552,304,533,238,522,174
1786207446.891,785,785,886,724,960,630,988,562,1000,505,874,389,887,222,890,121,892,36,796,380,787,200,784,90,781,0,728,410,712,240,710,136,711,46,666,468,644,342,640,259,639,183
1786207447.052,864,864,962,795,1000,654,920,559,835,549,975,450,971,261,961,150,949,59,898,444,895,235,889,108,882,0,828,477,824,284,823,167,823,69,758,542,757,397,760,302,762,221
1786207447.223,861,861,957,794,1000,664,926,571,841,551,985,452,977,261,964,154,949,63,905,443,900,233,889,109,877,0,833,474,828,283,826,172,824,76,761,538,767,402,773,311,778,232
1786207447.408,859,859,957,792,1000,664,923,574,838,556,981,450,973,263,959,156,943,64,900,445,898,239,890,114,878,0,829,480,832,295,830,177,825,72,757,547,767,409,775,317,778,233
1786207447.587,854,854,953,791,1000,667,934,571,857,538,980,451,973,263,961,156,947,65,902,445,898,238,889,111,878,0,830,478,830,292,828,177,825,78,759,542,766,405,772,315,775,234
1786207447.766,827,827,934,786,997,676,1000,574,992,491,970,469,988,269,992,156,993,66,878,450,891,236,898,105,904,0,789,472,778,267,776,141,779,40,705,519,672,361,655,250,645,155
1786207447.954,718,718,815,652,892,554,946,472,1000,412,797,346,821,200,834,110,843,35,720,333,717,171,717,76,718,0,652,358,627,211,614,124,606,48,591,411,551,303,532,235,520,170
1786207448.113,712,712,806,645,882,553,942,476,1000,419,783,347,807,206,819,117,827,41,709,334,702,174,701,79,702,0,643,361,615,213,599,123,589,44,587,416,542,317,514,251,493,187
1786207448.291,724,724,817,659,891,566,945,487,1000,430,799,360,820,215,832,126,840,48,726,348,716,182,714,85,714,0,661,374,634,218,623,124,619,39,602,428,560,322,538,250,523,179
1786207448.474,824,824,932,774,1000,670,975,580,933,515,958,430,969,252,971,148,973,61,883,410,885,213,889,97,894,0,814,431,812,246,813,138,816,45,745,487,739,351,740,266,742,191
1786207448.641,846,846,946,796,1000,682,935,585,854,553,992,465,997,277,992,167,984,72,912,450,927,243,934,115,936,0,838,478,848,285,858,167,864,63,763,539,772,404,779,309,783,223
1786207448.834,841,841,941,790,997,673,936,572,858,535,994,459,1000,276,994,167,985,75,914,443,928,240,933,113,934,0,840,469,851,279,860,163,865,61,763,529,772,395,781,303,788,219
1786207449.009,845,845,941,810,994,696,925,593,833,562,995,495,1000,303,990,183,978,80,911,479,922,270,925,129,925,0,832,502,837,308,847,176,852,59,750,557,756,415,766,316,773,226
1786207449.185,841,841,938,804,991,690,924,591,833,563,995,488,1000,295,990,177,976,77,913,474,922,266,924,126,922,0,835,499,838,304,845,173,847,58,753,554,756,413,764,315,770,226
1786207449.362,843,843,940,805,985,708,915,626,821,592,994,517,1000,317,990,183,975,71,914,495,918,286,916,135,909,0,833,516,843,315,854,163,856,28,748,561,750,422,759,317,762,220
1786207449.540,842,842,943,798,995,687,929,585,846,545,999,478,1000,283,986,167,971,69,918,464,924,255,925,120,921,0,839,489,844,296,852,170,855,61,758,545,761,407,766,311,770,223
1786207449.722,847,847,950,789,1000,663,936,566,860,528,984,453,990,267,983,160,973,66,908,445,915,242,917,116,913,0,837,475,839,291,843,170,843,60,765,540,769,405,775,312,779,225
1786207449.910,858,858,958,785,1000,646,928,546,845,529,985,450,989,269,984,159,976,65,906,442,916,248,917,120,915,0,836,472,838,296,842,174,843,62,765,538,770,403,776,309,778,223
1786207450.080,859,859,961,779,1000,643,929,545,849,524,984,449,991,268,987,159,980,64,908,440,917,247,919,119,918,0,841,469,841,294,842,173,842,64,772,534,774,397,779,303,782,217
1786207450.267,861,861,962,775,1000,633,926,537,842,526,984,441,991,265,988,157,982,63,908,430,917,243,920,117,922,0,841,458,841,288,842,168,841,59,774,523,775,391,778,298,779,214
1786207450.448,862,862,961,779,1000,640,928,540,846,524,983,444,988,265,985,157,980,64,907,434,914,242,916,115,919,0,840,463,838,291,839,172,841,66,772,529,772,395,775,300,777,215
1786207450.609,862,862,957,799,998,664,927,559,847,534,992,462,1000,276,993,166,985,68,915,453,921,250,920,120,918,0,844,483,839,296,838,174,838,65,773,544,769,405,769,309,768,222
1786207450.784,863,863,960,797,1000,661,928,554,848,528,994,463,999,274,992,162,983,63,916,453,920,247,918,118,916,0,843,483,838,295,837,173,835,67,771,545,770,406,769,311,767,227
1786207450.965,861,861,958,796,999,663,933,556,856,527,994,462,1000,274,993,163,985,65,918,452,922,249,920,118,919,0,847,482,841,295,839,172,838,63,777,543,773,405,772,311,770,224
1786207451.143,862,862,959,795,1000,662,930,556,852,528,995,461,998,273,989,162,980,64,917,451,919,246,917,117,916,0,845,481,838,294,836,172,836,66,775,543,771,406,769,311,767,226
1786207451.344,862,862,959,791,1000,660,934,557,859,527,991,457,993,271,986,160,976,63,915,448,916,247,912,117,906,0,845,479,838,294,834,172,831,65,776,542,773,402,773,305,772,218
1786207451.525,856,856,956,799,1000,664,930,557,847,530,991,457,992,271,980,152,967,51,912,446,916,249,907,119,898,0,842,473,844,292,842,171,838,63,773,534,782,397,787,302,789,217
1786207451.680,862,862,960,790,1000,653,934,549,859,514,985,452,986,266,977,150,966,51,911,445,911,247,903,117,894,0,844,477,840,293,838,172,836,66,776,542,781,402,786,305,789,219
1786207451.861,862,862,958,790,1000,655,936,550,859,515,988,452,988,264,976,150,962,51,913,446,914,247,905,117,894,0,845,478,843,295,840,174,836,67,777,542,782,402,787,305,789,218
1786207452.054,859,859,956,799,1000,664,938,558,862,524,988,456,989,268,976,151,962,51,913,450,915,250,905,118,894,0,845,482,842,297,839,175,835,67,776,547,779,406,782,309,784,221
1786207452.216,858,858,956,796,1000,663,935,560,859,528,983,457,979,268,968,158,956,62,908,453,906,248,899,119,890,0,839,487,835,301,833,179,829,71,768,553,772,409,777,311,778,222
1786207452.396,860,860,958,788,1000,649,930,548,850,528,982,447,980,261,970,150,957,54,907,442,908,243,901,116,890,0,840,475,837,294,834,172,828,65,771,543,776,404,781,307,782,220
1786207452.564,862,862,962,784,1000,648,933,547,854,525,984,448,982,265,969,154,954,59,910,442,909,248,900,118,890,0,844,473,839,298,835,178,830,72,776,540,778,408,782,315,785,231
1786207452.758,862,862,959,795,1000,662,935,561,857,526,986,454,985,269,972,152,958,52,909,449,911,252,903,120,892,0,840,483,838,300,836,178,831,71,770,551,776,412,781,316,783,229
1786207452.946,864,864,958,801,1000,669,942,566,870,528,991,462,990,275,976,160,960,60,915,459,916,260,906,124,894,0,845,492,842,307,839,182,837,69,774,556,776,420,778,323,780,236
1786207453.108,864,864,959,784,1000,646,933,547,853,531,983,448,976,265,964,157,950,63,907,443,904,242,896,116,887,0,838,477,835,294,833,176,830,70,769,543,774,403,779,306,782,221
1786207453.281,863,863,958,798,1000,663,939,556,865,518,989,458,988,271,974,157,958,58,914,454,915,256,906,122,895,0,846,488,841,304,838,181,835,70,777,553,777,415,778,319,778,231
1786207453.468,859,859,954,794,1000,659,942,550,868,513,987,451,986,265,972,153,956,56,913,447,913,248,903,118,891,0,845,481,840,296,837,175,831,66,776,547,779,407,782,311,782,223
1786207453.638,863,863,957,798,1000,663,941,554,868,516,991,458,990,271,977,156,962,55,915,454,915,254,904,121,892,0,845,487,842,301,839,178,835,66,775,551,778,411,780,315,780,227
1786207453.818,864,864,958,789,1000,652,938,546,861,522,987,447,983,262,970,153,955,59,913,442,910,241,900,114,890,0,845,477,840,293,837,173,832,67,776,544,779,409,780,313,778,227
1786207454.003,860,860,955,794,1000,653,940,543,865,511,985,447,978,261,965,151,949,54,910,444,907,244,896,115,885,0,842,479,835,296,830,178,825,74,773,544,773,406,774,312,772,226
1786207454.180,860,860,956,789,1000,651,936,545,855,520,986,448,984,264,971,150,956,52,910,443,911,247,901,118,890,0,842,476,838,294,834,173,829,64,773,542,777,402,779,307,779,221
1786207454.354,860,860,956,794,1000,656,938,549,859,527,987,448,982,265,967,154,950,59,911,443,909,245,898,116,885,0,841,477,836,294,831,172,826,63,771,542,774,404,775,308,774,221
1786207454.529,859,859,957,794,1000,657,935,551,855,523,990,453,986,268,972,153,956,53,913,447,911,251,900,120,887,0,842,479,840,298,836,174,831,62,773,542,777,406,780,311,780,226
1786207454.707,866,866,960,801,1000,665,940,559,866,523,992,461,989,277,975,163,959,64,918,457,916,259,906,124,895,0,848,491,843,305,841,180,838,67,778,556,779,419,781,322,781,233
1786207454.882,864,864,958,805,1000,665,938,556,863,523,995,459,990,278,976,165,960,65,918,454,915,257,904,124,893,0,846,487,842,303,839,179,835,66,775,552,777,415,779,319,778,232
1786207455.062,862,862,956,807,1000,669,939,559,862,526,996,464,991,279,976,162,959,62,918,457,918,259,907,124,895,0,846,488,844,303,840,179,836,65,775,552,780,416,782,321,780,235
1786207455.262,860,860,955,799,1000,662,944,552,875,516,990,457,987,272,974,157,960,59,913,451,911,250,900,119,889,0,843,483,839,296,834,171,830,60,773,548,776,409,778,312,778,224
1786207455.427,858,858,954,803,1000,668,943,558,872,521,993,466,990,279,976,161,960,60,915,458,914,256,903,123,889,0,844,489,842,301,839,176,833,62,773,550,780,413,782,318,780,231
1786207455.616,863,863,957,807,1000,671,937,563,859,531,998,464,993,278,978,160,962,59,919,457,919,258,908,125,896,0,847,488,845,303,842,180,838,67,776,552,782,416,783,321,781,234
1786207455.789,858,858,954,798,1000,665,941,555,865,519,993,460,990,274,976,157,961,56,916,451,916,255,906,122,895,0,846,482,844,298,841,178,837,68,776,546,782,408,784,313,784,226
1786207455.953,861,861,956,798,1000,666,942,557,869,519,994,460,991,274,978,161,961,61,919,454,917,254,907,122,898,0,849,487,844,300,840,178,836,68,779,551,780,412,781,316,781,228
1786207456.098,856,856,954,795,1000,659,941,549,867,516,990,458,987,273,975,158,961,60,914,451,912,251,903,120,892,0,844,481,841,296,836,172,832,61,774,545,779,408,781,312,780,225
1786207456.270,850,850,948,802,1000,672,948,561,874,520,991,465,988,277,973,162,957,63,914,459,911,255,903,122,891,0,841,489,837,300,835,174,831,60,769,549,771,414,772,320,771,232
1786207456.434,849,849,947,799,1000,669,942,564,863,532,991,463,987,276,973,163,955,66,914,456,913,251,904,120,890,0,843,485,841,296,838,172,832,61,771,543,776,409,777,317,773,232
1786207456.627,854,854,953,801,1000,669,937,563,860,533,993,465,989,280,976,165,960,67,914,456,913,254,905,122,895,0,843,485,841,296,838,170,834,56,772,546,779,411,782,316,782,227
1786207456.786,854,854,953,798,1000,663,939,554,863,517,992,460,989,275,976,158,962,58,912,453,913,255,905,123,895,0,841,482,840,300,838,176,834,63,770,543,778,408,782,314,782,227
1786207456.966,858,858,955,800,1000,664,939,553,862,519,992,457,990,272,978,156,964,59,915,448,915,250,906,120,894,0,845,479,842,294,837,173,830,63,776,543,781,407,782,314,779,229
1786207457.156,859,859,954,801,1000,668,944,557,873,517,992,458,989,272,976,156,961,57,915,452,914,252,903,121,891,0,844,484,840,298,836,173,830,60,774,548,778,409,780,314,777,226
1786207457.318,854,854,952,798,1000,666,935,566,855,537,987,459,984,272,971,159,955,65,909,453,909,249,900,119,888,0,839,485,835,297,832,176,825,68,768,548,772,411,775,317,772,231
1786207457.517,848,848,945,800,1000,669,931,575,836,567,975,467,971,276,960,159,946,61,889,460,883,254,878,118,869,0,812,493,802,302,808,167,812,57,735,556,738,402,751,292,765,201
1786207457.697,849,849,947,791,1000,659,927,568,834,561,973,451,968,275,955,169,940,70,890,455,882,257,876,125,865,0,816,504,806,330,809,202,807,87,744,586,744,461,752,366,759,281
1786207457.857,853,853,952,794,1000,651,924,549,834,536,978,448,968,269,952,159,936,57,894,446,886,248,877,121,866,0,821,490,809,316,807,196,803,89,749,567,747,435,751,343,753,260
1786207458.035,851,851,950,793,1000,658,928,560,838,547,978,450,969,270,952,163,937,64,895,449,886,248,878,120,869,0,822,492,809,316,806,197,802,92,749,567,746,436,749,345,751,264
1786207458.212,854,854,952,792,1000,651,924,551,832,541,976,445,966,265,950,159,934,60,893,446,883,247,875,121,867,0,819,492,806,318,803,198,799,90,748,570,744,440,746,349,747,267
1786207458.391,856,856,954,795,1000,647,922,542,831,536,977,445,969,267,954,159,940,58,894,442,887,244,880,119,874,0,822,485,811,310,808,192,805,85,752,562,750,430,753,339,754,257
1786207458.561,852,852,953,783,1000,637,924,535,834,525,972,441,966,265,953,155,939,56,890,440,884,244,880,118,873,0,818,483,809,304,811,184,809,78,748,559,749,427,755,333,756,249
1786207458.759,850,850,951,785,1000,641,925,539,834,528,972,450,966,275,953,163,939,61,891,447,887,253,883,122,878,0,820,487,812,310,813,187,813,78,750,561,748,431,753,338,758,256
1786207458.930,849,849,952,786,1000,644,923,541,835,526,974,447,967,271,954,160,939,58,891,444,887,249,882,121,874,0,819,484,813,306,815,185,816,77,748,559,750,428,757,337,761,255
1786207459.119,849,849,948,794,1000,662,930,558,840,536,980,451,975,273,962,165,948,67,897,447,892,247,887,119,879,0,824,487,817,307,819,186,817,78,752,561,754,429,759,338,761,255
1786207459.284,856,856,953,787,1000,648,948,542,880,497,980,467,976,288,965,166,952,60,907,462,902,273,893,130,882,0,839,491,836,312,832,183,828,69,771,547,776,406,783,302,790,213
1786207459.459,851,851,948,806,1000,666,945,546,855,501,985,486,986,292,979,157,969,48,912,475,917,272,912,127,904,0,840,495,847,302,855,166,856,49,766,542,775,396,784,291,789,200
1786207459.627,834,834,938,787,1000,642,947,510,853,470,988,467,992,276,986,144,977,36,914,449,925,253,922,119,915,0,841,463,853,278,861,150,864,39,761,502,779,355,790,253,797,164
1786207459.828,820,820,930,737,990,571,945,442,860,417,992,459,1000,297,994,193,985,109,929,434,946,251,955,117,961,0,866,435,875,265,883,146,888,48,796,466,813,345,828,262,839,193
1786207460.001,782,782,911,668,972,478,906,334,814,328,985,391,1000,230,995,135,989,56,910,361,923,192,925,88,926,0,837,358,849,205,859,102,865,29,750,378,768,250,783,164,794,98
1786207460.193,787,787,914,679,973,493,908,351,820,344,986,398,1000,231,992,135,982,54,913,369,927,198,927,92,926,0,842,368,853,210,863,102,869,22,756,392,773,263,789,178,801,110
1786207460.354,793,793,916,687,974,501,910,360,819,352,988,403,1000,233,993,135,984,53,916,376,930,203,932,95,932,0,845,377,857,218,867,111,874,29,762,403,779,275,794,189,806,122
1786207460.532,797,797,918,696,981,519,925,374,830,361,989,404,1000,239,990,144,977,61,917,378,930,203,930,97,929,0,848,379,858,222,868,118,876,37,767,408,785,279,799,195,809,128
1786207460.715,800,800,921,701,984,519,923,376,828,363,988,400,1000,230,994,132,985,49,917,375,933,202,934,95,932,0,847,378,859,217,868,108,874,22,766,408,785,276,800,188,811,117
1786207460.884,818,818,930,725,989,552,931,413,838,396,993,433,1000,254,991,142,979,47,923,412,937,229,937,109,936,0,853,419,866,253,873,139,878,46,774,454,791,318,803,229,812,155
1786207461.059,819,819,928,730,982,560,919,428,820,407,989,446,1000,263,995,146,985,49,917,425,935,237,937,111,935,0,846,432,860,259,870,140,876,45,766,466,781,325,793,231,803,154
1786207461.251,826,826,937,742,996,573,937,438,837,414,991,442,1000,259,997,140,990,41,919,424,936,239,938,112,938,0,850,435,863,267,874,149,881,53,774,472,789,332,801,239,811,160
1786207461.424,830,830,941,746,1000,584,944,439,848,411,990,436,991,258,981,145,968,49,920,419,930,237,927,113,922,0,853,431,864,263,872,147,877,50,777,473,794,334,806,243,814,165
1786207461.609,828,828,941,753,1000,589,943,451,850,418,988,439,990,260,982,143,971,44,915,423,930,240,930,115,924,0,846,438,861,265,869,148,872,48,766,482,788,343,802,250,811,168
1786207461.779,831,831,942,752,1000,591,941,451,846,417,993,441,994,259,984,144,970,46,921,426,935,239,933,114,928,0,851,439,864,265,872,146,876,46,772,481,793,338,805,244,812,164
1786207461.956,834,834,945,750,1000,586,940,445,846,413,991,443,994,261,986,144,975,45,921,426,932,239,930,113,925,0,853,438,865,264,873,146,877,47,776,478,795,337,806,243,814,162
1786207462.133,832,832,945,758,1000,593,941,453,847,419,990,448,993,264,985,146,973,47,919,431,932,241,930,114,927,0,851,442,864,266,872,147,877,47,774,481,792,337,802,242,809,161
1786207462.305,831,831,944,760,1000,594,938,460,841,430,988,451,992,275,985,157,975,58,916,433,930,245,929,116,925,0,846,446,858,268,868,147,873,43,768,489,787,345,798,250,804,165
1786207462.505,835,835,946,755,1000,588,939,451,843,421,991,445,991,261,983,145,972,46,921,427,932,238,930,112,925,0,853,440,865,265,873,147,877,49,776,482,794,340,804,246,809,166
1786207462.694,828,828,941,763,1000,604,942,465,847,427,989,464,994,286,989,163,980,61,916,442,931,251,932,119,929,0,846,453,858,273,868,148,874,41,767,491,785,346,796,250,803,165
1786207462.839,832,832,942,756,1000,593,941,456,847,423,986,449,988,271,982,153,972,53,915,433,930,247,930,118,926,0,845,446,861,270,871,148,876,45,767,489,788,345,802,250,812,168
1786207463.027,829,829,942,761,1000,602,941,469,848,433,992,463,997,285,991,164,982,63,919,442,934,251,935,119,932,0,849,452,861,272,872,148,878,42,770,491,788,348,799,253,805,168
1786207463.202,828,828,939,767,1000,609,940,474,844,439,987,469,995,288,992,163,984,61,915,446,932,256,934,119,929,0,844,455,861,275,873,144,878,32,766,494,784,349,796,248,803,159
1786207463.511,829,829,942,760,1000,597,937,466,842,432,987,461,994,279,990,156,981,54,915,441,932,251,934,118,928,0,846,451,862,273,873,144,878,36,767,492,787,348,800,251,806,165
1786207463.670,829,829,942,763,1000,603,938,469,842,435,989,463,997,283,993,160,983,58,916,443,934,252,934,119,929,0,847,452,863,275,874,147,878,39,768,491,789,348,801,251,807,165
1786207463.910,836,836,946,762,998,594,935,459,837,430,994,457,1000,278,995,161,986,62,922,439,935,248,935,118,933,0,851,449,862,272,871,148,877,43,773,488,790,342,800,245,806,159
1786207464.097,833,833,944,760,1000,595,940,456,844,421,994,452,999,268,992,149,981,49,922,434,936,245,936,115,934,0,854,445,866,270,877,147,882,44,776,483,794,338,804,242,811,159
1786207464.240,833,833,946,759,999,589,938,451,842,420,994,456,1000,273,994,156,984,58,923,436,937,246,937,116,936,0,854,446,865,268,875,145,881,43,776,483,792,337,803,241,810,157
1786207464.387,830,830,938,766,992,603,934,467,839,430,992,462,1000,278,995,156,984,54,921,441,937,251,937,119,935,0,850,449,863,270,873,145,877,38,771,484,789,341,799,245,804,162
1786207464.612,832,832,943,758,999,595,943,456,846,422,992,459,1000,277,994,158,984,57,921,440,937,250,937,119,936,0,852,450,863,272,872,147,877,42,775,486,790,343,801,245,808,160
1786207464.810,828,828,941,775,1000,612,938,475,842,440,992,471,1000,285,994,157,984,53,919,450,937,257,938,122,935,0,848,460,862,280,874,152,879,43,769,497,789,354,801,256,809,168
1786207465.029,830,830,940,774,997,604,939,466,842,432,994,465,1000,280,994,157,985,55,920,445,936,253,937,120,936,0,850,454,861,273,871,149,876,42,771,490,790,346,799,249,805,164
1786207465.205,828,828,937,778,996,609,939,469,840,434,993,478,1000,290,994,161,985,55,921,455,935,262,935,125,932,0,851,461,863,279,873,150,878,39,772,492,791,348,801,250,807,162
1786207465.388,832,832,943,775,1000,611,938,473,843,439,992,469,997,285,991,159,981,56,918,448,935,255,935,121,930,0,848,457,863,280,874,150,877,40,768,495,790,352,803,254,809,167
1786207465.567,828,828,933,783,991,625,932,492,836,453,991,485,1000,299,996,165,987,57,917,464,937,270,940,128,938,0,846,471,860,289,873,154,878,36,769,506,787,366,798,266,802,176
1786207465.764,832,832,933,800,995,654,936,526,839,488,988,494,1000,302,998,163,993,50,913,475,931,279,933,133,929,0,840,489,856,304,868,170,872,50,763,529,782,387,797,285,805,193
1786207465.990,837,837,939,798,996,638,937,508,847,468,994,473,1000,286,993,153,983,47,921,457,938,267,941,127,937,0,849,470,862,293,873,162,876,45,772,511,792,378,803,280,805,189
1786207466.135,837,837,941,789,1000,641,942,517,852,476,991,473,1000,283,994,151,985,45,916,461,934,266,937,126,932,0,843,480,859,297,871,163,875,45,766,525,785,388,798,287,803,195
1786207466.287,838,838,939,793,992,641,927,517,835,479,993,477,1000,289,995,161,986,55,918,459,931,263,931,125,927,0,845,472,855,288,864,159,867,45,766,514,781,375,790,275,796,185
1786207466.469,836,836,937,797,996,646,932,522,840,486,991,480,1000,291,995,159,985,54,915,465,934,270,938,128,932,0,842,483,858,302,870,167,871,46,766,528,786,393,798,291,799,197
1786207466.645,837,837,936,798,990,646,925,522,828,486,993,490,1000,301,994,167,984,57,917,471,932,274,934,131,931,0,844,483,856,297,868,163,872,43,766,524,783,388,794,287,799,194
1786207466.865,835,835,939,795,997,640,935,510,846,470,992,470,1000,284,995,152,986,48,917,454,936,264,939,124,934,0,844,470,860,293,873,161,876,43,769,515,789,381,801,281,802,190
1786207467.017,835,835,939,794,1000,644,941,515,848,477,991,478,996,289,991,158,981,53,915,462,933,264,935,123,930,0,842,478,859,294,872,160,875,44,766,521,786,384,798,283,801,192
1786207467.185,833,833,939,791,1000,640,940,510,847,474,988,470,996,280,990,150,978,47,912,455,931,260,933,121,927,0,838,472,856,290,867,158,870,44,762,517,782,380,795,280,799,190
1786207467.361,838,838,942,797,999,638,935,509,841,475,992,477,1000,289,994,158,984,53,916,461,935,268,938,127,932,0,844,477,858,297,871,163,874,44,769,521,787,385,798,284,800,191
1786207467.551,834,834,937,799,1000,654,944,525,853,483,990,487,999,298,994,165,984,59,915,470,934,273,937,129,932,0,842,485,860,301,872,166,874,46,767,527,788,391,800,288,804,196
1786207467.718,838,838,940,799,999,649,938,521,846,480,992,483,1000,291,994,157,985,50,917,468,934,269,937,126,932,0,844,484,860,298,872,162,874,43,766,527,786,385,797,283,800,192
1786207467.889,835,835,940,794,1000,638,941,505,848,469,987,471,996,283,991,152,982,47,911,454,929,261,931,122,926,0,839,471,855,289,868,158,873,44,763,514,784,376,797,275,802,185
1786207468.080,836,836,935,802,994,661,935,541,840,503,989,495,1000,305,995,172,986,66,914,476,929,275,930,130,926,0,839,490,855,298,867,161,871,44,758,531,778,389,793,284,799,192
1786207468.276,827,827,928,788,988,659,934,543,843,502,988,494,1000,304,996,170,989,63,914,474,930,276,932,130,929,0,840,485,857,299,868,163,872,46,761,524,780,387,793,284,799,194
1786207468.450,834,834,937,802,999,663,942,538,850,496,991,502,1000,304,994,166,984,56,916,484,933,279,934,131,929,0,842,496,858,306,870,165,874,44,762,533,784,393,797,288,803,196
1786207468.622,835,835,938,800,1000,654,945,525,854,480,990,490,998,298,994,163,986,56,915,473,932,271,935,127,932,0,841,487,857,296,869,158,874,39,762,526,784,385,798,282,804,191
1786207468.798,830,830,933,795,997,650,941,525,845,487,988,491,1000,299,996,164,988,57,913,471,932,272,935,128,931,0,839,483,856,294,869,158,874,40,759,520,782,383,797,280,805,189
1786207468.993,834,834,936,800,996,650,937,522,847,481,993,496,1000,306,995,172,985,64,919,477,937,277,940,132,935,0,846,488,861,301,872,166,875,45,768,526,788,389,799,287,802,194
1786207469.137,832,832,937,796,1000,646,941,516,847,479,990,482,999,294,993,162,983,58,914,464,933,268,936,126,931,0,842,478,858,294,870,159,873,41,765,519,786,383,798,281,802,190
1786207469.330,828,828,931,798,996,663,941,540,848,499,989,505,1000,308,995,171,985,61,912,485,932,281,934,132,929,0,839,496,857,306,869,167,872,47,760,530,783,391,798,289,805,198
1786207469.516,832,832,937,799,1000,646,938,514,843,480,988,481,998,292,993,159,983,55,912,464,932,268,936,126,930,0,838,479,856,297,869,161,871,40,762,519,783,382,796,280,798,187
1786207469.684,835,835,938,802,999,650,938,521,844,484,992,483,1000,293,994,159,984,52,915,467,934,271,937,128,933,0,840,482,858,299,872,164,876,42,764,524,786,388,799,286,802,192
1786207469.861,833,833,936,795,995,651,933,525,842,483,990,475,1000,288,994,158,984,53,914,459,933,268,937,127,931,0,840,476,857,299,870,163,873,40,763,519,785,384,797,282,800,188
1786207470.023,837,837,937,795,996,640,936,510,845,473,997,473,1000,284,990,156,978,51,924,455,937,259,937,124,931,0,851,469,865,287,875,157,878,43,774,511,793,370,803,272,807,181
1786207470.261,843,843,943,798,1000,647,939,516,847,478,994,475,997,284,988,152,977,45,919,460,934,263,934,125,928,0,846,476,862,293,872,162,875,47,769,522,791,382,802,283,806,193
1786207470.449,838,838,942,792,1000,636,938,507,848,469,990,469,996,280,990,150,980,48,916,453,933,258,935,120,929,0,846,470,863,288,876,158,880,47,773,516,794,376,807,276,811,187
1786207470.628,843,843,945,793,1000,636,936,506,841,474,999,467,1000,276,990,151,978,46,924,451,937,254,936,122,933,0,852,466,865,284,874,159,879,49,775,512,795,368,806,269,811,179
1786207470.804,841,841,942,793,997,639,936,510,844,471,997,466,1000,274,990,149,977,44,923,450,935,253,934,121,931,0,852,466,864,284,872,157,876,48,776,510,794,368,805,267,810,177
1786207470.980,838,838,941,791,998,638,936,509,844,473,996,472,1000,284,992,155,982,50,922,454,937,260,939,124,936,0,850,469,864,291,873,161,877,47,774,514,792,374,802,274,807,183
1786207471.171,836,836,939,791,996,640,934,512,840,476,994,477,1000,287,995,157,986,52,917,458,934,263,937,125,933,0,845,472,858,288,870,156,875,40,768,514,787,373,799,272,804,179
1786207471.347,838,838,940,794,999,643,941,515,853,473,995,469,1000,285,993,159,984,56,923,454,939,260,941,123,938,0,852,470,866,290,876,160,879,47,776,514,794,374,804,275,807,184
1786207471.521,835,835,935,791,992,644,934,515,845,472,996,478,1000,290,993,163,984,57,922,461,936,263,937,126,934,0,849,474,860,291,868,161,870,46,771,515,788,376,796,276,800,185
1786207471.702,833,833,935,799,995,650,937,524,847,485,993,486,1000,301,993,170,982,63,918,469,937,274,940,130,936,0,845,483,861,298,872,163,875,42,768,523,789,386,800,286,802,192
1786207471.883,837,837,940,795,998,640,937,513,846,475,995,474,1000,288,993,159,982,55,920,458,936,265,938,127,935,0,847,473,860,292,870,159,873,42,769,516,788,377,798,277,801,185
1786207472.082,838,838,940,792,996,633,933,503,840,470,996,469,1000,282,993,154,983,48,923,453,936,258,935,123,931,0,851,467,862,288,870,158,873,45,774,511,791,370,799,271,802,181
1786207472.226,835,835,941,794,1000,633,937,503,843,473,992,478,1000,289,996,158,988,54,919,459,936,263,939,123,935,0,848,471,864,288,876,155,881,40,773,512,795,372,808,271,811,180
1786207472.431,835,835,935,799,995,650,934,522,842,483,990,485,1000,294,995,160,986,53,915,468,933,272,937,128,932,0,841,483,858,300,871,164,874,41,765,525,786,385,798,283,801,189
1786207472.594,839,839,944,784,1000,626,937,495,841,465,996,465,997,280,989,156,977,52,922,449,936,255,936,122,933,0,851,464,864,283,872,157,876,47,775,509,794,367,805,269,810,180
1786207472.802,837,837,940,795,996,640,934,515,842,481,996,474,1000,288,992,162,981,58,921,459,937,264,939,125,936,0,850,474,863,292,873,161,876,45,775,518,793,379,801,280,803,191
1786207472.960,841,841,942,801,1000,648,939,518,847,478,993,478,998,286,990,156,978,51,919,464,935,266,937,125,931,0,846,481,861,296,872,160,874,41,770,524,791,383,801,282,802,191
1786207473.121,838,838,942,791,1000,633,939,502,849,465,993,468,999,280,994,151,984,49,918,451,934,257,937,120,933,0,846,467,862,285,875,154,880,40,771,514,795,374,808,272,814,180
1786207473.297,838,838,943,793,997,635,932,508,838,476,996,477,1000,292,993,164,983,59,921,459,937,265,939,127,937,0,849,473,861,290,872,159,877,43,773,515,791,376,800,278,803,187
1786207473.479,841,841,941,801,999,653,940,526,850,483,993,485,1000,294,993,163,983,57,919,470,938,271,941,128,935,0,846,486,864,300,875,163,877,42,769,527,791,386,802,285,804,193
1786207473.672,838,838,941,800,1000,640,937,512,846,478,993,479,1000,294,993,164,982,61,919,461,938,268,943,126,939,0,848,475,864,294,876,161,880,44,773,518,793,382,805,282,806,191
1786207473.855,836,836,940,798,1000,641,941,511,853,473,993,475,1000,291,993,162,983,59,919,457,938,265,942,124,937,0,847,471,864,290,876,158,879,42,772,513,793,377,805,278,806,188
1786207474.597,845,845,950,803,1000,638,936,512,845,482,969,478,965,292,952,155,936,43,899,468,902,274,892,130,878,0,835,485,837,301,837,161,832,38,766,530,777,384,783,278,782,182
1786207474.799,843,843,949,799,1000,637,938,513,848,482,971,481,971,297,961,165,948,57,901,470,907,272,900,128,888,0,836,487,840,299,842,159,838,38,765,531,777,384,785,278,787,181
1786207474.950,829,829,934,771,991,621,928,502,834,478,991,454,1000,270,994,149,984,49,916,438,936,251,940,120,937,0,843,454,863,281,876,152,883,38,764,498,785,364,800,268,807,184
1786207475.139,834,834,937,767,994,624,935,503,843,475,995,456,1000,272,995,152,986,51,919,440,936,250,939,120,939,0,846,455,865,280,878,155,886,46,769,501,793,366,808,268,819,182
1786207475.329,836,836,934,777,987,634,928,510,837,474,993,466,1000,276,993,151,982,47,918,449,935,256,937,123,937,0,845,463,861,285,872,160,879,51,767,505,787,366,800,266,810,178
1786207475.509,835,835,935,759,988,617,924,500,834,477,992,445,1000,264,996,148,988,50,917,430,934,245,937,118,936,0,845,447,862,277,873,157,880,53,767,495,787,362,802,267,811,185
1786207475.698,815,815,917,731,967,586,897,479,797,465,986,436,998,265,1000,153,999,57,913,416,927,235,931,109,934,0,841,429,852,264,862,152,873,58,766,472,776,342,788,250,800,172
1786207475.856,813,813,913,727,962,585,901,470,815,446,983,437,997,264,999,157,1000,63,913,412,930,231,936,110,942,0,844,420,859,256,870,146,880,50,770,459,786,331,800,242,813,167
1786207476.034,819,819,919,742,972,601,917,483,832,450,990,437,1000,265,1000,156,998,63,921,414,936,230,939,108,943,0,852,424,867,256,875,142,885,46,776,463,792,332,805,242,816,166
1786207476.211,818,818,918,741,973,602,917,484,832,451,990,442,1000,270,999,162,997,71,921,421,936,235,940,110,945,0,852,432,865,260,875,144,885,49,777,473,790,345,803,253,815,176
1786207476.360,818,818,919,746,973,605,923,482,844,444,988,444,1000,272,1000,164,997,71,919,422,935,237,939,111,943,0,851,434,865,262,875,148,885,52,777,474,793,344,806,251,818,172
1786207476.521,809,809,910,727,960,582,897,472,812,449,984,436,998,267,999,157,1000,62,913,415,927,234,931,111,935,0,842,426,855,261,865,152,877,62,765,466,776,341,787,252,798,178
1786207476.689,828,828,928,755,975,600,902,492,805,475,992,458,1000,275,1000,154,999,54,918,435,931,246,935,113,939,0,846,446,861,268,869,142,878,34,772,488,783,351,795,255,804,172
1786207476.864,827,827,924,758,968,606,906,491,814,465,992,454,999,275,1000,162,1000,67,920,432,932,244,937,114,944,0,850,445,859,266,869,146,882,41,777,488,785,358,797,263,808,179
1786207477.066,827,827,922,751,964,596,893,492,803,476,992,454,1000,271,998,156,997,60,919,432,932,242,936,113,944,0,848,445,857,270,867,152,878,52,774,489,782,357,793,262,805,179
1786207477.217,823,823,920,751,965,599,901,486,814,464,992,450,1000,270,998,155,997,58,919,428,932,241,935,113,941,0,849,441,859,267,867,149,877,49,777,484,787,350,797,254,807,170
1786207477.396,829,829,925,753,966,606,903,494,823,463,993,445,1000,262,999,141,999,41,919,424,929,240,932,109,939,0,847,438,858,264,866,142,876,39,774,482,782,345,793,251,805,169
1786207477.586,828,828,922,735,961,590,894,487,809,470,989,438,997,254,998,137,1000,37,920,422,928,234,930,108,934,0,852,437,857,266,865,155,875,61,781,480,785,348,793,256,802,177
1786207477.766,827,827,915,715,940,565,867,471,787,469,981,420,998,245,1000,132,1000,40,912,408,913,222,905,101,900,0,842,427,843,260,839,148,839,57,768,474,767,350,768,263,772,192
1786207477.946,847,847,943,760,974,611,894,507,803,491,1000,454,993,265,983,143,975,39,922,441,916,245,906,114,901,0,848,463,841,283,840,161,843,57,774,517,769,378,771,284,777,207
1786207478.115,852,852,946,758,980,607,909,502,825,483,1000,448,994,259,986,137,981,33,928,438,924,243,916,113,913,0,859,460,854,282,853,163,859,66,786,510,783,376,785,282,791,205
1786207478.290,823,823,919,713,952,564,873,478,782,483,972,400,991,234,996,126,1000,35,900,392,906,215,903,99,901,0,830,416,832,253,834,143,837,51,757,472,759,346,766,257,774,185
1786207478.469,845,845,942,747,979,601,901,503,805,496,991,447,999,262,1000,145,1000,44,920,434,925,242,926,112,927,0,853,452,855,277,862,160,871,62,783,498,784,368,790,272,796,191
1786207478.644,844,844,948,756,993,610,921,501,826,485,999,441,1000,261,995,145,989,46,927,425,935,238,933,112,932,0,858,441,867,273,870,156,876,56,785,487,793,355,801,260,810,181
1786207478.833,850,850,945,752,983,604,919,490,837,470,981,431,997,257,1000,143,999,45,918,419,932,236,938,111,940,0,854,440,864,269,872,151,876,51,784,492,794,359,803,264,811,183
1786207479.011,826,826,927,759,976,618,909,516,820,496,987,443,1000,265,1000,151,997,60,916,428,932,238,937,108,936,0,846,446,859,272,868,155,873,59,771,496,782,367,792,275,800,198
1786207479.176,816,816,907,784,960,661,900,548,812,509,986,477,1000,290,995,169,988,69,914,452,934,258,940,122,941,0,842,463,860,282,873,157,881,48,764,502,779,377,793,284,802,200
1786207479.361,824,824,916,782,967,652,908,535,820,486,985,477,1000,289,998,164,993,60,912,455,931,260,936,123,940,0,838,468,856,282,869,153,878,40,759,509,778,367,793,267,806,180
1786207479.543,838,838,934,762,985,616,920,505,829,488,988,421,1000,252,999,155,994,67,915,407,927,222,932,107,934,0,844,429,856,260,866,153,872,52,772,486,789,360,802,273,811,193
1786207479.701,831,831,937,743,984,597,915,486,822,467,987,429,1000,261,1000,150,997,55,914,415,927,235,928,111,929,0,842,433,852,264,857,149,862,52,766,479,777,346,788,249,799,171
1786207479.891,851,851,941,728,982,583,915,479,821,470,990,421,1000,253,998,146,995,51,922,406,928,226,929,106,930,0,855,422,860,259,864,149,869,55,785,466,788,343,793,253,797,179
1786207480.092,848,848,940,745,978,607,908,502,821,479,991,438,998,258,999,146,1000,49,921,424,923,235,919,110,917,0,852,443,851,272,851,157,854,59,781,491,783,361,789,268,796,190
1786207480.258,852,852,948,749,985,608,915,500,827,478,995,445,1000,265,998,151,995,53,924,430,928,243,926,115,926,0,854,446,858,276,861,160,868,60,782,490,786,357,793,263,801,183
1786207480.464,836,836,939,749,981,607,908,502,822,483,988,429,1000,252,994,137,984,43,920,414,935,231,932,107,925,0,852,432,864,266,866,150,865,55,776,483,785,356,793,267,800,191
1786207480.610,866,866,948,757,973,614,914,514,848,479,983,460,999,277,1000,152,998,49,917,442,930,248,934,112,937,0,852,457,864,272,871,147,878,44,782,503,791,362,802,260,816,175
1786207481.022,815,815,915,781,976,650,925,528,840,486,980,470,998,297,1000,183,1000,85,909,445,932,258,943,125,950,0,842,455,862,281,876,159,884,49,770,497,792,360,807,266,815,182
1786207481.318,826,826,909,765,945,637,879,537,802,489,987,467,1000,281,995,152,987,46,932,450,949,261,948,121,943,0,871,463,887,290,890,154,889,41,804,503,808,379,809,279,804,191
1786207481.514,846,846,944,759,983,618,918,515,843,493,985,447,1000,263,1000,156,996,64,913,429,926,234,933,109,936,0,845,446,857,267,865,151,870,50,773,497,788,365,800,273,809,193
1786207481.683,842,842,942,750,981,600,908,495,824,478,988,441,1000,267,998,162,992,69,912,424,922,233,924,110,923,0,840,442,850,266,855,152,859,50,766,493,782,359,794,269,804,190
1786207481.859,835,835,935,759,983,621,922,505,840,471,993,442,1000,265,996,157,990,65,918,426,929,236,930,112,929,0,848,446,856,271,861,157,864,56,775,499,788,363,799,269,807,185
1786207482.043,830,830,930,762,977,626,914,517,834,482,993,450,1000,268,994,159,986,67,917,433,926,237,925,111,923,0,846,451,854,273,858,157,863,57,771,499,783,365,794,271,803,188
1786207482.211,834,834,935,765,981,624,914,515,830,484,996,451,1000,266,992,155,983,61,920,437,928,238,927,111,924,0,846,457,854,273,858,155,862,55,770,505,783,367,792,271,799,188
1786207482.416,844,844,947,760,994,619,927,510,843,484,996,444,1000,265,990,152,978,54,921,429,931,243,930,117,925,0,848,448,860,275,865,156,868,51,772,500,786,368,795,275,802,194
1786207482.576,849,849,949,763,995,621,926,518,836,502,994,457,1000,275,995,157,986,57,920,446,932,252,931,118,926,0,849,467,864,289,870,160,873,51,775,516,787,382,794,283,800,199
1786207482.758,839,839,935,776,981,634,907,532,816,514,994,463,1000,268,993,152,985,53,920,451,924,244,918,113,912,0,848,473,851,287,856,161,859,54,773,523,779,382,785,280,791,192
1786207482.936,847,847,946,776,991,634,922,527,828,506,996,461,1000,278,993,158,986,57,923,447,929,253,925,119,921,0,852,465,855,287,859,162,863,54,779,512,785,374,791,276,797,193
1786207483.104,849,849,947,769,993,631,929,524,836,501,996,456,1000,275,993,159,985,61,924,444,929,250,926,118,924,0,853,463,856,285,861,162,868,55,779,513,787,376,795,279,802,195
1786207483.289,850,850,954,768,1000,623,937,512,856,482,991,439,997,260,995,141,991,41,919,425,930,239,930,111,928,0,850,445,860,267,863,146,866,43,777,498,787,359,796,262,805,181
1786207483.457,850,850,938,746,970,605,906,500,832,467,986,453,1000,273,999,155,993,55,916,435,928,246,929,115,930,0,848,451,857,279,862,156,867,49,777,498,787,364,796,269,805,186
1786207483.640,836,836,932,753,973,612,910,502,837,476,985,443,1000,258,1000,147,997,56,914,423,927,230,932,107,935,0,846,439,859,263,868,148,875,49,775,487,788,356,800,267,810,191
1786207483.814,837,837,938,759,983,614,921,498,844,477,990,449,1000,265,998,158,995,66,917,431,927,233,931,110,935,0,848,447,857,268,865,152,872,52,777,496,790,362,801,272,809,195
1786207484.018,843,843,945,761,989,614,918,505,834,488,991,444,1000,268,996,161,989,68,915,426,924,231,925,109,922,0,844,445,852,270,857,156,859,56,769,497,784,363,794,272,802,194
1786207484.196,842,842,944,763,993,616,934,500,851,463,994,448,1000,265,993,149,985,50,922,433,932,241,930,114,926,0,850,451,861,276,863,154,864,49,773,497,784,358,791,261,798,180
1786207484.357,850,850,950,773,993,623,917,522,814,518,996,467,1000,286,994,167,986,65,924,454,929,260,926,122,922,0,853,473,859,293,863,162,868,50,780,521,786,381,792,279,796,194
1786207484.530,849,849,948,762,990,624,921,518,828,497,998,456,1000,276,994,159,988,58,925,442,926,251,920,119,915,0,855,460,855,284,855,161,857,56,783,507,785,373,789,277,792,195
1786207484.708,849,849,948,780,990,643,922,538,833,507,997,469,1000,283,995,163,989,62,923,457,928,261,924,122,921,0,850,479,854,299,860,171,868,60,774,529,782,392,791,291,800,203
1786207484.858,846,846,944,763,988,625,922,513,836,488,991,447,1000,267,995,148,989,49,919,432,929,243,928,112,926,0,850,447,861,277,866,158,871,56,778,490,788,360,794,266,798,188
1786207485.026,842,842,944,748,979,608,914,497,836,460,993,436,1000,257,995,146,988,51,923,421,932,236,932,112,932,0,855,439,862,271,864,157,866,60,781,490,791,353,800,258,810,177
1786207485.184,847,847,944,756,985,610,921,499,844,477,987,446,1000,267,999,158,995,63,914,429,925,236,929,111,932,0,846,445,856,268,863,152,869,50,774,496,787,363,798,273,809,196
1786207485.378,840,840,937,758,979,620,914,514,834,494,986,446,1000,267,1000,161,996,70,913,426,926,232,932,109,934,0,844,443,855,263,864,148,869,45,774,496,789,362,801,272,811,194
1786207485.544,841,841,945,743,982,598,910,496,827,478,988,442,1000,262,997,152,990,57,914,424,925,235,927,111,927,0,844,439,851,269,857,152,861,50,771,486,783,354,793,262,801,182
1786207485.719,845,845,947,766,993,614,927,503,839,480,997,426,1000,248,991,142,980,52,923,415,930,225,927,106,921,0,850,440,858,264,861,150,864,50,774,497,785,364,794,272,801,192
1786207485.894,848,848,948,756,994,610,919,508,819,498,996,445,1000,262,995,140,988,39,921,433,927,244,924,112,919,0,850,452,859,276,863,150,866,44,779,503,786,366,792,266,797,180
1786207486.038,851,851,949,768,992,616,917,518,823,509,996,448,1000,259,993,144,986,48,921,441,925,240,921,111,917,0,851,465,852,280,853,159,854,55,780,517,782,381,786,283,789,200
1786207486.204,859,859,954,771,993,630,919,528,829,505,1000,459,999,272,993,156,987,58,925,448,927,251,923,117,921,0,855,470,856,288,857,166,860,61,782,520,784,380,789,282,794,198
1786207486.368,850,850,948,758,985,606,905,505,815,490,988,423,1000,253,999,144,997,50,911,410,916,222,913,102,907,0,841,436,842,262,842,150,841,57,767,500,770,366,775,278,778,203
1786207486.546,838,838,937,752,974,627,911,523,834,482,987,442,998,261,999,146,1000,47,915,429,921,241,916,114,911,0,845,449,849,276,847,160,848,57,773,496,778,363,782,271,787,191
1786207486.731,855,855,950,754,980,617,904,520,815,499,993,457,1000,273,998,155,995,51,919,445,924,252,920,120,918,0,847,467,844,288,843,162,846,52,774,519,777,380,782,281,789,197
1786207486.929,842,842,940,767,982,626,917,519,827,498,994,461,1000,273,998,155,993,54,922,446,928,251,926,117,923,0,851,464,855,285,860,163,868,58,781,509,787,372,794,274,803,191
1786207487.095,849,849,945,777,987,629,916,520,823,507,996,449,1000,262,995,152,988,57,923,438,926,239,923,111,920,0,853,460,852,276,855,157,861,54,781,512,786,374,791,276,798,191
1786207487.274,850,850,949,770,992,635,928,526,851,487,992,437,1000,256,993,144,982,50,923,424,937,234,935,109,928,0,855,445,865,269,868,154,869,56,783,500,792,369,802,277,812,198
1786207487.470,842,842,941,738,979,598,917,492,840,465,988,438,1000,258,998,146,993,50,921,422,934,233,935,109,934,0,855,437,864,266,868,150,870,52,783,484,795,350,804,258,811,182
1786207487.640,841,841,939,758,984,619,929,508,857,471,986,433,1000,254,999,150,996,60,915,418,928,229,934,107,937,0,847,440,858,263,866,151,871,51,776,495,792,368,804,276,812,197
1786207487.793,836,836,935,770,985,637,925,524,846,496,990,447,1000,263,997,157,992,66,916,430,931,235,935,111,938,0,847,450,859,272,867,158,874,58,775,501,792,367,803,273,811,192
1786207487.995,827,827,931,770,984,645,928,534,853,493,990,454,1000,272,997,159,989,64,914,437,932,249,936,119,936,0,841,456,861,286,872,165,877,59,765,505,787,380,803,287,813,204
1786207488.178,824,824,923,786,980,668,924,556,842,515,989,473,1000,285,993,166,984,67,911,451,931,257,937,122,937,0,837,466,859,286,873,159,879,46,759,511,783,381,799,287,806,203
1786207488.338,830,830,926,794,982,664,925,545,842,504,990,472,1000,286,993,164,984,62,911,452,930,259,933,125,935,0,837,470,857,294,870,168,879,56,761,518,784,387,800,292,811,206
1786207488.514,840,840,933,761,981,626,931,511,859,469,980,430,1000,253,1000,146,994,59,909,413,926,225,931,103,929,0,838,433,854,260,863,145,866,50,761,487,779,358,794,267,804,189
1786207488.707,843,843,942,763,991,622,924,510,839,491,989,445,1000,267,998,162,992,71,915,427,927,232,930,110,931,0,847,443,856,266,863,151,870,49,777,494,792,359,803,270,812,193
1786207488.877,843,843,939,756,981,615,921,504,847,479,986,446,1000,264,1000,156,997,65,913,427,925,231,931,108,936,0,846,443,855,265,863,150,870,50,775,493,789,361,801,271,813,193
1786207489.044,840,840,941,765,990,624,923,513,838,490,993,455,1000,273,996,165,991,72,917,436,925,237,927,112,928,0,845,454,854,273,860,157,866,57,772,502,786,366,797,273,805,193
1786207489.229,846,846,952,761,1000,615,935,504,848,476,998,432,999,248,988,132,976,33,926,421,936,234,932,111,925,0,855,442,864,267,867,150,869,48,775,494,786,355,795,260,804,180
1786207489.423,853,853,951,770,992,628,921,523,828,501,997,459,1000,277,995,159,989,58,926,446,933,251,932,118,931,0,856,465,860,284,865,162,871,59,783,514,788,379,794,281,800,198
1786207489.584,845,845,945,770,991,617,915,516,815,515,997,462,1000,264,995,149,989,49,923,453,923,247,919,115,915,0,852,477,849,289,849,163,850,53,780,527,780,389,782,286,783,196
1786207489.761,848,848,949,761,988,617,912,512,819,494,999,449,1000,265,995,149,990,50,923,438,925,245,921,115,919,0,851,458,853,281,855,161,859,58,779,506,782,371,788,274,793,193
1786207489.937,851,851,941,738,976,601,905,499,816,479,992,432,1000,255,997,145,995,49,920,421,923,230,918,108,913,0,851,441,855,270,853,157,853,57,781,489,783,357,786,266,790,186
1786207490.130,864,864,956,760,991,624,918,518,827,494,998,453,1000,271,999,155,997,53,923,440,923,249,918,119,916,0,852,463,846,285,844,165,848,60,783,516,783,379,787,282,795,200
1786207490.289,861,861,953,759,987,621,916,514,826,485,995,445,1000,261,999,145,997,45,922,432,925,241,918,113,914,0,853,453,849,277,847,160,850,57,783,504,783,368,788,272,795,190
1786207490.435,856,856,951,748,987,605,911,502,817,491,995,442,1000,261,998,146,994,47,924,429,927,240,923,112,919,0,855,446,858,276,860,158,862,55,785,491,785,359,788,265,791,185
1786207490.600,848,848,949,775,991,633,917,529,823,507,997,472,1000,283,995,163,988,61,922,458,927,260,923,122,921,0,852,475,856,293,861,168,869,61,780,520,785,382,792,281,800,196
1786207490.821,853,853,954,767,995,623,925,513,839,495,995,454,1000,272,994,157,985,58,923,440,934,249,931,118,927,0,853,460,864,285,865,165,866,62,780,512,793,372,800,275,805,194
1786207491.019,843,843,941,764,983,626,922,510,839,472,993,449,1000,264,996,147,989,48,921,434,931,244,928,115,924,0,850,453,858,278,859,160,859,59,776,501,787,362,794,264,800,181
1786207491.201,851,851,943,762,981,624,922,515,853,475,986,454,1000,274,999,152,995,53,918,437,931,250,935,116,934,0,851,453,862,279,870,157,874,50,780,501,793,369,804,273,811,186
1786207491.362,838,838,937,765,988,630,928,515,848,486,990,445,1000,262,998,155,994,62,919,429,932,235,936,111,939,0,851,448,863,273,872,159,879,60,780,500,794,366,806,276,813,198
1786207491.558,826,826,928,782,982,666,929,554,855,506,989,472,1000,284,994,166,984,68,913,450,931,254,935,120,934,0,839,463,859,284,869,159,874,52,763,506,784,377,797,286,805,205
1786207491.736,830,830,928,782,978,659,916,550,833,511,991,471,1000,283,992,163,983,63,914,451,930,258,933,123,934,0,841,466,859,286,872,157,879,44,764,511,783,376,796,280,804,194
1786207491.912,841,841,935,759,978,614,924,501,853,473,983,442,1000,263,999,154,994,63,914,426,927,235,931,110,930,0,846,445,856,268,863,151,868,49,773,496,787,364,799,271,809,191
1786207492.079,844,844,948,758,992,617,923,507,837,479,991,441,1000,263,997,151,992,54,916,424,926,238,927,112,928,0,845,443,852,270,857,156,863,57,771,497,781,358,793,264,806,182
1786207492.266,858,858,954,774,994,630,915,527,817,510,997,458,1000,272,996,150,990,46,923,444,933,250,932,117,930,0,850,465,860,285,863,157,865,47,774,515,783,376,789,274,792,185
1786207492.432,827,827,934,752,986,608,914,509,821,491,993,453,1000,272,994,154,987,56,919,434,925,242,921,112,914,0,849,450,852,277,853,158,852,57,773,494,776,367,781,273,783,192
1786207492.610,861,861,952,755,987,620,920,518,835,488,996,455,1000,276,995,161,990,60,924,444,926,251,919,120,915,0,854,465,855,289,854,166,856,59,781,515,783,379,787,280,793,196
1786207492.792,851,851,947,763,985,628,915,524,824,499,997,454,1000,272,996,154,992,54,924,441,927,250,923,118,919,0,853,460,853,283,853,162,856,56,781,510,785,372,791,275,798,191
1786207492.974,848,848,950,766,995,622,927,514,838,492,993,451,1000,276,997,160,993,63,922,436,929,247,929,115,927,0,853,453,862,281,866,160,869,57,781,500,790,367,797,271,803,191
1786207493.138,855,855,953,767,994,623,926,508,839,482,997,443,1000,258,991,143,981,43,927,429,937,239,935,113,931,0,859,447,869,271,874,152,877,50,787,497,798,356,804,261,808,180
1786207493.337,865,865,946,758,971,614,905,510,835,474,985,453,1000,270,998,151,992,50,911,439,920,243,922,113,923,0,840,457,851,274,857,153,863,46,767,508,780,367,789,268,798,180
1786207493.532,839,839,938,749,980,611,920,497,845,462,985,443,1000,263,999,152,994,58,915,424,930,236,934,110,934,0,849,439,860,268,867,151,871,48,779,486,794,352,805,261,813,182
1786207493.699,845,845,939,763,987,626,933,510,857,474,990,429,1000,252,997,148,992,60,918,414,930,226,935,106,937,0,850,435,859,261,867,152,872,54,778,490,792,360,805,271,814,192
1786207493.858,821,821,922,784,977,668,919,551,837,503,987,466,1000,283,996,163,989,64,912,439,932,252,937,121,937,0,842,449,864,277,877,154,883,46,768,491,788,361,802,271,810,190
1786207494.034,824,824,922,790,977,672,923,555,847,501,990,480,1000,292,994,169,984,66,910,456,931,262,936,126,936,0,835,469,857,289,870,164,878,51,756,510,780,377,797,282,809,196
1786207494.210,842,842,935,767,985,633,935,517,861,480,984,440,1000,259,999,151,992,62,912,420,928,228,935,105,936,0,841,437,853,259,862,148,868,53,769,487,786,359,799,270,808,195
1786207494.390,836,836,936,752,977,617,918,507,848,471,984,447,1000,265,1000,155,995,63,911,431,923,236,927,112,928,0,843,448,851,273,858,155,864,51,772,498,783,364,793,273,803,193
1786207494.581,835,835,940,752,985,612,924,496,847,458,992,445,1000,264,995,152,986,58,918,428,929,237,928,111,925,0,848,447,854,272,856,158,857,60,772,500,782,364,792,271,803,190
1786207494.759,851,851,951,767,996,626,925,521,833,502,992,456,1000,274,996,153,988,52,921,444,933,251,932,117,928,0,850,466,860,286,864,162,867,60,776,516,785,380,792,280,798,197
1786207494.935,842,842,941,740,967,596,885,510,801,487,993,428,1000,249,993,139,987,44,920,416,920,221,909,101,900,0,848,437,847,258,841,146,838,55,770,487,770,355,771,268,776,195
1786207495.111,845,845,941,751,974,614,902,507,818,477,990,436,1000,254,1000,140,1000,42,916,426,919,236,912,110,906,0,847,448,848,276,844,159,842,58,776,499,776,364,776,272,776,193
1786207495.293,849,849,947,750,983,611,910,514,826,490,985,439,998,260,1000,146,1000,49,913,431,918,239,913,110,908,0,846,455,847,277,845,158,843,56,777,508,778,372,781,276,784,193
1786207495.480,850,850,948,767,988,616,913,516,823,510,994,452,1000,263,997,150,991,54,925,442,931,241,927,111,923,0,859,464,861,283,862,162,866,61,788,512,791,378,796,281,801,199
1786207495.648,866,866,959,760,985,616,916,514,847,476,994,454,1000,265,990,146,977,47,920,442,927,245,925,115,922,0,850,464,858,283,860,158,862,49,775,519,783,382,790,282,799,195
1786207495.818,850,850,945,745,978,607,915,505,837,476,990,443,1000,267,998,154,993,57,922,430,932,244,934,115,935,0,855,450,861,278,867,156,873,53,786,501,794,369,804,272,813,190
1786207496.011,836,836,936,775,984,651,928,541,856,499,990,457,1000,268,997,160,992,67,916,442,928,242,933,115,935,0,846,464,856,281,865,160,870,54,771,518,785,382,796,287,803,201
1786207496.179,840,840,939,776,989,639,931,527,853,498,991,451,1000,267,996,160,990,67,916,436,927,238,929,113,930,0,847,458,854,275,863,158,870,55,775,512,789,376,799,280,806,194
1786207496.361,840,840,938,776,992,638,942,516,866,482,990,447,1000,263,998,157,994,64,919,434,930,237,932,113,933,0,850,456,860,277,868,161,873,60,778,509,794,372,804,278,810,195
1786207496.533,838,838,936,773,990,639,944,518,870,477,988,446,1000,264,1000,157,997,64,917,432,929,238,931,112,932,0,851,453,858,275,863,160,866,60,780,505,794,369,804,275,810,193
1786207496.705,837,837,934,777,988,641,941,518,868,480,989,452,1000,269,998,161,994,68,919,437,928,239,930,113,930,0,851,457,858,276,864,158,869,56,780,508,793,371,803,276,809,193
1786207496.884,839,839,937,777,991,640,941,518,866,482,990,453,1000,270,998,163,993,70,918,439,928,241,930,114,931,0,850,460,857,278,864,160,869,57,778,511,793,374,803,277,809,192
1786207497.061,842,842,941,772,995,637,946,517,873,477,990,445,1000,266,998,159,994,68,920,432,931,238,934,112,936,0,853,454,860,276,867,158,871,56,782,508,795,373,806,279,813,197
1786207497.250,840,840,937,774,991,640,943,520,869,481,989,443,1000,265,999,158,995,66,918,429,929,238,931,113,932,0,851,451,857,277,863,162,866,61,780,506,793,372,803,278,809,196
1786207497.439,843,843,941,774,994,638,942,519,866,484,990,443,1000,264,999,157,995,65,919,430,929,237,931,112,932,0,852,452,859,276,865,159,869,58,782,507,794,370,804,276,810,194
1786207497.626,842,842,939,773,993,639,943,521,867,480,989,444,1000,265,999,159,995,67,918,430,929,237,931,112,933,0,851,452,859,276,865,161,869,61,781,507,793,372,804,279,811,198
1786207497.805,842,842,938,775,993,640,944,520,870,477,990,445,1000,267,998,160,993,68,920,429,930,236,931,111,932,0,853,450,860,274,866,159,871,60,784,504,795,368,805,276,812,195
1786207497.958,842,842,943,764,996,625,945,505,872,466,991,436,1000,259,998,154,994,64,921,421,933,233,936,110,937,0,854,442,863,269,869,155,873,55,783,495,797,362,808,273,816,194
1786207498.157,837,837,935,764,979,627,920,515,841,480,986,452,1000,277,1000,165,997,67,916,436,930,250,932,120,930,0,848,454,859,282,864,165,866,61,778,505,792,370,802,276,809,194
1786207498.305,841,841,941,765,990,625,933,507,852,477,989,442,1000,268,998,163,993,72,918,424,931,237,933,112,933,0,852,442,861,272,867,157,870,55,783,496,797,360,809,268,817,186
1786207498.507,845,845,944,766,995,627,942,503,865,468,993,444,1000,269,998,164,993,74,923,427,934,237,936,112,936,0,857,444,864,272,868,159,872,59,788,496,799,363,809,273,815,194
1786207498.682,837,837,934,770,990,636,940,513,860,473,988,447,1000,270,1000,160,996,64,917,428,929,241,932,114,933,0,850,447,858,273,863,158,869,57,781,498,792,364,803,272,813,189
1786207498.847,846,846,946,767,995,626,936,507,853,479,993,442,1000,270,997,165,991,75,922,423,932,237,933,112,935,0,856,442,862,270,866,156,871,56,787,496,799,361,809,270,816,190
1786207499.024,842,842,941,763,987,625,928,508,849,474,991,438,1000,268,998,162,993,69,920,419,932,238,933,115,933,0,854,437,862,270,867,159,870,59,786,491,800,359,809,272,814,193
1786207499.199,844,844,946,764,996,623,936,509,856,482,993,443,1000,267,997,160,991,68,921,426,931,236,932,111,932,0,854,446,862,273,867,158,872,58,784,500,795,369,805,279,812,200
1786207499.409,842,842,943,765,995,626,938,509,857,479,993,448,1000,271,996,163,990,71,921,430,929,238,928,111,928,0,855,448,858,274,862,161,866,64,786,499,795,367,804,275,813,197
1786207499.565,842,842,941,768,990,629,929,518,846,490,990,448,1000,270,998,161,994,68,918,432,929,240,930,112,930,0,850,454,855,277,860,160,864,59,781,510,791,376,800,282,807,200
1786207499.777,839,839,938,767,988,629,931,514,848,480,990,446,1000,269,998,160,993,68,919,429,929,238,931,111,929,0,852,449,857,273,862,158,866,58,783,502,793,370,803,277,809,196
1786207499.921,845,845,942,769,995,632,942,515,865,483,992,451,1000,273,998,167,993,75,922,434,931,236,932,111,934,0,856,453,863,274,868,161,874,62,787,503,799,370,808,280,816,202
1786207500.099,847,847,944,772,996,628,936,512,853,489,993,448,1000,270,997,167,991,76,921,430,931,232,932,111,931,0,854,448,861,269,866,155,871,53,783,498,797,362,807,271,814,192
1786207500.299,842,842,941,771,993,631,935,514,854,488,992,449,1000,269,997,164,993,72,919,432,929,233,930,111,931,0,851,451,860,272,866,157,871,55,781,502,796,368,806,276,813,196
1786207500.448,846,846,945,775,995,634,937,518,859,491,994,454,1000,273,995,166,989,75,922,438,930,239,932,114,934,0,854,458,860,278,866,159,871,55,783,510,797,374,806,281,811,199
1786207500.630,845,845,944,776,996,634,934,520,850,499,992,453,1000,271,997,165,992,72,920,436,928,237,929,112,930,0,852,457,860,275,866,158,872,56,782,511,797,374,808,279,814,197
1786207500.810,844,844,943,776,996,637,939,519,859,492,993,451,1000,270,997,163,991,72,922,435,929,237,930,111,930,0,854,456,861,275,867,158,871,57,783,508,798,371,807,277,811,196
1786207500.999,847,847,945,775,999,636,948,513,872,475,991,452,1000,273,998,166,993,74,921,435,929,238,931,112,932,0,855,456,862,276,869,158,875,57,787,508,800,372,810,278,818,197
1786207501.169,841,841,941,772,996,633,944,513,867,481,991,448,1000,268,998,161,993,68,920,433,928,238,929,112,930,0,853,453,859,277,865,159,870,58,783,505,795,371,805,278,812,197
1786207501.350,843,843,943,775,997,637,947,513,872,475,992,451,1000,271,998,165,993,73,922,435,929,237,931,111,932,0,855,454,861,276,867,159,873,59,785,504,798,368,807,275,815,194
1786207501.536,844,844,942,781,997,645,945,523,865,489,993,455,1000,276,996,168,990,75,921,437,927,242,928,114,929,0,854,456,858,279,864,162,869,60,784,508,796,373,806,279,812,197
1786207501.697,844,844,942,774,996,636,942,516,863,481,992,447,1000,270,996,164,990,72,922,431,930,237,931,112,930,0,855,452,861,276,867,160,872,60,786,504,799,370,809,277,814,196
1786207501.873,844,844,941,777,997,639,946,517,867,482,992,447,1000,268,996,163,989,72,921,432,929,236,929,111,928,0,854,454,859,276,865,159,868,59,784,506,798,371,807,278,812,198
1786207502.049,845,845,943,776,997,636,943,517,862,488,992,447,1000,271,998,166,993,75,922,431,930,235,932,111,933,0,855,452,863,273,869,158,874,57,786,504,800,369,810,275,817,195
1786207502.230,845,845,944,772,999,633,949,510,873,472,992,449,1000,272,997,166,991,73,922,432,930,236,931,111,931,0,855,451,862,273,868,158,872,57,786,502,799,367,809,275,816,195
1786207502.416,844,844,943,775,998,636,945,514,867,478,992,448,1000,269,997,163,992,71,921,432,929,236,930,111,931,0,855,453,862,275,867,158,872,58,786,505,797,369,807,275,813,195
1786207502.593,843,843,941,773,996,637,944,516,866,481,991,449,1000,269,998,162,992,69,920,434,928,239,929,112,930,0,854,455,860,277,866,159,871,57,785,507,796,372,806,278,812,197
1786207502.767,842,842,941,776,997,639,946,516,867,482,991,446,1000,267,997,162,992,71,921,432,929,236,930,111,930,0,854,454,862,275,868,158,872,56,784,508,799,372,809,278,814,196
1786207502.948,844,844,943,771,995,633,943,513,867,479,991,446,1000,269,998,163,993,72,921,430,929,234,931,110,931,0,855,451,862,273,868,157,873,57,786,503,798,370,808,276,814,196
1786207503.122,843,843,941,776,997,641,947,520,873,480,991,449,1000,269,998,163,993,71,921,433,931,235,932,111,932,0,854,454,864,273,870,157,874,58,785,507,800,371,810,278,816,197
1786207503.304,842,842,940,777,995,641,941,522,862,491,991,452,1000,270,999,161,995,68,919,436,928,240,930,113,930,0,852,456,858,279,864,162,869,61,782,508,795,374,805,281,811,201
1786207503.481,846,846,945,775,999,636,946,515,866,483,992,447,1000,269,998,163,994,72,922,431,930,234,932,110,933,0,856,452,863,274,869,160,874,62,787,504,800,370,810,279,816,201
1786207503.677,842,842,940,774,995,638,942,518,862,486,991,449,1000,270,998,165,993,73,921,432,930,236,932,111,931,0,855,451,862,274,868,159,873,60,785,502,799,367,809,275,814,196
1786207503.845,841,841,939,777,994,641,943,521,865,485,991,451,1000,271,998,163,993,70,920,435,928,239,930,112,930,0,854,455,860,278,865,161,870,60,784,508,797,372,806,279,812,198
1786207504.021,844,844,941,780,997,643,942,524,862,492,992,450,1000,271,996,164,990,71,921,435,929,239,929,113,928,0,853,457,859,278,864,162,868,61,783,510,796,374,805,280,811,199
1786207504.195,840,840,939,773,993,637,943,517,868,480,990,447,1000,268,997,163,991,72,920,432,930,236,931,111,931,0,853,453,861,274,868,158,872,58,783,505,797,370,806,276,812,195
1786207504.370,843,843,942,775,997,640,950,518,875,478,992,448,1000,270,997,165,992,74,921,434,930,241,933,115,935,0,855,456,861,279,868,161,873,58,786,509,798,376,808,283,816,201
1786207504.548,844,844,942,777,997,640,945,520,867,487,992,446,1000,267,997,161,993,70,921,431,930,237,932,111,933,0,854,454,862,276,868,159,873,58,785,508,798,374,808,281,813,199
1786207504.720,849,849,947,780,999,640,941,525,863,495,993,454,1000,272,998,166,993,73,922,438,931,238,933,113,933,0,855,460,863,278,868,162,872,60,785,513,800,377,809,284,815,202
1786207504.912,845,845,943,777,998,640,943,521,864,487,993,449,1000,270,997,164,991,72,922,434,930,236,931,111,931,0,855,455,862,275,868,159,872,59,785,508,798,371,808,277,815,196
1786207505.092,844,844,942,775,997,637,943,518,863,485,991,448,1000,269,998,164,993,73,921,432,930,235,932,111,932,0,854,453,862,272,868,158,873,59,785,506,799,371,810,278,817,197
1786207505.265,846,846,945,773,999,637,947,516,870,479,992,447,1000,267,997,161,993,70,922,433,931,236,933,111,934,0,855,454,863,275,870,160,876,60,785,507,799,372,809,280,815,200
1786207505.441,847,847,946,777,999,639,949,516,872,479,992,447,1000,267,998,162,993,71,922,434,930,237,932,112,934,0,856,456,863,276,871,160,877,60,787,510,799,374,809,281,816,199
1786207505.617,844,844,944,776,998,638,943,520,863,491,993,451,1000,272,997,168,992,77,921,435,928,237,930,113,932,0,854,457,862,276,871,161,877,58,784,511,800,377,811,283,817,201
1786207505.805,841,841,940,775,997,638,946,517,868,484,992,447,1000,269,996,163,990,72,922,431,930,236,930,111,930,0,855,453,861,274,868,158,873,59,785,506,798,370,808,276,814,195
1786207505.975,843,843,942,774,998,637,944,517,864,487,992,447,1000,268,997,162,992,71,921,430,930,234,931,110,932,0,855,451,863,273,869,156,874,57,786,505,799,370,808,277,814,197
1786207506.160,843,843,943,776,997,638,946,516,870,479,992,448,1000,269,997,163,993,72,921,433,930,236,932,111,934,0,854,454,862,274,870,159,876,59,784,506,798,371,808,279,814,200
1786207506.336,841,841,940,776,995,639,945,515,868,481,993,447,1000,268,996,163,989,72,922,432,930,235,931,111,931,0,855,453,864,273,871,156,876,56,785,506,801,372,810,279,815,198
1786207506.546,845,845,945,777,999,637,945,516,865,488,993,450,1000,268,997,164,992,73,921,436,930,238,934,114,936,0,854,458,863,278,872,161,878,59,783,512,800,376,810,282,816,200
1786207506.693,841,841,941,779,995,638,941,518,860,492,993,446,1000,266,996,161,990,71,921,432,929,237,931,113,931,0,853,455,862,276,869,160,873,58,782,510,799,376,809,282,815,200
1786207506.864,841,841,939,775,993,639,948,514,874,472,991,449,1000,268,998,161,993,69,922,436,930,240,932,114,932,0,854,457,862,277,870,160,875,57,784,509,800,374,810,280,816,198
1786207507.049,840,840,938,778,992,639,940,518,862,489,992,448,1000,266,996,162,990,72,920,434,929,238,930,113,930,0,851,457,859,276,867,160,872,59,780,512,796,377,807,282,813,198
1786207507.225,844,844,943,776,998,637,949,512,875,473,993,447,1000,268,996,162,990,71,923,432,931,237,933,112,933,0,857,453,863,274,870,157,874,56,788,506,801,371,809,278,815,196
1786207507.415,844,844,942,776,998,637,944,516,864,485,992,444,1000,269,997,166,992,76,921,429,930,235,933,112,934,0,854,451,862,274,869,159,875,58,786,506,801,372,813,279,820,198
1786207507.584,843,843,941,779,995,642,944,521,869,482,991,449,1000,269,997,163,991,72,921,434,930,236,931,111,930,0,854,456,862,275,869,158,874,58,784,509,798,372,808,278,814,196
1786207507.759,842,842,940,779,996,642,949,519,873,480,990,446,1000,267,998,161,994,70,920,433,930,239,932,112,931,0,854,456,861,278,867,161,871,61,784,509,798,375,809,281,815,200
1786207507.942,842,842,940,777,995,638,944,519,868,485,991,445,1000,265,997,158,992,67,920,432,930,237,931,112,931,0,853,455,860,278,866,160,869,59,782,510,796,376,805,282,810,200
1786207508.122,842,842,942,778,997,638,946,516,869,481,991,444,1000,265,997,159,993,69,921,432,930,236,932,111,933,0,854,454,862,275,869,158,873,58,784,508,799,373,809,279,815,197
1786207508.292,840,840,938,775,994,637,945,515,869,477,989,444,1000,264,998,159,994,69,919,431,931,234,932,111,932,0,853,454,863,274,871,160,876,60,782,507,798,372,809,278,816,196
1786207508.437,840,840,938,776,993,639,944,517,868,482,990,447,1000,266,997,160,992,69,920,433,929,237,930,112,930,0,853,456,860,275,867,159,873,59,784,510,798,375,810,280,816,197
1786207508.601,840,840,938,773,993,635,941,515,863,483,990,441,1000,263,997,159,992,69,920,428,930,234,932,111,932,0,853,452,861,273,868,159,873,60,783,506,798,371,809,277,816,195
1786207508.768,840,840,938,777,994,638,944,517,866,484,990,443,1000,264,998,158,994,68,919,430,930,236,932,111,933,0,852,453,860,275,867,159,872,60,782,508,797,372,808,279,814,197
1786207508.945,841,841,939,775,994,639,945,519,869,483,991,446,1000,266,997,161,990,70,921,433,929,237,930,112,929,0,853,456,860,276,866,161,871,61,783,509,798,374,809,279,816,197
1786207509.124,841,841,938,775,994,638,944,518,867,482,991,447,1000,267,997,161,990,70,921,433,929,236,929,111,928,0,854,454,861,275,867,160,871,60,783,507,798,371,809,277,815,196
1786207509.313,842,842,940,777,995,640,945,517,865,484,991,446,1000,266,997,161,990,70,920,432,929,236,929,112,927,0,853,455,861,276,867,161,870,60,783,509,798,373,809,278,815,195
1786207509.491,846,846,944,775,996,637,943,518,866,482,989,442,1000,264,998,160,994,70,919,430,929,234,932,111,932,0,852,454,860,275,868,159,874,58,782,511,797,375,808,281,816,198
1786207509.677,841,841,939,776,994,638,945,518,870,480,989,443,1000,263,997,159,991,68,919,431,929,236,930,111,929,0,852,455,860,275,867,159,872,57,782,511,797,376,808,280,815,197
1786207509.854,843,843,939,779,995,645,951,521,880,475,991,452,1000,269,997,160,991,67,923,439,931,241,932,112,932,0,857,462,862,278,867,160,871,58,788,514,801,377,810,281,816,197
1786207510.026,840,840,937,777,994,641,946,519,870,481,990,443,1000,266,998,160,993,69,920,429,929,237,930,111,930,0,854,451,860,274,865,158,869,56,784,505,798,370,808,277,815,196
1786207510.201,841,841,937,775,993,638,944,519,867,480,989,440,1000,262,998,155,992,63,920,426,929,234,929,110,928,0,854,449,860,272,864,157,868,57,785,504,798,369,808,277,814,196
1786207510.370,841,841,938,773,993,640,948,520,874,478,990,441,1000,265,998,160,994,69,920,427,930,237,932,112,932,0,854,450,862,276,869,160,874,58,784,505,798,371,809,279,816,198
1786207510.569,838,838,936,776,993,639,946,515,868,481,990,445,1000,266,997,160,991,69,919,431,928,237,929,112,928,0,852,452,859,276,865,160,869,58,783,505,797,370,807,276,812,194
1786207510.730,841,841,939,779,995,640,945,518,866,487,991,446,1000,267,997,160,991,68,921,432,928,238,929,112,928,0,854,455,858,276,863,157,866,55,786,510,799,374,808,279,812,195
1786207510.913,840,840,939,774,995,635,946,513,872,474,991,448,1000,269,997,164,991,73,921,432,930,236,931,111,930,0,854,452,863,274,870,158,875,58,784,503,799,368,809,275,816,194
1786207511.090,843,843,940,775,994,637,942,518,865,484,991,451,1000,271,997,166,993,74,922,435,932,236,934,112,936,0,855,454,866,276,874,162,881,62,786,504,800,369,810,277,817,198
1786207511.318,804,804,906,774,971,660,959,540,940,440,964,492,988,310,997,178,1000,63,901,465,926,275,935,129,938,0,836,464,859,281,869,143,874,25,767,486,783,343,799,236,811,142
1786207511.530,815,815,920,746,979,617,932,492,849,447,983,457,999,277,1000,163,996,65,914,434,930,243,933,112,934,0,846,441,862,263,872,141,880,40,776,475,792,334,807,234,821,151
1786207511.695,806,806,910,752,972,617,926,489,837,452,976,460,996,282,1000,163,1000,64,909,437,931,249,938,116,941,0,841,443,865,266,879,141,890,37,768,476,790,334,806,233,819,149
1786207511.881,800,800,902,744,968,611,926,478,836,438,970,463,994,286,1000,165,1000,62,903,438,929,255,938,120,944,0,836,441,862,268,878,137,890,28,763,468,786,328,801,226,813,139
1786207512.044,799,799,903,749,970,617,929,485,840,445,977,453,997,276,1000,162,999,67,909,427,930,241,938,111,943,0,842,432,866,259,882,138,893,37,770,464,792,329,808,231,819,146
1786207512.212,803,803,907,749,972,617,931,483,847,442,980,453,998,277,1000,164,997,67,911,427,932,243,939,113,943,0,845,433,868,261,881,140,891,38,775,469,796,334,811,237,822,154
1786207665.202,848,848,948,763,1000,635,967,509,914,430,982,433,985,258,968,156,946,71,908,406,899,208,882,91,868,0,841,416,824,238,812,130,802,46,778,459,762,325,753,243,748,174
1786207665.414,849,849,951,770,1000,641,969,511,918,424,984,435,990,256,973,153,952,67,910,405,903,207,888,90,873,0,843,412,826,232,816,125,805,42,778,454,763,319,754,237,750,169
1786207665.584,846,846,944,775,990,645,960,511,913,422,992,440,1000,258,986,152,968,66,919,406,915,210,902,92,888,0,851,411,839,232,830,126,822,42,785,450,773,314,765,233,760,166
1786207665.752,816,816,914,755,972,629,918,497,842,427,982,439,1000,263,998,154,991,62,911,397,920,212,915,93,909,0,843,395,851,222,852,119,851,35,771,428,772,294,770,215,770,146
1786207665.913,802,802,904,756,961,639,906,509,832,441,973,454,999,280,1000,168,995,76,906,405,925,217,928,95,928,0,840,395,855,222,859,114,862,26,770,422,775,292,778,211,782,141
1786207666.097,801,801,897,759,953,651,908,522,849,443,973,451,999,275,1000,167,996,77,907,406,926,215,928,94,929,0,843,399,857,224,862,116,867,29,775,427,778,293,779,212,782,143
1786207666.284,818,818,935,745,1000,635,972,508,916,430,973,437,981,266,965,166,947,79,902,407,899,213,885,95,873,0,836,412,825,227,817,109,808,16,769,447,762,300,759,209,759,130
1786207666.463,835,835,941,754,1000,628,964,495,909,417,955,421,957,247,934,151,907,69,887,401,872,206,851,93,832,0,829,415,804,238,789,131,774,47,775,461,753,321,741,240,735,169
1786207666.650,711,711,798,667,871,608,941,594,1000,605,838,357,876,212,890,123,898,43,767,329,767,164,758,73,747,0,701,342,685,196,675,111,664,40,640,387,605,282,580,216,563,158
1786207666.825,669,669,771,657,859,624,939,639,1000,679,813,338,850,197,868,103,881,22,743,308,746,155,749,68,749,0,678,322,670,192,669,111,664,44,620,369,579,279,555,216,537,159
1786207666.986,690,690,784,664,868,604,941,584,1000,602,818,342,857,199,873,107,883,29,747,313,749,157,749,67,745,0,680,328,669,189,666,109,664,43,619,375,585,280,562,218,544,164
1786207667.163,815,815,921,758,982,644,976,511,946,417,981,446,1000,277,991,171,977,81,920,406,934,218,929,98,922,0,859,401,869,226,869,117,866,27,793,427,802,297,806,218,809,151
1786207667.317,800,800,907,748,978,629,948,484,893,393,980,445,1000,272,987,169,966,79,918,402,932,214,925,97,915,0,858,394,866,221,864,116,859,26,792,418,798,285,800,211,804,145
1786207667.461,804,804,908,749,977,628,935,482,866,397,984,448,1000,276,986,173,966,82,918,404,929,217,921,100,911,0,856,398,863,225,861,119,856,28,786,423,794,289,798,212,802,143
1786207667.641,790,790,897,730,964,620,943,492,889,412,950,424,986,266,996,168,1000,85,878,382,887,196,885,86,881,0,812,384,810,218,811,115,810,34,745,422,729,305,719,231,712,167
1786207667.811,654,654,770,623,871,555,948,486,1000,424,787,301,818,171,828,99,832,36,714,272,712,132,708,60,702,0,649,284,634,156,627,83,616,24,588,323,544,234,515,174,494,122
1786207668.008,697,697,810,654,905,578,970,504,1000,427,820,316,848,182,857,107,861,41,745,292,742,142,737,63,729,0,678,309,661,174,653,95,643,31,616,355,571,262,541,201,519,149
1786207668.173,847,847,951,764,1000,633,967,511,917,429,969,427,957,250,934,146,908,58,894,408,878,215,858,94,839,0,826,425,809,247,794,135,781,46,757,476,740,340,728,259,719,190
1786207668.343,831,831,939,751,1000,623,939,489,860,420,977,426,982,260,964,159,941,70,903,395,904,216,889,101,875,0,838,402,838,233,831,128,820,36,773,441,772,316,774,242,775,174
1786207668.537,831,831,935,769,1000,646,966,516,906,429,986,443,987,271,967,170,943,82,915,410,911,223,893,104,876,0,849,415,844,243,833,137,820,44,782,452,779,321,776,247,773,180
1786207668.712,829,829,938,758,1000,632,955,498,885,425,974,424,978,250,961,145,940,55,895,395,883,204,865,92,850,0,827,409,809,235,798,131,787,46,762,458,745,325,732,247,723,178
1786207668.898,673,673,787,638,883,572,957,509,1000,444,810,314,842,177,853,98,858,28,740,286,744,137,743,60,740,0,673,298,665,160,662,84,656,22,610,336,575,241,551,179,533,129
1786207669.064,667,667,776,630,872,558,949,492,1000,430,791,305,812,172,816,97,816,32,723,282,724,137,721,62,716,0,660,296,649,165,643,91,635,28,600,335,564,242,540,185,520,136
1786207669.238,681,681,793,638,887,565,957,496,1000,429,810,312,828,174,828,96,825,27,740,288,740,140,736,63,729,0,676,301,666,165,660,87,652,22,614,342,577,248,552,190,532,140
1786207669.414,841,841,949,760,1000,631,955,495,895,413,969,424,964,248,940,149,912,69,892,399,877,207,856,92,838,0,824,415,803,240,788,132,775,46,759,463,741,333,729,255,721,189
1786207669.591,831,831,937,760,1000,631,961,495,893,420,985,436,988,266,965,164,937,78,915,399,911,216,892,98,873,0,851,398,842,228,831,124,817,37,785,431,779,301,776,226,773,161
1786207669.781,837,837,941,773,1000,642,962,507,896,430,997,445,1000,272,976,173,945,85,927,409,925,220,908,101,889,0,862,412,855,238,844,134,831,46,796,449,793,314,789,239,786,175
1786207669.959,837,837,942,773,1000,645,969,512,913,429,997,451,998,276,975,174,945,86,928,415,924,224,906,103,886,0,862,417,855,241,843,136,829,46,796,450,792,316,788,241,784,175
1786207670.149,740,740,853,704,938,634,987,583,1000,525,896,363,945,215,966,121,980,39,818,326,833,162,834,70,831,0,742,338,733,189,727,98,719,25,669,388,629,288,602,220,580,163
1786207670.326,630,630,739,604,837,548,930,533,1000,530,761,292,797,169,813,97,821,33,694,264,697,130,698,58,694,0,632,277,622,159,619,91,611,33,574,320,535,241,511,184,492,136
1786207670.486,633,633,740,609,837,554,928,545,1000,549,764,297,798,174,815,100,823,37,696,269,699,133,700,59,696,0,635,284,625,164,623,95,615,36,577,329,540,248,517,191,498,142
1786207670.666,686,686,794,644,885,573,952,541,1000,535,824,316,863,181,878,99,886,27,751,288,752,140,747,60,739,0,682,303,671,169,666,88,654,23,619,351,577,263,550,202,527,150
1786207670.838,846,846,952,767,1000,642,992,521,969,427,984,439,979,266,956,164,929,77,915,414,904,222,883,101,866,0,849,422,836,243,822,130,809,34,783,462,778,326,773,243,770,169
1786207671.038,843,843,944,771,997,645,964,521,907,439,1000,449,999,271,974,166,942,77,930,415,922,224,899,103,877,0,863,418,852,240,837,131,822,37,796,453,788,318,783,238,782,168
1786207671.205,841,841,936,778,990,652,942,517,878,430,1000,458,999,278,975,171,944,81,929,420,922,227,901,105,879,0,862,420,853,241,838,134,822,41,794,452,788,317,784,239,781,170
1786207671.380,841,841,937,779,988,655,949,523,893,432,998,459,1000,279,977,172,946,82,928,421,922,228,900,105,879,0,862,422,852,244,837,135,821,41,796,455,789,320,784,242,780,172
1786207671.569,782,782,886,735,959,644,967,544,934,470,928,421,974,261,991,162,1000,75,851,384,856,198,852,86,843,0,777,393,767,226,761,120,752,36,707,439,675,321,652,245,634,178
1786207671.739,672,672,770,665,860,629,936,607,1000,586,818,355,864,218,887,128,902,50,753,315,767,162,772,72,771,0,688,322,686,183,685,97,681,25,628,361,594,267,572,201,553,142
1786207671.911,676,676,775,666,864,623,938,598,1000,578,815,349,858,213,880,123,893,47,749,314,759,160,762,70,760,0,684,324,681,185,680,99,677,28,625,367,591,269,568,202,550,142
1786207672.088,806,806,909,743,965,618,947,490,910,412,952,427,985,265,996,167,1000,82,878,388,887,196,887,84,881,0,804,396,799,224,798,121,794,40,730,441,703,317,683,242,665,179
1786207672.292,838,838,939,777,1000,659,966,533,907,451,995,446,999,271,978,164,948,72,927,413,930,225,916,102,899,0,863,416,864,240,856,131,844,39,794,449,797,315,797,235,794,166
1786207672.467,832,832,928,779,979,666,940,540,879,453,993,458,1000,283,980,175,954,81,926,418,931,228,919,104,906,0,863,416,863,241,856,132,847,39,797,445,797,313,797,233,796,166
1786207672.641,831,831,932,775,986,658,948,532,885,452,989,458,1000,283,983,174,958,79,923,418,929,230,918,105,904,0,860,414,862,242,854,134,843,42,794,442,795,311,795,233,793,168
1786207672.810,834,834,935,780,990,667,965,543,914,458,993,459,1000,283,982,173,956,80,927,421,931,228,920,103,907,0,864,419,866,241,858,129,848,36,798,450,799,317,799,236,798,167
1786207673.014,824,824,926,768,982,654,951,528,897,444,987,464,1000,287,983,176,958,82,922,420,930,228,920,104,908,0,860,413,862,237,856,126,847,34,795,439,797,305,798,225,797,158
1786207673.159,832,832,929,776,979,660,955,532,908,442,989,454,1000,283,985,174,962,82,922,416,928,225,919,101,907,0,857,415,860,238,855,129,846,38,789,445,792,313,794,233,795,165
1786207673.338,840,840,940,780,991,666,976,538,950,445,994,455,1000,279,981,173,955,82,928,416,928,223,915,100,901,0,865,413,861,236,852,127,842,36,802,444,801,312,798,234,797,166
1786207673.522,840,840,948,760,1000,642,959,512,902,437,975,436,975,263,949,161,917,74,916,408,901,217,881,99,858,0,863,417,844,239,830,127,811,37,810,458,796,319,787,237,777,166
1786207673.715,824,824,934,763,991,648,981,531,940,446,987,447,1000,274,988,165,969,71,924,406,930,218,922,98,913,0,859,398,859,216,858,102,854,9,792,423,793,284,795,199,798,126
1786207673.889,794,794,890,764,949,675,921,553,880,468,977,471,1000,300,998,188,987,92,914,426,938,234,945,106,949,0,850,419,869,239,877,126,883,30,779,442,791,309,801,227,812,155
1786207674.055,796,796,889,762,950,657,924,531,871,451,974,468,997,307,1000,199,995,103,914,422,942,242,951,112,956,0,851,412,874,239,884,125,891,24,776,433,796,306,810,226,823,154
1786207674.229,798,798,891,772,951,664,918,532,863,443,972,470,996,306,1000,195,995,96,914,423,942,237,951,110,957,0,853,416,874,239,881,126,887,26,781,438,797,307,808,227,818,156
1786207674.407,781,781,869,761,935,674,910,553,868,464,966,471,993,311,1000,201,999,104,908,418,935,231,945,107,954,0,846,405,866,229,875,117,884,18,774,426,789,295,798,216,807,144
1786207674.586,673,673,772,670,862,622,938,597,1000,592,846,364,904,233,936,148,959,73,784,317,814,164,826,72,831,0,719,313,732,171,740,86,747,17,654,341,639,229,629,157,623,95
1786207674.757,624,624,730,620,832,585,926,569,1000,565,784,324,826,197,847,115,862,42,721,290,733,148,742,68,746,0,660,295,662,165,666,86,667,19,602,329,579,227,566,156,559,94
1786207674.906,628,628,732,627,834,593,928,581,1000,580,790,326,833,200,856,118,870,46,726,289,739,146,749,66,755,0,664,292,667,162,673,85,674,20,605,324,580,225,566,156,556,95
1786207675.074,784,784,893,755,961,647,962,513,937,419,963,438,993,276,1000,172,1000,85,895,389,916,203,923,89,927,0,829,381,843,210,854,105,862,22,763,406,774,275,782,195,792,127
1786207675.237,787,787,886,754,949,652,915,521,861,434,976,459,1000,287,997,177,986,82,915,411,937,220,937,99,933,0,854,402,868,226,871,114,872,22,786,424,802,288,810,204,819,130
1786207675.412,787,787,887,758,954,648,911,509,845,426,977,459,1000,290,997,179,988,82,913,410,934,222,935,100,932,0,852,401,863,228,867,119,868,25,783,424,798,290,808,207,817,134
1786207675.595,770,770,863,740,928,647,931,536,910,452,951,447,984,290,995,186,1000,98,883,398,895,209,899,92,903,0,816,389,823,211,830,101,836,12,749,412,758,276,763,193,772,119
1786207675.748,653,653,762,648,864,608,941,591,1000,587,820,342,872,211,899,127,917,55,754,299,776,150,784,65,785,0,688,300,694,162,698,79,697,12,624,334,597,228,578,156,565,95
1786207675.892,624,624,730,613,832,575,927,564,1000,566,774,316,816,196,835,118,847,47,710,284,717,142,723,64,725,0,649,290,647,162,647,85,644,20,591,327,560,234,542,165,529,106
1786207676.069,627,627,731,617,831,579,926,572,1000,579,777,318,818,194,838,113,849,41,713,286,722,144,729,65,731,0,651,295,650,164,652,86,649,21,593,333,563,238,545,169,531,108
1786207676.244,631,631,736,623,837,580,928,559,1000,554,783,321,824,199,844,117,855,46,719,287,730,146,737,66,740,0,657,294,656,163,658,83,656,16,598,331,569,234,551,166,538,106
1786207676.441,801,801,907,771,977,665,977,531,956,433,982,436,1000,268,990,166,974,81,922,395,934,208,929,93,920,0,862,393,870,218,870,109,867,20,797,423,806,286,810,205,816,133
1786207676.623,780,780,882,753,951,655,926,519,881,427,978,459,1000,290,992,184,976,93,918,409,936,216,933,96,926,0,859,398,868,220,870,110,869,19,793,418,804,284,810,205,816,135
1786207676.793,791,791,890,757,953,651,921,517,873,429,976,457,1000,289,992,181,975,89,915,411,932,217,928,97,920,0,853,404,863,225,863,116,861,26,787,429,796,293,800,214,806,142
1786207676.975,786,786,883,754,955,659,961,544,940,455,966,435,996,272,1000,169,998,83,892,391,900,199,898,87,897,0,822,388,821,213,822,107,824,22,753,419,752,284,749,204,752,133
1786207677.142,628,628,734,626,839,590,929,565,1000,554,792,326,835,198,857,115,871,41,728,289,741,145,750,65,754,0,665,293,668,161,672,83,672,18,605,326,581,226,566,158,556,98
1786207677.322,630,630,735,627,836,591,928,579,1000,577,783,325,823,197,844,115,858,44,720,291,731,147,741,66,747,0,659,298,662,169,667,91,670,27,601,335,574,239,559,172,548,112
1786207677.499,653,653,761,653,861,609,939,567,1000,533,805,337,846,209,867,124,880,52,740,300,755,153,762,67,763,0,676,306,677,174,680,93,679,28,614,344,584,251,565,185,551,127
1786207677.669,756,756,857,706,913,609,901,501,867,427,920,405,971,250,990,152,1000,70,845,362,864,184,870,79,868,0,771,363,769,201,771,107,771,34,699,400,673,282,656,208,645,146
1786207677.881,740,740,836,708,897,612,854,490,795,413,926,437,972,278,990,173,1000,83,862,383,892,196,902,86,909,0,798,374,812,198,820,91,826,4,729,401,723,269,718,184,716,109
1786207678.064,767,767,864,736,924,634,878,508,815,428,954,451,990,284,999,175,1000,82,889,397,915,208,923,92,929,0,825,387,838,210,845,103,853,14,755,416,753,284,748,201,748,127
1786207678.213,778,778,872,746,933,651,894,531,837,448,960,447,994,280,1000,172,1000,80,895,397,917,207,923,91,927,0,830,392,838,216,844,108,850,20,761,424,759,292,755,210,754,137
1786207678.392,749,749,867,703,954,620,998,516,1000,427,931,411,968,260,973,169,975,89,867,369,889,189,894,85,899,0,804,363,810,193,819,92,825,10,738,388,737,255,734,175,738,106
1786207678.570,667,667,783,638,882,573,960,496,1000,416,835,343,865,216,870,142,872,74,773,305,782,153,781,71,782,0,711,300,711,152,713,71,713,3,650,323,637,205,628,134,627,72
1786207678.741,680,680,796,653,898,581,970,503,1000,423,859,346,889,215,892,139,891,69,796,310,802,155,799,72,799,0,733,308,733,158,736,75,738,5,670,333,661,212,656,138,659,73
1786207678.920,773,773,877,748,946,658,947,535,928,444,969,457,1000,289,998,182,989,88,913,406,942,218,945,98,945,0,855,391,876,217,882,104,883,12,789,406,808,278,818,200,826,132
1786207679.099,774,774,873,749,939,644,902,507,842,422,967,457,999,297,1000,189,991,92,908,401,938,218,944,100,944,0,849,386,869,217,877,111,879,19,782,405,804,278,815,202,824,133
1786207679.301,774,774,873,752,944,645,908,505,847,416,970,456,1000,292,1000,183,992,85,911,403,938,219,942,100,940,0,852,390,870,220,876,111,878,18,783,410,802,280,812,203,819,132
1786207679.459,758,758,852,735,918,643,892,514,841,431,942,454,981,296,995,190,1000,102,877,399,903,209,912,91,916,0,813,386,828,213,838,102,844,14,745,408,762,280,772,202,782,132
1786207679.638,668,668,777,667,883,626,955,577,1000,540,853,352,910,225,940,139,960,62,784,304,813,154,825,67,829,0,716,300,728,159,735,76,737,11,646,331,631,215,618,137,611,72
1786207679.823,631,631,743,630,848,596,937,569,1000,545,802,324,850,202,874,126,889,56,739,285,756,142,768,64,774,0,677,286,682,155,690,80,691,18,615,316,592,214,578,143,569,83
1786207679.988,668,668,778,663,877,627,952,593,1000,549,840,345,891,220,916,138,930,65,774,301,795,153,804,68,808,0,707,302,713,165,718,81,719,12,641,336,615,232,598,159,586,96
1786207680.164,715,715,832,713,934,680,1000,623,1000,539,902,370,953,232,978,143,993,64,830,326,849,165,858,73,864,0,757,327,761,178,766,86,766,13,686,363,660,250,642,171,629,105
1786207680.355,725,725,837,682,905,580,887,462,838,384,903,388,959,246,984,158,1000,82,830,339,859,172,869,73,870,0,757,335,768,178,775,87,778,16,680,366,660,253,645,179,635,117
1786207680.547,768,768,867,739,938,644,909,519,853,434,955,445,990,281,998,176,1000,87,889,390,915,203,923,89,928,0,824,378,837,205,847,99,853,13,756,402,763,275,765,198,766,131
1786207680.726,790,790,891,760,963,661,925,532,861,451,976,454,1000,288,993,180,981,86,913,405,933,216,933,97,930,0,851,396,864,223,865,115,864,23,782,421,794,294,798,218,801,151
1786207680.885,791,791,893,759,965,662,929,535,866,455,977,450,1000,281,994,173,982,80,914,403,932,215,931,97,928,0,851,397,863,225,865,117,865,27,783,424,793,295,797,218,802,149
1786207681.065,709,709,817,687,911,622,973,566,1000,509,892,375,948,238,974,147,989,65,824,330,847,168,855,74,858,0,753,328,760,173,764,77,763,0,682,362,656,242,640,159,628,90
1786207681.251,644,644,756,626,855,564,941,503,1000,443,797,315,820,188,819,117,812,52,733,284,736,141,732,65,730,0,671,285,671,149,671,75,671,13,611,314,595,207,584,140,580,83
1786207681.412,669,669,783,646,879,571,951,498,1000,438,829,325,849,197,845,124,838,57,766,296,767,150,761,70,758,0,706,300,702,161,703,84,704,18,648,328,641,217,638,152,642,95
1786207681.588,805,805,914,761,983,658,976,534,943,442,981,443,1000,273,990,169,973,80,917,405,930,216,926,98,920,0,854,404,861,228,861,118,859,27,787,433,794,298,798,217,805,146
1786207681.789,801,801,905,764,974,651,937,514,872,431,981,451,1000,282,994,174,980,82,917,407,934,217,932,98,927,0,856,403,864,228,866,119,866,27,789,433,798,298,804,217,809,145
1786207681.958,802,802,905,763,975,649,941,512,879,427,982,449,1000,277,991,171,977,80,918,407,933,216,930,97,924,0,856,406,863,229,864,120,862,28,789,435,798,299,803,218,809,145
1786207682.148,747,747,850,726,933,659,951,565,927,482,923,417,971,274,990,180,1000,99,851,372,868,191,874,84,875,0,783,368,789,204,795,100,798,17,716,399,708,276,702,199,699,130
1786207682.312,655,655,765,655,868,616,945,569,1000,522,824,345,874,215,898,131,912,55,759,305,779,153,788,68,792,0,694,307,700,166,704,81,703,12,630,339,609,231,595,157,586,93
1786207682.492,653,653,762,656,864,620,946,579,1000,529,822,344,870,213,895,128,910,53,757,303,776,153,787,69,792,0,692,304,698,165,704,80,704,9,629,336,607,229,591,156,581,92
1786207682.676,736,736,852,718,948,641,986,556,964,488,910,392,962,250,985,157,1000,77,840,351,862,178,870,77,873,0,769,353,778,194,788,98,794,23,699,388,684,271,676,195,672,130
1786207682.837,788,788,893,742,961,633,936,508,880,425,968,441,998,272,1000,165,995,73,900,397,917,207,916,91,914,0,832,393,840,216,844,107,844,19,762,425,763,293,761,213,759,144
1786207683.032,796,796,903,746,967,625,929,486,866,406,975,445,1000,270,995,161,982,69,908,401,922,209,918,91,912,0,844,398,846,220,847,112,847,25,776,429,774,294,771,216,771,148
1786207683.208,797,797,907,749,977,631,942,492,876,412,977,446,1000,274,993,166,979,74,911,402,924,209,920,92,914,0,848,396,850,218,851,110,849,21,781,426,782,291,780,214,780,145
1786207683.385,717,717,835,703,936,631,987,550,973,478,905,368,959,229,983,138,1000,53,832,325,843,164,848,76,849,4,759,328,755,174,756,77,751,0,688,365,659,247,642,165,628,95
1786207683.558,653,653,769,646,874,603,953,550,1000,483,822,325,870,199,894,117,909,44,755,286,768,143,775,65,780,0,689,289,689,155,692,75,691,10,625,322,598,219,581,147,569,86
1786207683.735,679,679,795,660,893,601,964,538,1000,464,846,344,898,213,923,129,938,52,778,303,791,154,798,70,801,0,709,306,708,166,710,81,709,9,644,341,613,237,593,164,580,101
1786207683.918,761,761,875,701,943,596,932,478,894,396,932,389,977,232,992,132,1000,44,857,349,872,174,873,76,870,0,784,353,783,190,784,92,784,14,710,393,685,276,669,201,660,136
1786207684.087,772,772,869,738,940,634,923,499,871,398,961,439,996,274,1000,165,998,70,895,385,913,194,911,87,908,0,831,373,832,196,833,90,830,3,765,397,764,264,760,188,756,121
1786207684.277,783,783,882,745,951,633,926,490,868,396,971,448,1000,279,1000,169,994,76,905,398,920,202,917,90,913,0,842,390,845,208,846,100,843,12,776,418,777,282,775,204,774,135
1786207684.466,784,784,883,750,949,635,930,494,879,399,972,449,1000,279,1000,171,994,80,908,402,920,207,915,92,908,0,846,395,848,213,850,103,849,13,781,422,780,286,777,206,777,136
1786207684.635,786,786,884,747,952,629,929,485,871,391,974,451,1000,283,999,175,991,82,910,404,921,208,915,92,909,0,848,397,851,216,852,106,851,14,782,425,784,292,782,214,781,143
1786207684.815,761,761,862,718,931,615,930,495,898,409,939,429,982,281,995,184,1000,98,876,384,886,202,884,90,878,0,814,379,816,206,820,96,818,9,750,408,746,278,743,195,741,122
1786207684.991,690,690,789,695,882,663,951,627,1000,594,873,387,935,253,968,162,990,80,809,336,842,175,855,77,857,0,742,330,756,180,763,85,761,10,673,358,655,242,641,161,630,91
1786207685.168,737,737,840,730,928,685,983,626,1000,553,909,403,936,248,946,148,950,59,843,361,864,193,872,87,875,0,776,360,788,199,794,94,795,11,706,392,695,268,687,183,682,109
1786207685.341,782,782,889,720,965,619,994,518,1000,426,883,374,867,216,844,126,820,42,812,358,789,189,768,88,749,0,749,375,726,214,711,115,696,29,690,421,669,298,656,226,649,160
1786207685.519,804,804,914,723,981,601,1000,479,1000,379,880,369,838,211,801,128,764,48,809,369,761,191,726,89,697,0,749,401,703,237,675,139,652,55,697,459,662,334,642,260,629,194
1786207685.711,836,836,943,742,1000,605,980,468,932,378,956,388,952,220,930,131,904,49,890,373,882,191,864,89,845,0,828,394,818,217,805,112,791,22,767,445,754,306,747,226,742,154
1786207685.889,825,825,937,761,1000,634,979,506,930,429,993,440,998,273,977,169,950,76,932,408,930,221,913,101,896,0,871,412,863,238,855,128,846,35,805,448,803,311,799,233,798,162
1786207686.059,813,813,917,763,984,646,971,520,932,431,991,445,1000,272,980,167,956,73,928,410,931,219,916,100,902,0,865,410,864,236,856,127,849,32,798,438,798,302,795,223,795,152
1786207686.231,812,812,912,771,979,655,961,526,916,434,988,450,1000,280,985,173,965,80,924,410,930,220,921,100,910,0,861,408,862,232,858,122,852,29,792,437,795,298,795,219,794,149
1786207686.417,788,788,886,758,957,657,939,526,887,431,976,460,1000,289,999,178,988,82,915,415,936,229,939,104,934,0,852,406,867,229,874,114,876,18,780,423,794,284,802,201,809,129
1786207686.591,767,767,862,759,935,659,913,522,860,429,967,468,996,305,1000,194,996,96,907,417,934,231,940,105,940,0,845,406,865,231,873,117,879,20,771,424,789,287,799,203,809,126
1786207686.764,777,777,875,756,949,651,920,512,858,421,973,465,1000,299,1000,189,991,92,911,416,937,231,941,106,938,0,847,408,866,232,873,118,878,19,772,430,787,293,794,207,802,128
1786207686.948,784,784,881,759,953,652,923,519,861,431,979,467,1000,297,996,187,983,89,917,423,937,235,936,107,930,0,854,417,870,241,873,127,875,30,781,440,795,302,801,218,807,140
1786207687.120,780,780,878,752,951,648,919,514,858,425,975,466,1000,298,996,187,984,90,912,418,932,228,933,104,931,0,849,410,863,232,866,119,868,23,780,433,792,300,797,219,802,148
1786207687.289,785,785,881,759,954,654,926,518,864,428,977,466,1000,296,995,184,981,87,915,419,935,230,935,105,930,0,853,411,867,234,870,122,872,25,781,435,793,297,797,214,802,139
1786207687.445,786,786,883,762,958,658,938,527,882,437,978,462,1000,294,994,184,981,88,917,419,937,230,936,105,932,0,855,414,868,240,871,125,874,26,785,438,797,304,802,223,807,150
1786207687.665,782,782,878,767,952,653,926,515,864,427,979,464,1000,295,996,185,983,87,917,416,936,229,935,105,930,0,854,408,868,236,871,123,873,25,783,431,796,296,801,217,806,145
1786207687.841,775,775,872,755,944,657,924,528,873,433,973,459,1000,292,994,182,980,86,912,411,938,226,938,103,934,0,852,402,866,233,871,121,874,27,784,423,797,290,801,210,805,137
1786207688.034,785,785,884,759,954,649,928,515,871,425,977,457,1000,288,996,178,984,81,918,413,938,224,939,102,936,0,857,407,870,234,874,124,878,29,788,433,799,302,803,224,809,152
1786207688.202,784,784,881,760,951,647,922,512,862,425,976,465,1000,294,996,182,984,86,915,419,933,225,934,102,933,0,852,414,865,234,869,121,872,24,783,439,794,303,798,224,804,151
1786207688.373,776,776,874,752,945,645,915,510,857,422,972,470,1000,303,998,190,988,93,909,418,929,225,930,101,927,0,845,410,859,233,862,120,864,24,777,435,789,301,794,220,797,148
1786207688.557,780,780,876,754,948,649,929,520,881,429,976,458,1000,290,995,181,984,87,917,414,935,223,934,102,932,0,856,409,868,235,871,124,874,27,788,433,798,301,801,223,807,152
1786207688.752,784,784,885,754,954,642,928,509,873,418,977,452,1000,281,995,170,983,74,917,412,933,219,933,99,928,0,856,411,866,235,871,125,873,31,789,438,799,303,803,224,810,151
1786207688.902,782,782,883,754,950,641,929,508,878,419,978,448,1000,275,996,165,983,69,917,410,933,218,932,99,924,0,856,407,864,233,870,122,871,26,785,432,796,292,799,211,804,138
1786207689.076,785,785,885,759,954,643,929,510,872,422,977,452,1000,282,996,171,983,76,917,414,933,221,933,101,927,0,857,414,865,238,870,128,873,33,790,442,799,305,803,226,810,152
1786207689.254,783,783,882,759,951,643,926,506,866,418,979,446,1000,275,995,165,983,69,917,407,932,215,932,98,925,0,855,406,863,232,869,124,871,30,785,433,796,295,800,216,806,144
1786207689.445,790,790,890,766,959,653,934,519,878,432,979,458,1000,284,995,173,982,77,917,417,932,220,931,100,926,0,857,413,865,237,870,126,873,31,790,440,800,302,804,222,812,149
1786207689.624,791,791,887,765,958,662,940,536,893,447,979,464,1000,290,995,179,982,84,917,424,931,227,928,102,921,0,856,421,864,243,867,128,869,32,789,447,799,310,802,230,808,157
1786207689.797,788,788,885,764,958,661,943,530,895,438,976,461,1000,288,994,176,981,82,915,421,929,223,928,101,921,0,854,419,862,240,866,129,869,35,788,445,796,308,799,228,805,155
1786207689.974,786,786,884,762,954,651,935,521,885,432,976,459,1000,286,996,174,984,79,915,419,932,222,931,100,926,0,854,416,863,240,868,129,870,35,787,440,797,303,801,224,807,151
1786207690.149,792,792,891,767,958,652,930,518,871,434,977,464,1000,292,995,180,982,85,916,424,930,225,928,101,922,0,856,422,862,242,866,130,868,35,791,449,799,312,803,232,810,159
1786207690.327,788,788,886,760,953,646,926,515,867,431,977,458,1000,287,996,176,984,82,917,417,930,221,930,99,924,0,856,413,863,236,868,127,871,34,790,439,798,304,803,226,810,155
1786207690.470,784,784,881,750,944,637,919,508,868,418,975,452,1000,284,996,175,983,81,915,408,930,217,929,98,925,0,854,400,862,227,867,122,872,32,787,422,795,288,801,213,811,145
1786207690.628,789,789,884,747,943,623,911,491,856,404,974,453,1000,284,999,175,989,78,915,408,937,219,939,100,936,0,853,402,867,228,871,121,873,27,782,427,793,294,798,218,806,150
1786207690.806,785,785,879,748,937,637,914,512,869,421,973,451,1000,280,998,173,988,78,915,407,933,217,932,99,927,0,855,398,866,227,869,123,871,35,789,421,799,287,803,210,810,142
1786207690.987,806,806,912,758,982,638,964,506,911,418,989,434,1000,269,985,164,960,68,926,398,930,221,921,103,905,0,865,397,863,229,861,118,853,25,796,425,794,281,790,194,784,116
1786207691.157,835,835,941,773,1000,640,980,500,936,406,981,428,977,259,954,157,926,68,914,401,897,215,877,97,854,0,854,412,832,239,820,128,805,38,794,454,782,316,772,234,765,163
1786207691.333,837,837,943,765,1000,634,978,502,931,416,977,425,972,258,947,159,916,73,913,401,891,216,869,97,845,0,856,412,831,240,817,129,801,40,799,454,783,317,772,235,763,165
1786207691.531,845,845,950,769,1000,635,986,508,943,418,987,440,986,267,962,162,933,75,922,411,905,217,882,96,859,0,860,419,839,239,826,123,809,32,800,458,785,320,774,237,766,167
1786207691.713,835,835,941,772,1000,640,984,506,937,414,995,437,995,263,976,160,953,71,928,405,917,217,901,99,885,0,864,410,850,231,843,121,834,30,797,446,791,301,786,216,782,141
1786207691.877,782,782,883,748,949,627,925,492,865,406,970,451,997,282,1000,169,995,69,908,404,927,216,930,98,927,0,844,395,852,222,858,116,858,30,772,416,784,274,789,187,795,111
1786207692.064,778,778,878,740,944,624,926,498,872,410,971,439,997,275,1000,165,994,66,909,393,930,212,933,97,930,0,844,384,851,211,859,103,862,14,770,405,781,262,785,175,792,98
1786207692.229,802,802,904,746,967,620,972,503,944,420,977,430,999,266,1000,161,994,69,920,391,933,210,935,95,932,0,859,386,869,211,874,103,874,13,792,413,797,278,801,197,805,127
1786207692.408,814,814,916,754,976,634,964,518,926,435,989,432,1000,265,990,161,973,70,926,395,923,210,915,95,903,0,862,394,858,222,857,119,854,35,794,424,795,289,794,212,796,144
1786207692.590,822,822,928,742,988,606,964,480,903,403,994,437,1000,268,987,162,970,69,927,402,923,217,913,97,903,0,862,403,856,228,854,120,852,31,793,438,793,300,791,221,793,151
1786207692.758,821,821,925,758,984,625,954,496,894,416,993,450,1000,276,988,165,970,71,926,414,925,222,914,97,900,0,861,413,854,231,852,120,848,30,790,443,789,297,786,212,788,138
1786207696.756,678,678,787,632,876,548,944,473,1000,417,829,351,870,213,892,125,908,49,764,319,794,175,814,81,830,0,696,323,702,186,714,99,728,24,627,353,614,244,613,171,617,101
1786207696.943,677,677,788,631,875,546,941,470,1000,416,833,352,874,215,895,129,910,52,769,319,801,176,819,83,833,0,701,323,713,187,725,102,739,26,633,352,627,242,631,169,638,98
1786207697.117,679,679,788,635,876,548,941,472,1000,419,837,359,878,221,898,134,913,57,772,326,803,180,819,84,829,0,705,328,718,191,729,107,740,31,637,354,631,242,633,166,638,93
1786207697.288,716,716,818,665,898,571,952,482,1000,414,867,368,890,224,898,136,900,59,806,343,829,188,841,88,848,0,746,348,761,204,773,114,788,35,681,377,688,262,701,190,715,123
1786207697.461,814,814,925,700,972,534,905,419,822,400,983,411,999,245,1000,148,999,59,915,387,935,209,942,99,947,0,846,392,866,235,880,131,894,48,769,421,789,301,806,219,823,152
1786207697.637,822,822,929,717,981,558,923,437,842,406,988,424,1000,254,1000,153,998,61,920,404,937,219,943,105,949,0,853,414,868,249,880,140,892,48,779,454,795,326,810,241,824,169
1786207697.817,818,818,927,711,979,558,920,445,839,413,988,419,1000,253,999,153,999,60,920,397,938,217,943,107,950,0,854,405,871,243,882,138,897,47,779,443,797,319,813,233,831,158
1786207697.995,715,715,834,671,922,577,970,486,1000,412,872,364,918,215,940,116,954,36,794,333,820,178,835,80,847,0,716,340,720,192,727,97,737,15,641,375,625,260,620,182,619,109
1786207698.181,666,666,777,621,863,548,937,486,1000,443,797,323,838,196,864,110,884,41,723,296,742,158,751,70,758,0,653,308,649,179,651,101,658,37,589,347,563,249,550,183,542,122
1786207698.350,670,670,777,621,864,549,938,488,1000,441,799,325,821,186,833,98,840,27,729,301,739,157,740,69,740,0,663,314,661,176,663,93,668,22,598,352,582,247,580,177,582,109
1786207698.539,760,760,864,692,943,575,978,470,1000,390,902,379,912,221,913,124,913,41,836,360,840,193,844,90,851,0,774,371,781,216,789,119,802,37,710,410,717,292,730,215,744,147
1786207698.709,813,813,919,700,971,554,920,441,843,410,984,412,1000,246,1000,149,999,60,920,390,939,210,943,101,948,0,854,396,871,234,883,132,896,46,779,430,796,308,813,223,830,151
1786207698.917,817,817,921,708,974,563,918,448,836,414,990,415,1000,247,997,148,991,58,923,392,940,210,940,102,939,0,857,397,870,236,878,135,887,48,782,429,797,310,811,230,826,161
1786207699.063,824,824,931,719,979,566,922,447,844,423,984,425,999,253,1000,151,997,60,916,402,934,215,939,101,942,0,848,410,864,238,875,129,886,39,773,447,785,312,796,220,807,144
1786207699.268,683,683,792,656,875,595,941,536,1000,491,827,355,876,223,904,132,923,56,754,322,780,176,798,81,814,0,680,331,682,189,691,100,702,21,611,371,591,260,586,188,587,121
1786207699.414,660,660,768,629,855,566,933,514,1000,477,794,345,837,223,862,145,882,77,723,312,742,170,755,80,767,0,653,320,654,184,659,100,668,24,588,356,570,254,561,189,558,127
1786207699.592,667,667,773,632,859,565,935,512,1000,475,799,345,840,220,864,141,882,74,728,314,747,170,759,78,768,0,658,323,662,188,670,105,682,32,592,361,576,259,567,194,564,133
1786207699.747,677,677,782,643,868,573,938,517,1000,486,815,351,841,216,855,131,866,63,747,325,766,176,776,81,786,0,678,334,686,187,693,94,703,11,610,370,600,256,600,175,606,97
1786207699.899,812,812,922,713,972,557,922,441,858,413,982,413,999,242,1000,144,1000,58,915,388,935,203,943,95,952,0,848,395,870,225,883,121,898,36,771,433,793,306,812,224,831,156
1786207700.076,806,806,913,707,968,556,914,437,826,412,977,414,994,247,997,146,1000,56,913,393,935,214,944,102,954,0,848,401,871,240,885,134,901,43,773,435,795,310,813,226,830,156
1786207700.248,810,810,911,713,963,574,915,459,837,420,980,424,995,254,998,155,1000,65,914,404,935,218,942,106,952,0,849,413,869,245,884,140,901,48,775,450,795,320,812,234,829,161
1786207700.421,764,764,865,720,940,633,966,546,978,480,910,417,955,253,979,155,1000,69,829,383,847,196,863,89,883,0,750,395,735,218,734,111,742,24,678,441,641,315,628,237,625,169
1786207700.620,687,687,794,647,872,571,940,505,1000,456,803,336,840,202,863,120,881,55,732,312,746,164,756,73,766,0,660,327,650,188,648,101,651,24,595,372,561,276,543,213,530,153
1786207700.804,685,685,788,642,868,566,939,507,1000,463,797,335,835,201,859,119,878,52,726,311,740,164,749,74,757,0,656,329,646,188,644,101,646,26,593,377,562,279,546,213,536,151
1786207700.969,691,691,792,650,872,574,939,511,1000,468,809,345,851,211,875,124,893,54,736,320,751,168,759,74,766,0,665,337,655,193,657,103,663,27,599,384,571,290,562,225,560,167
1786207701.147,805,805,907,735,970,601,953,468,906,393,959,418,982,249,993,146,1000,59,895,395,916,213,930,98,945,0,832,405,849,230,863,123,878,37,763,442,778,308,795,218,814,144
1786207701.320,769,769,870,687,932,555,893,432,818,389,949,403,979,247,991,153,1000,67,889,375,920,203,936,98,951,0,826,376,856,218,875,120,894,34,756,403,781,288,801,209,819,144
1786207701.498,782,782,881,695,942,567,908,441,834,390,958,407,985,246,994,150,1000,61,898,379,925,207,938,100,950,0,835,381,859,222,875,122,891,33,765,408,788,291,806,210,824,143
1786207701.671,760,760,872,686,930,548,898,425,851,375,938,412,973,247,988,146,1000,60,870,376,898,200,914,89,930,0,802,371,821,204,833,100,844,19,728,389,733,248,737,150,741,68
1786207701.861,685,685,792,643,872,565,939,500,1000,453,801,331,834,197,855,116,872,52,728,306,743,157,754,69,765,0,655,322,646,179,647,91,651,16,587,366,557,263,541,194,531,128
1786207702.037,681,681,791,636,872,557,939,492,1000,441,792,328,829,196,852,115,870,48,720,306,736,159,744,71,751,0,651,322,643,183,642,98,644,23,585,366,555,263,538,195,527,130
1786207702.225,748,748,860,705,942,610,980,522,1000,445,874,381,898,233,912,140,923,61,797,358,803,193,807,88,811,0,725,375,721,218,720,117,722,30,657,422,647,301,648,217,652,139
1786207702.396,798,798,901,702,948,560,897,446,830,414,966,424,989,254,995,151,1000,63,902,395,925,214,939,100,953,0,836,395,857,230,872,126,889,37,764,422,786,298,803,220,821,157
1786207702.584,804,804,906,716,960,576,913,456,837,422,970,424,991,258,996,155,1000,66,905,399,931,220,946,103,963,0,837,405,861,241,880,133,901,39,764,437,788,308,808,224,828,153
1786207702.746,803,803,906,722,963,591,928,466,862,418,979,428,997,257,999,155,1000,66,913,398,938,215,949,103,962,0,846,397,871,232,886,127,903,36,771,423,794,300,812,218,830,150
1786207702.919,748,748,851,704,903,592,864,491,820,447,936,423,978,262,993,155,1000,69,862,381,896,210,913,102,929,15,785,377,803,208,813,94,824,0,705,399,703,260,704,159,709,70
1786207703.122,670,670,779,642,865,572,937,510,1000,467,811,356,859,225,885,138,903,65,742,321,768,172,783,79,797,0,672,325,673,178,678,86,686,6,606,361,589,249,580,179,578,114
1786207703.287,675,675,783,644,867,574,938,512,1000,465,814,350,862,216,887,127,903,53,744,316,772,169,788,77,803,0,674,322,677,176,684,85,694,5,606,358,591,247,587,174,589,107
1786207703.460,740,740,847,686,930,594,974,507,1000,427,887,376,912,222,921,130,925,52,818,352,841,190,851,88,859,0,751,361,763,209,777,115,792,34,680,395,686,276,699,196,715,124
1786207703.652,806,806,912,721,958,576,902,461,827,427,977,433,992,260,997,154,1000,64,910,407,934,224,946,103,959,0,843,412,865,240,880,131,897,41,771,445,794,316,814,229,832,156
1786207703.828,807,807,909,725,955,587,898,470,821,435,976,436,995,267,999,160,1000,69,905,411,931,231,944,109,955,0,837,420,859,252,876,139,891,41,763,461,785,330,804,239,820,160
1786207704.005,808,808,912,729,961,591,902,477,822,445,978,437,997,267,999,161,1000,69,907,412,933,231,946,109,958,0,838,420,861,252,878,140,894,42,764,461,787,329,807,239,826,161
1786207704.172,719,719,827,695,917,616,966,539,1000,474,868,403,898,248,913,143,925,60,794,374,805,208,812,94,820,0,719,380,710,219,710,108,715,15,644,412,616,291,608,210,609,138
1786207704.371,699,699,806,650,890,571,949,492,1000,430,819,347,855,211,877,122,893,47,747,324,757,175,759,80,758,0,678,341,669,201,664,111,662,33,611,386,580,289,563,227,552,169
1786207704.531,704,704,808,657,890,580,949,504,1000,441,824,356,863,221,886,131,902,55,752,334,762,181,765,83,766,0,682,354,674,209,672,115,671,33,616,403,586,311,570,249,558,190
1786207704.713,825,825,934,736,997,604,997,485,1000,406,958,410,968,239,969,136,970,48,874,395,870,212,864,97,861,0,799,415,791,248,790,141,794,51,726,465,716,336,718,251,726,178
1786207704.890,847,847,952,731,994,581,934,477,862,447,986,420,999,242,1000,134,999,40,914,406,914,211,907,96,900,0,844,427,844,250,842,145,841,54,771,477,774,347,781,260,788,183
1786207705.074,850,850,954,740,996,589,938,475,864,442,992,418,1000,240,1000,131,999,34,919,407,918,217,910,101,905,0,850,430,849,259,847,149,847,51,777,479,781,349,787,260,793,180
1786207705.251,849,849,951,740,995,592,933,479,857,440,991,418,1000,241,999,132,995,34,918,408,918,217,911,102,905,0,849,431,848,258,845,148,844,49,778,484,781,353,786,262,792,181
1786207705.413,753,753,863,701,942,603,976,506,1000,430,888,385,923,224,938,117,948,28,811,366,824,201,829,92,832,0,737,383,732,226,730,123,730,35,665,428,653,310,649,227,650,155
1786207705.558,696,696,806,658,888,580,946,500,1000,433,838,356,888,215,916,121,935,41,765,326,789,179,802,82,814,0,694,337,697,199,702,111,711,32,627,378,614,274,611,202,612,135
1786207705.727,698,698,807,657,887,568,943,483,1000,420,830,357,871,217,894,124,911,47,756,330,772,178,781,81,789,0,685,344,681,198,684,105,691,23,617,386,599,280,594,207,593,140
1786207705.896,730,730,836,691,917,608,965,527,1000,450,868,381,899,232,916,138,929,57,795,354,809,191,815,87,820,0,725,367,730,211,734,114,741,29,656,410,658,293,665,213,675,141
1786207706.068,807,807,915,723,970,576,908,468,820,449,981,411,1000,243,1000,141,999,52,911,386,935,206,940,97,943,0,841,393,864,229,878,126,889,38,762,431,781,309,798,224,812,152
1786207706.273,817,817,920,736,968,597,908,487,824,457,983,420,998,251,1000,146,999,58,914,400,938,220,948,102,954,0,846,411,868,248,881,140,892,47,773,452,794,326,813,240,829,165
1786207706.426,815,815,919,739,969,596,907,485,821,456,984,422,1000,251,1000,144,996,54,915,400,940,221,949,103,954,0,847,411,869,246,883,135,893,39,773,452,796,325,815,239,829,164
1786207706.619,815,815,917,738,969,595,905,485,819,459,978,422,996,247,1000,141,1000,50,908,397,934,213,943,99,949,0,836,403,859,234,872,127,882,36,755,432,765,287,773,191,777,109
1786207706.790,704,704,811,669,893,598,951,534,1000,478,835,366,876,223,898,127,914,49,762,339,780,183,788,83,796,0,692,351,690,201,693,106,699,25,625,391,604,283,596,209,592,140
1786207706.968,689,689,796,645,879,573,944,509,1000,457,815,343,846,205,863,116,876,44,743,319,757,169,766,76,775,0,674,332,670,188,677,99,688,24,608,374,585,271,578,200,576,133
1786207707.160,702,702,808,665,889,586,947,514,1000,457,827,365,842,224,849,134,853,59,759,341,771,186,777,85,785,0,693,351,697,201,705,109,716,30,629,389,622,278,623,203,628,134
1786207707.319,819,819,929,731,985,581,938,449,856,409,982,413,997,250,999,147,1000,58,917,388,938,214,951,101,966,0,852,396,871,228,889,124,906,38,777,433,799,300,817,213,835,141
1786207707.493,796,796,905,718,968,574,924,446,835,418,970,414,990,246,996,144,1000,56,906,390,931,217,945,103,958,0,839,396,863,233,882,127,900,35,765,428,791,303,812,216,829,143
1786207707.673,808,808,915,722,971,573,925,445,841,426,974,411,994,246,998,147,1000,61,911,384,936,207,948,98,958,0,846,387,869,225,886,124,903,36,774,417,798,293,818,212,837,145
1786207707.867,811,811,913,730,970,586,925,460,839,431,978,417,998,247,1000,146,999,59,917,389,940,208,948,97,956,0,852,391,873,227,887,126,901,39,783,419,804,298,822,220,838,155
1786207708.046,752,752,852,704,931,618,971,533,1000,448,881,380,896,223,899,126,897,46,816,357,833,191,840,88,845,0,751,365,760,209,769,116,778,35,681,401,670,283,669,206,669,134
1786207708.220,687,687,801,656,894,581,953,512,1000,458,815,341,827,193,827,102,823,31,751,319,765,166,767,73,765,0,686,326,695,180,703,95,709,27,618,359,621,250,631,179,644,119
1786207708.410,679,679,796,648,889,573,954,505,1000,442,810,331,820,186,819,103,816,36,746,309,755,158,758,70,757,0,683,317,691,173,700,91,708,25,618,351,619,240,629,170,641,107
1786207708.581,737,737,852,697,936,596,974,508,1000,439,875,362,883,203,880,112,875,39,805,344,815,176,815,78,814,0,739,356,745,196,752,103,757,32,669,397,674,277,686,199,698,131
1786207708.769,805,805,915,716,972,573,922,453,846,423,982,430,999,250,1000,142,998,51,914,402,933,214,937,96,940,0,846,406,867,237,877,129,886,46,771,436,789,307,804,219,818,150
1786207708.920,805,805,907,726,964,594,942,477,901,415,980,432,999,250,1000,145,1000,55,912,414,937,222,944,103,952,0,843,424,869,247,884,138,899,48,767,460,792,328,813,240,833,166
1786207709.110,813,813,918,713,969,565,906,456,815,438,984,423,1000,246,998,141,994,52,916,403,938,219,946,103,953,0,849,412,869,247,884,140,897,53,773,451,792,323,809,237,824,166
1786207709.292,769,769,880,725,941,615,925,510,908,448,933,408,969,245,987,142,1000,56,853,373,889,202,917,94,942,0,773,378,789,202,809,96,830,5,689,415,683,279,689,188,700,106
1786207709.476,658,658,763,637,850,573,929,522,1000,489,799,351,839,223,861,140,876,70,728,316,757,176,777,83,795,0,657,320,664,180,674,89,689,5,590,353,576,247,572,175,573,108
1786207709.638,666,666,770,639,857,572,933,522,1000,482,794,342,816,208,824,123,827,52,730,317,752,174,763,82,770,0,664,326,676,186,688,99,700,20,599,361,596,257,600,189,606,125
1786207709.844,725,725,835,693,917,611,961,529,1000,457,866,381,879,220,882,119,883,36,802,359,815,194,819,89,824,0,739,368,752,213,761,119,772,39,674,402,683,285,696,211,710,146
1786207709.989,824,824,929,750,977,612,920,501,845,461,988,440,1000,262,999,152,997,61,923,419,941,229,947,104,951,0,856,431,875,254,886,140,896,46,782,470,802,339,819,250,835,176
1786207710.164,827,827,928,750,980,604,926,486,844,452,991,440,1000,264,999,154,996,61,924,421,940,233,947,108,953,0,857,435,874,263,884,149,894,50,785,476,804,349,821,258,833,178
1786207710.356,818,818,921,753,968,613,911,496,834,460,987,451,1000,273,999,160,996,64,917,428,937,243,944,114,952,0,847,440,866,267,879,148,892,45,773,482,793,350,809,259,822,179
1786207710.550,677,677,779,650,865,584,936,527,1000,487,821,358,875,217,903,120,923,38,750,329,779,180,793,83,805,0,678,342,680,199,684,105,689,24,609,382,589,270,578,197,573,130
1786207710.708,681,681,778,643,864,573,937,515,1000,474,809,354,852,214,877,123,895,46,738,327,762,177,772,82,779,0,668,341,667,197,668,107,671,27,599,382,572,277,559,208,553,142
1786207710.884,749,749,851,699,930,619,974,545,1000,475,877,400,901,242,912,145,918,62,804,377,814,202,816,93,815,0,734,394,728,234,726,133,726,45,664,438,649,319,648,240,652,168
1786207711.063,823,823,926,745,984,598,949,465,889,382,988,423,997,254,999,154,1000,63,921,401,934,209,944,98,959,0,855,419,866,234,885,130,908,40,784,469,802,343,824,256,847,183
1786207711.240,824,824,931,751,991,605,953,472,887,403,990,434,1000,272,1000,169,1000,77,925,408,941,226,954,107,970,0,863,421,880,247,899,137,918,42,796,470,814,339,831,250,846,173
1786207711.418,814,814,918,759,976,611,941,473,876,408,978,452,992,279,996,168,1000,71,916,425,933,239,947,111,963,0,853,435,873,259,891,140,909,40,786,474,805,339,824,247,841,169
1786207711.590,818,818,922,742,973,605,936,481,885,414,975,419,993,241,997,134,1000,45,897,397,913,210,924,95,938,0,823,411,834,232,848,122,864,35,743,455,744,313,750,216,760,136
1786207711.786,675,675,786,635,870,561,939,493,1000,446,800,344,831,210,850,121,863,48,729,318,743,170,750,79,754,0,660,332,654,189,652,97,651,16,594,375,568,278,555,214,549,155
1786207711.963,679,679,785,637,869,558,939,489,1000,439,800,345,833,206,851,115,865,40,728,320,744,172,749,80,751,0,657,334,656,195,656,105,657,25,589,374,568,276,558,213,553,154
1786207712.132,823,823,939,747,987,610,941,501,898,468,974,431,991,250,996,139,1000,46,892,408,894,217,891,98,891,0,820,421,819,249,817,142,820,55,750,462,752,327,759,242,770,173
1786207712.311,837,837,943,733,983,590,912,490,828,471,991,427,999,250,1000,144,1000,49,920,409,925,217,924,102,925,0,850,423,855,246,858,139,862,42,778,463,788,341,796,254,802,179
1786207712.484,833,833,938,730,980,583,904,485,815,465,989,419,999,245,1000,141,999,43,916,399,919,213,917,102,916,0,846,415,847,242,850,134,854,36,775,460,784,339,794,249,802,168
1786207712.678,815,815,919,734,973,589,904,481,811,463,984,404,996,238,999,138,1000,46,911,387,923,206,928,97,934,0,841,405,853,238,864,136,876,44,767,451,781,329,794,240,805,164
1786207712.852,703,703,817,671,908,603,965,533,1000,464,853,357,901,210,928,113,948,32,777,326,801,177,816,81,829,0,703,335,704,192,710,104,720,28,632,375,614,270,610,198,611,131
1786207713.029,674,674,786,637,873,567,943,507,1000,459,806,339,842,208,864,125,879,55,733,308,755,163,767,75,775,0,662,317,662,179,667,95,672,21,594,355,574,256,566,196,562,141
1786207713.204,699,699,805,657,887,579,945,512,1000,464,827,356,861,212,878,119,891,42,756,330,774,177,783,81,790,0,686,343,689,199,695,109,704,31,618,384,604,281,604,211,609,146
1786207713.383,815,815,930,720,977,575,912,468,832,438,981,420,994,245,997,137,1000,46,910,399,924,213,931,97,941,0,841,410,858,236,872,129,887,40,769,446,783,318,798,230,812,157
1786207713.556,812,812,925,725,976,579,912,470,831,445,990,421,1000,249,998,141,997,50,919,400,935,216,940,99,945,0,849,409,868,240,879,132,890,40,774,447,792,320,807,234,820,159
1786207713.744,812,812,921,732,973,588,915,474,838,438,986,426,1000,251,1000,142,1000,50,917,406,934,221,940,101,947,0,850,417,870,250,883,139,896,45,775,455,793,327,808,240,821,164
1786207713.908,745,745,857,692,930,592,968,502,1000,435,887,400,909,247,917,140,923,52,807,377,826,212,837,99,848,0,733,391,725,234,727,119,735,23,662,433,645,316,639,231,643,153
1786207714.092,675,675,783,640,868,571,939,509,1000,462,805,352,839,220,859,133,873,61,732,324,751,177,761,83,768,0,660,334,661,197,664,106,667,25,592,373,573,271,566,208,564,149
1786207714.294,680,680,786,639,872,566,941,501,1000,452,807,349,844,216,866,127,882,51,736,325,753,177,762,83,767,0,665,339,664,199,665,106,667,23,598,381,574,279,561,212,555,149
1786207714.458,817,817,933,750,990,622,968,499,944,437,969,417,991,242,997,134,1000,43,889,393,894,210,892,95,892,0,817,409,816,239,817,131,821,39,745,453,742,323,746,238,753,164
1786207714.634,814,814,925,739,982,591,927,469,850,434,987,438,1000,261,999,151,997,59,916,417,933,225,939,104,947,0,848,427,866,249,879,135,892,40,774,465,790,330,804,237,817,158
1786207714.806,819,819,926,734,978,593,921,476,843,434,988,441,1000,264,999,156,997,61,918,422,931,231,935,107,940,0,849,435,863,259,876,145,889,47,776,474,789,340,803,248,817,170
1786207714.986,819,819,924,736,980,594,928,474,849,432,987,435,1000,262,999,156,997,62,919,416,933,229,939,107,944,0,851,432,865,257,879,144,892,46,779,474,793,343,807,253,820,174
1786207715.160,816,816,922,735,978,593,927,471,847,432,986,428,999,255,1000,149,999,55,918,410,933,226,938,106,943,0,851,426,865,257,878,147,891,51,779,470,793,339,806,249,818,171
1786207715.306,815,815,923,735,979,591,929,470,850,434,986,430,1000,256,1000,150,999,56,918,412,933,226,938,106,942,0,851,427,866,257,878,146,890,51,779,468,794,338,807,248,819,170
1786207715.464,816,816,922,744,980,601,930,477,852,435,988,436,1000,259,1000,152,999,57,918,417,933,228,939,107,944,0,850,432,864,256,876,145,890,47,777,473,792,341,806,250,820,171
1786207715.649,819,819,923,744,980,602,932,477,852,431,986,440,998,263,1000,156,1000,60,919,418,935,230,946,109,956,0,852,431,867,252,884,142,900,46,782,470,796,337,814,248,831,171
1786207715.832,810,810,915,735,972,595,924,472,847,427,979,437,996,262,999,156,1000,61,912,413,930,228,940,107,949,0,846,425,862,249,877,139,893,42,776,464,790,330,807,241,823,163
1786207715.990,810,810,918,735,975,594,929,469,855,424,985,431,1000,260,1000,155,998,63,915,408,933,226,942,105,951,0,848,420,867,251,884,138,899,41,776,462,793,330,809,239,823,161
1786207716.167,807,807,915,734,974,592,929,468,857,423,980,434,997,261,999,156,1000,63,913,414,934,228,945,106,956,0,847,428,867,256,883,142,900,45,774,468,792,336,808,244,824,165
1786207716.363,800,800,905,734,965,595,919,469,840,428,975,434,995,263,999,157,1000,65,909,412,932,228,945,106,956,0,842,424,864,251,882,138,899,39,771,464,788,329,805,239,819,161
1786207716.533,804,804,909,737,970,594,922,469,842,428,980,433,997,263,999,159,1000,67,913,411,935,228,945,106,955,0,847,424,867,254,884,141,900,43,775,465,792,332,808,241,823,163
1786207716.723,799,799,904,733,966,590,919,464,842,418,974,427,995,261,999,161,1000,72,910,405,933,221,945,104,955,0,845,417,866,246,882,138,898,43,774,456,793,327,810,239,824,163
1786207716.886,799,799,904,739,966,600,922,475,846,428,976,435,996,265,1000,163,1000,72,910,412,933,226,943,106,951,0,845,423,865,253,881,142,895,45,773,462,793,330,810,240,823,162
1786207717.062,803,803,912,734,974,593,929,467,850,427,982,436,999,267,1000,161,999,70,912,413,932,229,943,107,954,0,845,424,864,255,882,141,900,44,772,463,790,331,806,241,820,163
1786207717.240,802,802,911,724,972,584,927,464,854,420,980,422,999,259,1000,160,999,70,914,402,936,221,946,105,954,0,849,416,869,249,883,142,897,47,777,457,794,329,810,241,824,163
1786207717.416,803,803,912,729,974,588,928,466,850,426,981,424,999,261,1000,160,1000,69,914,404,933,223,942,106,950,0,847,417,866,251,880,142,894,45,775,460,794,331,810,242,824,162
1786207717.588,803,803,913,731,975,592,931,467,855,424,981,422,998,257,1000,155,999,65,913,401,935,220,945,105,954,0,846,413,866,245,882,136,895,40,773,454,794,326,810,236,824,155
1786207717.780,801,801,909,729,971,590,927,468,852,423,979,424,998,261,1000,161,999,71,912,403,933,221,943,105,951,0,846,417,865,249,879,141,892,45,773,459,792,331,808,243,821,165
1786207717.965,803,803,909,733,972,597,929,473,853,428,981,429,999,265,1000,164,1000,74,913,408,932,225,941,107,950,0,846,421,864,252,879,143,893,46,773,462,793,333,809,243,823,163
1786207718.149,797,797,905,727,966,592,928,466,857,413,977,419,998,254,1000,155,999,66,910,397,933,215,942,103,949,0,844,410,864,240,877,134,889,39,772,450,792,326,808,241,821,164
1786207718.308,797,797,904,733,967,595,924,470,847,423,978,424,999,259,1000,159,999,69,913,403,936,221,947,106,955,0,846,415,866,246,881,139,894,42,773,455,792,328,808,241,821,163
1786207718.487,798,798,905,734,968,595,922,471,845,425,978,428,998,262,1000,162,1000,72,913,406,937,223,949,105,960,0,847,418,868,248,884,139,898,42,775,458,794,329,810,241,823,164
1786207718.669,800,800,908,728,970,588,924,465,847,422,979,418,999,257,1000,159,998,71,913,396,937,216,947,103,956,0,846,408,869,240,886,132,900,36,772,450,795,326,812,241,826,164
1786207718.839,797,797,905,731,968,588,920,464,842,420,978,426,997,260,1000,159,1000,68,911,403,935,220,945,105,954,0,844,414,866,246,881,138,896,43,771,454,792,329,809,241,822,163
1786207719.029,798,798,906,731,968,588,918,467,841,427,978,426,998,260,1000,158,999,68,911,404,933,221,943,104,951,0,843,415,864,248,879,138,891,42,770,455,791,330,807,243,820,165
1786207719.219,796,796,904,729,968,590,922,468,846,425,977,423,997,257,1000,157,1000,67,910,402,932,218,942,103,951,0,843,413,864,245,879,136,891,40,770,452,791,326,807,239,819,161
1786207719.406,799,799,905,729,970,590,926,467,848,424,979,422,998,259,1000,158,999,68,911,400,933,219,943,104,952,0,844,412,864,246,878,138,891,43,772,452,792,327,808,240,820,162
1786207719.557,801,801,906,730,970,589,926,466,849,422,980,421,998,257,1000,156,1000,66,914,402,935,222,945,105,953,0,847,417,865,250,880,141,894,45,775,458,792,332,809,242,823,162
1786207719.732,797,797,905,726,968,583,922,460,846,419,978,419,998,257,1000,158,999,70,912,397,935,215,944,102,952,0,845,408,867,240,882,132,896,36,772,448,794,327,810,241,824,165
1786207719.916,796,796,905,731,971,590,929,464,851,423,978,421,997,256,999,156,1000,67,911,398,934,217,945,102,956,0,844,410,866,241,882,132,897,37,771,449,793,325,811,239,826,162
1786207720.088,799,799,906,732,970,593,927,468,850,425,978,425,997,259,1000,157,1000,67,911,404,934,221,945,105,953,0,844,417,866,249,881,141,894,46,771,458,792,333,809,246,822,167
1786207720.277,798,798,908,728,971,586,928,463,854,420,978,422,998,260,1000,163,1000,75,911,398,934,216,946,103,957,0,844,409,867,239,884,131,900,34,772,449,792,329,809,244,824,169
1786207720.465,791,791,898,720,959,584,923,465,857,419,970,422,992,257,997,157,1000,67,907,399,932,216,944,102,955,0,843,409,867,238,882,131,897,36,772,444,793,321,811,234,828,159
1786207720.631,794,794,901,699,960,564,925,447,858,392,976,410,996,248,999,149,1000,59,912,387,931,208,938,99,944,0,846,395,866,227,878,123,891,32,773,430,793,307,810,219,826,141
1786207720.806,800,800,903,711,963,579,920,460,847,413,980,420,998,255,1000,154,1000,64,913,397,932,216,940,103,947,0,846,406,865,237,880,132,895,39,774,443,795,315,812,226,829,149
1786207720.981,802,802,906,716,966,581,925,463,853,413,978,418,997,256,999,154,1000,62,912,395,932,215,941,104,948,0,845,405,864,236,878,130,892,35,773,443,794,317,811,228,827,149
1786207721.161,800,800,904,714,966,573,922,456,848,414,980,419,998,255,1000,151,1000,58,914,397,936,219,945,104,952,0,848,407,870,243,883,136,895,40,776,444,796,321,813,232,828,154
1786207721.334,795,795,901,710,960,574,921,455,849,407,974,409,994,244,998,144,1000,53,910,389,929,211,937,100,944,0,843,400,862,235,875,131,888,38,771,435,790,311,804,223,815,143
1786207735.009,676,676,787,656,876,597,941,547,1000,507,813,370,826,220,829,124,833,41,754,349,768,193,772,91,774,0,694,357,711,214,723,126,734,49,632,387,643,279,658,210,675,145
1786207735.192,678,678,789,656,880,591,946,536,1000,486,818,368,833,216,839,116,845,34,758,347,774,191,779,88,782,0,697,353,714,211,727,123,739,47,633,382,644,274,660,205,678,143
1786207735.365,711,711,815,697,901,610,951,533,1000,488,855,405,870,250,871,159,870,81,794,380,813,211,823,97,833,0,731,388,748,236,765,145,782,72,665,420,674,306,690,235,709,174
1786207735.542,707,707,818,686,901,605,952,530,1000,473,854,398,870,243,878,143,886,60,793,375,813,213,827,99,842,0,734,383,750,237,767,148,786,74,669,415,679,303,697,234,716,172
1786207735.719,801,801,921,749,995,643,1000,525,993,433,956,429,970,262,977,157,984,66,885,405,902,227,915,106,929,0,822,414,835,250,850,145,869,55,753,450,761,327,779,247,799,176
1786207735.896,781,781,885,727,940,594,872,497,787,491,967,423,986,240,993,125,1000,27,895,397,914,213,921,97,928,0,825,405,843,241,856,136,874,49,752,438,764,319,777,242,792,179
1786207736.072,790,790,892,711,936,579,861,484,775,474,958,407,982,226,991,113,1000,11,884,384,902,199,909,92,918,0,815,394,833,228,847,128,864,40,744,430,758,313,771,235,784,167
1786207736.248,759,759,872,732,966,635,1000,527,998,436,930,413,949,224,959,101,967,0,861,389,879,207,887,95,895,4,792,399,813,227,830,122,847,37,720,435,733,307,749,226,766,157
1786207736.437,695,695,808,677,901,606,960,534,1000,458,853,384,864,231,865,134,866,51,791,358,807,201,815,95,824,0,728,362,747,215,763,124,781,46,663,392,677,280,695,212,714,151
1786207736.615,700,700,809,673,895,604,951,533,1000,464,848,389,862,234,870,130,879,42,787,366,800,210,807,100,816,0,727,373,744,232,759,142,776,65,664,405,675,296,691,226,708,162
1786207736.796,704,704,813,676,899,603,954,528,1000,460,851,389,864,241,869,147,876,65,791,366,805,208,814,98,823,0,732,373,748,231,762,141,778,66,669,404,680,296,696,226,713,163
1786207736.964,699,699,806,672,891,602,950,533,1000,472,845,386,857,241,861,150,866,70,785,364,799,208,808,98,817,0,727,372,743,230,758,141,774,66,665,403,676,296,693,227,710,165
1786207737.147,676,676,781,655,867,599,938,554,1000,515,823,362,840,209,849,108,859,22,764,339,781,188,790,87,800,0,706,347,725,206,741,119,758,46,645,378,655,272,671,205,688,143
1786207737.329,670,670,772,659,859,606,932,562,1000,529,810,372,822,227,823,135,823,57,751,347,766,195,773,92,779,0,691,352,707,212,721,124,735,47,629,380,641,274,655,206,671,143
1786207737.507,682,682,784,670,872,615,940,567,1000,524,824,375,835,229,834,138,831,62,762,349,778,195,783,91,786,0,700,356,717,214,729,125,741,49,638,386,650,276,665,206,681,144
1786207737.668,802,802,917,708,963,568,907,473,838,458,976,403,990,215,995,101,1000,1,903,384,918,196,924,92,933,0,831,395,852,226,865,125,882,34,755,430,774,311,788,230,802,159
1786207737.861,798,798,898,697,939,556,883,460,811,451,956,399,979,217,989,103,1000,0,885,380,903,198,912,97,921,12,816,394,836,225,850,127,866,36,747,434,768,322,782,247,794,180
1786207738.040,798,798,907,709,953,565,888,469,805,466,969,401,985,220,992,106,1000,3,899,382,916,199,923,93,932,0,830,395,849,231,865,132,882,40,757,433,776,319,788,241,798,173
1786207738.244,722,722,832,693,926,610,975,527,1000,451,888,389,899,208,905,95,910,0,825,368,842,192,852,90,862,6,763,377,782,215,798,119,815,42,696,411,707,292,722,219,740,158
1786207738.455,696,696,806,669,896,595,953,524,1000,457,845,376,859,216,867,106,876,13,786,354,800,201,808,94,817,0,727,362,743,221,757,131,774,52,664,395,674,288,689,220,703,156
1786207738.629,693,693,803,666,891,594,950,522,1000,456,840,376,851,228,854,134,858,53,781,354,794,201,801,95,808,0,723,361,740,221,754,132,769,53,662,391,673,283,688,214,703,149
1786207738.812,813,813,933,751,1000,651,993,561,975,506,973,424,983,249,986,142,989,49,901,401,914,221,923,102,931,0,835,413,852,252,866,148,880,59,763,454,776,328,793,248,809,174
1786207738.986,812,812,923,733,967,587,898,487,815,467,986,426,997,247,998,137,1000,42,915,406,928,218,932,101,938,0,846,418,860,247,870,141,883,50,772,456,786,334,800,250,812,176
1786207739.157,799,799,905,719,951,581,890,478,812,457,964,408,985,221,993,102,1000,0,894,396,909,211,910,107,911,18,827,414,844,246,855,141,865,46,756,457,773,337,784,256,793,183
1786207739.335,805,805,908,713,947,566,875,472,795,460,963,406,984,226,992,109,1000,4,893,389,911,205,918,96,923,0,825,407,843,239,855,133,865,35,755,451,774,337,785,256,792,183
1786207739.528,805,805,909,708,948,561,882,466,807,455,965,400,984,219,993,105,1000,0,896,383,913,201,919,98,923,7,829,401,846,234,857,135,869,44,758,445,777,332,789,255,797,186
1786207739.712,802,802,909,715,953,565,889,460,808,444,968,398,986,219,993,106,1000,3,898,379,914,194,919,90,924,0,830,395,846,229,858,131,870,40,758,438,777,326,788,254,794,191
1786207739.877,800,800,906,712,949,563,886,459,809,441,964,398,984,218,992,104,1000,0,895,377,912,193,917,90,923,0,828,392,844,226,856,127,869,36,758,432,778,321,788,248,795,183
1786207740.064,797,797,900,713,948,569,885,468,804,456,964,395,984,216,992,102,1000,0,895,377,912,199,916,99,920,12,829,394,845,232,856,135,868,44,761,436,779,328,788,255,794,191
1786207740.239,810,810,923,735,980,607,939,492,877,449,977,406,990,218,995,105,1000,6,906,386,920,196,927,91,935,0,840,400,856,227,867,124,879,30,768,441,784,318,800,236,814,161
1786207740.408,695,695,797,676,883,614,945,551,1000,496,845,380,860,215,866,98,873,0,788,359,805,206,809,102,814,11,729,366,749,222,763,131,778,51,665,396,681,285,697,216,712,152
1786207740.597,700,700,800,683,884,627,944,568,1000,515,845,388,856,235,860,134,862,48,787,366,802,208,807,99,812,0,730,374,746,229,760,139,774,60,669,407,681,301,696,234,712,171
1786207740.774,705,705,809,682,891,609,946,544,1000,496,853,380,864,224,866,124,867,38,793,360,809,201,815,94,820,0,734,370,750,220,763,127,776,49,669,403,682,292,698,222,716,159
1786207740.950,816,816,931,709,979,567,942,458,895,418,993,417,1000,241,998,139,996,47,921,393,937,207,943,98,953,0,852,400,873,229,885,128,901,41,774,435,794,313,812,233,829,162
1786207741.124,805,805,909,720,955,580,895,475,818,455,981,418,991,239,994,131,1000,33,912,396,929,209,936,98,946,0,843,410,862,244,875,145,890,55,768,451,786,343,799,268,810,202
1786207741.301,809,809,913,730,963,591,906,481,828,456,986,427,995,249,996,148,1000,54,917,404,934,211,941,99,952,0,847,417,866,245,882,146,900,59,771,456,790,347,803,274,814,212
1786207741.490,809,809,914,737,966,599,910,488,831,461,993,432,1000,252,998,152,999,62,921,410,939,214,945,101,952,0,849,421,870,251,885,149,901,58,772,460,792,347,807,270,818,202
1786207741.654,814,814,919,733,968,592,911,485,831,469,992,426,1000,248,999,145,1000,51,921,406,940,217,948,104,958,0,851,421,872,254,884,152,899,60,776,461,795,350,808,271,820,201
1786207741.844,807,807,916,732,969,593,918,482,841,456,991,427,998,256,998,159,1000,69,921,400,937,211,946,99,956,0,849,409,873,237,893,135,912,42,773,444,798,334,813,261,822,196
1786207742.023,808,808,916,730,969,591,915,487,836,470,992,428,1000,256,997,154,996,62,922,406,943,219,951,104,961,0,852,415,875,246,890,141,905,47,776,451,797,338,813,258,826,187
1786207742.201,807,807,918,730,972,589,915,480,835,458,990,425,1000,254,998,151,997,58,920,404,940,220,948,105,957,0,851,413,874,248,888,142,901,46,776,451,796,336,812,254,824,181
1786207742.387,803,803,910,725,965,588,913,476,832,456,986,415,995,240,998,139,1000,46,918,393,940,211,949,101,958,0,849,405,870,245,884,149,899,61,775,442,794,335,806,264,816,202
1786207742.549,811,811,917,758,988,643,995,521,992,425,987,438,998,249,999,138,1000,42,923,416,947,222,961,102,976,0,857,425,883,249,901,142,919,54,783,461,802,331,820,250,838,183
1786207742.748,712,712,809,694,892,624,948,560,1000,502,861,400,874,234,879,122,883,30,803,379,819,214,826,99,834,0,743,388,762,229,778,129,792,44,679,421,693,306,709,233,725,168
1786207742.902,702,702,802,682,886,618,947,555,1000,501,847,391,854,240,852,147,849,67,789,369,800,207,802,98,804,0,730,377,745,227,754,135,764,56,669,409,681,296,694,226,706,161
1786207743.083,684,684,788,662,877,599,942,545,1000,502,823,367,837,203,845,92,854,0,766,350,777,191,781,89,783,2,708,362,722,213,732,120,741,40,647,397,655,285,667,213,679,146
1786207743.266,685,685,790,662,877,596,941,539,1000,489,824,366,838,204,846,92,855,0,767,349,777,193,779,91,783,2,710,361,723,217,735,127,747,49,650,396,658,285,670,214,683,149
1786207743.444,683,683,791,664,877,601,942,543,1000,491,827,370,839,211,846,104,853,14,770,351,782,193,784,91,786,0,712,361,727,217,736,126,746,47,651,395,661,287,674,218,687,153
1786207743.622,689,689,793,667,879,604,942,542,1000,491,835,369,848,207,855,97,863,5,778,351,790,192,794,90,798,0,720,361,737,218,748,130,760,55,659,395,670,286,683,217,695,153
1786207743.797,723,723,830,687,910,603,959,522,1000,451,873,376,888,214,896,105,904,13,814,356,826,196,830,92,835,0,756,366,771,218,783,124,797,42,694,402,704,288,718,214,731,146
1786207743.979,805,805,910,719,947,579,882,485,805,461,966,415,991,237,996,124,1000,28,893,402,900,205,898,90,898,0,819,425,829,251,835,141,842,55,741,475,749,355,758,271,767,201
1786207744.153,870,870,970,787,1000,628,923,527,835,498,986,443,977,248,965,124,950,25,912,438,906,239,893,107,879,0,839,473,837,292,834,171,828,73,761,540,756,413,761,322,766,247
1786207744.524,880,880,974,795,1000,646,913,552,817,540,996,466,980,268,963,138,945,30,918,459,907,255,890,119,876,0,845,488,836,302,826,181,817,81,770,547,765,403,764,307,766,227
1786207744.699,874,874,977,770,1000,621,908,539,824,540,997,439,992,252,977,136,964,34,917,431,906,230,891,108,878,0,844,457,837,279,831,166,829,65,771,518,769,383,770,295,771,218
1786207744.868,812,812,913,714,945,574,878,489,802,471,958,392,985,211,991,100,1000,9,885,386,886,196,879,85,875,0,815,421,813,258,812,156,811,74,742,488,743,382,747,304,749,235
1786207745.052,835,835,932,747,969,629,912,540,844,507,995,430,1000,254,994,151,989,57,925,414,933,221,937,102,942,0,854,437,866,262,875,154,882,63,778,491,786,375,796,292,802,219
1786207745.226,841,841,942,773,986,635,912,536,827,531,995,458,1000,275,995,169,990,76,924,435,938,236,944,111,950,0,855,449,869,272,876,164,884,70,783,495,798,368,808,282,816,209
1786207745.398,843,843,939,782,991,648,929,545,843,529,998,450,1000,269,995,167,991,77,929,431,942,229,948,109,955,0,861,448,873,269,880,162,888,66,788,497,803,371,814,288,822,216
1786207745.572,841,841,940,774,992,630,927,525,843,517,993,444,1000,268,996,167,992,76,925,424,941,228,947,109,954,0,858,442,870,267,879,160,888,62,785,491,800,370,811,284,819,209
1786207745.750,844,844,943,775,992,651,942,547,867,522,994,443,1000,256,998,155,994,66,927,428,941,225,946,104,948,0,859,449,876,267,883,156,890,60,784,498,803,369,814,286,823,213
1786207745.955,722,722,830,696,909,629,961,567,1000,504,850,401,855,252,854,158,852,77,792,385,805,221,814,106,822,0,734,397,745,246,756,150,766,66,674,433,682,319,695,245,706,177
1786207746.125,693,693,797,657,877,592,942,542,1000,502,810,369,809,223,806,129,803,46,755,354,764,202,770,97,772,0,700,367,709,226,716,135,725,52,643,404,649,299,660,230,672,164
1786207746.292,693,693,796,660,878,598,942,547,1000,507,809,370,808,223,805,126,802,42,754,354,762,203,766,98,768,0,701,368,709,227,717,137,726,56,645,404,650,299,661,232,673,166
1786207746.468,691,691,796,658,878,596,943,542,1000,498,812,370,814,228,810,136,807,55,758,352,768,203,774,98,777,0,706,364,715,225,723,135,732,53,650,399,656,296,668,228,681,162
1786207746.645,689,689,795,655,877,590,941,532,1000,488,809,365,812,219,809,123,808,39,754,349,762,199,767,95,770,0,701,362,710,221,719,130,730,49,645,399,650,295,661,227,674,161
1786207746.823,688,688,798,655,877,585,939,520,1000,468,814,371,816,230,812,140,807,60,757,355,767,205,770,99,771,0,703,368,712,226,719,135,727,53,645,403,652,297,664,228,676,162
1786207747.000,835,835,945,781,1000,664,967,557,928,493,981,439,985,257,979,154,971,62,911,422,923,227,927,107,929,0,846,441,860,265,868,158,877,66,776,489,789,358,804,274,819,198
1786207747.191,842,842,943,774,995,639,932,536,849,519,994,439,1000,263,998,162,994,70,924,421,941,225,949,109,954,0,857,440,874,266,885,163,895,69,785,494,805,368,817,288,824,218
1786207747.366,848,848,945,774,996,621,933,513,849,506,994,435,1000,257,995,158,989,68,928,418,947,223,955,106,961,0,863,437,880,263,891,157,901,63,794,488,812,368,825,286,834,216
1786207747.540,841,841,941,770,992,627,928,519,847,505,992,441,1000,265,995,163,988,71,924,422,939,229,944,109,950,0,858,439,871,266,881,156,890,58,787,487,803,359,816,270,826,193
1786207747.725,842,842,940,775,992,630,932,520,850,510,993,435,1000,258,996,158,991,67,927,417,942,222,949,105,957,0,862,437,877,264,889,159,900,64,792,488,809,367,820,286,828,215
1786207747.905,837,837,935,772,986,629,928,522,849,511,994,441,1000,267,997,170,994,80,926,420,939,225,946,108,954,0,860,438,875,266,886,163,897,69,789,489,806,369,818,288,825,219
1786207748.084,836,836,932,766,985,628,929,517,847,498,991,432,1000,261,999,167,995,78,926,413,942,218,950,105,957,0,861,431,878,258,891,155,902,62,791,479,810,358,822,279,828,212
1786207748.261,840,840,936,777,987,631,929,519,849,505,992,436,1000,261,997,161,992,71,926,416,942,222,951,106,958,0,862,435,878,263,889,157,898,62,792,486,810,366,822,284,828,212
1786207748.467,821,821,935,779,1000,669,986,561,958,490,975,451,978,272,974,169,970,80,905,428,921,230,932,109,943,0,840,442,855,264,865,158,877,67,768,488,783,356,799,275,815,200
1786207748.613,713,713,814,680,888,613,946,553,1000,509,848,384,855,236,854,143,851,63,793,364,810,207,819,99,826,0,738,373,750,228,759,136,770,55,677,406,687,296,702,227,716,160
1786207748.794,703,703,801,683,878,618,939,561,1000,517,830,394,838,243,838,150,835,69,776,374,792,215,801,103,808,0,720,384,735,236,745,145,756,64,661,418,673,307,687,236,701,172
1786207748.966,700,700,798,674,876,604,938,544,1000,503,828,383,839,235,841,146,840,68,775,362,793,204,803,97,811,0,721,372,735,225,746,135,756,55,662,406,672,299,686,229,700,164
1786207749.144,701,701,801,679,877,614,939,554,1000,504,834,388,843,239,843,147,842,65,779,367,795,210,804,101,811,0,723,377,738,230,748,136,760,52,664,410,675,300,689,228,702,162
1786207749.319,702,702,801,677,881,607,943,542,1000,494,836,388,846,238,847,146,845,66,782,366,798,207,807,99,814,0,727,374,742,223,753,126,765,41,667,406,676,295,690,222,704,155
1786207749.496,706,706,805,677,885,608,944,544,1000,496,839,386,848,236,848,143,846,61,785,364,798,206,806,98,812,0,730,373,745,227,757,135,770,54,671,406,680,299,695,231,709,166
1786207749.669,710,710,809,688,886,622,943,557,1000,503,844,395,855,251,855,158,853,76,790,375,809,218,820,105,830,0,733,385,748,237,758,145,768,62,673,419,684,309,697,236,710,169
1786207749.814,757,757,863,723,937,638,973,550,1000,473,898,414,906,254,905,157,902,72,836,393,852,220,861,104,869,0,778,404,792,244,804,141,816,53,713,442,722,323,737,247,751,178
1786207749.979,826,826,928,761,973,647,918,549,847,516,992,452,1000,262,995,160,989,67,923,435,939,232,942,111,942,0,853,453,871,278,879,170,886,73,775,497,793,373,806,289,817,212
1786207750.147,832,832,929,760,975,634,917,537,839,515,993,443,1000,265,996,168,992,78,926,422,944,226,950,108,955,0,860,437,878,265,888,162,896,69,787,482,805,361,817,280,827,208
1786207750.348,824,824,924,762,972,642,914,544,836,512,990,444,1000,266,996,169,991,80,919,423,938,224,943,108,946,0,851,439,870,268,879,165,886,70,777,484,798,363,812,282,823,208
1786207750.501,822,822,921,754,970,637,921,535,848,495,990,440,1000,266,997,172,992,86,924,419,943,221,950,106,956,0,856,434,876,265,885,164,892,72,783,479,802,359,815,280,824,206
1786207750.694,829,829,928,774,982,647,929,539,853,496,994,444,1000,262,997,163,994,75,928,422,945,223,951,106,958,0,861,438,879,265,888,162,896,68,789,483,810,358,824,280,834,210
1786207750.869,832,832,930,770,980,628,920,523,837,503,994,450,1000,267,996,165,993,74,929,429,946,229,953,108,959,0,863,444,879,267,888,162,896,67,792,488,812,363,825,280,833,205
1786207751.044,830,830,924,762,974,624,917,517,835,497,989,434,1000,265,1000,173,996,87,923,412,941,219,949,104,954,0,857,427,876,260,887,160,895,69,787,474,809,351,820,272,827,202
1786207751.226,827,827,921,769,971,638,917,535,837,512,991,451,1000,279,999,186,998,100,924,428,943,226,953,107,961,0,858,442,877,271,886,167,895,72,786,486,806,365,817,286,824,214
1786207751.401,832,832,926,768,975,632,919,525,839,505,990,445,1000,276,999,186,995,101,924,421,944,224,955,108,961,0,860,436,880,265,892,163,900,71,790,483,814,360,825,281,832,211
1786207751.573,828,828,926,770,978,650,945,539,891,483,987,451,999,272,1000,178,998,91,923,429,942,225,951,105,956,0,857,445,879,272,887,169,895,76,785,489,806,367,819,288,831,216
1786207751.777,768,768,862,744,927,671,959,594,1000,524,915,431,924,260,923,164,921,79,857,411,875,225,887,107,896,0,800,423,812,254,824,154,834,68,735,459,745,333,759,254,774,181
1786207751.954,710,710,796,683,871,621,937,573,1000,543,850,401,860,247,859,153,857,70,799,383,818,221,826,106,834,0,744,393,761,242,772,146,783,63,685,425,699,314,713,241,728,175
1786207752.119,697,697,783,667,860,602,933,558,1000,539,829,385,834,237,831,150,828,71,780,365,793,207,801,99,808,0,728,374,739,227,748,138,759,61,671,406,680,298,692,228,708,164
1786207752.303,694,694,782,664,860,599,933,552,1000,535,826,381,834,232,833,141,830,61,777,363,794,206,801,99,807,0,725,374,739,227,748,137,758,58,668,407,678,298,691,227,704,161
1786207752.486,702,702,788,669,862,605,933,557,1000,538,833,383,840,232,838,142,835,60,784,364,800,206,808,99,815,0,731,375,745,228,753,138,764,59,673,408,682,302,695,232,709,168
1786207752.648,696,696,783,663,859,596,932,549,1000,528,829,380,837,232,835,145,833,65,781,359,797,202,807,97,817,0,729,369,742,223,751,136,763,60,672,401,681,296,693,228,707,165
1786207752.836,699,699,790,667,865,597,934,539,1000,508,835,382,844,236,843,149,840,71,786,361,802,205,811,98,818,0,734,369,749,224,758,135,768,56,677,399,687,292,700,223,713,158
1786207753.005,727,727,820,699,893,628,948,556,1000,500,870,400,877,241,875,149,872,68,819,379,837,209,846,99,853,0,766,388,784,235,795,144,806,66,706,419,720,304,735,235,750,171
1786207753.233,859,859,953,783,1000,662,996,557,983,472,980,483,989,274,992,159,995,60,918,473,934,255,948,119,958,0,851,500,869,307,886,193,899,92,775,557,794,415,814,324,831,243
1786207753.377,853,853,942,781,981,657,954,546,913,477,980,481,994,291,999,193,1000,105,919,465,942,246,957,114,968,0,856,490,879,302,894,186,903,81,787,545,804,415,819,328,831,245
1786207753.565,854,854,948,785,996,663,952,549,882,497,989,464,998,278,1000,184,998,97,923,448,942,236,956,110,965,0,859,469,879,288,897,178,908,81,787,521,811,390,829,304,841,227
1786207753.718,839,839,938,782,996,649,957,525,887,488,988,459,999,282,1000,190,998,105,923,437,942,232,955,111,964,0,859,454,877,278,891,173,902,77,789,503,813,378,828,296,839,222
1786207753.895,842,842,939,780,997,643,952,519,876,489,989,459,999,280,1000,182,998,93,925,438,944,236,958,112,968,0,862,455,883,278,897,170,907,75,795,504,820,377,834,292,843,219
1786207754.077,840,840,937,780,995,647,951,527,874,496,989,459,999,283,1000,186,999,98,925,438,944,234,957,112,967,0,863,454,882,278,896,171,906,76,795,501,818,373,831,291,839,219
1786207754.254,835,835,932,778,992,640,951,515,876,484,990,453,1000,274,1000,176,998,89,925,433,943,233,955,111,964,0,861,449,882,271,894,166,903,72,791,496,817,370,832,285,841,210
1786207754.444,839,839,935,781,993,649,950,530,874,498,987,458,999,280,1000,187,996,102,922,436,942,231,955,110,962,0,858,452,878,279,894,177,903,86,787,500,814,376,830,298,839,228
1786207754.614,845,845,937,784,993,654,944,541,866,507,989,458,999,282,1000,190,997,106,922,437,941,231,953,109,959,0,857,457,875,281,891,179,900,89,785,508,811,383,827,303,836,232
1786207754.791,842,842,936,779,994,648,960,521,890,478,989,454,999,276,1000,183,996,97,923,430,941,225,953,107,961,0,857,446,877,268,894,166,906,73,787,493,813,369,830,287,843,213
1786207754.969,693,693,792,649,877,571,945,501,1000,452,823,388,856,228,871,128,882,49,755,365,773,198,789,90,803,0,689,377,691,219,697,120,705,40,624,415,606,303,597,229,594,164
1786207755.153,680,680,779,638,862,573,936,528,1000,499,786,361,818,215,835,117,847,37,719,342,730,190,737,89,740,0,655,360,645,225,641,134,639,54,594,401,564,306,547,242,536,183
1786207755.317,685,685,782,639,865,571,936,522,1000,497,793,358,824,225,841,136,854,61,726,337,738,188,746,87,753,0,663,354,657,220,656,131,658,53,604,397,576,303,560,238,550,177
1786207755.466,686,686,785,643,867,572,938,522,1000,492,794,365,821,231,837,143,851,69,727,343,735,191,741,88,745,0,664,358,659,220,658,130,660,50,603,398,576,303,562,237,553,174
1786207755.741,859,859,952,773,1000,628,940,514,856,496,982,453,995,264,997,149,996,49,916,437,942,238,960,110,974,0,852,455,879,277,904,173,923,80,782,507,815,377,837,293,852,220
1786207755.914,846,846,942,779,996,631,940,514,856,504,993,453,1000,258,998,152,994,58,922,436,942,232,956,108,968,0,852,453,875,273,897,162,912,62,778,501,814,374,834,286,846,209
1786207756.089,847,847,940,776,991,634,936,523,857,510,989,463,999,275,1000,169,998,75,922,445,946,243,963,114,975,0,855,460,880,284,902,173,918,71,782,504,812,377,830,289,841,212
1786207756.278,689,689,789,656,873,595,941,548,1000,520,815,376,854,215,871,109,882,25,749,354,770,192,783,87,791,0,684,366,683,223,685,133,691,58,621,402,603,297,597,230,597,170
1786207756.454,684,684,788,656,869,596,938,551,1000,522,791,370,821,235,840,147,854,72,722,345,736,196,747,92,755,0,656,360,646,228,642,145,641,69,594,403,566,305,552,241,545,181
1786207756.661,683,683,783,647,864,585,936,541,1000,518,787,361,812,228,827,143,838,72,718,337,728,186,734,86,737,0,653,352,644,220,641,137,642,61,592,394,565,300,551,236,544,176
1786207756.806,759,759,873,699,947,597,977,504,1000,439,873,383,877,209,876,95,879,0,804,375,800,206,794,96,788,3,740,397,741,241,747,139,752,56,676,448,675,323,683,245,690,176
1786207757.011,857,857,953,771,1000,619,942,512,863,495,992,433,996,255,990,150,984,56,925,420,935,227,940,106,942,0,860,444,874,266,888,157,897,62,789,502,812,382,828,296,838,222
1786207757.163,851,851,951,779,1000,625,943,515,863,506,995,450,998,271,993,170,988,80,929,434,943,232,951,109,957,0,863,454,879,273,894,166,907,71,792,506,814,381,831,297,844,223
1786207757.341,864,864,952,782,999,646,954,533,879,500,985,466,995,290,1000,191,998,99,915,445,937,243,951,113,959,0,847,464,868,279,891,168,907,69,775,517,805,391,827,303,844,227
1786207757.525,692,692,788,652,869,593,937,558,1000,545,807,375,839,213,854,104,864,21,739,359,756,194,767,88,775,0,674,376,663,224,659,123,658,36,613,419,584,318,567,250,557,188
1786207757.701,686,686,780,652,862,600,935,566,1000,554,798,368,833,210,849,106,859,22,727,348,743,193,750,89,753,0,661,365,652,235,647,145,645,66,602,407,571,315,553,253,541,195
1786207757.879,688,688,782,649,864,594,936,559,1000,542,795,369,830,218,847,118,859,38,728,349,745,194,755,90,763,0,664,366,658,231,656,142,657,63,604,408,571,316,552,254,539,195
1786207758.062,748,748,857,721,933,647,971,581,1000,527,863,415,872,245,873,142,873,56,790,400,792,221,797,103,801,0,725,420,725,261,734,157,743,70,661,466,656,343,662,264,670,195
1786207758.232,842,842,938,787,994,654,944,542,864,516,992,465,1000,279,1000,177,998,87,928,442,946,235,959,110,971,0,862,456,883,280,898,172,909,77,790,501,815,366,831,283,845,211
1786207758.417,844,844,940,774,990,637,930,529,846,517,991,458,1000,276,999,178,997,88,925,437,946,232,959,110,969,0,860,452,880,279,894,173,904,76,790,499,816,375,830,294,839,223
1786207758.598,837,837,936,772,987,631,932,516,851,497,992,449,1000,278,999,184,995,97,927,425,948,228,959,109,967,0,862,438,883,269,896,166,906,71,792,482,816,360,829,279,837,208
1786207758.785,687,687,792,656,876,592,943,542,1000,511,810,384,834,254,847,167,857,94,742,360,751,204,756,95,760,0,678,372,667,230,662,137,661,58,618,409,592,307,577,241,568,179
1786207758.974,692,692,790,653,873,584,941,543,1000,523,788,372,807,245,817,163,825,95,724,349,731,192,736,88,739,0,664,365,656,220,652,123,649,41,606,412,576,326,558,267,543,213
1786207759.130,695,695,791,650,872,583,939,537,1000,512,794,365,813,237,821,158,827,90,728,343,731,187,734,85,734,0,666,360,655,224,647,135,642,59,609,405,577,316,557,257,542,201
1786207759.302,731,731,839,682,921,596,969,515,1000,454,847,380,858,226,859,127,859,46,774,362,773,197,772,89,771,0,707,384,702,230,703,135,705,57,643,432,626,320,620,246,616,178
1786207759.542,846,846,946,779,993,665,933,566,848,530,995,438,1000,264,996,165,991,73,922,412,935,216,942,99,948,0,853,429,866,255,881,153,890,65,780,482,796,366,808,291,816,224
1786207759.718,840,840,941,785,993,657,933,552,851,529,995,457,1000,272,997,167,992,72,923,441,939,237,945,114,947,0,855,462,871,282,883,172,890,73,782,516,801,390,813,305,819,230
1786207759.895,839,839,943,783,1000,654,943,549,856,531,988,461,993,285,991,190,986,105,919,446,937,236,949,112,954,0,853,471,869,292,887,180,894,79,780,529,803,404,819,318,826,239
1786207760.133,762,762,865,731,947,655,983,575,1000,524,909,429,953,242,973,127,987,35,833,400,858,211,874,94,885,0,760,412,762,240,768,133,776,48,687,451,677,322,674,237,676,165
1786207760.310,695,695,794,653,874,582,940,528,1000,493,797,360,822,235,837,154,849,85,726,338,734,186,742,86,748,0,660,359,650,222,646,136,645,61,600,410,570,329,553,277,540,227
1786207760.490,694,694,789,647,870,575,938,524,1000,495,791,355,818,228,832,148,843,78,724,334,729,182,733,83,733,0,661,354,650,222,642,141,634,70,604,404,574,322,554,272,538,224
1786207760.661,808,808,913,740,977,640,988,555,1000,500,920,414,932,246,937,143,941,52,842,400,840,216,844,100,850,0,776,424,767,260,769,158,775,74,713,480,705,353,707,275,714,206
1786207760.854,839,839,933,760,968,645,911,553,840,510,989,440,999,255,1000,150,1000,58,916,428,935,223,947,100,957,0,845,458,863,272,881,165,896,74,771,519,785,400,798,319,807,246
1786207761.029,841,841,941,769,988,639,937,539,858,512,990,451,1000,264,1000,161,999,67,923,437,945,234,960,108,970,0,857,462,878,286,898,174,913,76,785,517,803,399,819,315,829,238
1786207761.172,842,842,939,775,988,636,927,530,842,510,995,441,1000,267,998,169,996,81,927,425,945,229,956,110,965,0,862,447,879,275,896,169,909,74,789,502,808,380,821,296,828,223
1786207761.322,833,833,920,776,967,664,959,579,947,511,968,495,988,287,996,160,1000,55,896,485,923,264,941,124,953,0,820,516,843,318,865,192,883,77,740,571,755,438,770,346,786,259
1786207761.493,702,702,800,645,878,564,943,500,1000,457,792,361,803,224,807,135,811,62,730,345,731,190,737,86,743,0,671,367,663,219,663,123,664,41,614,417,582,329,566,269,555,213
1786207761.684,700,700,796,647,873,569,939,506,1000,466,789,362,805,225,812,139,819,68,723,346,727,189,734,86,742,0,662,370,654,235,654,145,658,65,605,420,572,338,555,281,543,224
1786207761.894,706,706,796,647,874,569,939,506,1000,464,794,365,808,222,814,130,821,52,730,350,728,193,733,90,737,0,669,373,660,232,660,140,663,58,614,422,585,329,570,269,558,212
1786207762.092,837,837,941,775,984,656,921,560,839,527,989,463,1000,269,998,160,995,66,918,446,935,237,942,110,946,0,850,467,863,286,876,171,884,70,779,519,790,395,802,308,809,230
1786207762.277,827,827,928,770,980,653,925,551,848,512,992,463,1000,279,997,178,993,86,919,446,943,240,954,116,960,0,849,466,868,295,879,189,884,91,775,516,794,397,805,313,809,231
1786207762.460,832,832,929,771,977,649,923,543,844,513,993,456,1000,275,998,179,995,90,923,440,943,234,952,113,959,0,854,461,871,283,882,172,890,68,779,512,798,387,810,302,817,221
1786207762.693,736,736,827,676,902,590,956,521,1000,477,821,381,844,235,855,137,864,55,746,368,753,206,760,94,765,0,683,397,657,253,648,160,641,81,629,459,593,374,570,321,552,273
1786207762.876,694,694,788,638,866,558,938,501,1000,465,774,359,795,234,807,156,818,88,703,342,708,187,717,87,725,0,639,368,621,239,614,159,610,86,583,421,545,335,524,279,511,224
1786207763.054,693,693,787,639,865,561,937,506,1000,475,774,357,793,234,805,154,816,85,704,341,705,187,712,86,718,0,642,366,621,235,615,155,613,81,587,419,547,333,526,276,512,217
1786207763.222,721,721,819,663,899,579,957,505,1000,453,811,373,828,234,834,138,839,56,740,359,740,202,745,94,749,0,677,387,665,242,663,142,664,57,621,443,597,345,587,279,582,218
1786207763.466,868,868,950,787,987,656,928,554,853,517,987,450,999,257,1000,135,997,35,917,440,941,243,950,110,953,0,850,469,873,285,889,167,898,66,778,534,810,408,830,317,842,237
1786207763.647,828,828,928,766,984,624,934,505,857,482,989,437,1000,254,997,153,993,65,922,421,941,224,949,106,952,0,854,441,875,263,890,156,900,62,778,491,806,368,825,284,837,211
1786207763.819,811,811,908,766,963,666,971,571,973,487,951,494,977,293,991,169,1000,71,865,465,893,255,914,115,932,0,781,470,794,261,818,126,846,18,691,499,682,333,689,210,707,106
1786207764.000,675,675,777,648,868,589,939,549,1000,521,797,370,829,243,843,165,851,97,731,340,744,185,752,84,755,0,668,350,666,207,670,116,674,37,608,388,584,286,573,217,566,150
1786207764.172,675,675,775,650,862,592,935,551,1000,527,785,366,817,235,833,153,843,87,720,340,733,184,738,83,737,0,657,349,655,209,656,118,657,41,596,386,568,284,550,215,539,151
1786207764.356,699,699,801,683,886,612,943,550,1000,515,817,387,845,249,857,163,864,93,749,361,763,198,769,88,771,0,681,372,684,220,694,123,703,43,613,411,594,303,590,228,592,160
1786207764.533,840,840,946,782,1000,651,935,539,849,508,993,440,998,255,991,149,983,61,916,421,928,221,927,103,923,0,841,443,853,263,860,156,864,63,762,499,775,373,789,289,799,214
1786207764.714,835,835,938,772,991,637,931,522,852,494,991,433,1000,245,994,141,986,52,920,416,935,216,935,100,931,0,852,435,868,257,877,149,882,59,776,485,795,360,810,279,821,209
1786207764.900,839,839,939,779,989,635,920,526,837,515,992,453,1000,268,994,160,986,67,921,433,936,235,937,111,935,0,852,450,869,276,879,164,885,67,778,499,795,370,809,285,817,210
1786207765.061,830,830,934,796,1000,705,1000,626,989,563,970,456,979,265,979,151,975,61,889,434,897,230,899,104,896,0,810,455,814,263,821,150,829,59,728,509,715,373,714,287,719,213
1786207765.239,687,687,784,647,867,580,938,536,1000,506,787,358,791,212,788,122,783,49,728,343,733,184,736,84,736,0,668,358,671,218,678,135,685,64,607,397,587,302,578,240,572,181
1786207765.423,683,683,782,647,867,579,936,532,1000,500,783,357,784,212,780,122,776,47,723,341,726,185,729,86,731,0,663,356,663,220,668,136,674,63,602,397,578,303,567,241,559,181
1786207765.613,684,684,783,645,866,572,936,521,1000,488,779,350,780,207,773,120,764,47,721,336,725,182,728,85,728,0,662,353,661,214,667,130,673,56,602,394,578,300,566,237,557,175
1786207765.789,798,798,903,778,979,707,996,637,1000,575,932,451,937,276,940,159,944,68,858,424,862,237,870,107,877,0,792,435,792,263,803,152,813,62,724,477,719,347,727,267,736,199
1786207766.022,815,815,910,782,968,678,923,577,856,522,982,493,1000,303,1000,194,992,103,917,472,947,270,956,128,953,0,849,485,879,316,899,193,910,85,771,524,804,394,827,303,844,220
1786207766.202,803,803,900,771,966,652,926,531,856,485,981,462,1000,287,1000,189,996,105,917,436,947,246,961,118,967,0,852,446,879,277,900,166,913,70,778,486,806,364,828,280,842,204
1786207766.386,706,706,803,664,883,591,944,531,1000,491,818,379,842,239,854,148,863,74,748,356,756,196,765,90,774,0,681,373,668,230,663,142,663,66,620,417,588,316,571,251,560,189
1786207766.580,690,690,790,649,871,575,938,515,1000,479,795,362,824,230,838,144,846,73,723,339,728,183,731,83,731,0,656,356,638,224,630,141,627,69,595,402,555,308,532,247,515,190
1786207766.749,694,694,790,647,871,572,937,513,1000,479,795,366,824,234,838,149,847,77,724,343,733,186,740,85,744,0,659,360,642,227,637,142,636,67,599,406,561,316,540,253,525,191
1786207766.910,833,833,939,803,1000,732,989,681,971,638,953,450,967,278,971,180,971,96,871,422,877,221,889,99,901,0,798,441,793,257,807,145,824,57,729,497,717,363,720,278,730,205
1786207767.085,828,828,924,756,983,622,941,491,861,457,983,437,997,258,999,139,1000,39,921,421,943,238,951,113,956,0,859,434,879,273,893,158,905,57,789,475,807,351,822,264,834,190
1786207767.270,826,826,926,763,985,626,938,502,857,461,988,439,1000,262,997,154,991,60,923,421,944,238,951,113,954,0,858,436,877,269,892,154,904,53,787,480,808,354,826,267,840,191
1786207767.449,826,826,929,789,1000,683,988,574,962,486,974,463,988,283,992,163,991,65,900,434,915,242,924,112,930,0,828,441,836,260,849,136,863,29,754,477,753,342,764,246,778,162
1786207767.622,689,689,788,650,872,578,940,523,1000,486,801,365,825,240,836,160,844,93,730,338,736,185,742,85,747,0,663,351,649,215,643,134,641,64,602,391,570,292,550,230,536,172
1786207767.797,690,690,787,648,868,576,936,523,1000,490,795,367,821,237,833,155,841,86,724,340,730,182,736,83,741,0,658,356,642,218,634,137,630,66,599,399,563,301,542,239,525,179
1786207767.972,695,695,792,651,873,578,938,523,1000,490,801,370,826,240,838,159,849,91,730,346,736,189,743,87,750,0,666,362,653,218,651,127,654,46,608,404,577,305,560,239,550,176
1786207768.130,812,812,925,761,996,660,1000,560,992,487,945,435,963,274,967,181,966,102,864,410,866,217,872,98,877,0,792,427,787,247,792,136,801,45,722,475,719,343,729,259,743,187
1786207768.278,840,840,942,763,998,624,942,502,848,481,991,428,1000,264,999,158,996,66,921,406,937,228,944,109,951,0,856,419,870,257,886,148,900,53,785,467,803,346,819,263,832,193
1786207768.460,832,832,934,760,986,614,929,497,847,473,987,441,1000,264,999,160,995,69,920,420,942,229,949,108,953,0,855,432,873,262,886,152,899,56,783,476,802,351,819,267,836,195
1786207768.635,823,823,922,755,979,610,927,491,848,468,985,437,1000,262,999,163,995,75,919,418,941,224,948,107,952,0,853,431,873,257,887,146,899,48,781,473,805,349,822,262,836,185
1786207768.815,719,719,818,684,900,607,952,540,1000,495,853,393,889,257,911,168,930,95,780,364,795,201,806,92,814,0,712,377,710,220,713,113,718,21,646,419,633,310,631,235,632,168
1786207768.992,691,691,793,650,876,578,942,520,1000,480,802,365,833,245,849,167,861,102,728,341,732,191,734,87,736,0,661,358,647,230,642,154,641,87,601,402,569,306,549,246,536,188
1786207769.157,688,688,789,644,872,569,939,512,1000,474,797,355,832,227,851,147,865,79,723,330,732,175,737,78,740,0,656,347,641,213,636,132,633,62,595,392,560,294,540,231,525,170
1786207769.363,720,720,818,672,896,588,949,517,1000,467,830,378,863,224,877,125,888,42,759,360,767,196,774,90,779,0,693,380,688,232,691,138,695,57,631,425,614,312,610,238,610,170
1786207769.525,849,849,950,772,1000,633,945,516,873,485,989,443,998,269,993,164,985,72,917,425,926,228,930,107,932,0,847,444,860,263,872,152,881,54,774,496,794,366,810,276,822,199
1786207769.706,835,835,934,756,987,618,935,501,851,470,988,444,1000,278,999,172,995,77,917,427,933,246,941,120,945,0,849,445,860,280,875,163,887,56,776,497,795,375,813,286,829,206
1786207769.886,836,836,936,760,985,620,927,507,845,475,989,450,1000,278,998,171,993,77,918,428,932,243,938,117,942,0,850,442,861,271,877,153,892,46,780,491,797,366,816,279,832,202
1786207770.055,803,803,910,764,976,653,951,539,905,475,961,445,985,253,995,135,1000,43,879,415,894,227,906,101,918,0,802,424,807,242,816,119,829,19,724,457,712,311,712,203,717,111
1786207770.241,691,691,793,648,874,576,940,515,1000,476,802,370,827,243,842,159,852,88,727,346,733,194,738,90,742,0,659,362,641,231,632,153,629,84,599,407,565,312,548,250,538,192
1786207770.418,688,688,789,645,869,566,936,500,1000,459,794,361,822,231,836,145,845,72,723,338,731,186,738,86,743,0,657,355,637,220,627,133,622,57,600,402,565,307,545,243,531,181
1786207770.597,765,765,871,720,950,625,981,534,1000,464,893,414,911,255,917,159,918,79,821,388,830,206,838,92,843,0,755,400,750,233,754,130,761,48,689,441,679,317,684,239,694,171
1786207770.776,835,835,936,760,993,625,949,502,868,465,991,436,1000,272,998,164,992,70,924,415,938,237,941,114,941,0,860,429,873,265,885,154,894,56,790,476,808,352,822,264,834,188
1786207770.949,822,822,925,756,985,612,933,490,854,456,990,443,1000,267,997,163,991,70,922,422,941,231,946,111,950,0,857,435,873,261,886,150,899,52,783,478,803,350,819,264,832,188
1786207771.126,724,724,826,687,907,604,952,529,1000,479,866,388,903,250,924,169,943,98,793,361,809,199,817,92,825,0,724,372,720,224,717,130,718,48,657,411,642,303,637,231,634,166
1786207771.300,697,697,807,665,896,598,954,529,1000,470,836,368,879,247,903,172,923,106,762,339,778,191,785,90,790,0,692,348,692,216,694,135,697,64,625,385,609,285,601,221,595,161
1786207771.476,698,698,805,664,894,596,952,528,1000,474,834,370,873,245,896,168,916,101,762,340,778,188,787,87,794,0,693,349,694,214,696,126,700,49,626,387,606,290,598,225,594,166
1786207771.652,800,800,919,741,988,637,983,537,981,462,949,419,978,238,990,122,1000,25,867,398,880,217,889,101,899,0,794,415,797,253,806,145,819,52,722,461,719,339,726,256,737,182
1786207771.861,846,846,945,768,996,619,936,503,854,490,995,442,1000,258,994,151,987,58,923,425,932,228,937,107,942,0,854,442,866,264,877,156,887,61,781,488,800,355,814,263,823,185
