timestamp,x1,x2,x3,x4,x5,x6,x7,x8,x9,x10,x11,x12,x13,x14,x15,x16,x17,x18,x19,x20,x21,x22,x23,x24,x25,x26,x27,x28,x29,x30,x31,x32,x33,x34,x35,x36,x37,x38,x39,x40,x41,x42
1786205550.781,669,669,774,645,872,592,942,537,1000,487,820,361,868,238,898,165,925,102,755,322,783,170,800,78,813,0,691,320,703,191,718,113,730,41,627,342,613,228,604,155,599,84
1786205550.956,667,667,774,644,872,589,943,531,1000,481,820,358,869,236,898,162,925,99,755,320,783,168,799,76,811,0,690,318,704,189,718,110,731,38,625,339,612,223,603,149,597,78
1786205551.105,668,668,775,645,875,594,945,536,1000,479,821,362,866,236,893,159,919,92,756,323,783,172,799,78,811,0,690,320,702,187,715,102,727,28,624,341,610,223,603,147,600,75
1786205551.278,668,668,777,641,877,584,948,521,1000,461,819,355,854,226,874,153,893,88,757,321,784,171,804,78,820,0,694,316,713,180,731,95,750,22,628,333,630,217,636,144,648,77
1786205551.447,664,664,779,635,879,576,951,507,1000,437,812,348,841,216,859,137,877,65,753,318,777,172,799,81,820,0,694,316,713,180,733,97,755,24,634,337,639,224,650,154,666,87
1786205551.622,637,637,776,594,891,498,963,394,1000,287,812,267,838,131,860,61,889,11,748,238,772,91,805,28,850,0,685,235,703,91,736,30,781,5,617,259,631,137,656,70,687,27
1786205551.799,648,648,794,600,911,501,981,388,1000,275,829,270,856,132,881,63,914,11,763,240,791,92,826,30,873,0,699,236,720,91,755,30,802,3,628,261,644,135,670,63,703,10
1786205551.966,651,651,794,600,909,496,977,379,1000,265,833,267,860,136,884,69,913,12,765,236,793,93,823,33,866,0,700,233,719,92,753,31,801,3,629,258,647,137,674,67,710,18
1786205552.144,646,646,789,602,904,498,974,379,1000,265,829,271,858,138,883,68,913,12,762,237,791,92,825,30,870,0,696,232,717,88,754,28,803,6,626,256,648,135,681,66,721,21
1786205552.339,679,679,786,648,881,586,950,526,1000,467,824,368,867,244,898,170,925,107,760,330,785,174,804,79,818,0,696,330,705,187,717,100,728,26,632,356,624,243,625,176,633,117
1786205552.537,664,664,771,641,869,585,940,529,1000,481,814,356,863,237,892,165,919,102,751,317,777,166,790,74,799,0,686,314,698,180,708,93,717,18,621,335,611,217,607,142,608,72
1786205552.699,668,668,779,640,880,578,949,515,1000,453,814,347,845,215,868,138,891,72,750,315,771,166,792,75,811,0,686,315,696,176,712,91,730,20,622,341,614,229,616,160,625,97
1786205552.869,617,617,755,585,877,501,963,421,1000,313,787,232,808,69,847,23,888,36,722,205,741,22,784,0,829,45,657,204,673,32,720,5,767,41,587,232,615,102,652,50,691,38
1786205553.038,633,633,782,593,907,502,986,403,1000,292,804,245,823,90,864,38,907,31,738,214,758,35,806,0,856,27,674,212,689,33,741,0,794,25,605,242,637,114,686,66,734,55
1786205553.221,638,638,782,596,905,501,982,398,1000,284,811,247,830,98,867,44,909,31,743,216,764,40,807,0,858,19,678,213,694,41,742,1,797,16,608,243,638,114,681,60,727,43
1786205553.393,635,635,779,595,902,497,980,391,1000,276,811,246,832,95,869,41,909,29,745,214,768,37,809,0,857,24,681,209,700,37,747,1,798,25,611,237,646,111,691,61,737,50
1786205553.583,636,636,777,593,896,500,975,405,1000,300,805,259,828,115,859,58,898,37,738,229,761,71,795,29,840,34,672,224,691,73,726,29,769,26,601,248,615,120,636,48,663,0
1786205553.771,655,655,768,637,870,579,941,522,1000,469,806,349,852,232,881,162,907,102,745,308,775,161,794,71,809,0,683,300,698,162,713,77,727,5,620,318,618,200,621,126,631,59
1786205553.933,659,659,773,639,873,580,944,520,1000,463,806,350,846,229,871,158,895,95,745,311,773,166,794,74,812,0,684,305,699,166,718,80,737,7,621,322,620,205,625,131,635,62
1786205554.115,666,666,778,641,878,583,948,523,1000,462,811,355,842,227,862,153,880,86,751,320,777,173,797,80,815,0,691,315,708,179,727,94,746,20,628,334,629,218,636,146,648,77
1786205554.286,666,666,800,611,905,521,968,427,1000,335,837,289,868,147,890,66,915,0,771,263,793,116,817,49,849,17,704,265,718,120,745,49,781,15,634,290,631,172,638,101,649,49
1786205554.468,667,667,821,602,940,479,1000,342,986,223,856,260,876,111,905,52,937,37,783,229,803,57,833,11,873,26,715,226,727,60,765,0,813,14,639,255,664,124,699,53,739,29
1786205554.638,668,668,820,604,936,480,1000,343,984,225,855,259,874,114,905,54,940,32,782,228,800,59,831,13,874,22,713,225,724,61,762,0,810,9,637,253,651,119,677,41,709,5
1786205554.834,672,672,823,604,939,481,1000,347,990,228,858,255,875,110,905,50,940,32,784,226,801,57,832,9,877,20,715,224,725,62,764,0,813,9,639,254,661,123,694,48,732,18
1786205555.033,638,638,753,590,854,504,936,438,1000,392,799,278,831,145,857,71,886,21,733,249,754,101,775,32,800,0,665,250,675,110,693,46,715,14,596,274,581,161,579,89,584,32
1786205555.198,671,671,779,637,873,573,941,517,1000,472,792,355,827,234,849,165,870,103,732,322,753,174,770,80,787,0,674,319,684,182,701,96,721,23,616,339,612,222,618,146,630,76
1786205555.358,652,652,767,615,867,549,941,491,1000,437,776,314,803,185,827,108,853,43,715,288,728,145,752,64,778,0,656,293,662,157,679,79,701,14,599,322,588,216,589,150,596,90
1786205555.538,654,654,799,615,916,534,986,433,1000,330,860,276,884,134,901,63,922,11,790,240,813,86,834,27,867,6,724,232,740,84,766,15,802,0,650,252,673,131,699,62,730,25
1786205555.715,663,663,812,619,931,526,1000,403,998,284,876,276,901,133,922,70,948,34,805,240,831,82,855,30,892,26,738,232,754,78,785,10,827,0,660,255,674,126,693,53,719,11
1786205555.907,660,660,808,616,923,523,993,400,1000,283,867,275,894,133,914,70,939,30,795,240,822,84,845,31,882,19,729,232,747,84,777,14,819,0,651,254,665,132,683,61,705,20
1786205556.093,659,659,805,618,920,526,990,408,1000,290,865,279,889,136,908,71,934,32,793,245,819,91,842,34,879,22,727,237,744,89,773,18,812,0,649,258,660,134,675,61,695,17
1786205556.253,641,641,763,597,869,515,945,446,1000,385,791,284,819,152,841,78,869,18,727,258,737,114,756,43,782,0,666,264,669,128,689,59,718,15,606,294,597,187,599,121,608,66
1786205556.435,690,690,800,653,884,578,950,521,1000,464,782,344,800,214,824,134,852,69,728,322,730,173,752,75,781,0,677,332,669,193,684,107,708,37,632,368,609,263,606,193,612,129
1786205556.621,636,636,766,594,871,506,951,440,1000,362,753,245,765,90,808,32,859,19,706,226,720,55,773,0,832,9,659,226,672,65,724,7,782,3,609,251,625,116,660,44,703,7
1786205556.784,653,653,794,595,909,485,986,382,1000,283,791,245,808,83,859,32,913,33,738,223,757,38,819,1,883,27,686,218,702,40,768,0,833,19,632,242,663,102,713,38,763,12
1786205556.960,661,661,802,602,919,484,995,365,1000,252,813,245,830,83,885,37,940,42,752,221,768,30,836,0,905,32,694,219,713,36,783,6,852,33,634,247,678,112,734,58,788,40
1786205557.148,656,656,797,602,914,480,991,356,1000,241,805,249,824,97,878,44,934,33,747,220,768,41,836,0,907,15,689,211,713,37,784,2,854,21,628,228,667,89,721,33,773,15
1786205557.341,642,642,781,587,897,467,973,359,1000,258,792,247,811,90,858,34,908,29,734,221,754,44,807,2,865,24,677,216,697,43,754,0,813,13,616,239,657,113,706,58,754,36
1786205557.511,650,650,754,619,848,558,930,523,1000,506,755,339,783,223,800,155,818,94,701,308,710,165,721,76,730,0,649,308,653,171,660,84,669,11,599,328,593,211,594,133,602,61
1786205557.676,659,659,762,628,854,566,933,535,1000,527,770,344,796,228,808,157,818,94,712,313,715,166,714,74,710,0,657,313,653,173,650,88,647,16,603,335,589,218,580,142,574,72
1786205557.882,655,655,760,622,854,566,932,537,1000,529,769,337,795,221,804,153,809,95,706,305,704,159,699,72,688,0,646,308,635,173,630,91,625,19,588,339,565,229,550,159,541,92
1786205558.032,655,655,758,621,852,564,931,534,1000,527,769,339,797,221,807,153,815,94,706,308,706,162,703,73,695,0,647,311,639,177,635,94,630,22,592,340,570,231,556,162,546,96
1786205558.214,659,659,770,617,867,541,942,473,1000,413,778,307,799,179,820,103,848,45,715,283,716,141,734,60,759,0,654,291,651,159,662,80,681,17,598,325,583,222,583,155,591,95
1786205558.387,674,674,812,615,920,491,987,377,1000,267,815,254,820,77,868,24,915,29,752,238,753,39,807,0,864,35,692,245,695,57,757,12,818,35,629,281,658,139,709,82,759,70
1786205558.561,678,678,819,610,930,483,995,358,1000,243,822,254,834,95,881,35,929,20,757,234,761,43,821,0,887,23,695,237,696,54,763,13,831,34,633,272,649,136,688,67,731,34
1786205558.751,668,668,806,605,918,480,988,355,1000,235,815,251,826,94,874,35,923,22,750,229,753,41,814,0,879,28,689,231,691,45,756,7,821,34,629,262,665,133,724,80,779,68
1786205558.933,652,652,792,602,904,475,973,360,1000,243,795,253,811,96,857,29,909,11,732,231,746,48,801,0,865,23,673,230,681,49,739,3,802,19,612,256,646,119,699,59,754,39
1786205559.101,649,649,751,610,848,545,930,507,1000,487,759,333,794,217,820,156,845,102,701,303,713,159,725,73,732,0,645,303,646,171,651,90,657,21,592,326,584,211,584,135,589,63
1786205559.284,654,654,756,623,852,559,931,525,1000,515,773,337,805,222,824,157,839,100,712,304,723,159,725,70,722,0,653,303,651,169,649,90,647,22,596,324,586,207,581,132,579,63
1786205559.457,655,655,755,623,850,560,930,527,1000,517,774,339,806,225,822,160,836,102,713,307,721,161,722,72,718,0,654,306,651,172,649,91,647,21,597,327,584,211,576,136,571,68
1786205559.642,679,679,778,642,868,580,940,532,1000,494,787,357,815,234,840,164,865,104,726,331,730,180,745,82,759,0,670,339,665,199,671,110,680,35,618,374,604,265,603,193,608,128
1786205559.806,663,663,798,601,909,481,981,375,1000,275,807,237,820,77,859,18,901,11,745,223,757,46,798,0,849,20,684,229,691,59,740,4,797,10,621,264,643,129,680,60,722,30
1786205559.997,691,691,834,612,945,472,1000,333,964,225,845,246,854,64,897,18,939,35,771,230,775,27,830,0,889,41,701,239,703,50,760,14,821,43,630,280,636,135,660,60,688,21
1786205560.179,689,689,824,629,935,495,1000,356,963,235,856,250,855,49,899,9,934,46,781,233,779,10,832,0,879,73,711,242,710,38,765,14,815,72,637,287,663,142,701,85,738,82
1786205560.351,687,687,826,631,938,495,1000,355,964,233,857,255,856,56,900,14,936,51,783,237,782,15,837,0,883,74,714,245,714,39,773,11,822,70,638,285,664,135,711,85,754,95
1786205560.528,676,676,783,656,881,609,949,556,1000,502,850,364,897,238,925,159,949,92,783,321,811,174,830,79,843,0,715,317,731,179,744,95,755,23,647,341,644,231,647,160,652,95
1786205560.703,651,651,767,637,869,595,944,539,1000,486,838,353,893,224,925,144,953,73,772,311,803,171,824,79,842,0,708,304,727,175,743,90,759,16,641,318,638,206,639,131,643,59
1786205560.879,653,653,764,635,865,590,944,535,1000,481,830,351,877,223,905,142,931,72,764,311,793,169,813,77,831,0,698,307,714,173,731,83,749,6,630,325,625,210,627,133,634,60
1786205561.056,643,643,781,601,900,514,979,408,1000,302,826,263,845,111,869,47,902,17,758,234,776,74,799,22,834,14,691,231,707,79,731,20,763,0,619,256,629,136,645,67,664,19
1786205561.257,645,645,795,598,919,491,1000,375,997,259,816,247,821,59,879,29,927,58,755,225,768,16,835,0,888,57,695,222,713,25,785,8,842,57,625,248,667,101,728,63,779,74
1786205561.423,657,657,802,603,922,490,1000,371,998,254,812,251,819,69,878,36,929,61,750,228,762,19,833,0,893,51,690,225,707,28,784,10,846,55,623,252,664,105,728,62,783,65
1786205561.597,657,657,801,604,919,493,1000,374,1000,255,812,255,823,73,879,37,929,61,750,231,765,24,832,0,891,49,689,227,707,30,779,8,840,51,621,252,662,106,722,64,775,70
1786205561.774,656,656,765,625,860,559,936,504,1000,463,773,335,804,220,830,156,857,100,714,302,727,157,743,72,758,0,656,303,665,167,679,84,694,13,597,328,592,216,596,144,605,77
1786205561.962,647,647,755,622,853,563,931,517,1000,485,783,337,820,225,843,159,864,100,720,300,737,157,747,70,753,0,657,298,662,164,669,82,678,11,594,320,583,211,579,140,582,74
1786205562.133,654,654,761,628,858,572,934,524,1000,488,788,350,825,234,847,162,867,97,727,314,747,167,761,75,771,0,667,312,675,178,687,95,700,24,607,333,598,222,597,149,601,82
1786205562.309,658,658,786,610,891,520,965,429,1000,332,799,274,814,129,834,55,864,5,739,257,751,107,777,36,816,0,679,264,690,120,715,48,750,4,616,297,616,183,628,112,646,57
1786205562.494,663,663,811,609,930,484,1000,352,978,244,829,254,843,76,891,40,926,78,763,226,776,30,827,6,869,68,699,223,709,35,763,0,806,57,631,252,660,110,708,59,749,71
1786205562.675,672,672,818,609,933,481,1000,347,985,233,837,255,853,80,899,34,937,59,768,229,784,36,834,7,880,64,702,228,712,43,764,0,812,45,632,261,659,125,706,66,751,65
1786205562.861,669,669,816,605,932,479,1000,346,986,232,833,253,849,86,891,39,931,57,766,225,783,39,831,7,880,54,701,223,712,41,763,0,813,42,631,254,660,119,706,65,751,67
1786205563.029,638,638,751,625,851,544,937,492,1000,450,776,320,802,173,840,88,881,35,721,299,743,149,783,57,824,0,666,302,680,164,714,77,752,12,614,327,610,215,629,141,657,77
1786205563.211,653,653,768,624,864,530,939,460,1000,397,757,333,780,186,814,94,853,32,708,310,737,155,785,58,836,0,659,311,678,156,723,64,771,1,612,334,590,210,594,119,610,40
1786205563.382,639,639,762,600,852,496,932,427,1000,361,737,249,750,96,806,31,864,7,692,237,701,57,771,0,841,4,651,247,654,67,730,17,803,18,616,280,636,141,690,83,747,60
1786205563.550,660,660,782,617,877,503,949,420,1000,333,748,272,765,116,814,42,868,15,697,253,708,73,777,13,850,22,650,251,651,68,722,4,797,0,608,273,617,130,662,54,717,22
1786205563.751,675,675,815,615,933,487,1000,345,983,231,829,259,856,86,913,65,944,112,768,227,792,28,854,12,894,73,707,216,728,20,793,0,836,57,644,232,679,80,735,35,780,51
1786205563.930,668,668,811,592,930,469,1000,328,984,221,828,253,853,91,916,70,963,96,769,221,796,26,869,14,926,69,710,208,736,11,811,0,869,60,646,222,697,81,764,50,818,71
1786205564.094,665,665,809,594,927,469,1000,335,992,227,823,254,846,81,909,57,956,90,765,225,791,29,859,12,910,67,706,214,732,20,802,0,855,55,641,229,689,86,752,48,803,68
1786205564.275,660,660,767,640,860,587,935,549,1000,519,776,367,821,256,852,192,879,136,719,331,729,179,735,81,738,0,663,331,666,186,672,90,678,8,608,358,601,241,604,164,613,93
1786205564.457,660,660,758,633,851,577,931,542,1000,524,776,363,817,254,847,190,874,134,719,328,727,178,733,81,737,0,664,329,662,188,664,94,670,15,611,357,602,244,602,165,611,94
1786205564.622,660,660,758,631,850,573,931,539,1000,520,778,363,822,253,854,190,883,134,720,328,728,179,736,82,744,0,665,329,664,189,670,97,680,18,613,356,603,244,603,167,611,97
1786205564.794,659,659,758,630,851,572,931,536,1000,516,779,363,824,251,855,186,886,130,721,328,732,180,741,82,750,0,667,328,666,189,672,97,681,18,615,354,606,241,605,165,612,96
1786205564.994,659,659,759,630,852,570,931,534,1000,514,780,361,825,249,857,183,888,127,720,327,730,179,740,82,750,0,664,329,661,188,666,94,675,13,611,355,598,240,594,162,598,92
1786205565.175,658,658,756,626,849,566,930,529,1000,509,778,359,825,250,856,186,886,131,719,326,730,179,739,82,748,0,662,326,659,187,663,94,672,13,608,351,596,237,591,158,595,87
1786205565.341,661,661,757,631,849,575,930,543,1000,530,782,361,827,253,858,190,887,136,721,326,729,177,736,81,742,0,661,329,646,184,639,89,635,5,606,359,580,246,562,171,553,101
1786205565.521,663,663,757,634,849,579,930,548,1000,537,783,362,827,251,857,186,885,129,721,326,730,177,736,81,740,0,661,329,643,185,633,90,625,5,605,360,577,249,557,177,543,110
1786205565.696,664,664,760,636,851,583,930,553,1000,542,784,366,831,256,861,191,889,135,723,330,734,178,741,81,746,0,663,333,648,190,638,94,630,7,608,364,579,252,558,180,543,112
1786205565.899,673,673,767,642,860,583,935,544,1000,523,793,368,840,253,872,186,902,130,730,333,743,177,755,79,766,0,668,335,663,188,669,91,678,10,608,364,585,247,572,170,569,101
1786205566.047,664,664,794,612,901,512,971,424,1000,330,813,266,832,121,872,68,915,51,748,241,758,72,801,18,851,15,684,247,682,75,730,13,790,0,622,287,626,159,656,88,696,47
1786205566.222,673,673,814,619,928,491,1000,364,989,253,826,253,847,79,911,52,959,80,763,229,775,22,850,0,908,49,703,229,711,18,792,4,852,54,643,259,687,113,759,84,814,103
1786205566.425,671,671,814,614,929,484,1000,361,997,254,824,250,842,75,908,45,962,68,761,225,778,20,859,0,923,45,701,227,713,20,794,3,857,49,641,262,689,114,756,76,808,82
1786205566.597,660,660,771,619,869,533,944,475,1000,423,792,313,827,185,860,118,894,65,733,286,766,145,794,63,820,0,668,285,686,150,705,71,723,4,602,306,602,190,610,115,620,43
1786205566.765,673,673,771,644,860,579,934,540,1000,519,790,352,820,234,836,164,850,103,731,322,732,171,731,76,729,0,675,328,667,183,664,90,663,11,621,358,603,242,592,164,584,92
1786205566.951,676,676,773,645,862,580,935,545,1000,528,796,354,826,236,840,165,851,102,736,323,738,171,735,77,730,0,679,328,672,182,668,91,665,13,623,356,607,236,596,158,588,87
1786205567.150,691,691,790,653,878,589,945,536,1000,491,802,366,831,244,857,174,883,112,743,340,746,184,754,82,761,0,688,346,683,201,686,107,691,30,635,377,619,258,612,177,609,104
1786205567.324,690,690,825,629,933,493,997,365,1000,249,819,255,824,69,870,22,895,30,748,240,733,18,798,0,841,58,683,249,671,36,746,18,796,68,620,289,644,136,709,96,757,107
1786205567.470,676,676,817,610,930,471,1000,340,985,225,817,241,826,61,887,38,935,72,751,224,754,15,827,0,884,60,688,231,685,19,768,2,834,54,625,267,658,121,731,91,792,110
1786205567.669,683,683,817,616,929,477,1000,345,993,225,823,254,836,79,895,49,943,74,758,234,769,29,840,8,898,61,696,237,696,25,774,0,841,45,632,270,666,120,733,85,792,101
1786205567.839,661,661,760,626,849,565,931,525,1000,500,762,343,794,228,826,162,858,109,705,317,713,171,729,77,745,0,651,326,648,190,658,102,673,30,598,360,584,255,585,184,598,123
1786205568.027,661,661,762,629,853,566,932,532,1000,518,769,346,798,228,817,158,837,96,712,320,714,171,718,78,721,0,657,326,654,185,657,95,662,17,604,354,592,237,588,159,590,87
1786205568.199,667,667,765,633,853,571,933,536,1000,517,769,349,795,226,814,154,834,92,712,324,715,175,722,80,730,0,658,332,655,192,659,102,669,24,607,362,593,246,591,168,595,96
1786205568.368,674,674,782,632,873,555,944,492,1000,436,777,328,804,195,830,120,859,56,719,312,724,167,739,75,757,0,665,329,663,195,678,109,700,36,614,370,604,265,612,196,630,132
1786205568.513,664,664,792,595,894,467,959,359,1000,258,788,239,798,75,829,13,866,9,722,228,725,52,757,0,799,14,657,242,655,73,690,13,734,13,592,286,605,147,634,71,670,36
1786205568.672,683,683,820,605,930,464,1000,334,991,217,817,240,823,56,873,18,915,45,746,228,751,22,813,0,868,55,678,237,680,38,753,7,820,46,608,277,632,126,691,71,747,65
1786205568.856,690,690,823,613,930,476,1000,350,999,233,827,241,829,61,882,23,927,49,756,230,756,24,819,0,876,56,688,244,688,47,759,14,823,54,617,288,642,135,698,81,752,80
1786205569.029,672,672,797,603,897,480,964,380,1000,288,807,266,826,114,845,40,867,0,742,255,755,99,777,34,807,10,676,264,685,112,710,50,741,28,609,298,614,173,628,97,648,43
1786205569.209,665,665,770,623,864,544,935,492,1000,464,765,315,780,195,779,126,773,65,701,286,690,143,678,64,662,0,644,288,625,151,614,72,601,5,588,312,563,192,548,116,536,43
1786205569.399,664,664,765,619,856,540,932,494,1000,475,764,311,782,186,785,113,784,50,700,288,689,144,675,62,660,0,641,296,624,161,612,79,601,10,586,327,560,211,543,139,529,70
1786205569.550,678,678,772,631,860,555,933,510,1000,489,774,330,792,202,796,125,798,56,711,308,699,160,689,71,677,0,654,319,635,181,624,97,615,25,601,352,574,239,558,165,545,94
1786205569.745,686,686,803,620,897,513,957,411,1000,315,789,281,798,130,820,64,849,35,721,264,711,91,739,20,780,0,658,280,642,116,674,47,721,27,597,328,583,203,596,130,623,85
1786205569.928,701,701,837,624,940,476,1000,339,996,214,823,255,826,85,877,31,925,27,752,244,744,40,809,0,872,35,687,255,679,58,750,17,818,41,623,298,649,155,703,92,756,71
1786205570.107,692,692,829,615,936,476,1000,341,991,222,820,254,819,86,871,32,917,26,751,240,736,37,800,0,859,39,687,251,678,53,750,14,813,42,622,293,655,151,717,96,772,86
1786205570.273,692,692,827,612,936,472,1000,338,992,221,820,252,823,91,873,37,920,27,752,238,743,41,808,0,873,28,689,249,681,51,756,11,826,32,627,290,657,146,723,96,783,86
1786205570.464,681,681,779,635,864,563,937,513,1000,476,766,350,793,223,819,149,846,86,707,329,712,178,726,81,741,0,652,343,642,206,645,114,654,36,602,382,586,273,586,198,595,130
1786205570.623,686,686,782,646,869,568,937,515,1000,483,781,343,808,221,826,149,841,83,718,318,714,166,712,75,709,0,661,330,646,186,639,97,633,19,608,364,583,247,569,169,561,93
1786205570.813,686,686,781,645,867,568,937,516,1000,484,786,347,812,224,827,149,839,81,721,324,714,171,708,77,702,0,663,336,646,194,636,103,629,23,610,373,584,257,569,180,559,105
1786205570.999,690,690,789,648,874,574,942,515,1000,468,784,361,807,234,828,158,850,91,722,341,720,188,725,86,731,0,667,356,654,214,656,119,663,39,615,394,591,279,583,198,581,123
1786205571.168,680,680,816,604,926,469,995,346,1000,234,805,229,814,31,867,21,901,72,735,222,739,0,800,8,843,75,666,240,668,26,738,27,790,85,598,288,625,134,687,93,738,94
1786205571.355,674,674,811,604,925,462,1000,333,994,214,805,226,815,52,879,36,927,77,734,213,734,3,814,0,874,68,666,227,665,20,753,14,818,69,597,271,624,116,701,91,760,113
1786205571.522,679,679,815,606,926,468,1000,345,1000,231,809,239,821,66,884,43,934,75,739,225,743,18,819,0,882,54,672,237,671,26,756,10,823,57,605,278,634,122,712,93,775,112
1786205571.696,682,682,817,602,926,466,1000,341,994,226,810,238,818,68,877,38,930,62,739,225,740,20,814,0,881,50,672,238,672,35,756,16,827,60,607,282,635,131,707,96,771,104
1786205571.871,683,683,818,608,927,469,1000,345,999,229,810,243,819,65,879,37,931,67,742,230,744,20,819,0,883,56,676,241,678,34,763,11,833,56,610,281,639,127,715,90,779,101
1786205572.051,667,667,777,603,874,500,948,424,1000,368,785,272,803,125,822,49,844,0,714,259,724,106,740,45,762,24,644,271,645,130,664,82,688,62,574,307,559,191,558,118,565,59
1786205572.222,678,678,773,633,859,560,934,515,1000,490,772,351,797,230,817,160,838,101,711,329,706,179,705,81,704,0,655,341,641,200,638,109,639,30,603,376,580,262,570,185,567,113
1786205572.412,679,679,774,634,860,563,934,517,1000,490,774,352,800,231,819,161,839,98,712,332,705,182,702,84,700,0,656,346,642,207,640,115,641,34,604,383,581,270,570,191,567,117
1786205572.592,699,699,807,644,897,555,957,480,1000,409,795,319,815,177,840,96,870,32,729,307,727,153,743,66,764,0,669,330,659,183,665,94,676,22,615,383,597,271,598,194,606,127
1786205572.765,701,701,824,634,924,502,987,387,1000,280,813,255,813,69,856,24,892,43,745,248,727,32,782,0,835,43,680,270,660,62,721,25,778,53,617,324,633,177,687,125,738,116
1786205572.958,694,694,825,631,933,489,1000,362,991,248,809,260,807,81,863,34,908,44,740,249,724,36,795,0,855,42,676,264,664,56,744,24,808,57,614,309,635,156,705,114,765,120
1786205573.118,695,695,827,634,933,495,1000,365,987,247,810,266,807,80,870,35,916,53,741,255,724,32,801,0,861,51,677,269,662,53,748,24,811,65,615,312,637,155,713,120,772,137
1786205573.269,695,695,826,632,932,489,1000,359,988,239,811,258,809,63,874,27,922,56,741,250,732,23,811,0,869,60,676,265,669,43,756,23,819,73,612,307,639,150,714,121,772,145
1786205573.439,699,699,829,627,933,486,1000,350,981,236,816,256,817,69,878,37,924,64,748,245,737,22,810,0,870,54,683,260,678,44,762,25,827,70,621,304,647,151,720,125,780,144
1786205573.598,660,660,771,594,866,485,942,411,1000,362,779,242,800,88,817,37,833,20,713,231,723,75,736,23,752,4,646,245,647,95,664,34,683,0,577,283,568,155,571,79,580,17
1786205573.775,659,659,761,618,852,556,932,524,1000,513,760,329,786,205,802,131,819,69,693,306,690,160,688,74,685,0,633,318,618,183,611,99,606,22,578,355,549,251,530,187,518,126
1786205573.948,664,664,764,620,850,555,931,518,1000,502,758,331,784,203,797,127,808,65,688,309,684,158,678,70,672,0,624,325,603,184,592,102,583,31,566,368,528,262,503,198,483,137
1786205574.125,670,670,766,625,853,559,931,519,1000,500,763,341,788,212,802,135,811,73,695,320,691,164,685,73,677,0,632,336,611,195,599,111,589,37,576,380,536,275,510,210,490,149
1786205574.314,712,712,810,662,892,582,952,515,1000,455,802,366,824,230,845,151,867,88,733,353,723,189,725,85,727,0,675,376,651,231,649,132,653,49,623,428,596,323,588,255,590,196
1786205574.506,701,701,827,638,931,491,1000,358,989,242,806,249,798,47,863,21,910,58,736,246,722,24,801,0,862,49,668,271,665,59,753,40,820,75,600,325,629,172,703,142,761,150
1786205574.674,693,693,826,624,931,476,1000,339,978,221,805,250,812,67,874,37,923,66,738,242,734,28,811,0,877,49,674,261,669,43,756,22,824,65,610,308,640,151,718,125,780,146
1786205574.853,690,690,826,615,932,467,1000,329,974,213,813,243,821,54,885,28,934,63,744,234,744,13,822,0,884,61,677,251,675,24,762,18,824,77,610,297,643,139,720,121,778,154
1786205575.029,691,691,826,615,932,467,1000,327,974,209,815,241,825,54,891,30,939,67,747,230,747,11,825,0,884,63,681,248,676,22,764,17,827,77,615,294,645,136,724,121,782,158
1786205575.197,694,694,790,648,876,572,946,518,1000,471,782,356,818,223,848,145,877,81,719,334,730,179,743,81,754,0,659,346,656,204,664,113,673,35,602,383,587,266,588,185,595,111
1786205575.342,683,683,783,645,870,570,938,513,1000,476,782,354,812,224,831,147,848,81,717,333,710,178,702,81,694,0,658,349,641,206,634,114,630,36,603,387,578,267,565,188,558,114
1786205575.515,693,693,789,646,874,567,939,509,1000,472,790,346,815,220,825,144,830,75,723,326,710,174,699,79,688,0,663,345,640,202,630,111,622,31,607,388,574,277,553,206,538,136
1786205575.683,694,694,790,648,874,570,941,515,1000,478,787,351,810,225,821,147,828,78,719,331,707,176,696,79,683,0,660,350,637,206,627,116,619,38,605,395,572,287,551,219,536,155
1786205575.853,728,728,831,657,912,546,963,451,1000,368,829,324,849,164,866,71,884,0,761,316,755,152,765,74,782,25,697,337,686,185,693,105,708,48,636,383,619,264,622,187,632,123
1786205576.033,718,718,844,653,941,489,1000,344,985,230,821,273,827,88,879,37,906,47,748,262,723,39,789,0,840,42,680,280,656,56,738,26,797,66,618,325,642,167,718,135,776,155
1786205576.211,708,708,836,641,938,475,1000,328,971,218,808,247,803,51,877,25,929,62,740,242,723,15,814,0,877,64,675,263,659,37,759,27,825,83,612,310,631,144,715,123,777,156
1786205576.390,705,705,835,630,939,465,1000,313,962,203,816,246,809,46,880,22,928,67,748,240,732,10,820,0,878,73,683,257,666,26,761,21,822,87,616,301,636,135,717,122,774,166
1786205576.595,696,696,830,624,934,467,1000,323,978,198,809,242,802,43,871,17,921,60,742,237,728,10,813,0,874,72,677,254,662,23,754,18,815,81,611,296,633,127,713,113,770,156
1786205576.750,690,690,787,634,869,554,940,494,1000,446,770,349,790,218,804,137,818,68,708,332,710,181,718,83,727,0,654,350,637,209,635,117,640,39,604,393,584,288,584,217,594,152
1786205576.943,674,674,773,628,859,552,933,506,1000,481,766,335,789,209,803,134,816,67,702,312,698,163,696,74,692,0,645,326,627,185,619,98,613,22,592,363,564,252,551,178,542,105
1786205577.104,674,674,771,626,858,549,933,501,1000,480,767,337,789,213,802,138,814,70,703,316,697,166,691,75,684,0,646,331,630,192,620,105,612,27,593,370,565,259,549,184,538,110
1786205577.297,693,693,793,642,878,566,944,505,1000,453,782,347,805,219,824,141,845,73,719,329,716,179,727,81,741,0,663,347,653,208,657,117,665,42,612,391,594,287,593,216,600,150
1786205577.454,708,708,841,620,940,472,1000,337,988,232,827,242,825,25,874,25,900,91,757,237,750,0,808,28,837,114,688,254,682,33,740,49,774,125,617,300,630,144,675,100,708,105
1786205577.639,688,688,823,628,932,479,1000,332,974,210,830,239,826,37,884,8,923,50,757,227,750,4,822,0,871,80,687,240,682,30,761,26,813,94,611,281,632,127,696,97,744,125
1786205577.811,689,689,827,618,933,471,1000,321,970,200,831,238,830,43,882,11,922,47,758,223,759,2,823,0,872,74,688,235,687,24,761,22,815,94,611,276,636,121,697,95,746,126
1786205578.012,711,711,813,652,896,550,960,465,1000,393,833,339,851,195,874,119,899,62,762,319,773,157,787,69,801,0,692,331,693,178,701,95,712,28,623,366,612,244,615,166,621,99
1786205578.173,671,671,780,638,876,579,946,520,1000,467,815,350,858,222,888,145,918,81,745,317,763,167,779,76,798,0,678,320,680,187,691,101,708,28,613,350,597,238,594,166,602,100
1786205578.353,664,664,771,626,866,563,936,504,1000,456,798,341,839,218,866,145,893,81,731,309,749,165,766,75,783,0,664,312,669,185,681,104,697,32,600,339,588,232,585,164,590,99
1786205578.526,669,669,779,634,876,570,945,504,1000,439,803,335,835,208,858,136,883,75,737,306,753,162,769,74,787,0,673,309,677,175,692,94,713,25,610,337,599,223,604,154,621,90
1786205578.700,652,652,787,589,899,477,976,358,1000,239,796,231,803,28,846,9,872,59,726,216,731,0,782,3,816,73,658,222,662,23,717,11,760,62,586,257,602,113,643,56,680,39
1786205578.893,670,670,802,605,912,481,994,361,1000,242,798,233,803,47,860,24,904,66,730,219,732,6,802,0,855,66,662,231,665,26,742,20,800,78,592,273,614,120,679,92,732,114
1786205579.063,669,669,802,601,914,480,995,362,1000,241,806,229,804,39,860,20,905,62,735,219,733,0,801,6,853,73,667,233,663,27,737,25,796,86,595,279,614,128,674,97,727,114
1786205579.247,648,648,775,589,883,474,967,381,1000,281,777,234,787,61,828,19,860,41,710,218,716,29,765,0,806,49,642,226,645,49,703,27,752,69,572,263,589,128,642,85,692,91
1786205579.425,684,684,784,642,871,567,938,516,1000,483,778,354,803,233,823,161,842,98,715,329,709,176,708,79,708,0,658,339,646,194,644,100,644,20,605,374,584,257,576,178,575,105
1786205579.607,683,683,778,638,864,564,935,523,1000,502,776,351,803,230,820,158,836,94,715,328,711,174,708,79,704,0,659,341,646,197,641,105,639,26,607,379,584,263,573,185,567,111
1786205579.777,681,681,777,638,862,568,935,527,1000,503,775,356,800,235,819,161,838,94,714,334,709,182,709,83,710,0,659,347,645,207,642,114,644,33,608,385,585,276,576,198,573,126
1786205579.965,682,682,800,624,895,530,964,449,1000,364,787,280,802,123,836,40,877,0,721,268,716,95,745,33,788,31,656,288,645,128,678,67,723,58,594,340,586,212,596,135,613,87
1786205580.126,668,668,811,614,924,483,1000,353,985,234,819,238,823,32,880,13,918,70,748,221,759,2,821,0,860,80,680,226,692,22,759,11,802,76,604,259,636,109,697,72,740,93
1786205580.270,669,669,810,617,925,484,1000,352,988,228,823,243,833,47,889,25,927,80,751,223,765,4,826,0,865,81,680,228,692,19,761,9,805,82,601,261,635,107,698,77,744,111
1786205580.452,667,667,808,618,924,483,1000,352,985,230,826,244,837,49,894,36,928,97,752,224,761,0,826,10,862,101,682,227,689,15,760,14,798,94,602,260,633,105,698,83,741,127
1786205580.608,658,658,794,603,909,482,994,368,1000,251,810,236,822,47,879,34,915,89,741,218,752,0,818,6,854,93,673,223,682,16,752,16,790,89,596,256,623,100,690,80,734,125
1786205580.794,679,679,775,634,863,569,935,526,1000,501,786,356,820,231,844,158,869,94,723,332,729,177,733,80,735,0,664,343,659,203,662,114,667,36,607,378,587,264,580,187,579,116
1786205580.965,672,672,769,631,859,570,933,535,1000,520,783,355,816,232,838,159,859,95,719,330,724,176,724,79,723,0,660,341,651,201,650,111,651,34,602,377,579,265,569,190,565,119
1786205581.144,670,670,767,627,857,564,932,530,1000,514,777,357,810,232,833,160,856,96,714,333,718,181,722,84,724,0,654,344,649,204,652,114,657,33,597,380,577,268,569,194,568,124
1786205581.325,651,651,774,590,878,489,953,405,1000,323,781,244,792,80,808,12,830,0,710,229,710,58,722,3,745,10,640,244,636,87,652,34,678,30,572,289,562,161,565,85,575,35
1786205581.503,676,676,815,619,928,483,1000,338,984,215,833,241,840,40,885,17,902,58,758,223,760,0,823,12,857,92,684,228,683,17,756,23,800,92,607,261,634,111,699,90,744,123
1786205581.678,684,684,823,619,934,482,1000,332,968,215,838,243,839,45,892,30,925,79,765,225,763,0,829,12,871,92,696,232,692,23,764,27,812,97,620,267,646,116,707,95,751,127
1786205581.855,685,685,823,622,932,483,1000,334,970,219,842,243,847,46,900,30,931,77,770,225,774,0,837,13,876,91,700,231,699,19,769,25,815,98,623,267,651,117,711,94,754,125
1786205582.033,694,694,787,643,871,568,940,510,1000,467,804,363,842,235,872,164,901,105,739,337,751,180,765,81,776,0,678,346,678,202,685,113,694,36,618,379,601,265,596,192,599,125
1786205582.205,665,665,765,625,858,561,933,515,1000,485,776,354,812,232,836,160,859,98,713,326,720,174,723,79,723,0,654,335,651,199,654,111,657,34,597,368,578,258,569,182,565,112
1786205582.385,668,668,767,628,858,562,933,516,1000,487,780,353,815,233,838,162,859,101,715,326,719,174,721,79,720,0,655,335,650,201,652,115,655,38,598,369,577,260,568,185,564,114
1786205582.575,667,667,765,627,857,564,933,517,1000,484,778,351,811,229,833,156,855,92,714,325,719,177,721,81,721,0,654,335,650,200,652,111,656,33,597,368,579,256,571,180,568,109
1786205582.749,653,653,776,583,880,479,953,383,1000,290,787,226,796,61,810,16,829,23,711,212,707,39,721,0,747,18,640,227,632,69,652,24,681,25,568,270,555,140,560,67,572,17
1786205582.944,674,674,812,606,922,479,1000,356,991,250,830,236,833,43,886,39,918,96,758,221,761,0,824,23,860,104,688,228,686,17,755,28,795,104,611,265,639,114,699,105,733,150
1786205583.100,677,677,812,609,923,478,1000,343,981,227,829,241,836,49,891,43,923,96,759,223,768,0,831,26,867,110,690,230,693,12,764,32,806,114,615,268,649,114,710,110,747,156
1786205583.284,677,677,815,606,925,474,1000,343,984,226,833,238,838,47,893,39,929,89,760,222,769,0,833,23,873,102,690,229,692,10,763,25,807,105,613,266,649,113,710,107,747,154
1786205583.456,698,698,798,642,888,548,956,476,1000,420,824,324,844,189,869,116,897,63,753,302,759,145,775,61,794,0,685,316,683,166,691,87,702,25,619,357,605,246,604,174,607,111
1786205583.640,672,672,772,636,864,574,938,528,1000,492,785,357,821,235,844,161,865,97,721,329,725,177,727,80,727,0,663,338,659,200,660,111,663,34,606,370,588,257,581,182,578,112
1786205583.825,669,669,767,631,856,568,932,527,1000,504,781,356,816,235,838,163,857,99,716,330,719,177,717,80,713,0,657,341,649,207,649,118,650,40,600,376,578,266,567,192,562,122
1786205584.002,684,684,779,641,867,576,938,527,1000,493,790,361,820,236,845,163,870,100,726,337,730,185,738,85,745,0,668,348,665,215,672,124,683,46,614,383,597,274,593,200,599,131
1786205584.175,693,693,829,615,936,480,1000,352,1000,236,836,235,843,23,878,11,902,71,761,228,757,0,801,1,838,72,687,242,681,35,728,15,770,63,612,285,615,129,633,51,651,12
1786205584.354,680,680,820,617,935,481,1000,329,967,208,841,241,854,57,905,31,940,74,767,216,772,4,834,0,882,77,696,218,696,18,765,3,817,70,619,252,644,106,704,70,754,95
1786205584.545,679,679,821,614,935,481,1000,332,965,215,835,244,848,68,900,40,936,78,762,217,772,11,833,0,882,70,692,219,698,17,767,5,820,69,617,252,648,110,710,84,761,114
1786205584.703,675,675,815,613,932,482,1000,335,966,217,834,246,843,59,896,25,933,61,760,221,769,12,829,0,876,70,689,223,695,22,763,5,817,66,614,255,639,111,694,76,743,95
1786205584.856,722,722,825,671,907,591,961,517,1000,460,835,379,873,248,905,174,937,112,769,353,784,189,803,87,819,0,708,361,709,212,722,117,737,37,649,396,637,279,640,206,650,141
1786205585.020,669,669,771,634,863,570,936,517,1000,476,782,354,817,233,841,160,863,95,720,325,728,174,734,79,737,0,661,332,660,194,662,104,667,27,604,363,588,250,581,173,580,102
1786205585.183,669,669,770,633,862,570,935,517,1000,478,783,356,818,235,840,162,861,96,720,328,726,179,729,82,730,0,660,337,656,199,658,108,662,29,604,368,587,255,580,177,579,105
1786205585.359,675,675,775,638,865,573,937,518,1000,476,788,363,821,239,844,165,867,99,725,337,731,184,738,85,746,0,667,344,665,207,671,117,681,40,611,375,598,263,597,186,605,116
1786205585.543,686,686,799,629,895,532,960,440,1000,355,809,297,821,144,835,63,855,2,745,283,744,118,763,45,795,0,684,297,682,141,705,68,738,21,624,337,616,219,622,149,633,94
1786205585.720,690,690,826,620,936,492,1000,363,989,247,837,252,840,77,885,29,930,41,765,235,760,29,815,0,870,41,698,245,695,49,754,17,811,55,629,290,649,143,694,89,740,83
1786205585.893,683,683,819,616,931,483,1000,342,975,223,835,240,846,56,899,24,942,58,765,221,776,10,834,0,885,61,697,229,702,24,770,10,831,66,625,272,651,128,707,93,759,104
1786205586.036,683,683,820,614,930,483,1000,342,979,221,836,242,849,57,902,25,941,60,767,220,779,5,838,0,885,66,699,227,706,20,773,14,827,79,627,266,655,121,713,90,765,111
1786205586.190,674,674,776,631,869,561,939,506,1000,466,780,349,813,226,835,157,855,96,716,324,721,173,728,78,735,0,657,331,654,196,662,112,674,41,602,362,588,252,588,178,596,108
1786205586.368,660,660,761,620,853,554,932,509,1000,480,769,345,801,230,819,161,834,99,707,317,710,170,711,77,710,0,650,322,647,189,650,105,654,32,596,351,582,240,578,164,580,93
1786205586.546,662,662,764,623,856,558,933,512,1000,480,773,348,803,232,822,162,838,100,711,319,713,171,714,78,714,0,653,324,649,187,651,102,656,29,598,353,583,240,578,164,579,92
1786205586.725,666,666,767,630,858,564,935,512,1000,475,778,355,808,237,828,168,848,106,716,327,723,180,733,83,743,0,659,332,660,198,669,112,682,39,605,360,598,247,601,171,613,101
1786205586.916,688,688,794,646,885,578,952,520,1000,459,800,343,820,210,842,130,868,64,737,325,740,177,760,79,785,0,680,342,677,210,697,126,725,58,627,386,611,290,612,226,619,166
1786205587.089,699,699,834,618,936,489,1000,369,995,260,841,251,843,61,881,13,918,37,769,239,768,28,810,0,856,47,699,252,702,56,750,18,801,55,627,298,657,151,698,94,738,85
1786205587.275,691,691,823,618,931,479,1000,337,972,222,842,242,843,44,890,16,927,51,767,229,765,1,823,0,872,66,695,242,691,25,757,19,814,80,620,287,648,135,704,100,753,111
1786205587.456,689,689,824,618,933,476,1000,330,973,210,850,241,852,45,899,13,936,52,774,225,778,2,833,0,878,73,702,234,705,22,767,16,817,85,624,275,656,126,710,94,754,115
1786205587.627,686,686,795,636,890,562,953,485,1000,409,807,349,846,219,875,146,903,80,741,320,766,171,789,78,812,0,676,324,682,187,701,110,729,49,612,355,602,244,611,176,635,118
1786205587.796,682,682,796,639,893,566,957,485,1000,405,806,351,847,222,876,148,904,79,740,320,767,174,791,81,814,0,677,324,682,192,702,115,729,49,614,354,601,245,607,175,626,113
1786205587.964,688,688,802,647,899,573,962,492,1000,406,813,356,856,224,885,148,912,78,747,325,774,176,798,82,821,0,683,330,688,194,710,117,738,50,619,361,606,250,613,180,634,118
1786207862.914,665,665,768,638,859,585,934,542,1000,514,801,364,842,234,870,156,896,91,739,331,762,182,781,84,799,0,676,332,685,198,702,109,720,32,613,358,598,252,592,179,592,112
1786207863.098,662,662,766,649,859,595,934,548,1000,510,803,375,842,246,868,164,891,97,740,339,765,189,788,89,809,4,675,338,690,188,704,87,721,0,609,363,597,255,600,178,611,107
1786207863.275,664,664,768,646,863,565,939,506,1000,458,772,369,798,242,817,168,834,108,722,342,742,195,761,89,776,0,672,343,694,208,741,146,788,107,618,366,631,257,663,206,702,175
1786207863.448,639,639,752,613,849,520,932,459,1000,409,758,305,771,165,790,81,815,16,708,286,727,140,756,59,791,0,657,290,675,147,711,66,752,6,602,314,620,191,651,117,688,62
1786207863.633,651,651,767,625,867,528,946,455,1000,383,775,304,787,157,807,73,835,11,724,286,738,131,768,51,809,0,673,292,687,139,724,62,769,12,619,320,639,192,673,117,713,63
1786207863.792,660,660,777,629,875,535,951,457,1000,375,780,309,792,163,812,79,840,16,728,290,740,134,772,51,813,0,676,294,690,142,732,64,781,16,623,320,645,193,681,120,723,69
1786207863.977,659,659,778,628,877,532,953,452,1000,366,780,312,792,165,810,80,837,14,728,292,742,137,773,53,814,0,676,296,690,143,727,64,774,14,621,320,638,190,669,113,709,57
1786207864.167,655,655,777,625,876,531,953,453,1000,369,780,311,794,164,812,80,838,13,730,289,745,135,775,52,815,0,680,293,696,140,733,66,778,20,628,317,644,189,678,114,717,61
1786207864.337,652,652,772,619,871,522,948,442,1000,362,777,304,790,160,808,78,834,14,727,283,742,133,771,52,810,0,677,286,693,136,726,61,768,12,624,310,642,182,673,107,710,52
1786207864.516,674,674,784,654,879,561,951,484,1000,405,789,349,802,202,819,119,842,53,739,327,750,167,779,71,816,0,690,333,702,178,740,99,785,46,638,360,656,231,689,155,728,99
1786207864.696,653,653,776,623,877,528,952,443,1000,353,782,305,795,157,813,75,842,11,728,283,746,134,776,53,817,0,675,286,694,138,728,59,772,2,617,310,637,183,667,104,702,41
1786207864.871,674,674,788,650,884,559,954,481,1000,396,798,347,811,201,826,119,846,50,746,324,763,165,791,70,826,0,697,326,712,169,750,84,793,25,645,350,667,225,702,147,741,90
1786207865.043,682,682,793,662,888,573,956,495,1000,410,803,367,818,225,833,144,851,75,754,343,773,185,800,82,832,0,707,344,723,188,760,105,802,45,656,366,678,241,714,164,754,106
1786207871.496,633,633,767,615,878,522,951,434,1000,341,786,296,816,160,842,83,874,26,734,271,771,127,810,50,854,0,681,267,716,121,760,47,808,0,622,281,657,154,700,82,746,30
1786207871.666,646,646,764,634,874,537,950,446,1000,355,785,310,818,169,846,90,875,30,732,281,768,128,808,51,850,0,680,276,712,120,760,48,809,1,622,291,654,158,699,89,748,42
1786207871.857,649,649,771,628,880,537,955,451,1000,359,793,315,825,173,851,97,878,35,742,286,777,134,815,56,854,0,689,281,724,128,769,60,815,19,631,296,663,170,707,103,754,57
1786207872.026,647,647,765,634,877,542,954,458,1000,366,791,320,825,178,852,102,878,40,739,289,776,134,815,56,855,0,688,283,722,121,773,56,823,19,632,297,667,165,716,100,766,60
1786207872.204,637,637,762,619,874,527,952,439,1000,346,792,303,825,163,851,90,878,32,740,272,777,121,815,47,855,0,689,266,723,111,769,44,818,7,632,280,664,152,708,85,755,41
1786207878.765,641,641,757,642,870,556,952,467,1000,367,783,318,821,170,850,100,877,43,731,286,770,129,810,54,849,0,679,281,718,125,764,56,810,8,621,295,662,168,706,103,751,57
1786207878.969,647,647,761,641,873,552,953,469,1000,376,790,316,824,172,852,96,880,36,735,287,770,129,809,52,850,0,681,285,714,126,759,58,805,14,623,305,659,174,703,108,748,63
1786207879.135,645,645,759,628,870,538,952,452,1000,358,790,309,824,165,851,93,880,34,738,280,774,126,811,51,853,0,685,277,720,122,766,53,814,10,628,292,664,167,707,102,753,59
1786207879.303,660,660,774,651,882,563,957,478,1000,385,803,347,834,206,857,132,879,70,752,314,781,156,812,67,845,0,702,309,733,148,781,83,829,43,647,325,682,200,727,136,774,94
1786207879.502,650,650,771,636,882,546,956,458,1000,363,797,323,829,180,854,105,881,43,744,293,777,139,814,59,854,0,691,288,723,133,768,66,815,23,634,303,669,176,713,109,760,64
1786207879.674,644,644,770,626,880,534,954,450,1000,359,794,316,828,179,854,105,880,43,742,286,774,134,813,56,852,0,691,283,724,127,774,58,822,16,637,300,672,173,721,105,769,61
1786207879.847,645,645,770,619,879,526,953,444,1000,356,793,312,827,172,852,96,875,33,744,282,778,132,815,55,850,0,694,275,727,123,776,58,824,20,640,288,680,160,730,93,781,50
1786207880.031,638,638,770,610,877,517,950,431,1000,341,794,297,826,166,850,90,877,26,743,267,780,124,818,49,861,0,692,260,726,113,773,44,825,5,634,274,671,148,717,80,767,36
1786207880.231,635,635,765,611,875,518,950,432,1000,342,789,298,823,166,848,91,877,28,737,269,773,124,814,49,859,0,686,264,719,117,768,46,820,4,628,281,665,155,711,86,760,39
1786207880.377,637,637,765,612,876,520,951,432,1000,340,790,295,824,163,850,87,879,26,738,266,775,125,814,50,856,0,685,260,721,117,766,46,815,2,625,277,660,151,705,81,752,30
1786207880.551,645,645,769,628,877,535,951,454,1000,365,796,316,831,176,858,103,885,42,746,288,783,138,823,58,864,0,696,283,730,131,779,66,828,27,640,296,677,166,726,97,777,51
1786207880.745,640,640,771,616,879,522,952,435,1000,344,792,303,825,170,850,93,876,26,741,274,775,129,814,53,857,0,689,269,721,121,770,51,822,9,632,285,666,159,713,92,762,48
1786207880.921,637,637,768,619,879,528,954,442,1000,349,786,310,822,174,849,98,875,34,734,279,769,130,810,53,852,0,683,274,717,121,769,50,820,6,628,288,665,157,715,90,767,44
1786207881.121,635,635,765,615,874,521,950,434,1000,344,793,301,828,164,853,86,882,25,739,272,772,128,811,51,855,0,685,267,716,123,761,48,813,1,626,283,656,160,696,91,742,42
1786207881.286,639,639,768,617,877,525,952,440,1000,349,792,303,826,167,852,89,880,26,737,274,772,132,812,55,856,0,683,269,714,127,759,52,811,2,624,286,650,164,688,94,733,43
1786207881.479,641,641,772,618,882,524,954,437,1000,346,791,302,824,168,849,91,875,26,736,274,766,130,804,54,846,0,682,271,709,126,755,54,805,8,623,290,652,167,693,99,738,52
1786207881.632,636,636,765,618,876,523,951,434,1000,343,792,303,825,170,850,93,879,29,738,273,773,133,812,55,856,0,684,267,716,126,761,53,811,4,623,283,655,158,696,88,742,35
1786207881.800,636,636,767,616,877,519,952,430,1000,338,789,295,820,160,844,82,874,25,735,268,766,128,801,51,844,0,681,265,709,127,750,52,798,1,622,285,651,165,687,96,728,44
1786207882.004,659,659,785,640,891,549,961,460,1000,368,804,338,834,184,861,110,887,55,754,305,789,146,825,75,860,31,704,294,739,133,791,52,841,0,647,303,692,175,742,107,792,62
1786207882.169,634,634,768,623,884,536,960,440,1000,343,801,319,834,178,859,99,887,37,747,285,787,143,822,67,862,13,693,273,731,133,774,57,820,0,630,279,670,158,711,89,754,32
1786207882.344,636,636,761,635,879,541,955,438,1000,339,806,320,828,170,852,92,884,34,747,286,776,138,810,60,855,5,686,277,719,131,758,55,803,0,619,287,655,161,691,89,732,36
1786207882.518,639,639,765,636,883,542,960,441,1000,336,808,324,829,176,851,95,881,32,750,292,779,143,814,61,858,2,693,281,725,134,764,56,810,0,627,288,664,158,702,86,745,32
1786207882.696,645,645,773,639,885,545,959,447,1000,349,808,331,830,183,853,101,884,37,749,299,777,149,813,63,859,0,691,291,720,144,761,61,808,1,627,302,660,176,695,101,735,44
1786207882.873,638,638,765,621,876,532,955,439,1000,341,800,312,827,168,851,89,881,27,746,282,778,134,814,55,857,4,692,273,725,126,767,51,814,0,631,280,672,153,715,81,760,28
1786207883.031,640,640,765,629,876,539,956,448,1000,350,798,321,825,175,849,97,876,36,744,291,774,138,808,61,847,8,689,284,721,131,767,54,817,0,630,293,671,165,716,95,763,44
1786207883.178,637,637,764,619,874,527,953,432,1000,334,800,312,828,170,852,90,881,25,745,281,778,136,812,55,855,0,691,271,723,127,762,52,808,0,629,279,667,154,707,84,750,31
1786207883.354,658,658,784,658,898,586,969,501,1000,406,868,380,906,242,927,166,944,96,811,336,851,185,880,95,907,15,753,319,793,164,831,72,869,0,688,323,730,207,773,143,815,94
1786207883.545,629,629,767,628,884,561,961,474,1000,375,863,339,907,199,930,117,954,43,802,289,848,152,880,76,916,11,738,269,783,132,822,58,863,0,663,270,709,152,751,86,795,31
1786207883.716,625,625,764,624,879,557,955,469,1000,370,859,332,903,194,927,113,952,39,797,283,845,149,878,72,915,5,735,264,779,131,817,58,860,0,661,266,706,152,747,89,790,36
1786207883.883,626,626,761,624,879,548,963,461,1000,365,825,324,869,190,900,113,930,47,771,283,820,146,862,72,905,10,714,265,762,125,807,54,854,0,647,268,696,148,741,84,788,32
1786207884.071,697,697,804,670,888,553,948,457,1000,379,786,354,810,210,839,133,866,75,746,333,774,172,820,70,863,0,707,335,726,172,792,111,854,88,667,356,687,222,738,153,793,117
1786207884.253,715,715,813,681,892,573,954,489,1000,413,790,384,816,247,844,168,868,106,752,362,762,200,789,85,810,0,717,367,732,207,803,156,862,141,685,395,708,264,759,200,809,166
1786207884.424,724,724,823,684,897,580,956,499,1000,426,795,398,822,262,849,187,872,128,757,376,766,208,783,89,797,0,724,380,740,223,808,170,867,150,694,405,721,279,772,218,822,183
1786207884.604,731,731,828,691,899,588,956,508,1000,437,801,406,826,272,850,197,870,137,762,384,775,214,794,90,808,0,728,389,743,234,810,178,870,156,698,414,724,290,774,228,824,192
1786207884.780,707,707,811,666,890,557,952,471,1000,391,791,364,815,225,841,148,866,86,751,342,772,177,810,72,847,0,715,347,736,180,806,124,870,105,678,372,704,239,757,174,812,140
1786207884.966,637,637,766,621,881,536,958,449,1000,362,826,317,864,182,888,105,913,40,769,281,810,145,843,68,879,8,710,269,751,132,788,59,828,0,643,278,684,157,722,88,762,29
1786207885.125,628,628,761,621,880,544,960,460,1000,366,833,325,871,186,898,107,927,41,774,287,815,148,849,68,889,3,711,273,750,136,788,59,832,0,641,279,682,162,722,95,765,40
1786207885.302,625,625,762,622,881,540,962,448,1000,351,829,323,867,183,895,105,927,41,770,283,812,145,848,67,892,6,708,267,746,132,785,57,831,0,640,273,682,158,722,93,765,39
1786207885.500,632,632,766,626,881,545,959,454,1000,353,829,323,865,185,892,109,923,45,771,284,811,146,845,66,889,4,711,269,748,133,786,57,832,0,643,275,684,158,723,91,765,36
1786207885.677,629,629,764,620,878,540,955,449,1000,349,826,317,863,179,888,102,918,37,768,281,809,143,843,65,885,3,708,267,746,129,785,56,832,0,639,272,682,154,723,88,767,35
1786207885.853,626,626,763,617,879,537,958,446,1000,347,826,315,863,178,889,100,919,34,767,277,810,141,845,63,886,1,707,262,749,126,788,54,834,0,638,269,681,152,722,86,765,33
1786207886.031,638,638,774,629,892,550,962,458,1000,362,837,335,873,185,897,107,920,41,778,296,818,146,851,73,887,17,718,282,758,133,804,56,851,0,650,288,690,167,733,101,777,49
1786207886.221,644,644,774,629,889,552,957,455,1000,353,863,352,901,210,919,134,936,60,808,311,848,162,877,77,907,0,752,295,790,144,825,70,864,15,685,298,723,178,760,114,800,63
1786207886.391,636,636,768,608,882,533,955,439,1000,337,857,331,897,187,914,113,930,39,799,290,841,143,869,66,899,0,739,273,781,125,817,54,859,0,669,275,711,153,751,84,794,28
1786207886.562,638,638,773,621,886,548,956,455,1000,356,856,343,892,205,910,129,929,55,799,302,838,157,866,77,898,5,742,286,782,139,819,61,858,0,674,288,714,168,754,102,797,47
1786207886.744,636,636,771,621,886,544,955,448,1000,349,855,337,892,197,911,122,931,49,798,296,837,150,866,72,898,4,740,280,779,132,816,57,856,0,671,283,710,164,750,97,793,43
1786207886.929,617,617,753,606,873,533,956,449,1000,359,824,326,861,186,885,107,912,40,770,285,809,146,842,69,881,8,713,268,752,130,789,56,832,0,648,270,686,151,725,83,767,28
1786207887.094,624,624,754,617,873,533,954,442,1000,345,817,315,847,172,869,93,896,27,760,280,795,137,828,61,870,4,702,267,737,124,776,52,822,0,635,273,675,152,714,85,757,32
1786207887.280,630,630,754,632,876,543,960,444,1000,345,820,324,847,176,870,94,899,28,762,286,796,140,829,61,872,6,703,271,738,126,776,52,821,0,635,275,677,150,715,80,757,29
1786207887.446,624,624,750,625,871,544,955,455,1000,362,821,321,853,176,874,95,901,27,764,283,801,138,834,61,876,4,705,268,740,125,778,52,823,0,637,274,677,152,716,83,757,31
1786207887.627,621,621,751,627,877,547,961,456,1000,358,829,327,860,182,883,102,913,35,770,287,807,145,839,67,880,6,709,271,746,131,781,57,823,0,637,275,681,156,719,87,759,31
1786207887.816,618,618,748,627,873,551,958,460,1000,361,826,327,860,182,884,101,913,33,768,285,806,142,839,66,880,8,707,268,744,127,781,54,823,0,637,270,681,149,720,80,761,26
1786207887.992,618,618,749,624,873,548,960,463,1000,371,825,324,860,183,887,102,917,36,766,285,806,145,839,64,881,1,704,269,743,132,779,57,821,0,634,275,678,159,716,92,755,38
1786207888.166,619,619,746,629,872,553,958,466,1000,376,823,324,856,183,880,102,910,34,764,285,803,144,837,64,880,0,703,270,742,131,779,57,822,0,633,276,679,157,717,89,758,34
1786207888.355,618,618,744,629,870,554,957,465,1000,375,821,324,852,179,875,97,902,29,762,285,798,143,831,65,871,2,701,270,740,131,776,58,817,0,630,274,675,154,714,87,754,31
1786207888.533,620,620,745,631,870,556,955,469,1000,381,821,324,853,179,877,97,908,31,762,285,800,143,833,65,875,4,701,270,739,131,776,57,819,0,632,274,676,155,715,88,756,32
1786207888.695,611,611,740,617,859,551,943,480,1000,400,808,319,843,178,868,97,898,29,750,283,789,144,824,65,863,3,691,269,730,132,768,58,810,0,624,274,666,157,705,89,746,33
1786207888.874,608,608,739,619,860,551,944,473,1000,389,803,321,835,179,858,97,888,29,747,283,783,143,817,64,858,0,688,269,726,133,763,59,806,1,622,274,664,157,702,89,742,34
1786207889.050,610,610,738,620,859,551,945,473,1000,387,802,321,833,179,858,97,888,31,745,284,781,143,815,64,858,0,686,271,723,135,761,61,804,1,620,278,661,160,698,92,738,36
1786207889.246,609,609,740,623,861,555,944,476,1000,392,803,321,834,181,858,100,888,32,745,284,782,144,817,65,859,0,686,270,722,133,761,59,805,0,620,275,662,157,700,89,742,35
1786207889.422,609,609,744,609,863,537,946,461,1000,374,801,312,836,177,860,99,888,34,746,275,786,142,821,64,862,0,688,262,727,129,764,57,807,0,622,267,663,151,702,86,743,31
1786207889.610,615,615,746,613,862,541,945,463,1000,376,808,312,840,174,864,95,893,29,753,276,790,137,824,62,865,7,696,261,733,124,771,52,815,0,631,265,672,148,711,80,753,25
1786207889.783,615,615,745,616,864,544,948,463,1000,374,806,314,836,172,857,92,886,26,750,279,785,136,818,60,858,6,692,265,727,124,765,52,809,0,627,269,669,149,708,81,749,27
1786207889.944,615,615,746,617,863,545,947,467,1000,379,805,317,837,174,859,93,885,23,748,281,785,137,821,62,863,6,690,269,727,124,770,52,817,0,625,274,668,155,711,87,755,32
1786207890.118,613,613,746,612,863,541,946,463,1000,372,804,312,836,172,858,91,884,23,747,277,785,136,819,61,859,5,691,263,728,123,769,52,814,0,628,267,671,150,714,84,758,32
1786207890.296,613,613,747,607,861,535,944,459,1000,370,800,314,833,174,855,95,882,28,744,279,783,138,818,63,857,7,688,265,725,124,767,52,813,0,625,267,667,149,712,85,758,35
1786207890.513,628,628,753,629,867,558,949,485,1000,399,810,338,841,197,864,117,888,50,755,301,792,153,826,69,863,0,699,288,736,141,781,63,828,4,639,293,683,174,728,107,774,55
1786207890.663,611,611,744,608,865,535,949,454,1000,366,803,311,832,171,854,92,883,25,747,274,782,133,815,58,855,4,691,260,727,121,764,50,807,0,627,264,666,145,706,77,747,23
1786207890.854,635,635,757,635,870,565,950,492,1000,405,812,351,845,215,868,138,891,71,760,315,796,168,829,76,864,0,706,302,743,159,787,88,831,37,647,306,689,191,732,127,776,79
1786207891.015,634,634,755,637,867,569,946,496,1000,413,811,354,843,216,865,139,888,72,758,317,794,170,827,78,863,0,703,304,739,159,784,89,831,37,643,308,686,192,730,129,776,82
1786207891.200,611,611,740,618,859,546,943,466,1000,377,799,318,834,175,856,95,883,26,743,281,780,137,815,62,855,5,685,269,721,125,764,54,810,0,621,274,663,154,705,87,749,34
1786207891.378,647,647,766,651,874,584,951,511,1000,427,821,371,850,235,872,161,894,96,769,333,805,185,838,99,873,28,717,320,750,161,791,71,833,0,657,325,699,207,743,143,789,94
1786207891.549,642,642,760,645,871,578,950,507,1000,423,818,366,848,227,870,151,892,85,765,331,800,180,833,82,867,0,712,319,748,173,793,101,838,47,652,325,693,209,736,145,779,95
1786207891.722,628,628,751,629,866,559,948,484,1000,395,809,336,840,193,863,115,888,48,755,300,790,151,826,67,865,0,699,289,734,142,776,71,821,20,636,295,676,177,718,112,761,63
1786207891.912,632,632,755,633,867,565,948,492,1000,409,811,353,841,217,863,141,886,74,758,316,792,170,823,78,856,0,704,301,741,158,786,89,832,40,644,303,688,188,733,126,781,80
1786207892.086,625,625,750,623,865,553,948,479,1000,391,806,333,839,194,862,118,886,50,752,297,788,151,822,67,861,0,697,286,733,139,775,70,820,21,635,291,676,173,719,110,763,62
1786207892.264,634,634,756,636,868,567,948,493,1000,407,811,352,843,216,866,139,888,71,757,316,793,168,825,76,860,0,703,304,740,158,783,86,829,32,643,311,685,195,727,131,771,82
1786207892.444,614,614,745,611,864,537,949,457,1000,368,803,311,836,170,857,90,882,21,747,276,785,135,818,60,856,3,689,263,726,123,766,53,810,0,624,268,666,151,708,85,751,33
1786207892.622,644,644,763,652,874,584,953,507,1000,418,816,363,847,223,871,150,894,88,764,326,801,170,835,77,869,0,711,314,743,153,782,68,822,6,651,321,696,202,741,140,787,96
1786207892.794,622,622,750,620,866,549,949,470,1000,381,805,326,836,183,860,106,886,42,752,289,788,142,823,63,863,0,697,274,735,125,780,55,828,6,634,277,677,156,723,93,771,47
1786207892.980,634,634,758,630,868,557,948,484,1000,397,810,341,839,203,861,127,884,61,758,305,794,159,828,76,864,6,704,292,742,140,784,62,828,0,643,295,687,176,733,111,780,61
1786207893.158,636,636,758,631,869,560,950,490,1000,403,813,344,843,208,866,133,890,67,761,308,798,162,832,74,868,0,708,295,744,144,785,63,828,1,648,301,692,182,737,117,784,68
1786207893.339,628,628,755,628,868,554,950,480,1000,393,809,339,837,201,861,124,886,58,755,302,792,157,826,75,863,9,700,288,738,137,784,59,832,0,639,292,685,172,732,106,781,58
1786207893.517,614,614,747,606,864,530,949,453,1000,364,803,309,834,168,856,89,884,22,747,275,783,133,818,59,859,5,690,262,726,121,767,50,813,0,626,267,668,148,711,82,756,31
1786207893.696,630,630,753,633,868,563,950,486,1000,394,808,339,837,195,861,116,887,51,754,305,790,153,827,68,868,0,699,293,736,140,781,67,828,16,637,298,680,177,725,112,771,64
1786207893.863,624,624,751,620,865,550,948,473,1000,382,807,327,838,184,861,109,888,44,753,291,788,144,822,64,862,0,698,278,735,130,779,62,827,16,636,281,677,163,722,100,769,55
1786207894.045,631,631,758,628,869,558,950,484,1000,396,811,345,841,208,863,132,887,65,758,308,793,162,826,75,862,0,703,294,741,148,786,75,834,21,643,297,685,180,731,117,778,69
1786207894.216,639,639,760,642,872,572,951,495,1000,407,814,360,845,219,868,142,891,77,761,323,798,174,832,80,866,0,708,310,746,161,791,95,836,49,647,314,690,196,735,134,780,90
1786207894.418,641,641,762,646,872,578,950,501,1000,412,815,365,846,223,870,146,894,80,762,328,799,177,832,81,868,0,709,316,745,167,789,99,836,51,648,321,690,203,733,141,777,95
1786207894.583,643,643,761,644,870,574,950,500,1000,415,815,364,846,226,869,149,892,82,763,327,799,177,832,81,867,0,710,316,747,169,791,97,836,45,650,322,691,205,734,140,778,91
1786207894.762,640,640,760,641,871,569,951,493,1000,407,814,356,845,216,867,137,891,70,761,319,796,169,828,76,863,0,708,308,744,163,788,92,834,42,647,314,687,197,729,133,772,84
1786207894.933,643,643,761,639,869,570,950,499,1000,413,813,358,843,220,866,144,888,78,762,321,797,174,829,80,863,0,709,309,745,161,789,92,834,43,650,314,692,198,736,136,782,92
1786207895.112,642,642,761,642,872,572,951,499,1000,414,815,361,844,224,865,149,886,84,765,323,801,177,833,91,867,18,713,310,748,153,790,67,832,0,654,314,697,195,742,131,789,82
1786207895.285,628,628,751,628,866,554,948,476,1000,388,806,334,838,193,861,115,886,48,752,298,787,151,821,67,858,0,696,288,730,143,773,73,817,20,634,296,674,178,714,114,756,65
1786207895.474,625,625,747,631,866,554,950,471,1000,381,804,333,836,190,859,110,883,43,749,296,785,146,820,64,859,0,693,284,730,135,774,64,820,12,630,289,671,167,714,101,759,51
1786207895.664,640,640,759,641,870,567,950,491,1000,403,811,356,843,218,866,141,890,74,759,320,794,171,828,78,863,0,704,309,740,166,784,96,829,44,644,316,685,201,727,137,770,90
1786207895.829,641,641,762,639,872,567,950,490,1000,404,811,357,844,218,868,145,892,81,760,321,797,172,831,80,865,0,708,308,745,158,789,83,834,26,649,311,693,195,740,132,788,85
1786207896.014,614,614,745,608,860,533,944,456,1000,364,795,311,831,172,856,94,884,26,741,276,782,133,818,59,857,2,685,262,726,120,769,51,815,0,622,265,666,146,711,82,757,32
1786207896.185,615,615,749,610,865,536,948,456,1000,363,799,317,833,175,856,97,880,28,743,281,782,139,815,64,851,6,688,267,726,126,768,54,813,0,625,269,668,152,712,87,758,35
1786207896.361,609,609,744,605,859,530,943,449,1000,359,794,309,830,170,854,94,882,28,739,272,781,133,817,60,856,7,685,257,726,117,770,48,817,0,623,259,667,140,713,77,761,29
1786207896.540,611,611,750,603,865,529,946,448,1000,356,800,305,834,169,857,94,885,29,744,269,782,132,816,58,855,2,689,254,726,118,766,48,811,0,626,257,668,142,711,80,757,32
1786207896.715,611,611,751,602,867,525,947,443,1000,356,800,306,834,169,858,94,889,31,743,268,783,133,819,57,862,0,687,254,725,120,766,50,813,1,622,260,665,144,706,81,750,31
1786207896.905,614,614,749,604,864,528,946,446,1000,356,802,308,834,171,857,94,885,30,745,272,784,136,817,60,856,1,688,258,727,123,765,52,809,0,623,263,666,146,708,81,751,29
1786207897.082,610,610,745,604,860,528,942,444,1000,357,798,305,832,169,854,93,881,28,741,270,780,134,814,59,852,1,685,257,724,121,762,51,806,0,621,263,664,147,705,83,748,30
1786207897.254,610,610,750,596,863,520,944,439,1000,351,799,301,833,167,857,92,885,28,743,264,784,132,817,58,856,1,688,250,728,117,767,49,812,0,624,254,668,139,711,78,756,28
1786207897.442,609,609,743,600,858,524,941,443,1000,355,795,301,831,167,856,90,885,27,740,267,781,133,815,59,854,2,685,254,725,120,765,51,809,0,622,259,666,142,709,79,753,28
1786207897.617,613,613,748,606,865,532,947,452,1000,360,803,312,834,176,858,99,887,33,747,275,786,138,820,60,861,2,691,259,730,123,770,52,815,0,628,263,670,145,711,80,755,28
1786207897.794,609,609,745,602,862,526,944,444,1000,356,797,304,831,169,855,94,883,32,741,269,780,133,813,60,851,5,685,254,725,119,764,50,809,0,622,258,665,141,708,79,752,28
1786207897.959,614,614,746,609,863,533,947,454,1000,364,798,309,831,169,855,93,882,28,744,275,783,134,818,61,857,7,689,262,727,121,770,51,817,0,627,265,672,146,716,82,762,31
1786207898.137,616,616,751,606,864,532,946,452,1000,361,804,308,838,172,860,95,888,27,748,272,787,135,821,58,862,1,693,258,730,121,770,50,815,0,629,262,671,145,714,81,759,31
1786207898.328,612,612,749,600,861,526,944,446,1000,356,797,303,833,170,858,95,886,31,743,268,785,134,820,60,860,1,689,253,730,118,770,50,815,0,625,256,670,139,713,77,759,27
1786207898.510,616,616,749,611,865,535,947,451,1000,359,801,309,835,173,859,97,887,32,746,273,785,136,819,60,858,2,690,259,728,122,768,52,813,0,626,264,669,147,710,82,754,30
1786207898.692,615,615,750,607,865,530,947,447,1000,356,801,307,834,172,857,97,885,32,744,271,784,136,817,60,857,2,688,257,726,122,766,52,811,0,623,262,667,147,709,83,754,32
1786207898.862,611,611,747,598,864,520,946,439,1000,351,799,302,832,168,857,93,888,31,744,266,783,131,817,56,860,0,688,252,726,118,766,49,813,1,623,258,667,142,708,79,752,30
1786207899.051,615,615,751,604,867,528,949,445,1000,353,802,306,834,169,858,93,889,29,746,270,784,133,820,57,862,0,689,255,727,119,768,50,816,1,624,261,666,145,708,82,752,34
1786207899.211,614,614,749,604,865,526,947,442,1000,353,801,307,834,172,857,97,887,33,745,271,784,136,818,60,859,0,689,257,727,122,766,53,813,3,625,263,667,147,708,84,751,33
1786207899.384,615,615,746,608,860,532,944,451,1000,359,795,310,830,171,855,95,882,28,740,275,780,134,817,59,857,1,684,261,722,120,765,50,812,0,622,263,666,144,710,80,756,32
1786207899.583,614,614,749,607,866,525,945,438,1000,348,798,307,830,171,854,94,884,30,742,272,781,137,816,60,857,0,686,258,725,123,763,52,809,0,620,262,664,145,705,81,749,29
1786207899.756,618,618,750,612,865,535,946,451,1000,355,799,308,834,169,858,91,886,25,743,274,783,133,819,57,859,1,688,260,726,120,768,50,814,0,625,263,670,145,714,80,760,30
1786207899.926,614,614,750,605,866,526,946,441,1000,354,799,303,830,168,856,94,889,36,744,267,783,132,819,57,863,2,687,254,727,118,768,48,816,0,622,262,664,144,705,79,750,28
1786207900.108,618,618,750,608,866,529,948,445,1000,354,801,305,835,171,860,96,890,35,746,269,787,134,821,60,862,3,691,255,732,120,772,51,818,0,627,262,671,146,713,81,758,28
1786207900.279,617,617,746,609,864,530,947,447,1000,357,803,302,837,167,862,92,894,31,746,267,785,132,820,56,863,0,687,256,724,120,765,50,813,0,622,264,663,147,703,83,747,32
1786207900.459,615,615,750,605,866,530,948,446,1000,356,802,306,835,172,860,97,892,36,747,270,787,134,825,58,869,2,691,256,731,120,773,50,821,0,626,263,668,146,709,81,754,30
1786207900.639,616,616,751,606,867,528,948,444,1000,351,804,302,838,168,862,94,890,33,747,266,787,131,820,57,860,1,690,253,730,119,769,51,813,0,626,261,669,146,711,83,755,32
1786207900.823,617,617,751,609,866,530,946,445,1000,354,802,308,838,173,863,98,892,34,747,272,790,138,824,63,864,6,692,258,735,123,775,53,820,0,627,262,673,146,716,82,760,29
1786207901.010,608,608,744,598,861,523,946,442,1000,349,795,301,833,162,859,89,888,28,742,268,783,128,820,58,861,9,687,253,729,115,772,48,820,0,624,255,670,137,716,76,764,28
1786207901.176,612,612,744,607,862,525,944,439,1000,351,795,305,835,169,862,96,892,35,740,272,783,132,821,60,862,6,685,260,727,121,771,52,820,0,622,265,668,147,712,84,759,33
1786207901.357,616,616,747,612,864,534,945,452,1000,365,798,313,834,172,861,100,889,38,744,277,782,133,816,64,853,13,690,265,730,118,779,49,831,0,629,269,675,150,724,88,773,43
1786207901.528,650,650,767,651,876,578,953,500,1000,408,812,366,846,230,871,157,895,93,761,330,795,177,825,82,856,0,708,321,744,171,786,92,829,27,648,330,690,217,734,158,779,112
1786207901.704,649,649,767,652,879,578,956,502,1000,412,816,374,849,241,874,168,896,106,765,337,800,185,830,85,858,0,714,327,749,167,789,79,827,10,656,334,703,220,751,156,798,109
1786207901.885,616,616,747,619,867,542,949,455,1000,358,796,310,834,170,861,93,890,29,741,275,783,134,823,60,866,4,684,264,725,121,771,51,820,0,620,271,665,151,709,86,757,36
1786207902.098,613,613,746,600,860,523,943,444,1000,360,795,299,836,167,864,93,893,32,743,264,789,129,829,58,872,6,690,251,735,115,781,47,831,0,628,255,676,136,725,71,773,19
1786207902.253,624,624,752,620,865,543,945,464,1000,376,800,324,836,187,863,116,890,55,747,288,787,145,822,72,860,13,693,276,735,128,784,55,834,0,633,281,680,163,730,100,779,53
1786207902.426,611,611,748,603,863,526,946,441,1000,347,796,300,836,165,864,92,894,31,743,265,789,129,829,57,874,4,689,249,734,112,779,45,828,0,626,251,673,134,720,73,768,25
1786207902.600,613,613,748,604,864,527,947,443,1000,350,796,300,836,165,864,92,894,31,743,264,788,129,828,58,871,5,689,249,733,114,778,47,827,0,625,252,672,136,718,75,766,28
1786207902.777,615,615,748,608,864,531,947,448,1000,355,795,303,835,166,863,94,893,33,742,269,786,130,826,60,869,8,687,255,731,116,777,49,827,0,624,260,670,140,716,77,764,28
1786207902.951,612,612,750,601,866,524,947,442,1000,350,799,301,838,168,864,93,892,30,745,265,788,130,827,58,870,3,690,251,732,114,776,46,824,0,625,256,669,140,714,79,761,34
1786207903.128,612,612,746,602,862,523,944,439,1000,351,797,302,834,168,861,93,891,34,743,266,787,132,824,58,866,2,688,252,731,118,773,50,820,0,623,259,668,143,712,82,757,33
1786207903.328,617,617,749,613,868,534,949,447,1000,357,801,309,837,174,863,99,893,38,747,272,789,136,825,61,866,3,691,259,733,123,774,53,821,0,626,266,670,149,713,86,757,36
1786207903.508,613,613,748,606,866,529,947,445,1000,353,799,303,836,169,863,95,892,37,746,267,789,131,826,60,868,8,691,253,736,118,778,49,825,0,627,258,674,141,719,79,765,30
1786207903.671,614,614,748,603,862,526,945,446,1000,356,798,300,838,168,865,96,894,34,745,265,790,130,830,59,874,7,690,252,736,114,782,47,833,0,628,257,674,137,722,74,770,25
1786207903.847,612,612,746,605,862,531,946,451,1000,358,794,305,836,168,865,95,896,33,741,270,788,133,828,61,871,4,686,256,731,119,777,51,825,0,622,260,669,141,716,79,763,30
1786207904.025,614,614,747,605,863,529,946,448,1000,356,799,303,837,168,865,93,895,35,745,269,789,133,826,61,867,8,691,256,735,120,778,51,825,0,626,260,672,142,717,80,764,31
1786207904.198,614,614,749,606,864,533,947,451,1000,356,799,312,840,173,868,98,897,35,745,278,789,137,828,64,870,7,689,265,731,125,776,53,824,0,623,269,666,153,709,87,754,35
1786207904.390,617,617,750,611,865,536,948,458,1000,364,797,312,838,173,868,99,897,35,744,275,789,133,829,63,867,9,689,260,734,115,785,49,835,0,628,264,675,142,727,80,778,34
1786207904.551,618,618,753,614,867,540,947,455,1000,361,801,305,840,169,868,94,900,31,747,268,792,130,831,56,875,2,691,254,734,118,779,49,828,0,627,261,668,143,711,78,758,27
1786207904.744,626,626,755,624,868,548,947,470,1000,382,805,330,845,194,873,123,900,61,753,293,794,148,831,69,868,4,699,279,740,132,787,57,834,0,639,283,685,165,733,103,782,56
1786207904.923,614,614,750,605,867,530,948,449,1000,358,798,303,840,170,867,97,894,34,744,266,790,129,829,58,870,6,690,251,735,114,782,47,831,0,627,254,675,136,723,74,772,25
1786207905.097,613,613,749,602,863,525,944,445,1000,357,795,300,837,168,865,95,894,32,741,263,786,126,825,55,868,4,687,249,730,112,778,44,829,0,625,254,672,136,720,72,770,22
1786207905.271,614,614,750,603,864,525,945,445,1000,359,797,301,839,173,866,99,896,36,744,264,788,131,827,58,871,6,690,249,732,116,778,47,828,0,629,254,673,138,718,75,766,25
1786207905.449,616,616,751,607,863,528,943,446,1000,360,795,302,837,173,864,101,891,38,742,264,784,127,824,54,867,0,689,249,730,113,778,49,829,6,630,254,675,138,723,78,772,32
1786207905.639,612,612,746,605,861,525,942,443,1000,358,797,301,840,168,866,95,893,32,742,264,786,128,824,56,866,3,687,249,729,114,774,47,824,0,624,252,670,137,716,79,763,33
1786207905.811,615,615,749,607,863,528,944,448,1000,362,797,303,840,172,868,99,896,36,743,266,788,131,827,58,869,4,689,252,732,117,779,48,830,0,629,256,673,140,719,79,767,30
1786207905.992,615,615,750,604,864,526,945,445,1000,359,795,299,840,166,868,95,895,34,741,261,784,122,824,51,867,0,686,246,727,111,775,48,826,5,626,251,669,137,717,78,766,32
1786207906.171,613,613,746,605,861,525,944,446,1000,361,796,301,839,172,866,99,893,35,741,264,786,129,825,58,867,5,687,249,729,114,776,47,826,0,626,253,671,137,718,76,767,27
1786207906.368,614,614,749,603,861,525,944,444,1000,357,797,301,841,170,869,96,896,30,742,262,788,128,828,56,871,0,688,247,731,113,777,48,828,1,627,250,672,137,718,79,765,32
1786207906.525,617,617,751,606,862,529,945,449,1000,362,795,303,840,171,869,97,897,31,742,264,788,129,829,56,870,0,688,250,732,113,781,48,831,0,627,254,674,138,722,80,771,36
1786207906.694,615,615,750,605,864,523,944,443,1000,358,798,302,840,171,867,97,895,37,744,266,789,129,827,59,869,9,689,252,733,116,781,47,831,0,627,258,673,142,720,79,769,31
1786207906.885,615,615,746,607,862,524,943,441,1000,355,795,302,839,174,868,98,898,33,741,262,787,130,826,57,869,4,688,248,732,114,778,46,828,0,628,253,673,137,719,74,767,26
1786207907.053,616,616,752,605,865,526,945,448,1000,362,796,302,838,172,864,96,891,30,741,265,785,130,824,56,865,0,685,251,727,116,773,48,821,0,623,256,666,141,711,78,758,29
1786207907.239,615,615,746,604,860,523,943,443,1000,357,797,297,841,170,869,95,898,30,743,258,790,128,829,56,871,2,689,243,734,113,779,46,828,0,629,248,675,135,721,74,770,24
1786207907.416,612,612,749,595,864,514,945,435,1000,349,796,291,837,162,865,89,896,28,741,254,785,125,823,53,867,0,686,242,727,114,772,47,822,0,624,250,669,140,714,79,762,31
1786207907.592,614,614,750,599,864,518,945,437,1000,351,796,296,839,169,867,94,896,28,741,259,786,129,825,55,868,0,686,245,728,116,772,48,822,0,625,251,670,138,714,76,761,26
1786207907.767,615,615,750,602,867,519,946,437,1000,350,799,294,841,167,868,93,897,29,743,257,788,128,826,55,870,0,688,243,731,117,774,50,824,3,627,250,673,140,716,78,763,28
1786207907.949,614,614,749,598,864,517,945,438,1000,353,797,295,840,169,867,95,897,31,743,258,788,129,826,56,870,0,687,245,730,117,774,50,824,2,626,251,672,139,715,77,762,27
1786207908.119,617,617,751,601,865,519,945,440,1000,356,799,297,843,170,870,96,899,30,744,260,790,131,827,58,869,0,689,247,732,119,774,52,823,2,628,254,673,141,717,80,763,28
1786207908.314,622,622,754,606,867,523,945,444,1000,360,800,300,843,173,871,98,900,32,744,264,788,131,827,56,870,0,688,253,728,123,772,53,822,5,626,263,668,151,709,89,755,42
1786207908.490,619,619,753,603,867,523,945,444,1000,358,802,300,845,173,871,98,900,31,745,262,789,131,827,57,870,0,689,248,729,120,772,53,822,7,627,255,669,144,710,84,756,38
1786207908.667,619,619,751,603,866,522,945,442,1000,356,800,295,843,167,870,94,898,28,745,259,791,127,828,56,871,0,689,245,732,115,776,49,827,0,627,252,671,139,714,82,760,36
1786207908.839,619,619,752,603,866,524,946,445,1000,361,802,297,845,167,872,92,900,27,747,260,793,127,831,55,874,0,692,246,734,112,779,47,830,2,629,251,672,137,716,79,764,35
1786207909.017,618,618,751,598,863,520,944,439,1000,359,794,298,838,162,867,91,895,28,741,259,784,120,825,52,868,0,686,243,725,108,771,45,820,3,627,245,665,130,705,71,749,29
1786207909.200,615,615,750,599,864,519,944,439,1000,355,799,296,843,166,872,92,902,27,746,258,794,126,835,54,881,0,691,242,736,110,785,45,838,1,630,243,676,129,721,72,770,29
1786207909.366,618,618,752,600,865,522,945,443,1000,358,801,299,845,168,874,93,903,28,746,260,794,126,836,55,881,1,692,243,737,110,787,44,842,0,630,244,677,129,724,71,774,28
1786207909.542,619,619,750,601,864,522,943,442,1000,357,800,300,844,169,871,94,901,28,745,262,792,128,833,56,879,0,689,246,733,113,781,47,835,0,627,249,671,136,714,79,763,35
1786207916.074,661,661,778,663,879,569,948,482,1000,400,797,342,834,195,863,126,891,75,745,308,779,139,818,55,855,0,694,299,734,136,790,68,841,28,639,307,688,177,745,118,799,84
1786207916.261,627,627,748,636,866,545,946,455,1000,367,777,315,818,168,849,91,881,29,725,278,769,119,814,45,858,0,674,265,716,103,771,40,823,7,617,270,663,137,718,73,772,37
1786207916.436,625,625,752,620,868,532,948,447,1000,353,781,304,826,160,859,84,892,24,730,269,778,118,822,46,866,0,680,258,725,102,782,40,837,5,626,262,675,129,731,66,785,28
1786207916.616,625,625,750,621,865,529,946,441,1000,350,784,306,823,169,853,93,885,32,732,273,774,128,816,53,862,1,680,261,719,115,768,45,821,0,623,267,666,140,713,75,763,30
1786207916.794,625,625,757,606,865,515,944,432,1000,344,784,294,824,165,855,90,889,31,735,263,779,126,822,50,869,0,685,251,727,113,777,44,830,2,631,259,679,136,729,72,779,27
1786207916.961,623,623,758,598,866,507,945,425,1000,339,786,288,823,155,853,80,888,22,734,257,776,123,817,48,865,0,684,246,722,112,771,43,825,2,628,256,672,137,719,75,769,32
1786207917.138,619,619,753,606,866,510,944,424,1000,344,780,297,814,167,844,93,878,37,729,265,771,134,813,59,861,5,679,253,719,120,767,47,820,0,622,262,666,143,710,77,757,30
1786207917.361,632,632,758,619,868,519,943,426,1000,339,778,292,814,155,846,80,881,22,729,265,770,119,814,45,861,1,681,255,719,104,772,36,827,0,628,262,671,132,723,64,775,21
1786207917.557,660,660,778,640,878,541,948,454,1000,374,786,332,816,196,844,120,873,60,742,304,772,154,811,64,847,0,698,300,724,151,781,92,836,64,652,313,684,190,734,126,786,88
1786207917.754,656,656,778,627,877,525,949,439,1000,355,782,309,813,170,841,94,870,32,736,283,766,130,807,51,848,0,692,279,719,128,777,69,833,41,647,293,679,165,731,97,783,55
1786207917.920,637,637,761,625,871,531,946,443,1000,360,780,307,816,164,845,89,874,27,732,276,772,126,813,52,852,0,685,266,723,119,779,61,831,28,633,273,673,143,727,77,780,33
1786207918.100,610,610,745,604,863,525,945,446,1000,367,796,313,834,182,861,103,892,37,738,274,781,146,821,66,865,4,680,260,722,131,766,56,814,0,616,267,661,153,705,87,752,36
1786207918.285,609,609,745,601,861,525,944,443,1000,352,801,308,845,176,874,97,903,28,744,268,794,138,836,61,880,1,689,252,737,123,784,53,833,0,625,254,674,144,721,82,769,31
1786207918.447,613,613,752,607,869,528,949,446,1000,358,803,307,846,177,874,100,904,34,748,268,794,135,835,60,878,4,692,252,738,120,785,50,834,0,629,256,676,141,722,77,770,25
1786207918.629,611,611,751,616,871,554,954,479,1000,387,835,324,880,184,907,101,935,28,775,279,820,142,857,65,898,1,712,261,752,128,793,56,838,0,641,263,683,151,723,89,765,36
1786207918.809,608,608,746,614,868,556,952,476,1000,379,834,327,879,186,904,102,930,26,776,282,818,144,849,67,885,3,713,262,752,130,787,57,828,0,641,262,683,149,722,86,762,32
1786207919.014,611,611,749,614,865,554,948,475,1000,379,831,325,875,188,901,107,927,31,772,278,817,148,850,70,888,0,710,258,753,131,790,60,833,1,642,258,684,150,723,89,764,37
1786207919.169,611,611,749,612,868,550,952,471,1000,375,830,320,874,183,899,103,926,29,771,276,813,143,848,66,888,0,708,258,749,128,788,57,833,2,640,261,680,150,720,88,762,37
1786207919.349,611,611,750,611,869,547,950,466,1000,373,829,318,875,182,899,102,923,29,770,274,816,140,849,64,885,0,708,256,751,125,790,56,833,1,638,259,681,149,722,89,766,39
1786207919.524,612,612,751,613,869,551,952,473,1000,379,828,323,870,186,896,107,923,38,769,278,812,142,847,66,888,6,708,258,748,127,788,55,832,0,640,257,682,147,724,83,767,29
1786207919.695,611,611,750,611,866,546,949,468,1000,373,824,319,870,182,895,104,921,32,766,276,812,139,848,65,887,2,706,257,751,123,792,54,837,0,638,258,682,147,725,88,771,39
1786207919.873,624,624,760,630,876,567,955,489,1000,396,827,350,870,210,896,134,917,63,770,306,814,165,849,87,883,15,711,287,754,142,800,63,846,0,645,286,694,171,743,110,792,62
1786207920.067,614,614,753,614,871,551,952,472,1000,377,822,329,869,192,895,117,919,47,766,285,814,146,852,69,892,0,708,264,755,124,802,57,849,6,642,262,690,145,740,86,789,38
1786207920.242,617,617,751,617,869,554,952,479,1000,384,824,332,871,196,898,122,922,54,768,288,816,147,854,69,893,2,710,268,757,126,804,55,852,0,644,267,691,152,738,93,786,46
1786207920.414,612,612,749,615,867,552,951,476,1000,381,822,328,870,190,897,113,920,42,765,285,812,144,849,68,886,3,706,265,753,126,798,55,844,0,640,264,686,149,732,89,779,40
1786207920.591,620,620,758,624,877,564,956,487,1000,396,833,342,880,200,906,125,930,55,775,298,822,151,860,71,898,0,716,279,760,133,808,61,856,6,649,278,695,162,742,102,791,53
1786207920.768,624,624,760,624,876,567,956,487,1000,392,845,349,889,209,913,131,933,54,790,301,835,160,867,78,898,5,733,281,778,137,820,60,862,0,668,279,715,164,764,101,812,50
1786207920.942,626,626,759,635,874,580,953,504,1000,410,843,363,887,225,909,145,928,69,786,315,825,171,851,82,878,0,729,295,775,154,817,86,859,33,664,293,713,179,759,122,806,74
1786207921.122,612,612,751,617,870,559,953,482,1000,384,834,335,881,194,907,112,929,35,776,287,821,145,853,70,886,4,717,267,762,124,807,54,852,0,650,264,699,148,746,89,794,42
1786207921.267,617,617,753,623,870,568,950,491,1000,395,835,345,881,204,905,125,926,48,778,297,819,154,850,73,882,0,719,277,765,134,809,64,854,9,653,275,700,161,746,103,793,55
1786207921.437,608,608,745,613,864,553,947,477,1000,381,833,324,879,185,904,105,927,30,773,277,819,139,852,65,888,4,712,257,756,118,799,50,845,0,643,255,691,140,738,80,786,31
1786207921.598,618,618,751,625,870,565,952,491,1000,396,836,334,880,195,906,121,928,50,778,287,822,147,855,74,890,13,718,271,760,121,805,51,850,0,650,275,697,157,745,96,793,48
1786207921.774,618,618,752,623,870,564,950,493,1000,401,836,334,881,199,905,123,927,52,778,288,822,149,854,75,888,15,717,271,759,127,804,54,851,0,649,275,695,160,742,99,790,51
1786207921.964,603,603,740,605,863,543,952,469,1000,374,833,306,880,174,906,96,932,27,773,261,820,130,855,62,895,8,709,243,751,113,791,47,835,0,636,247,681,134,723,72,767,22
1786207922.133,602,602,742,608,865,542,949,461,1000,368,834,302,879,171,904,92,932,22,772,256,818,128,854,59,896,2,706,238,749,109,788,46,834,0,633,242,678,131,719,69,763,20
1786207922.319,602,602,742,606,863,540,947,463,1000,373,831,306,876,174,904,94,934,23,768,259,814,132,852,60,897,1,702,240,743,114,783,48,830,0,629,244,674,135,715,73,759,24
1786207922.496,605,605,745,606,866,541,951,467,1000,374,833,304,878,174,905,95,934,24,771,257,817,133,854,62,897,1,704,239,745,115,786,50,831,0,632,244,676,137,718,75,762,24
1786207922.693,606,606,744,604,862,541,945,468,1000,377,828,296,877,164,902,89,928,19,766,252,813,124,849,59,888,5,701,235,744,110,782,46,825,0,629,240,674,130,717,70,764,22
1786207922.912,599,599,742,618,873,555,954,461,1000,361,825,346,872,203,898,119,923,45,768,298,822,157,859,75,892,3,710,270,766,136,808,63,846,0,638,256,694,146,739,86,781,33
1786207923.087,599,599,738,609,864,549,949,461,1000,363,827,344,878,203,906,127,928,53,769,295,825,156,863,79,898,8,709,268,766,132,812,61,857,0,639,254,699,146,748,89,796,40
1786207923.265,600,600,738,610,866,547,951,459,1000,362,825,350,876,207,904,127,929,52,768,301,823,160,860,80,895,6,709,274,766,139,811,63,856,0,641,261,699,148,746,88,792,38
1786207923.441,600,600,740,611,867,551,955,463,1000,366,826,350,874,205,900,124,924,50,769,302,821,159,856,79,891,6,710,276,763,142,807,65,850,0,642,266,698,155,744,93,789,39
1786207923.623,595,595,741,604,870,544,954,454,1000,354,823,352,871,207,898,124,924,46,765,302,817,161,854,77,891,0,708,275,759,143,802,66,845,1,640,264,693,152,739,91,784,36
1786207923.791,601,601,745,609,870,544,955,457,1000,360,824,351,873,206,900,123,924,47,765,302,819,160,856,77,892,3,707,275,761,141,806,65,849,0,640,264,695,152,742,92,788,38
1786207923.972,601,601,746,607,870,544,955,459,1000,361,827,351,877,208,904,126,930,50,769,301,823,161,861,77,899,4,711,274,763,141,808,64,852,0,643,263,696,151,742,91,788,37
1786207924.167,602,602,745,609,870,544,954,457,1000,362,827,348,876,207,903,125,930,50,769,298,823,158,861,76,900,4,711,270,764,138,809,63,853,0,644,260,697,149,742,89,788,37
1786207924.364,602,602,743,618,869,557,954,470,1000,373,825,348,875,204,903,121,929,45,767,298,821,157,861,76,901,4,707,270,762,136,807,63,853,0,638,259,694,147,741,88,787,35
1786207924.516,624,624,758,640,883,572,965,488,1000,390,819,346,865,202,890,128,908,66,763,302,807,154,839,72,863,4,711,282,758,135,812,58,858,0,652,277,710,164,762,110,808,70
1786207924.698,618,618,755,620,877,548,957,462,1000,361,805,336,850,193,879,116,906,49,750,298,797,150,836,68,873,0,696,278,745,136,798,61,849,4,636,271,693,155,746,94,796,45
1786207924.863,623,623,756,622,878,548,958,459,1000,358,802,337,846,190,876,111,903,42,748,299,795,150,836,67,875,0,696,279,747,133,801,58,853,3,637,272,694,150,749,86,801,37
1786207925.047,627,627,759,620,876,546,957,461,1000,364,803,335,847,195,878,118,906,50,751,296,800,155,841,75,881,9,699,274,751,136,802,60,851,0,640,267,695,151,748,90,797,38
1786207925.230,634,634,765,637,881,567,959,478,1000,381,809,352,850,208,878,134,903,69,755,314,799,165,836,76,868,0,702,297,748,155,802,83,853,26,643,292,699,176,752,115,803,66
1786207925.407,630,630,767,616,882,542,959,455,1000,359,805,331,849,191,879,115,905,46,751,293,798,149,838,70,875,3,698,274,745,135,793,60,841,0,637,271,691,152,742,91,791,42
1786207925.583,628,628,762,618,877,541,955,454,1000,359,806,325,849,192,876,116,903,46,754,286,801,151,839,73,878,6,701,267,748,133,793,59,841,0,641,265,692,149,741,86,789,33
1786207925.791,625,625,761,618,877,543,955,455,1000,357,803,331,845,196,873,119,900,50,752,293,798,152,837,73,876,10,702,273,750,132,800,55,850,0,644,270,696,151,747,86,797,36
1786207925.936,637,637,768,631,882,558,958,475,1000,382,810,349,851,210,880,137,905,71,758,311,804,168,841,94,874,30,707,291,755,148,806,68,852,0,651,286,708,171,760,110,809,60
1786207926.112,630,630,763,618,880,541,957,453,1000,357,806,325,847,192,875,117,902,49,754,286,801,146,839,69,877,4,703,266,751,129,797,56,845,0,644,263,700,145,752,83,802,33
1786207926.290,624,624,761,612,877,540,954,453,1000,355,802,328,842,196,870,116,898,44,751,289,798,154,837,74,877,5,701,269,749,135,794,60,841,0,641,266,692,151,739,87,785,34
1786207926.466,623,623,761,613,876,540,954,453,1000,356,803,331,844,197,872,116,900,45,751,291,798,155,838,73,879,7,701,271,748,136,796,59,845,0,642,268,691,152,738,90,786,40
1786207926.655,640,640,768,637,880,563,957,478,1000,381,814,357,855,218,883,144,904,77,765,317,813,171,850,80,883,0,717,299,767,150,818,75,864,17,662,293,718,176,773,115,825,65
1786207926.834,634,634,765,629,881,554,959,467,1000,369,811,338,851,196,879,122,901,54,761,298,808,153,847,71,880,0,710,278,760,131,810,58,856,0,652,272,711,153,765,92,816,44
1786207927.008,626,626,761,615,875,539,952,453,1000,359,803,325,846,194,873,116,900,45,751,288,798,155,836,76,874,7,698,270,745,140,789,63,836,0,640,269,692,156,737,93,782,40
1786207927.183,628,628,763,615,876,536,952,449,1000,357,803,322,847,193,876,119,902,50,751,283,799,149,838,71,877,6,700,264,748,130,796,57,846,0,643,263,700,145,752,83,804,32
1786207927.369,630,630,765,612,878,536,955,449,1000,354,803,324,849,193,879,116,906,45,752,285,803,154,844,75,883,8,700,264,749,134,796,60,845,0,641,261,694,147,741,87,788,35
1786207927.535,629,629,765,613,877,538,955,452,1000,358,803,326,846,195,875,118,902,48,750,288,799,155,837,75,876,7,698,269,746,138,792,62,840,0,640,267,694,154,741,92,788,37
1786207927.713,626,626,763,612,874,538,952,453,1000,358,802,324,848,194,878,118,906,49,751,284,802,154,842,74,881,9,701,265,751,134,797,60,845,0,643,263,696,149,745,87,794,34
1786207927.919,628,628,761,615,875,538,952,452,1000,359,803,323,849,192,879,114,908,46,753,285,803,151,842,73,882,7,702,266,751,133,797,59,845,0,644,264,699,147,748,86,797,33
1786207928.085,626,626,761,616,875,541,952,454,1000,361,803,324,848,193,878,116,907,49,752,285,802,152,842,73,882,7,701,265,750,133,796,59,846,0,642,264,697,148,746,87,795,35
1786207928.266,627,627,760,616,873,541,951,454,1000,361,799,323,844,193,875,116,904,47,749,284,799,151,839,72,879,6,698,264,747,132,793,59,842,0,641,263,694,147,743,85,792,33
1786207928.437,628,628,762,618,878,541,954,454,1000,359,800,319,844,188,875,113,902,46,749,281,798,144,838,68,878,5,698,263,746,127,794,55,843,0,641,262,696,143,747,81,798,31
1786207928.609,626,626,761,617,877,540,953,452,1000,358,797,320,844,190,875,115,903,48,747,282,798,147,840,70,881,8,697,264,747,128,797,55,849,0,641,262,700,144,753,83,805,33
1786207928.791,628,628,760,616,877,537,955,448,1000,354,800,319,846,184,877,108,904,41,750,280,800,141,842,65,882,5,699,260,749,122,799,52,849,0,641,259,698,141,751,80,803,32
1786207928.965,627,627,758,617,875,539,953,451,1000,357,801,324,846,189,877,113,905,44,751,285,800,150,841,71,881,4,700,266,751,131,798,58,847,0,641,263,697,144,746,83,796,32
1786207929.155,631,631,764,615,881,533,957,446,1000,351,803,318,846,185,877,110,905,44,752,279,800,141,842,64,883,3,700,260,748,121,799,51,850,0,641,260,698,141,751,78,804,29
1786207929.347,627,627,762,613,875,535,952,450,1000,358,802,326,844,199,873,122,901,53,752,286,800,157,839,76,879,9,701,266,750,136,795,60,845,0,645,264,699,152,746,91,795,39
1786207929.515,627,627,764,611,876,532,951,446,1000,356,802,321,845,191,874,114,902,45,750,284,798,152,837,72,878,5,700,266,746,134,792,59,841,0,643,264,694,151,741,89,790,38
1786207929.688,626,626,761,611,874,532,951,446,1000,356,801,321,846,191,875,114,904,45,750,283,799,151,838,70,878,4,700,265,746,133,791,59,840,0,644,263,693,150,740,90,787,38
1786207929.866,626,626,760,613,875,533,952,447,1000,357,799,321,845,189,876,114,905,47,748,283,798,148,839,70,880,7,698,265,746,130,794,57,844,0,641,263,695,145,745,83,795,32
1786207930.044,629,629,761,618,878,537,954,450,1000,359,801,322,846,191,877,118,907,54,750,284,799,146,840,71,883,11,700,265,749,127,799,55,851,0,643,263,703,144,757,83,810,34
1786207930.211,625,625,760,613,876,533,953,447,1000,354,798,319,845,187,876,113,907,47,747,280,798,145,840,68,883,5,697,260,748,126,797,55,848,0,641,257,699,140,751,80,803,30
1786207930.402,640,640,768,625,883,544,959,460,1000,369,804,334,847,196,878,124,906,61,754,295,802,152,843,79,880,19,705,274,752,130,802,57,850,0,651,271,711,153,766,91,818,41
1786207930.575,638,638,768,624,885,542,961,457,1000,366,803,335,846,198,876,128,903,65,753,296,800,154,841,83,878,26,704,274,752,129,804,56,853,0,650,269,713,148,769,86,822,36
1786207930.754,654,654,777,634,889,552,961,470,1000,383,811,349,853,218,882,151,906,89,761,311,807,168,845,100,878,45,712,290,759,145,810,65,857,0,660,287,721,171,774,111,824,64
1786207930.927,646,646,773,629,885,546,959,463,1000,376,806,341,849,213,877,145,901,81,756,302,804,163,843,91,876,30,708,282,753,142,803,64,850,0,656,280,714,166,765,108,815,60
1786207931.104,674,674,789,662,896,587,964,513,1000,434,824,398,865,268,892,196,912,132,779,359,822,204,855,97,880,0,734,340,780,191,826,95,867,14,686,341,745,231,795,170,842,122
1786207931.287,644,644,771,628,885,551,959,471,1000,382,807,344,851,213,880,144,905,82,757,305,803,168,843,95,879,34,708,284,756,143,808,63,858,0,656,282,716,165,770,106,822,59
1786207931.459,657,657,777,643,888,563,959,484,1000,400,812,366,857,243,886,175,908,114,764,325,811,195,848,123,877,61,717,304,762,162,809,74,852,0,668,301,730,189,784,129,834,82
1786207931.636,653,653,775,636,887,558,961,479,1000,393,810,353,853,226,882,158,906,95,762,314,809,178,846,104,877,39,714,293,761,155,810,71,855,0,663,291,723,179,775,118,825,69
1786207931.828,655,655,777,649,886,574,958,496,1000,410,815,367,856,241,884,172,907,112,769,327,815,190,851,113,882,49,724,306,767,158,813,71,854,0,674,306,735,197,788,142,838,101
1786207932.004,639,639,770,621,887,544,964,460,1000,370,808,329,854,186,883,121,905,62,758,290,806,137,842,69,874,17,708,269,755,127,807,54,856,0,655,265,708,151,756,97,802,59
1786207932.176,634,634,763,615,879,533,958,449,1000,356,807,317,851,182,880,115,905,56,757,277,804,136,843,67,879,11,707,257,755,120,804,52,852,0,653,255,711,142,764,83,815,37
1786207932.356,640,640,767,621,882,540,958,459,1000,372,805,332,850,202,880,133,904,68,754,292,802,152,842,76,875,7,705,272,753,134,803,61,849,0,652,270,711,156,764,98,815,50
1786207932.527,639,639,766,623,882,545,960,463,1000,373,806,330,850,197,882,127,907,65,757,290,806,150,846,77,881,13,707,269,757,129,807,57,855,0,653,264,715,149,770,90,822,42
1786207932.704,646,646,771,630,885,553,959,474,1000,386,812,344,855,205,884,135,907,72,762,306,807,160,845,84,878,19,711,285,759,141,810,63,857,0,656,282,717,168,770,109,819,62
1786207932.891,639,639,766,624,882,547,959,466,1000,376,806,335,851,196,881,124,905,61,756,296,803,149,842,70,877,2,705,276,753,132,805,58,853,0,652,271,713,154,768,96,819,50
1786207933.084,636,636,767,625,884,547,960,463,1000,369,807,337,851,202,880,133,905,71,758,298,804,156,842,83,877,21,709,277,756,133,806,59,853,0,657,273,714,156,768,97,820,51
1786207933.247,639,639,768,624,885,546,960,460,1000,366,810,331,854,191,884,122,910,63,761,293,807,147,845,78,881,26,712,272,759,125,810,53,859,0,658,266,719,147,774,85,826,39
1786207933.424,641,641,772,626,886,549,959,464,1000,372,811,338,854,196,882,127,907,67,762,300,809,154,846,87,879,35,713,278,762,135,813,59,861,0,659,273,718,159,769,99,818,54
1786207933.600,632,632,765,620,883,544,959,460,1000,366,806,331,851,194,879,125,905,63,756,291,804,149,844,77,881,17,707,268,755,127,807,54,857,0,652,262,711,146,765,87,817,43
1786207933.775,639,639,768,629,884,553,961,470,1000,376,805,338,849,200,877,132,900,74,757,298,803,155,842,83,877,25,709,277,758,135,811,59,860,0,659,273,715,160,767,104,816,63
1786207933.956,635,635,766,621,883,540,958,456,1000,366,805,328,850,191,880,122,904,61,757,287,807,145,847,71,883,9,709,265,759,121,810,51,858,0,655,261,712,144,767,86,819,44
1786207934.128,633,633,763,619,880,539,956,455,1000,367,802,327,846,193,877,125,903,65,753,286,802,146,843,74,880,14,705,265,753,122,805,52,854,0,652,260,711,144,767,84,822,37
1786207934.331,624,624,758,609,877,528,953,442,1000,352,796,311,841,177,872,107,900,45,747,271,796,132,839,58,881,0,698,249,748,110,800,46,853,0,642,244,702,126,759,66,816,21
1786207934.495,638,638,766,625,881,545,957,464,1000,376,806,335,851,200,881,132,906,71,756,296,804,156,844,85,878,25,707,274,755,130,806,58,854,0,653,271,713,155,768,97,820,50
1786207934.672,643,643,769,629,883,549,955,467,1000,383,806,346,850,212,879,142,902,80,757,306,805,163,845,78,877,3,708,285,756,142,805,64,850,0,654,281,715,167,769,106,821,58
1786207934.847,634,634,766,617,880,539,958,454,1000,360,805,328,850,190,881,121,905,62,758,287,806,141,845,66,879,6,710,266,760,123,813,52,861,0,658,262,721,146,779,83,833,36
1786207935.042,670,670,789,659,894,584,962,510,1000,428,830,387,869,256,896,190,918,134,783,350,824,208,857,136,885,78,736,331,769,176,807,78,841,0,685,333,740,225,789,166,834,124
1786207935.204,662,662,780,649,888,571,958,495,1000,416,815,377,858,250,886,180,906,118,769,338,814,190,848,94,874,7,724,319,767,169,813,76,853,0,675,319,735,208,789,147,838,100
1786207935.383,646,646,776,627,890,552,962,473,1000,385,819,337,862,196,890,129,914,72,770,298,815,144,850,78,883,34,721,279,769,126,825,51,877,0,667,278,730,159,788,102,841,64
1786207935.554,677,677,794,669,896,599,962,526,1000,443,833,404,873,274,896,203,915,143,789,365,830,210,860,109,885,25,744,349,777,187,811,83,841,0,692,353,745,243,795,180,841,135
1786207935.756,649,649,776,635,886,555,957,476,1000,389,815,352,856,225,884,158,908,99,766,314,810,178,848,110,881,58,718,295,759,147,809,63,855,0,664,294,725,179,783,121,836,80
1786207935.919,651,651,774,637,883,557,954,479,1000,399,808,364,852,237,882,165,904,101,761,324,808,186,845,100,873,22,714,304,759,161,807,74,850,0,662,300,723,189,778,129,829,78
1786207936.104,622,622,757,607,876,526,952,439,1000,352,796,314,844,179,874,108,901,47,746,273,797,135,840,63,881,10,696,251,747,113,801,46,856,0,639,247,699,129,755,70,810,24
1786207936.273,624,624,758,608,875,525,951,438,1000,349,796,314,844,181,875,110,903,47,745,274,797,139,841,66,882,8,694,253,746,116,801,50,856,0,636,248,698,129,755,69,810,21
1786207936.454,626,626,759,610,874,526,950,441,1000,354,795,316,843,186,876,113,904,49,746,276,799,141,844,69,885,12,696,255,749,116,804,50,859,0,640,251,702,131,758,74,812,27
1786207936.639,624,624,757,608,873,526,950,441,1000,352,796,314,844,183,877,109,909,48,748,273,802,140,846,67,891,13,698,251,751,116,802,48,856,0,640,247,696,131,747,73,800,25
1786207936.801,625,625,759,608,874,525,949,440,1000,354,793,317,840,184,873,115,900,52,743,278,795,142,839,71,879,15,692,257,744,118,800,50,854,0,636,252,698,132,755,73,810,27
1786207937.005,624,624,759,605,874,523,950,439,1000,352,793,315,840,185,873,113,903,52,746,275,799,140,843,67,886,13,698,254,750,115,804,47,859,0,641,250,702,130,757,71,813,24
1786207937.174,620,620,756,604,871,522,948,435,1000,347,794,310,840,177,872,105,903,44,745,269,796,131,840,58,884,7,694,246,745,107,798,42,853,0,636,241,695,122,750,63,804,19
1786207937.350,622,622,756,606,872,524,949,440,1000,351,796,312,844,180,876,109,906,47,747,272,800,137,844,64,886,8,697,250,750,113,803,46,857,0,639,245,702,126,757,68,812,22
1786207937.520,623,623,757,605,872,524,949,440,1000,353,795,314,842,183,875,110,905,48,746,273,800,138,844,64,888,12,697,251,748,113,801,46,857,0,639,246,697,127,751,69,806,23
1786207937.697,622,622,757,604,872,523,949,439,1000,351,794,312,842,181,874,110,903,47,745,271,798,135,842,64,885,12,694,247,747,110,802,45,858,0,637,242,698,123,754,65,809,21
1786207937.877,625,625,762,609,875,529,951,446,1000,358,796,320,842,186,873,115,900,51,745,280,798,143,840,68,878,7,696,258,748,119,802,52,854,0,641,250,705,132,764,73,819,24
1786207938.056,625,625,760,605,874,525,949,440,1000,353,796,312,844,185,877,112,908,50,747,273,802,141,846,68,889,13,698,251,750,118,800,51,852,0,641,248,698,133,748,76,801,28
1786207938.242,623,623,757,604,871,523,947,440,1000,353,794,312,841,183,875,111,907,51,747,271,800,136,845,64,889,13,698,248,750,111,802,45,857,0,641,243,700,125,754,67,809,22
1786207938.416,630,630,763,610,876,528,951,443,1000,358,802,317,849,189,881,114,911,49,754,278,807,146,850,72,892,13,704,256,755,124,804,54,856,0,645,253,699,139,747,81,797,32
1786207938.591,627,627,762,610,874,531,949,446,1000,359,800,316,847,188,878,112,908,44,751,277,804,147,846,71,888,7,700,255,752,126,799,56,850,0,639,252,691,139,737,81,785,32
1786207938.769,621,621,758,604,873,525,948,441,1000,355,797,311,841,181,873,106,906,43,749,273,799,139,841,65,885,10,700,251,750,118,799,50,852,0,641,248,696,134,746,75,798,27
1786207938.943,623,623,759,607,874,526,948,441,1000,356,798,312,843,183,875,109,908,48,750,273,801,140,844,67,888,13,700,252,751,119,800,50,854,0,641,249,695,135,745,76,797,28
1786207939.119,623,623,757,606,872,527,948,442,1000,355,797,312,844,184,876,110,907,46,749,273,803,141,845,68,888,13,700,250,753,118,801,50,854,0,641,247,697,133,747,75,799,27
1786207939.297,622,622,758,604,874,525,950,441,1000,354,797,312,845,184,878,111,911,49,750,272,804,138,848,66,893,14,700,249,753,114,805,47,860,0,642,246,700,130,753,72,807,26
1786207939.504,627,627,761,608,875,529,951,445,1000,358,798,315,846,187,879,113,911,49,750,276,805,142,849,69,894,12,701,254,753,119,804,51,859,0,643,251,697,134,746,75,799,27
1786207939.665,628,628,761,608,875,531,951,447,1000,357,798,317,847,189,880,115,911,51,751,276,805,144,849,69,894,12,703,254,755,120,805,51,860,0,646,250,699,134,749,76,800,28
1786207939.840,627,627,760,608,873,528,950,445,1000,358,796,315,845,190,878,116,910,53,750,276,805,146,849,71,893,13,701,253,755,122,804,54,858,0,644,250,701,135,751,77,803,27
1786207940.021,626,626,759,606,873,525,949,442,1000,356,795,316,843,190,875,117,907,53,748,276,803,145,848,71,893,14,700,254,753,120,805,52,860,0,644,250,702,132,754,73,808,24
1786207940.198,628,628,760,609,875,528,951,443,1000,357,796,317,843,191,877,118,909,56,750,277,805,146,850,72,894,14,702,254,757,121,807,53,860,0,644,250,703,135,754,76,807,27
1786207940.378,622,622,757,607,872,527,948,443,1000,355,795,312,841,183,873,110,905,49,747,273,799,140,842,67,886,16,697,251,749,118,799,49,854,0,639,247,697,133,750,74,804,27
1786207940.546,621,621,755,604,871,521,948,436,1000,352,792,312,839,183,872,112,903,51,745,272,798,136,843,64,888,13,696,250,749,112,804,45,861,0,639,246,701,128,758,69,814,25
1786207940.744,621,621,758,607,872,526,948,442,1000,356,794,313,840,182,872,110,904,49,745,273,797,137,842,65,887,13,696,250,745,115,798,48,854,0,639,246,697,132,752,73,807,28
1786207940.911,622,622,758,604,871,524,947,438,1000,351,794,312,840,182,873,109,906,50,746,272,799,137,843,65,889,16,696,248,747,115,799,47,855,0,637,244,691,132,743,73,797,28
1786207941.087,622,622,762,602,873,525,949,444,1000,355,795,311,839,183,872,110,906,48,747,275,797,142,840,67,885,12,698,254,747,123,796,52,851,0,641,251,695,138,746,80,799,33
1786207941.263,622,622,759,601,873,518,948,435,1000,351,795,309,840,182,873,113,906,56,748,269,801,135,845,66,891,18,700,247,751,112,804,45,860,0,643,244,704,129,759,70,814,23
1786207941.440,625,625,761,607,874,525,949,440,1000,354,797,311,840,182,872,108,905,45,748,273,798,142,841,67,886,10,698,252,747,122,796,52,850,0,639,248,693,138,743,80,795,32
1786207941.614,624,624,763,604,875,526,950,444,1000,358,795,313,841,184,875,113,909,54,749,273,803,140,847,67,893,15,701,250,753,118,803,49,858,0,644,245,700,131,752,72,806,24
1786207941.793,622,622,760,606,873,530,950,446,1000,358,794,316,839,186,872,112,906,51,747,276,799,143,843,68,889,14,699,252,748,120,799,50,854,0,641,248,696,135,748,77,801,30
1786207941.968,622,622,758,605,873,524,948,440,1000,354,795,311,838,183,871,109,905,46,747,273,798,140,842,66,887,11,698,251,749,119,799,50,852,0,640,247,698,134,751,76,805,28
1786207942.161,625,625,761,607,874,527,951,444,1000,355,797,313,840,185,872,110,906,47,749,275,798,143,841,68,886,12,699,254,749,123,798,53,852,0,641,251,696,138,747,80,799,32
1786207942.338,622,622,761,605,873,527,949,444,1000,358,794,315,839,186,872,112,905,49,746,276,799,142,843,67,888,15,697,254,748,119,799,49,854,0,640,249,700,132,754,72,810,25
1786207942.540,619,619,756,603,870,523,947,441,1000,355,792,314,838,183,870,108,902,43,744,274,797,138,841,65,886,12,695,251,746,114,799,47,855,0,638,246,699,127,756,67,812,20
1786207942.687,624,624,757,603,871,523,948,442,1000,356,794,312,841,184,874,110,906,47,747,273,802,140,847,69,892,16,699,251,753,116,803,49,857,0,643,248,702,132,755,73,809,24
1786207942.831,627,627,761,610,873,530,949,447,1000,360,797,314,843,186,875,111,908,44,750,275,803,145,847,70,892,9,701,253,753,123,801,54,854,0,642,250,699,137,748,79,799,29
1786207942.995,629,629,762,611,873,529,949,446,1000,361,799,315,845,190,877,114,908,46,752,276,806,148,850,73,894,10,702,254,754,125,802,56,855,0,643,251,699,137,748,79,799,28
1786207943.167,627,627,759,608,872,526,948,443,1000,359,797,313,844,189,876,118,908,56,751,274,806,145,850,73,894,18,703,252,756,121,805,52,857,0,646,249,705,135,756,76,808,28
1786207943.344,621,621,758,600,871,519,948,437,1000,350,792,308,838,180,870,109,902,47,746,268,797,132,841,60,886,9,697,246,748,110,801,45,858,0,641,241,703,124,760,64,817,18
1786207943.533,622,622,760,599,874,521,950,440,1000,352,792,312,839,184,872,111,906,46,747,272,802,140,847,66,893,12,700,250,753,116,804,49,861,0,643,246,701,128,755,68,811,20
1786207943.697,619,619,757,598,871,520,949,439,1000,351,790,311,837,181,871,110,903,46,743,271,797,136,842,62,888,10,694,248,749,111,804,45,862,0,638,242,704,124,764,64,823,17
1786207943.879,618,618,755,599,869,522,947,442,1000,354,791,310,838,181,872,109,907,47,744,270,799,137,845,64,891,12,696,246,750,113,802,47,858,0,640,239,702,124,758,66,815,18
1786207944.068,622,622,758,606,870,527,947,445,1000,358,795,313,840,185,873,111,908,47,748,274,802,143,847,68,893,13,700,252,752,119,802,50,857,0,643,246,703,132,755,75,809,28
1786207944.245,621,621,760,603,872,526,948,445,1000,357,795,314,840,186,873,113,908,48,748,275,802,144,847,68,893,13,700,252,752,121,802,52,857,0,645,245,707,132,760,75,814,26
1786207944.414,619,619,757,602,870,526,948,445,1000,357,792,313,840,184,874,111,907,48,744,274,799,139,844,65,891,14,696,252,749,116,801,47,857,0,641,247,702,130,758,70,814,24
1786207944.598,618,618,754,598,869,521,948,442,1000,353,790,310,837,183,871,111,906,50,743,271,799,138,844,64,891,13,696,249,750,113,802,47,858,0,640,243,703,126,759,67,815,19
1786207944.783,621,621,757,606,870,531,948,449,1000,360,794,317,841,187,875,111,908,46,747,277,803,147,849,71,894,13,699,255,753,123,804,53,857,0,642,251,704,136,757,77,811,28
1786207944.949,624,624,757,610,872,531,949,448,1000,360,795,317,841,187,873,110,907,46,749,278,802,143,846,67,892,11,700,256,752,121,803,51,858,0,642,252,701,138,754,79,808,31
1786207945.120,622,622,758,603,871,526,949,445,1000,357,793,311,841,183,874,110,907,47,747,272,802,138,848,65,893,14,699,249,753,114,806,47,862,0,642,244,704,126,761,66,818,17
1786207945.296,624,624,758,608,872,532,949,449,1000,362,795,318,841,192,874,117,907,53,749,278,804,145,848,72,892,17,702,254,755,120,806,52,860,0,645,248,705,132,759,72,814,24
1786207945.496,626,626,757,610,870,532,947,450,1000,361,798,316,841,188,874,112,908,46,752,277,803,145,846,71,890,13,703,254,754,123,803,53,856,0,645,249,702,138,753,81,806,33
1786207945.664,623,623,755,609,870,529,947,445,1000,360,799,313,843,183,875,107,908,43,751,275,803,142,846,69,891,12,702,252,752,121,802,51,856,0,642,248,699,137,751,81,804,35
1786207945.859,625,625,758,609,871,530,949,448,1000,361,797,316,843,187,876,111,908,47,750,277,804,148,849,73,894,15,701,254,752,124,802,53,855,0,642,249,696,138,747,80,799,32
1786207946.015,625,625,757,610,872,529,948,446,1000,360,797,315,842,189,875,113,910,50,751,275,806,147,851,73,897,15,703,252,756,122,806,53,860,0,644,247,702,134,752,75,805,27
1786207946.192,625,625,759,608,871,527,948,444,1000,358,798,312,841,185,873,108,907,42,751,274,803,145,846,69,892,10,701,251,752,121,801,52,855,0,643,246,700,134,751,77,804,29
1786207946.369,623,623,757,605,870,526,947,445,1000,358,794,312,840,185,873,111,906,47,749,273,803,140,847,68,893,16,702,250,754,116,806,49,861,0,646,245,707,129,762,71,817,23
1786207946.516,621,621,757,607,871,529,949,447,1000,360,795,316,840,189,873,116,907,54,749,276,804,145,849,70,895,15,702,253,755,122,806,52,860,0,647,247,708,134,761,76,815,28
1786207946.681,618,618,754,600,869,520,947,438,1000,351,790,308,838,181,871,107,905,44,744,268,799,135,845,61,891,9,697,246,753,111,807,46,863,0,641,240,707,122,765,61,823,12
1786207946.878,621,621,755,605,871,526,948,443,1000,356,791,314,837,185,869,112,900,47,743,273,795,137,840,64,885,10,694,251,748,114,803,47,860,0,638,246,703,127,763,66,821,18
1786207947.025,618,618,755,599,870,522,947,441,1000,355,789,312,836,184,868,113,900,49,742,272,796,135,841,63,887,11,694,249,748,112,803,46,861,0,639,243,703,124,762,63,820,16
1786207947.212,619,619,759,596,871,517,947,437,1000,351,793,308,839,182,871,111,905,49,745,269,800,137,845,63,892,13,697,248,751,114,803,47,861,0,642,243,705,123,763,63,821,14
1786207947.381,624,624,759,605,872,524,949,443,1000,358,796,312,842,185,874,108,905,41,749,273,803,142,848,69,893,15,700,251,753,117,804,50,859,0,644,247,706,131,761,71,816,23
1786207947.525,622,622,758,604,871,527,948,447,1000,361,793,313,840,184,873,108,905,43,746,274,801,141,846,68,892,14,698,253,751,117,803,49,858,0,642,249,704,131,760,71,816,21
1786207947.679,619,619,755,602,869,523,946,443,1000,357,791,310,836,182,868,108,899,44,743,271,794,135,839,61,883,7,694,250,745,113,798,46,854,0,639,245,702,129,760,69,817,24
1786207947.858,619,619,755,600,869,521,947,442,1000,357,791,312,837,186,869,115,903,55,744,273,798,139,842,67,888,18,697,249,750,115,801,47,856,0,643,243,704,127,759,69,815,22
1786207948.039,621,621,759,600,872,524,948,445,1000,358,793,314,839,187,873,115,908,53,747,276,802,144,848,70,894,17,700,253,753,119,803,51,858,0,645,247,705,131,759,72,814,24
1786207948.185,621,621,758,600,872,521,948,440,1000,353,791,312,837,184,871,113,904,50,744,272,797,137,843,64,889,10,695,250,750,112,804,46,861,0,638,244,703,124,763,62,821,14
1786207948.335,620,620,755,601,870,522,947,441,1000,354,790,312,837,180,870,107,901,42,743,272,796,134,840,63,883,10,695,249,749,109,804,44,861,0,639,243,705,124,766,63,824,16
1786207948.519,622,622,757,605,872,527,948,445,1000,358,794,312,840,185,874,112,907,50,749,273,802,138,846,66,891,17,702,250,754,116,806,47,861,0,646,246,707,130,762,70,816,23
1786207948.692,622,622,757,604,870,524,947,440,1000,354,793,313,838,183,872,110,906,47,747,274,801,142,845,68,890,14,698,252,751,121,801,51,855,0,640,248,695,136,746,77,800,28
1786207948.872,625,625,757,609,870,528,948,444,1000,358,795,315,839,186,872,112,906,48,749,277,801,144,845,69,889,13,699,254,752,123,801,53,855,0,640,250,698,137,750,78,804,28
1786207949.054,619,619,755,602,869,521,947,439,1000,352,789,309,835,181,868,109,901,45,743,270,795,134,841,61,886,9,694,248,746,111,800,46,856,0,638,243,700,126,757,67,814,21
1786207949.226,622,622,757,605,871,527,948,444,1000,357,794,313,840,185,873,111,906,47,748,274,801,141,845,69,890,17,699,251,751,118,801,49,856,0,642,246,701,133,753,74,807,27
1786207949.429,618,618,753,604,869,522,948,441,1000,353,793,309,839,181,871,110,902,48,745,270,798,136,841,65,885,15,697,247,750,112,802,47,858,0,643,242,706,125,763,66,820,20
1786207949.583,618,618,754,601,869,520,947,438,1000,351,788,309,836,182,869,110,901,47,741,269,796,137,841,64,885,8,693,247,748,113,801,48,856,0,636,241,701,124,759,65,816,17
1786207949.765,621,621,755,602,871,523,949,442,1000,356,794,313,841,184,875,109,909,45,748,273,804,141,849,68,895,14,701,250,756,116,807,50,862,0,644,244,705,128,759,70,814,21
1786207949.951,620,620,756,601,871,520,948,437,1000,350,792,308,837,179,870,107,902,44,743,269,796,133,841,59,887,8,694,247,747,110,801,44,857,0,638,242,701,126,758,68,815,23
1786207950.118,618,618,756,600,869,521,947,441,1000,354,791,310,838,183,870,113,901,47,743,270,796,137,841,62,886,8,695,249,747,113,802,46,859,0,641,243,703,125,762,67,820,22
1786207950.293,622,622,755,606,870,528,947,447,1000,360,793,315,840,187,873,114,906,51,746,276,800,141,844,67,890,16,698,254,751,118,804,49,860,0,643,249,705,130,761,70,818,23
1786207950.464,619,619,754,604,869,526,948,444,1000,355,791,311,840,182,873,108,907,43,744,272,800,139,846,65,892,11,695,250,751,114,803,48,859,0,640,244,703,126,760,67,817,18
1786207950.653,619,619,755,602,870,524,948,442,1000,353,789,311,838,183,872,110,905,44,744,271,801,139,846,67,891,14,697,248,753,113,805,48,860,0,641,242,704,121,761,61,818,11
1786207950.834,619,619,758,602,870,523,947,441,1000,354,790,314,836,186,870,114,904,51,743,274,797,140,841,66,887,17,695,251,749,117,801,49,857,0,641,244,705,128,762,70,818,22
1786207951.014,619,619,756,602,871,522,948,441,1000,351,791,310,838,180,872,109,904,42,741,270,795,135,841,61,885,6,692,249,746,111,803,47,860,0,637,242,705,127,768,68,828,21
1786207951.185,623,623,755,603,870,522,949,441,1000,355,791,314,839,180,874,108,906,44,742,276,796,136,841,60,887,5,694,255,748,115,802,47,858,0,640,250,706,130,767,69,826,21
1786207951.359,619,619,756,595,870,516,947,435,1000,349,790,307,837,178,871,105,905,43,743,268,797,132,842,58,888,7,694,246,750,109,804,43,861,0,638,241,703,122,763,61,821,14
1786207951.538,625,625,761,602,874,523,948,439,1000,351,791,311,837,182,870,109,903,43,744,271,797,135,841,62,886,9,697,250,748,112,801,46,857,0,641,244,702,124,758,63,814,15
1786207951.712,625,625,759,605,873,525,948,441,1000,353,789,312,834,182,868,109,900,45,743,273,795,137,840,64,884,10,696,252,748,112,803,46,858,0,641,248,704,127,763,66,820,19
1786207951.915,625,625,762,604,875,524,950,440,1000,350,792,310,838,182,870,111,901,47,745,273,796,134,840,60,884,10,697,252,748,113,803,45,859,0,642,247,705,126,764,64,822,18
1786207952.083,627,627,760,609,874,526,949,440,1000,352,793,312,838,184,870,111,900,47,745,273,795,135,839,63,883,11,696,251,746,111,800,45,855,0,640,248,701,127,758,67,815,22
1786207952.271,627,627,761,607,874,525,949,440,1000,352,792,311,838,182,872,110,904,50,746,271,798,135,842,62,886,12,699,249,750,111,804,44,859,0,643,245,703,128,760,68,815,23
1786207952.437,625,625,759,607,873,525,948,438,1000,348,792,309,837,180,869,106,901,41,743,272,794,136,837,60,881,5,694,250,744,115,795,47,849,0,638,245,697,129,753,70,809,25
1786207952.608,625,625,759,605,873,522,950,438,1000,347,791,307,837,178,870,106,901,43,744,268,795,132,840,58,884,4,696,247,748,110,801,45,857,0,641,242,702,126,760,68,816,24
1786207952.787,625,625,760,607,873,524,949,438,1000,350,791,313,837,188,870,117,904,58,745,274,798,139,842,67,888,17,697,252,749,116,801,48,858,0,640,248,700,131,754,71,809,24
1786207952.959,627,627,761,607,872,523,947,437,1000,348,792,312,837,189,868,116,901,53,745,274,796,142,839,68,884,13,697,252,747,119,797,50,852,0,640,248,697,133,750,74,803,27
1786207953.104,628,628,761,605,873,522,948,438,1000,352,791,311,836,185,869,114,901,53,745,272,797,137,840,64,884,11,698,250,749,113,802,46,857,0,643,247,704,128,759,68,814,22
1786207953.270,631,631,765,608,878,525,952,442,1000,354,794,313,841,189,875,117,908,56,749,274,804,142,848,68,892,15,703,253,757,118,809,50,864,0,649,250,708,131,762,72,816,24
1786207953.439,630,630,765,610,879,528,953,443,1000,350,794,311,838,182,872,115,903,56,748,273,797,134,841,62,884,9,701,253,750,110,805,43,861,0,647,250,709,127,769,65,826,21
1786207953.591,627,627,763,608,877,528,953,445,1000,353,793,311,837,180,869,112,899,53,746,274,796,134,839,61,881,9,699,255,749,113,803,45,856,0,646,251,708,130,766,68,822,24
1786207953.745,623,623,760,604,873,523,949,440,1000,349,788,310,835,181,867,112,896,49,741,271,792,133,836,59,880,7,695,250,744,110,799,44,856,0,643,246,703,124,762,63,819,18
1786207953.922,627,627,764,606,876,527,950,444,1000,353,791,311,835,182,867,110,897,45,744,273,793,135,836,60,878,4,696,253,746,112,801,45,857,0,643,247,705,126,764,65,822,20
1786207954.094,627,627,759,608,872,526,948,441,1000,354,791,314,838,189,870,116,902,53,745,276,799,142,841,70,885,16,698,253,750,117,800,49,855,0,643,248,703,129,757,70,812,22
1786207954.272,624,624,761,605,873,525,949,441,1000,350,790,310,836,183,869,112,900,51,743,271,795,135,839,62,883,11,696,249,747,112,801,45,856,0,642,243,705,124,763,63,820,17
1786207954.468,626,626,763,604,873,524,948,442,1000,352,791,312,837,185,870,116,901,54,744,273,797,137,842,63,886,11,697,252,748,112,804,45,861,0,643,247,705,125,764,65,821,19
1786207954.655,629,629,763,611,875,530,950,448,1000,358,793,316,840,187,872,118,902,55,746,277,796,140,841,67,883,14,699,257,749,115,805,47,861,0,646,253,709,131,769,70,827,24
1786207954.801,624,624,761,604,874,525,949,441,1000,351,791,312,837,186,870,116,902,56,744,273,796,137,841,64,886,14,698,250,749,113,801,46,857,0,643,244,704,126,760,67,817,21
1786207954.992,627,627,761,605,875,524,950,442,1000,353,792,310,839,182,872,114,902,53,745,272,797,135,841,61,884,8,698,251,750,111,804,45,858,0,646,246,706,125,765,65,823,20
1786207955.170,629,629,763,608,877,525,952,440,1000,350,794,309,839,180,871,109,901,48,746,272,795,131,838,58,881,6,698,252,747,110,800,43,855,0,642,250,702,127,759,66,816,21
1786207955.343,629,629,763,607,877,523,951,438,1000,350,794,312,838,183,870,111,901,51,747,274,796,135,840,62,884,11,699,253,748,112,801,44,857,0,644,249,704,128,760,67,816,21
1786207955.519,624,624,764,600,876,520,951,438,1000,349,792,309,838,178,869,109,900,48,744,271,794,133,838,58,883,8,696,250,745,111,799,44,855,0,644,245,704,125,761,66,818,21
1786207955.699,626,626,762,609,876,526,952,441,1000,351,795,312,840,180,870,109,899,47,745,273,794,132,838,59,880,8,696,253,746,112,801,45,856,0,642,249,702,129,760,68,817,24
1786207955.874,626,626,760,609,873,528,950,443,1000,352,792,313,840,181,872,109,903,45,743,277,794,138,839,62,882,6,694,257,744,119,797,49,851,0,639,253,698,134,754,74,809,29
1786207956.064,635,635,766,615,878,532,953,449,1000,362,797,324,841,192,876,121,906,59,750,286,801,146,844,70,884,10,703,265,754,122,809,52,860,0,649,260,714,142,774,82,831,35
1786207956.240,626,626,760,608,873,526,949,441,1000,354,793,311,840,184,873,111,906,47,746,273,800,141,844,68,888,13,699,252,750,119,800,51,854,0,643,249,700,133,752,75,805,28
1786207956.447,625,625,759,605,873,522,948,437,1000,349,793,310,838,183,870,111,903,50,746,272,798,137,842,64,886,13,698,250,749,115,800,48,854,0,643,246,701,130,754,71,808,25
1786207956.591,626,626,761,607,875,525,950,438,1000,349,792,311,839,182,872,111,903,49,745,271,798,134,843,60,888,7,698,249,750,110,805,44,860,0,642,245,702,125,759,65,815,20
1786207956.767,627,627,761,609,875,526,949,440,1000,353,791,315,838,186,870,117,900,55,743,275,795,139,840,65,881,10,696,253,748,113,803,46,857,0,642,248,704,129,763,69,820,23
1786207956.947,626,626,760,606,873,522,948,437,1000,351,790,315,837,189,869,121,898,60,743,274,797,140,841,69,884,17,696,252,748,113,804,46,861,0,643,247,704,125,763,65,822,20
1786207957.128,628,628,762,611,875,527,949,443,1000,357,793,312,840,185,873,118,903,60,747,272,800,136,844,64,886,14,700,251,752,112,807,45,862,0,646,247,707,129,766,70,823,26
1786207957.303,628,628,762,608,876,526,952,442,1000,353,790,314,838,181,870,111,900,47,742,275,796,137,839,61,881,3,695,255,748,116,803,49,859,0,643,250,704,131,764,72,822,26
1786207957.499,638,638,768,624,879,541,953,462,1000,379,799,334,846,205,878,137,905,79,754,295,804,156,847,80,885,22,709,276,757,128,813,54,865,0,659,275,719,158,779,99,836,55
1786207957.662,640,640,769,629,880,550,955,470,1000,380,798,342,844,206,876,137,904,77,751,302,799,158,840,85,875,31,705,282,753,133,810,57,861,0,655,280,717,161,775,103,829,60
1786207957.852,646,646,776,632,886,555,959,476,1000,389,807,350,854,215,884,145,909,85,760,309,807,160,848,75,883,6,713,290,761,139,817,59,867,0,662,289,726,172,785,112,840,67
1786207958.015,625,625,757,641,883,588,966,511,1000,415,849,378,896,235,924,163,948,98,794,329,846,184,883,102,917,27,738,302,786,155,832,70,876,0,674,291,731,184,779,128,827,84
1786207958.197,616,616,747,626,869,569,956,488,1000,391,846,359,899,213,927,139,949,64,791,308,848,166,886,81,922,0,731,281,788,138,835,65,882,6,663,270,716,158,765,101,813,55
1786207958.368,614,614,749,623,872,564,958,483,1000,386,844,353,896,209,925,135,948,61,788,304,843,161,881,79,918,0,729,279,784,137,830,66,877,8,660,270,714,159,763,100,811,51
1786207958.544,618,618,752,626,872,572,956,494,1000,396,844,361,895,220,923,143,944,67,787,311,842,170,880,84,914,0,729,287,783,147,832,70,877,6,661,278,715,171,765,114,813,64
1786207958.734,611,611,751,615,871,559,957,480,1000,382,839,342,891,196,921,119,944,44,780,293,835,152,872,73,907,0,718,268,773,128,821,57,868,1,649,258,706,148,757,91,807,43
1786207958.909,616,616,754,625,873,569,958,491,1000,393,842,353,893,208,921,132,943,58,784,304,837,162,872,82,905,7,724,280,776,137,824,62,870,0,655,272,710,160,761,102,809,54
1786207959.093,616,616,751,623,872,568,956,490,1000,392,840,353,891,209,919,133,941,59,783,306,837,164,874,80,909,0,723,283,775,143,822,67,868,4,655,276,709,166,756,110,803,61
1786207959.276,632,632,765,636,881,581,960,507,1000,414,846,370,895,233,924,160,946,88,792,322,844,185,881,108,914,38,734,297,782,155,828,71,873,0,668,291,719,181,768,122,817,74
1786207959.447,607,607,743,617,868,563,954,490,1000,396,833,346,884,202,912,120,938,46,776,298,830,156,869,75,908,6,718,273,771,134,818,60,865,0,652,263,707,152,755,92,801,43
1786207959.616,602,602,743,619,868,563,953,479,1000,379,833,343,885,200,914,116,941,43,774,292,830,152,870,73,910,5,714,266,768,133,813,60,858,0,644,259,698,148,744,89,789,37
1786207959.793,608,608,749,619,870,561,954,479,1000,379,835,343,886,203,916,120,945,46,776,292,833,155,875,76,918,8,715,266,770,133,818,60,866,0,646,260,701,151,748,89,795,37
1786207959.990,608,608,750,618,871,559,953,476,1000,375,835,342,885,203,916,119,946,46,776,291,833,154,875,75,919,6,715,265,770,134,817,60,866,0,645,259,700,150,747,90,796,38
1786207960.158,609,609,751,617,871,559,954,476,1000,375,836,340,886,200,915,117,943,43,777,290,833,153,873,74,915,6,717,265,771,133,818,59,866,0,648,259,701,148,748,88,796,35
1786207960.335,609,609,750,618,871,558,956,475,1000,373,838,340,887,198,915,115,943,43,778,291,833,153,873,74,916,6,718,266,771,133,817,59,865,0,648,261,701,150,747,89,794,38
1786207960.510,613,613,746,631,868,573,953,491,1000,390,833,354,883,209,910,131,930,58,776,302,831,161,869,83,902,12,718,276,774,130,826,58,872,0,652,265,713,154,768,97,818,50
1786207960.706,620,620,753,630,872,567,954,486,1000,386,839,353,888,209,915,131,936,57,785,304,838,164,876,83,912,10,728,279,783,133,834,59,882,0,662,269,721,158,773,100,823,54
1786207960.874,612,612,748,629,868,570,953,487,1000,386,833,350,882,206,910,129,934,57,778,301,834,159,875,76,915,0,720,276,775,130,827,58,877,3,653,266,708,153,758,94,807,48
1786207961.041,612,612,751,622,871,560,953,476,1000,376,837,340,885,199,913,116,941,44,778,290,832,152,873,74,916,8,717,266,772,132,820,59,869,0,647,261,702,149,750,88,798,36
1786207961.217,609,609,747,617,869,558,952,477,1000,379,835,338,884,196,913,114,940,42,776,289,832,151,873,74,916,9,716,266,771,131,819,59,869,0,648,260,703,150,751,90,799,38
1786207961.408,607,607,744,614,863,555,949,476,1000,378,829,337,879,196,908,119,935,47,771,290,827,153,868,75,909,6,712,266,765,130,813,57,862,0,645,258,701,149,750,91,797,43
1786207961.584,609,609,747,612,865,553,949,474,1000,378,830,336,879,198,908,118,936,46,772,288,828,155,869,77,910,9,714,263,769,132,816,59,865,0,648,254,704,147,753,89,801,38
1786207961.761,609,609,746,614,863,556,949,478,1000,380,829,337,878,196,908,116,936,44,772,290,826,152,867,75,909,8,713,267,766,130,814,57,864,0,645,260,702,150,751,90,801,41
1786207961.937,609,609,746,614,864,553,950,475,1000,378,831,333,881,194,910,113,937,41,773,286,829,151,870,74,912,8,714,263,768,130,814,57,863,0,646,258,699,149,747,88,794,37
1786207962.143,610,610,749,617,867,558,951,477,1000,380,832,336,883,196,912,114,940,42,774,289,830,153,871,74,913,7,713,266,768,133,815,59,864,0,644,262,698,151,745,89,793,36
1786207962.301,611,611,745,618,862,558,949,478,1000,382,828,339,877,199,906,122,932,51,771,291,826,154,865,76,906,9,712,266,765,128,812,55,862,0,646,257,702,148,750,91,797,46
1786207962.468,614,614,748,618,865,558,949,483,1000,388,832,340,879,200,909,121,935,49,775,292,829,155,869,77,910,9,717,270,770,131,820,57,871,0,651,263,708,152,759,93,809,46
1786207962.665,649,649,774,658,884,603,961,531,1000,442,851,400,896,272,922,201,941,132,798,351,846,216,882,139,910,66,744,326,788,176,829,82,866,0,684,319,740,218,787,162,830,115
1786207962.839,649,649,773,655,883,598,957,524,1000,434,847,395,895,263,924,189,945,121,793,347,842,207,878,125,907,51,738,323,782,180,827,84,868,0,677,317,730,211,777,149,821,97
1786207963.013,696,696,816,671,916,581,972,484,1000,389,869,380,896,229,915,148,930,82,817,350,850,185,879,83,906,0,762,340,796,182,831,90,867,22,701,351,738,229,773,160,809,110
1786207963.190,711,711,831,663,926,562,977,454,1000,350,865,397,878,257,883,175,885,95,807,366,833,205,860,97,889,0,749,360,769,209,799,129,836,70,686,377,709,251,738,179,777,123
1786207963.386,708,708,831,659,924,560,978,452,1000,345,859,390,870,248,876,165,881,83,802,359,824,205,850,97,878,0,746,356,764,208,792,128,828,66,684,373,706,251,737,177,774,118
1786207963.543,705,705,829,662,923,566,979,458,1000,350,860,394,871,249,876,163,881,80,802,365,827,208,855,99,886,0,745,360,766,212,793,125,827,55,683,374,710,251,741,177,777,116
1786207963.719,705,705,828,667,922,572,977,464,1000,358,859,400,872,258,879,173,885,91,803,370,830,212,859,101,889,0,748,365,769,211,797,116,830,39,686,381,712,260,744,185,781,125
1786207963.905,696,696,821,660,922,566,979,460,1000,352,858,383,872,238,879,153,886,72,801,352,824,195,850,92,879,0,746,346,771,190,803,102,840,36,683,360,712,235,747,161,788,104
1786207964.080,701,701,819,669,919,578,979,487,1000,394,855,390,877,246,890,173,901,102,808,359,837,191,863,87,889,0,760,353,790,192,832,117,877,66,704,367,741,241,784,176,829,129
1786207964.273,676,676,808,657,912,571,978,471,1000,369,846,386,872,245,888,163,902,84,792,350,823,196,849,93,877,0,738,338,771,189,809,107,850,44,677,343,717,222,759,154,801,101
1786207964.440,677,677,807,658,911,573,976,471,1000,365,848,385,873,244,890,163,904,85,794,349,826,197,852,93,880,0,741,338,772,192,808,115,849,58,680,342,717,223,758,156,801,103
1786207964.609,661,661,798,636,905,545,973,437,1000,326,839,346,865,198,882,113,899,35,781,312,812,162,840,75,872,0,723,301,754,153,789,71,828,5,656,308,694,184,734,113,775,54
1786207964.785,692,692,817,667,919,573,975,471,1000,368,854,390,875,252,886,177,894,102,802,354,830,196,855,91,880,0,749,343,779,189,819,116,863,66,688,352,722,227,763,157,808,106
1786207964.975,692,692,820,665,917,575,975,472,1000,368,852,395,870,254,883,170,892,90,799,361,827,207,854,98,881,0,745,352,774,202,809,117,846,50,682,361,716,242,753,172,793,114
1786207965.163,681,681,809,657,911,563,972,456,1000,348,845,377,864,229,876,144,886,62,789,344,815,187,842,88,871,0,734,334,762,177,798,96,840,36,671,343,706,219,744,149,786,94
1786207965.326,683,683,814,660,912,571,970,469,1000,366,846,388,867,250,882,168,895,89,792,353,820,202,847,95,875,0,738,343,768,196,804,116,844,54,675,351,709,233,748,164,788,108
1786207965.505,696,696,822,677,923,583,979,476,1000,372,858,405,875,259,887,173,896,94,805,372,835,212,866,99,897,0,752,362,781,205,820,114,861,45,691,372,723,250,762,179,803,124
1786207965.686,696,696,820,650,921,545,976,434,1000,327,850,372,870,204,882,106,894,17,794,343,822,175,850,78,882,0,739,335,767,169,805,80,849,18,678,345,709,213,748,138,793,84
1786207965.861,715,715,835,671,922,571,973,463,1000,358,850,413,861,272,867,192,871,113,799,383,824,215,848,100,873,0,748,378,769,220,804,143,844,88,690,390,716,263,751,189,793,131
1786207966.034,710,710,830,668,918,563,970,452,1000,347,844,412,857,269,865,189,870,111,791,381,819,213,845,99,872,0,740,374,763,217,798,140,838,80,682,383,710,255,746,181,789,122
1786207966.211,711,711,831,671,919,570,971,463,1000,358,846,411,857,269,865,188,870,110,793,381,820,213,846,99,872,0,742,374,764,217,799,140,840,82,684,383,714,255,753,182,796,124
1786207966.409,706,706,827,670,917,571,971,463,1000,358,840,410,851,262,859,176,864,94,787,381,810,214,835,100,861,0,734,375,755,219,790,138,830,76,676,383,706,257,743,184,785,125
1786207966.576,710,710,828,671,917,570,973,461,1000,355,844,419,855,274,863,186,868,103,790,389,816,226,842,106,868,0,738,382,757,231,788,148,826,84,679,389,709,266,744,192,784,134
1786207966.767,697,697,822,651,916,547,972,438,1000,332,837,375,851,230,860,143,868,62,782,347,805,190,830,88,858,0,728,341,748,190,780,111,818,52,667,352,695,227,731,152,774,93
1786207966.926,714,714,830,672,918,574,973,469,1000,363,847,408,857,262,866,179,874,97,796,378,821,212,849,100,877,0,745,372,769,215,803,132,842,64,686,382,716,255,753,183,796,124
1786207967.117,707,707,826,669,914,569,970,460,1000,352,845,411,860,270,870,186,877,105,793,378,825,212,853,99,882,0,741,369,765,211,796,128,834,61,681,377,711,251,748,176,792,113
1786207967.281,708,708,826,664,914,565,970,460,1000,357,845,404,857,266,865,185,871,105,793,375,821,213,849,100,877,0,742,369,762,219,794,139,832,75,684,379,713,258,749,187,791,128
1786207967.474,702,702,825,653,916,548,973,437,1000,327,841,374,854,229,863,146,871,66,788,346,812,187,839,87,868,0,735,340,759,186,793,104,831,41,675,352,707,225,746,150,790,90
1786207967.647,714,714,835,670,921,571,974,464,1000,360,847,406,860,266,870,182,876,100,796,375,821,216,847,102,872,0,745,368,768,220,801,141,839,80,686,379,714,259,752,187,795,130
1786207967.857,703,703,826,657,916,559,973,452,1000,344,842,392,857,252,867,168,875,86,790,359,818,204,846,96,875,0,738,351,762,203,795,126,832,67,678,362,707,241,744,169,787,111
1786207968.048,707,707,830,662,918,562,973,455,1000,351,842,395,858,254,868,169,877,89,790,364,817,207,845,97,874,0,739,357,761,210,792,132,829,72,679,367,707,246,743,174,785,116
1786207968.254,700,700,826,654,916,552,972,444,1000,338,839,386,855,249,865,166,873,86,786,354,814,199,842,94,872,0,734,346,759,192,793,108,830,43,674,357,705,233,744,157,788,96
1786207968.440,717,717,836,675,923,575,975,469,1000,366,850,414,863,274,871,192,876,110,800,381,827,220,853,103,879,0,750,374,774,223,808,145,846,83,692,385,720,264,758,191,801,133
1786207968.593,709,709,830,670,917,577,973,472,1000,366,847,410,861,269,871,186,879,105,794,380,822,218,848,103,874,0,742,373,761,228,791,152,826,91,684,384,709,265,741,195,778,138
1786207968.774,707,707,828,665,917,566,973,461,1000,356,845,404,858,263,867,180,872,98,792,373,819,213,846,100,873,0,740,365,764,216,798,137,836,74,681,375,711,252,749,180,793,122
1786207968.944,693,693,819,647,913,544,971,434,1000,327,835,375,852,235,862,151,871,69,780,342,808,190,836,90,865,0,727,334,753,182,787,101,827,39,667,344,698,218,737,142,782,81
1786207969.122,714,714,834,674,919,576,973,472,1000,370,851,412,866,272,875,190,881,108,800,380,830,220,858,104,885,0,750,372,774,224,808,148,846,89,692,381,722,260,759,189,803,132
1786207969.296,706,706,828,661,916,559,972,454,1000,348,843,395,860,259,870,178,878,97,792,363,820,208,849,99,879,0,740,354,765,204,799,122,838,57,682,365,711,243,747,169,790,110
1786207969.508,712,712,834,669,921,569,976,465,1000,360,848,408,863,273,874,189,881,108,796,375,825,217,853,103,881,0,745,366,770,214,805,129,845,62,687,377,719,254,758,181,802,123
1786207969.669,709,709,829,667,916,567,972,463,1000,359,846,405,861,269,870,187,876,106,795,371,824,212,851,101,878,0,744,363,768,208,801,123,840,56,686,375,716,253,753,181,797,122
1786207969.843,711,711,833,669,920,571,975,467,1000,364,849,410,864,272,874,189,881,108,797,377,823,219,849,104,876,0,746,369,770,219,804,137,843,74,688,380,717,262,753,191,796,136
1786207970.023,698,698,822,666,917,561,977,444,1000,333,840,388,852,234,858,142,865,56,783,357,801,196,824,89,852,0,727,350,750,196,784,111,823,48,666,363,696,240,732,166,772,110
1786207970.194,709,709,829,663,918,565,973,460,1000,355,846,399,860,261,869,179,875,99,795,366,823,208,849,98,876,0,745,359,770,209,805,135,847,82,687,371,717,246,755,172,802,116
1786207970.369,712,712,829,669,918,571,973,468,1000,363,850,405,865,265,875,184,882,106,800,374,827,210,851,98,877,0,749,366,775,206,809,118,847,50,691,374,725,248,766,174,812,116
1786207970.550,715,715,833,673,918,577,971,475,1000,374,850,412,865,275,875,193,881,113,801,379,831,218,857,102,882,0,750,371,776,221,809,144,847,85,691,380,722,258,761,187,806,130
1786207970.735,702,702,824,655,913,555,970,449,1000,342,840,384,857,242,868,156,876,73,786,352,811,195,836,92,863,0,733,345,758,187,794,99,833,30,673,359,705,232,745,157,790,97
1786207970.913,705,705,826,660,913,560,970,457,1000,352,842,393,858,255,869,169,877,86,789,361,816,204,844,98,872,0,737,353,763,194,799,105,837,33,678,364,712,237,753,161,798,100
1786207971.099,714,714,833,674,918,575,974,474,1000,371,851,415,867,277,876,193,881,112,801,382,830,222,856,105,882,0,751,373,776,223,811,145,851,86,694,383,726,261,765,188,809,130
1786207971.264,715,715,834,674,920,576,975,474,1000,374,850,414,866,276,877,192,884,112,799,382,829,223,856,105,882,0,748,374,772,225,806,141,844,76,691,385,721,267,759,195,801,139
1786207971.446,718,718,837,673,922,574,975,472,1000,370,853,417,867,278,877,195,883,114,802,384,831,224,857,105,883,0,752,376,776,226,810,145,849,81,694,386,723,267,761,196,804,139
1786207971.632,711,711,833,672,920,575,974,471,1000,369,847,412,863,275,873,192,881,112,794,379,821,221,847,105,874,0,743,371,767,222,802,136,840,69,685,382,714,265,751,195,793,139
1786207971.792,703,703,827,656,917,556,974,450,1000,344,841,387,857,248,867,163,876,82,789,354,814,200,842,94,872,0,737,346,760,197,794,117,833,56,679,359,706,237,742,164,785,107
1786207971.941,708,708,831,670,920,574,976,470,1000,367,847,410,863,270,874,186,881,106,794,377,821,219,849,102,878,0,742,368,765,224,797,144,835,84,684,379,712,264,747,194,788,139
1786207972.095,714,714,835,673,922,574,976,469,1000,366,849,411,864,274,874,190,881,110,797,378,825,220,854,104,885,0,746,369,771,219,806,134,847,68,688,382,718,264,755,194,798,138
1786207972.281,707,707,830,674,917,578,973,471,1000,368,846,415,863,273,874,187,883,107,794,381,824,220,854,102,884,0,741,372,766,224,800,142,839,80,683,383,715,265,751,194,792,138
1786207972.450,695,695,822,651,911,553,970,444,1000,336,835,381,853,238,865,153,875,72,781,350,803,195,830,91,859,0,728,343,753,192,790,105,830,37,670,355,699,234,735,161,775,103
1786207972.623,708,708,830,670,919,574,974,468,1000,365,845,409,861,267,872,181,881,101,793,375,819,216,848,101,880,0,742,365,766,218,800,136,839,75,685,377,712,259,747,187,787,131
1786207972.847,705,705,828,667,917,574,977,472,1000,368,843,407,861,266,874,181,883,102,792,375,818,216,845,100,874,0,739,367,763,218,797,135,836,73,682,378,711,262,746,191,787,136
1786207973.004,707,707,828,664,918,571,977,469,1000,367,846,403,863,267,874,183,884,103,794,371,820,215,848,100,878,0,743,363,765,218,798,137,838,76,685,376,712,262,746,193,786,140
1786207973.180,704,704,826,661,917,565,976,464,1000,362,846,395,863,253,874,169,883,89,795,364,819,207,846,96,874,0,742,358,765,210,796,130,833,71,683,370,711,252,745,182,785,128
1786207973.343,707,707,828,666,918,574,975,474,1000,374,848,408,865,271,876,188,885,109,797,376,824,218,851,102,878,0,746,368,769,220,802,138,840,76,687,379,715,264,751,195,792,143
1786207973.521,705,705,827,664,917,568,974,467,1000,365,846,401,863,262,874,178,883,98,795,369,820,212,847,99,874,0,743,362,766,213,799,132,838,73,685,374,713,256,749,187,791,133
1786207973.701,703,703,826,661,917,565,976,462,1000,358,844,395,861,255,873,170,884,90,792,363,816,206,844,96,875,0,741,356,764,207,798,123,837,61,682,370,710,253,745,182,785,128
1786207973.879,676,676,804,634,908,534,974,422,1000,313,825,345,844,198,858,111,874,31,765,319,785,171,810,78,843,0,706,315,728,171,759,82,797,12,642,330,671,208,703,133,738,71
1786207974.059,685,685,814,651,913,552,974,436,1000,322,831,368,848,217,860,129,872,49,774,338,797,179,823,81,855,0,719,332,744,176,780,89,820,23,655,343,686,216,723,140,762,81
1786207974.240,708,708,826,676,920,579,974,471,1000,368,845,416,862,273,875,187,884,107,793,384,821,223,849,104,879,0,740,376,766,223,806,134,850,67,681,387,712,264,749,192,791,136
1786207974.416,696,696,821,656,915,561,974,454,1000,348,841,385,859,240,872,153,884,73,785,357,807,199,836,92,869,0,729,351,751,204,785,119,824,53,668,365,695,246,729,174,766,115
1786207974.593,694,694,818,662,916,561,977,448,1000,339,839,381,857,234,868,146,879,65,782,350,805,192,831,87,863,0,726,342,751,191,785,104,825,38,666,355,697,233,733,160,773,102
1786207974.774,679,679,808,644,908,539,974,421,1000,312,828,353,846,206,860,117,875,37,770,323,793,171,818,76,851,0,713,315,738,168,770,84,809,20,650,326,682,204,717,130,755,72
1786207974.975,691,691,816,654,909,559,972,451,1000,345,836,381,855,239,870,151,884,72,781,349,805,195,832,89,863,0,726,342,750,196,785,115,827,54,666,353,697,237,734,167,774,113
1786207975.125,701,701,823,668,914,577,974,471,1000,366,843,406,861,266,874,181,885,103,791,373,817,216,844,100,871,0,739,364,762,221,797,143,836,83,679,374,709,261,744,195,782,142
1786207975.299,699,699,822,664,914,570,973,465,1000,361,842,394,860,255,873,172,884,94,790,362,815,207,841,97,869,0,739,353,763,209,798,130,837,69,679,364,709,251,745,184,785,129
1786207975.487,706,706,828,675,917,585,976,481,1000,377,847,414,865,277,878,193,889,116,796,382,822,223,846,103,871,0,744,373,766,232,801,157,841,102,685,383,715,272,751,207,790,156
1786207975.664,700,700,824,667,916,575,975,469,1000,364,842,402,860,262,873,178,884,100,789,370,816,214,842,100,869,0,737,362,761,218,796,140,835,80,677,372,707,260,743,193,782,139
1786207975.860,700,700,824,669,915,576,973,470,1000,366,842,406,858,270,872,187,882,108,789,373,816,218,842,102,868,0,738,364,761,221,798,145,840,88,679,373,711,258,750,192,792,139
1786207976.023,692,692,820,658,914,563,976,454,1000,347,841,384,858,240,871,155,883,76,787,353,811,197,836,91,864,0,733,346,756,199,790,121,830,62,674,355,703,238,740,168,780,114
1786207976.190,694,694,819,660,913,567,973,461,1000,356,839,392,857,250,871,166,883,87,787,361,813,206,839,96,867,0,735,353,759,207,793,129,833,70,675,361,705,245,742,177,782,123
1786207976.383,690,690,816,657,912,560,975,449,1000,339,836,376,855,230,870,146,884,69,783,345,807,187,833,84,863,0,729,338,755,186,790,105,830,46,669,348,702,225,741,154,783,100
1786207976.550,698,698,823,666,916,574,976,466,1000,358,842,398,859,256,872,171,883,93,789,366,814,209,841,96,870,0,737,358,762,212,797,133,838,75,678,368,709,251,746,183,787,129
1786207976.735,673,673,809,634,911,534,977,416,1000,300,828,344,847,196,861,109,877,31,771,313,794,159,820,70,852,0,714,304,740,152,775,70,816,10,651,313,683,189,720,117,761,60
1786207976.915,700,700,824,669,918,574,977,467,1000,361,845,398,863,259,876,174,887,96,791,366,816,210,842,97,869,0,738,358,763,214,799,136,840,78,679,368,710,253,748,185,789,131
1786207977.100,696,696,822,664,915,571,974,464,1000,358,841,397,859,258,874,174,886,96,787,366,812,211,838,97,866,0,735,358,758,216,792,137,832,79,676,367,705,254,741,186,781,132
1786207977.267,685,685,812,651,910,553,974,443,1000,334,834,372,853,224,867,137,879,57,779,341,804,183,830,83,860,0,725,333,752,179,789,92,830,27,663,344,695,221,734,147,774,90
1786207977.441,690,690,819,654,915,557,976,446,1000,335,838,378,856,232,869,146,881,67,783,346,806,189,832,86,863,0,729,339,754,187,790,105,831,45,668,349,697,230,734,159,775,104
1786207977.621,686,686,814,650,912,550,975,438,1000,328,836,368,854,222,866,137,878,58,781,337,804,182,829,82,860,0,726,330,751,179,787,96,828,36,663,342,693,221,729,147,769,91
1786207977.792,683,683,808,649,906,550,971,441,1000,334,833,368,851,224,863,139,876,61,777,338,799,182,824,83,855,0,722,332,745,179,779,95,819,32,660,344,691,219,729,145,769,87
1786207977.984,678,678,805,643,905,542,970,433,1000,327,830,363,847,221,860,136,873,60,775,333,795,179,820,80,852,0,719,326,742,175,776,92,816,30,658,337,690,213,728,140,768,83
1786207978.160,683,683,812,648,912,547,975,434,1000,325,836,368,855,221,866,135,879,56,779,338,803,182,828,82,860,0,724,331,749,179,784,92,825,27,662,341,694,218,732,144,771,85
1786207978.348,678,678,812,642,912,542,975,426,1000,315,833,364,851,216,862,128,874,47,775,333,797,177,823,79,854,0,718,325,743,174,778,88,818,24,656,333,688,210,725,135,764,76
1786207978.513,682,682,811,645,911,545,975,431,1000,320,835,364,853,218,865,132,876,53,779,332,802,177,826,80,856,0,724,324,750,173,784,92,824,31,661,334,691,212,728,140,767,83
1786207978.704,680,680,809,643,909,543,974,430,1000,320,832,360,851,213,864,126,877,47,776,329,799,174,824,79,855,0,720,322,746,170,781,88,822,26,657,332,687,210,724,137,764,80
1786207978.867,681,681,813,645,912,545,974,432,1000,322,833,363,851,216,865,130,877,51,776,332,800,177,824,80,853,0,721,324,746,173,781,90,821,26,658,334,689,213,726,141,767,85
1786207979.049,684,684,813,650,911,552,974,442,1000,334,833,370,853,226,866,141,878,63,778,340,803,184,827,84,856,0,724,333,748,184,782,102,822,41,663,344,693,223,730,152,769,96
1786207979.249,687,687,815,653,912,557,975,447,1000,339,834,375,854,231,868,145,880,66,780,345,803,188,828,86,856,0,726,338,751,187,786,107,825,47,665,347,697,226,734,156,774,100
1786207979.407,682,682,813,647,911,549,974,439,1000,331,833,370,851,225,865,139,876,60,777,339,801,184,826,83,854,0,722,332,747,181,783,98,824,35,660,340,694,217,733,145,773,89
1786207979.596,686,686,814,650,911,550,974,439,1000,329,833,373,851,226,863,140,874,61,777,343,800,185,825,84,854,0,721,336,747,184,783,100,824,37,659,347,690,225,729,153,770,97
1786207979.758,676,676,811,639,912,536,976,417,1000,302,827,350,845,201,859,112,872,33,768,321,791,165,818,73,849,0,710,314,736,161,772,73,814,8,646,323,678,198,717,124,757,66
1786207979.952,692,692,818,656,914,559,976,452,1000,346,838,385,856,244,869,160,880,83,784,355,808,198,834,90,863,0,731,350,755,198,789,115,828,54,671,360,704,237,744,166,785,110
1786207980.110,690,690,819,653,914,557,976,449,1000,342,837,381,856,236,868,151,879,72,782,352,805,194,829,89,857,0,728,346,752,196,787,115,826,55,667,356,697,234,736,163,777,109
1786207980.291,681,681,814,644,912,548,974,437,1000,328,833,366,852,220,864,134,876,56,776,336,801,181,826,82,854,0,721,329,748,178,784,92,824,26,659,339,693,215,734,142,775,85
1786207980.466,696,696,820,664,914,570,975,466,1000,360,841,392,857,248,870,163,882,86,788,363,815,204,841,93,872,0,735,357,759,209,794,128,833,67,676,367,709,247,748,176,789,120
1786207980.657,689,689,816,655,913,560,974,451,1000,343,837,379,856,235,869,150,880,71,784,350,809,194,834,89,863,0,730,343,755,196,788,117,827,59,669,354,700,236,736,166,776,111
1786207980.841,687,687,815,654,912,558,974,449,1000,341,837,378,855,230,867,144,879,65,782,349,806,190,832,87,862,0,728,343,751,193,787,111,828,51,667,353,698,232,734,160,774,104
1786207981.007,693,693,817,658,912,563,974,457,1000,351,840,384,856,240,870,155,882,77,787,355,810,197,836,91,865,0,733,348,758,199,791,119,829,59,672,358,702,239,738,169,778,114
1786207981.182,682,682,813,645,912,548,974,436,1000,326,833,365,852,219,865,135,878,56,778,335,800,179,824,81,853,0,724,328,748,177,782,96,820,35,661,338,691,219,726,147,765,90
1786207981.364,691,691,817,654,913,559,974,453,1000,347,838,381,856,239,868,155,879,76,784,352,810,197,835,91,864,0,731,345,754,199,787,122,825,64,671,355,700,238,735,169,774,115
1786207981.508,685,685,815,653,913,556,975,445,1000,336,837,381,856,236,869,151,880,72,781,349,807,191,831,87,858,0,728,341,755,188,792,102,831,39,667,350,702,226,742,154,784,97
1786207981.664,699,699,822,667,916,574,974,468,1000,365,844,405,863,267,876,183,886,106,792,373,818,214,844,98,870,0,740,365,764,221,799,144,840,88,682,375,714,260,751,192,792,140
1786207981.839,684,684,814,651,912,556,972,447,1000,341,835,383,854,240,867,155,877,75,780,351,806,196,831,90,859,0,727,342,753,193,790,109,830,46,667,350,700,230,739,160,780,105
1786207982.030,682,682,809,653,909,553,971,442,1000,335,835,371,854,222,866,135,877,57,781,340,805,181,831,81,862,0,727,332,753,176,791,90,832,29,666,342,700,215,740,141,782,86
1786207982.195,682,682,810,653,909,555,972,444,1000,336,837,374,855,226,867,140,878,60,782,343,807,185,833,84,863,0,727,336,755,180,790,91,829,23,665,345,700,220,739,146,779,87
1786207982.367,685,685,810,653,908,554,971,444,1000,338,836,378,852,237,864,151,878,74,782,348,804,192,829,87,860,0,728,341,752,190,786,109,824,49,667,353,699,229,737,156,777,99
1786207982.511,685,685,812,653,909,555,973,445,1000,337,836,376,855,228,867,141,878,62,782,345,806,186,832,84,862,0,728,337,754,182,790,98,830,37,666,346,699,222,738,150,779,95
1786207982.688,693,693,819,658,913,566,974,460,1000,352,840,383,858,239,869,154,878,74,787,353,812,197,838,91,867,0,734,347,755,197,790,121,829,66,673,356,704,240,741,171,782,120
1786207982.847,691,691,819,657,914,564,975,459,1000,353,840,388,858,244,871,160,881,81,786,357,813,202,839,94,867,0,734,350,757,205,791,125,830,66,675,358,705,242,742,172,782,118
1786207983.028,691,691,816,659,913,565,975,460,1000,354,839,388,856,247,869,163,881,84,785,358,811,200,838,92,868,0,732,351,756,202,790,121,829,60,672,361,704,239,741,168,782,113
1786207983.199,686,686,811,655,910,557,975,448,1000,341,835,377,854,235,866,149,879,71,780,346,803,194,829,88,860,0,724,339,748,193,782,112,821,49,662,351,694,230,731,158,770,102
1786207983.377,694,694,817,664,912,569,975,462,1000,357,841,391,859,256,871,172,884,96,789,359,813,203,839,92,868,0,736,351,760,203,795,125,835,67,678,363,710,242,748,172,789,118
1786207983.579,691,691,813,661,908,565,971,461,1000,358,837,388,855,251,868,168,882,92,785,357,810,201,836,92,866,0,733,350,757,202,791,125,830,67,674,361,706,240,743,170,783,115
1786207983.749,681,681,811,649,909,548,972,437,1000,332,832,370,853,227,866,140,879,63,776,339,802,184,828,83,858,0,722,330,748,180,784,90,824,21,662,341,697,219,736,146,777,89
1786207983.921,685,685,812,651,908,554,972,447,1000,341,835,377,853,235,865,150,876,72,780,346,803,191,828,87,857,0,726,339,751,189,786,105,826,42,666,348,701,224,741,152,783,96
1786207984.100,685,685,811,652,908,552,971,446,1000,342,833,375,852,235,865,151,877,75,779,343,802,188,827,85,856,0,725,336,750,185,787,101,828,40,666,347,701,224,741,152,784,97
1786207984.271,692,692,818,658,913,566,975,460,1000,353,840,387,857,245,871,161,883,82,786,358,812,200,838,92,866,0,734,351,757,205,791,128,831,71,674,359,705,240,743,172,783,119
1786207984.479,688,688,816,654,912,559,973,451,1000,344,836,379,854,234,868,149,879,70,782,350,807,194,833,88,862,0,729,345,753,197,788,117,829,59,669,355,700,236,736,166,776,112
1786207984.624,698,698,822,668,915,576,975,468,1000,362,843,401,862,260,876,176,888,98,792,370,819,213,845,99,872,0,741,363,765,219,799,141,838,83,681,372,712,259,748,192,788,139
1786207984.819,695,695,822,663,916,572,975,466,1000,360,841,402,860,261,874,175,887,97,788,370,814,213,841,98,871,0,735,361,760,219,795,141,835,83,676,371,706,259,743,192,781,140
1786207985.001,681,681,811,650,910,552,973,440,1000,333,833,373,853,225,867,140,879,62,778,342,802,183,828,82,857,0,724,334,751,180,787,95,828,33,661,343,695,220,734,147,775,90
1786207985.167,699,699,823,667,916,575,975,468,1000,363,843,402,861,262,875,177,885,99,791,370,816,212,842,98,870,0,740,362,764,216,800,138,840,79,680,372,710,258,747,191,788,139
1786207985.343,688,688,817,651,913,556,973,450,1000,342,837,376,855,231,867,147,877,67,783,346,808,191,834,88,862,0,730,340,755,191,788,111,827,52,668,350,698,230,735,160,775,105
1786207985.521,688,688,816,652,911,557,973,448,1000,340,836,376,854,228,867,142,878,62,782,347,807,190,833,87,862,0,728,340,753,191,787,110,826,50,667,350,697,230,733,159,772,103
1786207985.695,700,700,822,665,914,575,974,471,1000,365,843,401,861,262,874,178,884,101,791,368,817,211,842,98,868,0,739,360,763,215,799,138,839,82,681,370,712,255,751,188,792,135
1786207985.875,689,689,817,654,913,560,975,454,1000,347,837,380,857,234,871,149,884,72,785,349,809,191,835,87,864,0,733,342,758,193,793,114,832,57,673,351,704,232,742,162,783,109
1786207986.064,688,688,817,653,914,560,976,452,1000,343,837,377,856,231,869,146,880,66,784,347,809,191,836,88,866,0,730,340,755,192,790,115,830,59,669,349,700,231,738,161,778,107
1786207986.254,697,697,823,667,916,575,976,469,1000,364,843,400,861,257,874,172,885,95,790,369,815,210,841,97,870,0,738,361,762,214,797,135,837,75,679,370,711,255,748,188,789,134
1786207986.418,679,679,812,644,910,546,973,436,1000,329,831,366,850,219,863,134,876,56,775,336,799,180,824,81,854,0,720,329,746,178,783,94,823,31,659,339,693,217,733,145,774,88
1786207986.607,690,690,817,658,913,561,974,454,1000,348,838,380,855,240,868,157,881,82,785,351,809,194,834,87,864,0,733,346,756,196,790,117,831,60,674,358,706,235,745,164,786,111
1786207986.767,676,676,807,644,908,545,973,434,1000,325,832,364,850,220,862,135,874,58,775,334,798,177,822,79,851,0,721,326,746,172,781,87,820,23,659,333,695,206,736,132,779,74
1786207986.943,682,682,812,647,909,550,972,439,1000,330,834,369,852,222,863,136,875,56,779,340,801,183,826,83,857,0,724,333,748,183,784,103,825,45,662,342,694,220,732,147,773,92
1786207987.121,678,678,812,643,911,545,972,434,1000,324,834,362,853,215,866,129,878,50,778,331,801,176,826,80,854,0,724,323,750,171,786,89,827,29,661,331,694,209,733,138,774,81
1786207987.297,686,686,813,651,910,557,974,449,1000,339,837,373,855,229,868,143,879,64,784,342,809,187,835,86,864,0,730,335,756,185,790,108,828,52,668,344,700,223,739,153,779,100
1786207987.486,689,689,817,655,913,561,973,453,1000,346,840,383,857,242,870,159,880,81,787,352,812,198,838,92,866,0,735,345,761,197,800,120,841,65,676,353,712,233,753,163,795,108
1786207987.676,685,685,814,649,909,555,972,449,1000,341,837,371,855,227,868,143,879,63,783,341,808,187,834,86,863,0,729,334,753,187,786,109,825,53,668,342,700,223,738,153,778,100
1786207987.849,684,684,815,646,911,554,971,449,1000,341,837,374,856,231,869,148,880,70,784,344,810,190,835,87,862,0,732,337,757,189,791,110,829,53,671,346,703,226,743,156,784,102
1786207988.017,684,684,812,645,907,552,971,447,1000,339,836,369,855,224,868,140,879,61,782,340,807,186,832,85,860,0,729,334,752,187,784,110,823,54,668,342,699,223,737,153,778,100
1786207988.192,689,689,815,653,912,559,975,453,1000,344,840,376,859,234,873,150,885,71,786,348,812,193,837,89,866,0,733,342,755,197,788,121,828,65,672,352,702,234,739,165,778,112
1786207988.370,686,686,814,653,912,555,975,448,1000,342,839,382,860,238,873,154,884,77,784,351,810,194,835,88,863,0,731,344,757,193,792,109,830,45,672,351,708,227,749,154,791,96
1786207988.544,693,693,816,664,911,569,973,467,1000,364,840,394,858,257,871,174,884,99,788,363,814,207,840,94,868,0,736,357,761,208,796,129,836,72,678,367,713,244,753,174,795,120
1786207988.752,695,695,813,670,909,575,973,473,1000,371,839,405,859,268,871,185,881,110,789,372,817,213,843,97,871,0,738,364,763,213,802,133,844,76,681,372,716,252,757,182,799,133
1786207988.915,693,693,814,664,909,571,972,471,1000,370,837,398,856,261,868,179,879,103,786,366,814,208,841,95,869,0,735,359,759,210,796,133,836,80,678,367,713,247,754,179,795,130
1786207989.087,677,677,810,643,908,547,972,441,1000,334,831,366,849,225,862,141,876,63,775,335,799,180,825,81,855,0,721,327,746,175,783,93,824,33,661,336,697,211,739,141,782,86
1786207989.265,678,678,808,648,908,549,973,439,1000,332,832,365,852,222,866,136,879,58,776,333,801,180,827,81,858,0,721,324,747,174,783,89,823,24,660,333,695,210,735,136,776,79
1786207989.448,682,682,810,648,907,554,971,449,1000,345,832,371,852,227,867,143,881,66,779,341,804,186,829,84,858,0,727,334,753,186,787,108,826,51,667,344,698,225,737,156,777,103
1786207989.622,677,677,809,644,907,549,971,440,1000,332,832,367,852,221,866,136,879,57,776,336,801,181,827,82,857,0,723,329,749,178,786,95,826,35,662,337,698,215,738,143,779,86
1786207989.791,685,685,813,651,910,560,972,455,1000,350,835,377,853,237,867,154,879,77,782,348,808,194,833,89,862,0,730,341,754,197,787,121,826,65,670,351,699,235,735,167,774,114
1786207989.990,681,681,810,648,908,555,972,449,1000,344,834,377,854,234,868,151,882,74,781,347,806,191,831,87,859,0,728,339,754,193,790,114,830,58,668,346,700,228,737,159,777,105
1786207990.165,686,686,813,652,910,558,974,451,1000,344,837,377,855,237,869,154,883,79,784,346,808,191,832,86,862,0,731,338,756,191,790,114,830,58,671,347,703,227,741,159,782,105
1786207990.344,689,689,815,657,911,566,972,459,1000,353,837,387,856,248,870,164,881,86,784,356,810,203,835,94,862,0,733,348,758,204,793,126,832,68,673,356,706,241,745,173,786,120
1786207990.525,673,673,808,637,910,540,975,427,1000,314,831,349,850,201,864,115,878,37,775,319,799,165,824,74,854,0,720,310,746,159,783,76,824,15,656,319,689,197,728,127,768,72
1786207990.688,673,673,806,638,907,541,973,429,1000,319,827,355,847,209,861,125,875,48,772,324,797,171,822,77,851,0,717,315,743,166,779,83,819,21,654,324,687,203,726,132,767,77
1786207990.865,683,683,810,647,908,555,973,450,1000,342,835,371,855,229,869,145,880,66,782,340,809,187,836,87,865,0,729,332,754,185,788,109,827,53,669,339,701,220,740,150,781,97
1786207991.041,674,674,806,641,908,542,972,434,1000,328,831,363,851,221,864,138,877,62,775,331,799,176,824,79,853,0,722,322,747,171,783,86,824,24,661,330,696,205,737,132,779,75
1786207991.232,683,683,810,652,908,557,973,450,1000,344,833,378,853,236,866,150,878,73,777,347,802,192,827,87,857,0,723,340,748,192,785,109,825,46,663,351,697,230,736,159,777,103
1786207991.405,678,678,809,644,908,553,971,446,1000,337,831,370,850,225,863,141,874,62,777,342,803,186,828,85,856,0,724,334,749,187,784,108,824,50,663,342,694,223,732,153,772,98
1786207991.597,695,695,819,662,914,568,975,465,1000,360,840,394,855,258,867,175,876,98,788,362,813,204,837,93,864,0,736,355,758,206,795,127,835,73,678,366,711,245,751,175,793,125
1786207991.766,687,687,808,651,901,554,967,452,1000,346,830,371,846,230,858,147,871,70,777,343,800,186,825,84,853,0,724,338,748,186,783,106,824,48,666,348,701,223,742,151,784,97
1786207991.936,693,693,819,663,914,566,977,461,1000,353,838,391,855,254,868,167,879,91,784,358,809,200,834,89,862,0,731,350,757,197,795,118,837,64,673,359,711,233,755,162,801,111
1786207992.111,695,695,817,659,910,565,974,462,1000,356,835,387,851,249,864,168,875,91,784,358,809,199,835,91,864,0,732,352,756,200,794,121,836,64,675,361,709,237,748,168,788,117
1786207992.287,696,696,820,661,914,569,973,463,1000,354,842,388,861,248,874,167,884,90,790,358,816,202,840,93,864,0,739,349,767,202,805,131,846,82,679,357,715,236,758,165,804,110
1786207992.481,695,695,820,658,914,565,976,459,1000,351,842,385,859,245,872,163,882,87,789,356,815,201,840,93,865,0,737,349,763,202,801,129,841,77,678,358,714,238,756,168,800,114
1786207992.654,688,688,813,651,908,559,970,455,1000,346,837,375,853,231,864,147,874,67,782,346,806,191,831,88,858,0,728,339,752,191,788,115,829,60,667,347,701,227,739,159,781,106
1786207992.833,687,687,811,652,906,559,971,455,1000,347,832,376,850,235,863,153,876,75,778,348,803,192,829,88,860,0,725,343,747,197,781,121,821,65,665,353,696,233,732,165,772,113
1786207993.014,688,688,813,657,909,563,972,457,1000,351,835,382,852,240,865,156,878,79,782,352,807,195,832,88,862,0,730,346,754,197,787,117,827,59,671,356,703,235,740,165,781,111
1786207993.184,689,689,814,659,910,564,973,460,1000,356,836,385,854,244,867,160,879,82,783,354,807,196,833,89,864,0,731,347,755,196,791,115,831,56,672,357,705,235,744,165,786,113
1786207993.367,691,691,814,656,908,562,971,457,1000,348,835,380,852,238,864,155,875,77,782,350,807,194,833,89,863,0,730,344,752,196,788,119,828,63,671,353,703,234,741,166,782,115
1786207993.542,692,692,815,660,907,569,970,466,1000,359,837,389,854,248,865,166,874,89,785,359,812,202,837,92,865,0,734,353,755,207,789,133,828,77,676,362,707,244,743,177,783,126
1786207993.712,696,696,821,658,914,566,972,461,1000,352,842,390,861,252,873,174,882,98,790,359,817,203,840,94,865,0,739,352,765,203,803,131,845,79,680,362,714,243,754,175,796,122
1786207993.903,680,680,809,645,907,549,972,440,1000,333,832,364,852,218,865,134,876,56,778,333,802,178,826,81,854,0,724,325,750,175,785,95,825,37,661,336,693,217,730,148,771,94
1786207994.093,679,679,808,649,908,549,974,437,1000,327,831,365,852,217,866,130,879,52,775,335,800,178,826,81,856,0,719,327,745,174,782,89,823,23,657,338,690,215,729,142,770,85
1786207994.255,702,702,822,670,912,580,972,477,1000,372,845,403,862,265,875,182,884,104,794,372,821,214,847,100,874,0,744,363,768,218,804,143,845,88,686,372,718,255,757,187,800,135
1786207994.461,700,700,817,664,910,573,973,476,1000,372,837,401,852,265,863,183,872,107,787,371,812,210,838,97,865,0,736,364,760,212,798,131,839,72,680,373,714,249,754,178,796,126
1786207994.609,694,694,816,660,909,568,972,464,1000,354,834,388,851,246,864,162,874,82,782,358,808,201,834,93,862,0,730,351,752,202,785,124,823,65,672,359,705,237,743,168,784,113
1786207994.802,700,700,822,666,912,573,972,472,1000,369,842,396,860,255,874,172,884,94,792,364,817,206,842,95,867,0,741,356,768,207,805,136,846,87,684,364,719,243,762,172,807,117
1786207994.963,695,695,817,660,911,569,974,468,1000,363,840,389,856,250,868,168,879,91,788,358,815,202,840,94,866,0,737,351,759,201,793,124,831,66,680,360,712,242,752,173,795,118
1786207995.165,685,685,812,650,906,559,969,455,1000,349,835,372,854,231,867,148,877,70,782,342,806,190,830,87,856,0,729,335,752,189,787,113,825,58,669,345,703,228,741,160,782,107
1786207995.327,686,686,813,654,908,559,972,455,1000,346,832,377,848,238,862,154,874,76,778,348,803,192,828,87,857,0,725,341,748,193,784,114,825,58,667,349,703,225,745,154,788,100
1786207995.504,689,689,815,654,910,562,974,457,1000,349,836,377,853,234,866,150,879,72,781,348,806,192,832,89,861,0,728,341,750,195,785,118,824,61,668,351,700,234,738,165,778,112
1786207995.695,678,678,809,641,905,548,968,441,1000,332,830,361,848,219,860,138,871,59,774,333,799,181,823,83,851,0,721,327,744,180,777,102,816,43,659,335,691,216,728,147,768,93
1786207995.861,689,689,813,657,907,565,968,460,1000,354,835,383,854,241,868,157,877,79,783,353,809,197,834,90,861,0,731,345,758,196,796,123,837,72,672,353,708,231,751,161,796,107
1786207996.032,684,684,808,648,903,555,968,452,1000,346,831,372,848,229,860,146,872,68,777,344,801,189,827,87,858,0,723,338,746,191,779,115,819,57,663,348,695,228,731,159,771,105
1786207996.178,690,690,815,657,909,566,969,463,1000,361,835,390,854,251,868,167,880,90,781,360,807,204,833,95,859,0,729,352,755,206,793,127,833,69,671,361,705,243,747,172,790,117
1786207996.348,690,690,816,656,909,565,971,463,1000,358,834,385,851,241,866,158,879,81,780,356,806,198,833,90,863,0,727,350,751,202,787,124,827,67,668,357,702,236,742,165,785,110
1786207996.522,699,699,820,664,911,573,970,470,1000,365,840,395,858,255,871,175,881,98,789,363,814,208,839,97,864,0,739,355,766,206,806,136,849,86,682,363,717,243,761,172,806,117
1786207996.688,690,690,816,649,910,555,970,450,1000,342,836,372,855,233,869,155,880,79,784,343,808,190,830,89,854,0,734,337,759,188,797,117,839,66,674,347,708,226,748,157,792,102
1786207996.876,690,690,815,654,907,564,970,463,1000,356,832,372,851,229,865,144,876,68,781,342,808,188,834,86,862,0,730,334,756,184,794,106,834,50,673,341,710,222,753,152,798,98
1786207997.042,698,698,819,662,912,570,974,472,1000,372,837,394,855,255,869,172,880,96,787,362,814,206,841,97,869,0,737,353,764,203,798,117,835,51,679,362,715,245,755,174,797,118
1786207997.199,700,700,818,660,911,569,973,470,1000,364,839,388,854,251,868,173,880,97,789,357,814,202,839,95,867,0,739,350,763,197,800,121,843,66,681,360,715,241,754,172,797,119
1786207997.344,702,702,821,674,915,583,976,486,1000,384,841,410,857,274,869,191,879,116,790,377,813,216,834,100,856,0,740,370,765,217,804,138,844,82,685,380,721,255,764,184,809,132
1786207997.549,702,702,822,661,914,570,975,471,1000,364,838,388,855,251,869,175,882,101,788,357,813,199,840,92,869,0,738,351,764,196,801,121,844,67,681,362,714,239,754,170,798,118
1786207997.701,695,695,818,652,914,555,973,453,1000,348,831,367,854,223,869,149,882,79,779,339,802,175,827,78,853,0,728,336,755,175,797,105,840,59,670,350,707,223,750,153,794,100
1786207997.871,699,699,820,666,912,575,974,476,1000,372,841,391,859,251,874,169,885,93,791,360,819,205,845,96,872,0,741,352,769,199,807,123,848,66,684,360,722,239,766,168,811,112
1786207998.063,684,684,810,649,906,557,971,454,1000,348,830,367,849,226,864,143,877,66,777,337,802,185,829,85,859,0,723,330,748,181,783,103,823,46,663,337,699,214,741,142,784,86
1786207998.251,690,690,813,654,911,560,974,454,1000,343,835,371,852,228,864,146,875,67,783,340,808,185,833,86,861,0,730,332,757,176,795,100,837,45,670,342,705,217,745,146,789,92
1786207998.417,679,679,808,640,908,545,973,439,1000,328,830,356,846,211,859,127,871,48,776,325,801,172,827,79,858,0,722,317,748,160,785,82,827,26,661,323,697,196,740,122,785,65
1786207998.600,695,695,817,659,910,569,973,469,1000,364,840,387,857,250,870,169,880,92,789,355,816,201,842,94,870,0,738,347,762,198,796,126,836,73,681,355,715,235,755,167,798,113
1786207998.776,693,693,817,656,912,565,974,462,1000,355,839,379,856,239,868,157,880,79,788,348,812,193,836,89,864,0,736,341,760,192,797,120,839,71,677,350,711,231,750,163,793,111
1786207998.945,689,689,815,655,912,562,974,458,1000,348,836,376,851,234,863,150,874,71,784,344,809,189,835,88,863,0,732,335,757,180,794,102,834,46,672,342,707,217,748,144,792,88
1786207999.120,697,697,819,664,912,574,972,474,1000,367,841,394,857,256,869,175,879,97,790,362,817,206,842,97,869,0,739,354,765,200,800,123,840,65,681,362,716,241,757,170,800,116
1786207999.316,697,697,819,660,912,567,973,466,1000,358,838,386,855,247,868,169,880,93,788,355,814,197,840,93,868,0,737,347,762,189,799,109,841,46,678,357,714,234,754,163,797,105
1786207999.487,694,694,814,657,909,565,973,462,1000,353,836,383,853,244,867,166,879,90,784,353,811,197,836,92,864,0,733,347,758,194,793,117,835,57,675,356,709,234,747,168,788,117
1786207999.663,696,696,819,663,912,572,972,472,1000,366,839,388,857,252,871,171,882,95,788,356,815,202,840,94,866,0,738,349,763,199,798,125,839,71,681,357,716,238,757,168,801,113
1786207999.843,688,688,813,652,906,561,970,460,1000,355,834,376,853,235,868,151,880,74,782,344,808,190,834,88,862,0,731,336,756,185,793,108,834,52,673,344,709,223,751,152,795,96
1786208000.019,685,685,813,643,908,550,972,448,1000,340,831,361,850,219,865,136,877,59,779,332,804,181,829,84,859,0,727,326,750,175,785,98,825,43,667,335,701,214,741,143,784,88
1786208000.196,685,685,812,646,906,555,971,455,1000,347,831,367,849,226,863,144,874,66,777,338,804,187,830,88,859,0,724,331,748,182,784,104,825,46,665,340,700,220,740,151,782,98
1786208000.369,698,698,821,660,913,569,973,468,1000,360,838,385,855,246,868,165,878,87,787,353,812,200,836,93,862,0,737,346,763,195,802,124,846,74,679,355,713,233,754,164,799,110
1786208000.544,684,684,810,647,906,554,971,451,1000,341,829,362,847,221,860,138,873,61,776,333,801,181,829,83,861,0,723,327,747,178,782,101,824,46,664,337,698,216,736,147,776,95
1786208000.736,695,695,815,658,908,565,970,463,1000,354,835,380,853,241,867,163,878,88,786,349,813,195,837,90,863,0,736,342,762,191,797,115,836,60,678,352,713,231,753,163,796,111
1786208000.910,694,694,817,658,910,566,972,464,1000,357,836,382,854,242,868,159,879,81,784,351,809,198,833,92,860,0,733,343,760,195,799,121,842,69,675,351,711,231,754,162,798,109
1786208001.106,686,686,810,648,905,556,970,456,1000,351,831,371,851,231,865,149,877,72,779,342,806,189,833,87,861,0,726,335,750,187,785,109,825,50,667,344,701,223,740,151,781,95
1786208001.265,691,691,812,657,907,565,973,464,1000,356,835,382,852,243,866,162,879,86,784,352,810,196,836,90,865,0,733,346,755,197,789,121,828,64,676,354,706,234,742,168,781,119
1786208001.439,698,698,819,661,912,571,973,470,1000,362,841,389,857,253,870,172,881,96,791,356,818,203,844,95,872,0,741,347,767,197,802,123,842,69,683,354,718,232,759,162,803,106
1786208001.615,693,693,816,657,910,564,970,459,1000,351,839,381,859,240,872,161,883,83,788,349,813,195,837,91,863,0,738,341,766,190,805,120,848,71,678,348,714,223,756,150,802,95
1786208001.793,701,701,820,668,912,578,971,478,1000,374,843,400,862,262,875,182,884,104,794,368,819,212,843,99,868,0,744,361,771,212,809,142,851,91,687,369,721,250,762,181,805,128
1786208001.989,686,686,812,644,909,546,969,440,1000,333,832,358,854,217,869,139,881,62,779,329,804,174,827,81,852,0,727,322,754,168,793,93,836,37,666,331,701,206,741,136,783,82
1786208002.161,684,684,810,642,908,546,970,442,1000,336,832,359,853,216,867,137,879,60,779,330,802,176,824,82,849,0,726,323,753,171,791,98,835,44,664,334,699,211,738,142,779,89
1786208002.338,694,694,816,657,911,564,972,462,1000,355,839,381,857,239,869,157,879,78,787,350,814,194,839,90,866,0,736,342,764,188,803,115,847,65,676,350,712,226,754,154,799,100
1786208002.513,692,692,816,657,911,564,972,462,1000,355,835,380,854,240,867,159,877,81,782,349,807,195,831,91,856,0,731,343,757,190,799,114,843,60,673,351,712,228,755,159,799,106
1786208002.691,693,693,817,656,911,564,971,463,1000,359,835,382,855,246,868,166,878,90,784,351,809,199,831,93,854,0,734,345,761,197,800,127,842,78,677,354,713,234,755,164,799,111
1786208002.867,699,699,822,665,916,575,975,475,1000,371,839,394,858,258,872,177,883,100,787,363,813,209,837,98,861,0,737,356,764,209,804,135,847,83,680,364,717,245,760,177,804,125
1786208003.038,691,691,814,655,909,561,970,461,1000,354,833,378,852,238,866,156,879,77,781,347,807,192,834,90,863,0,730,340,754,186,793,109,836,54,672,348,706,225,748,156,792,103
1786208003.232,699,699,821,664,913,575,974,477,1000,371,838,394,856,255,870,173,882,96,787,363,813,206,839,96,866,0,738,355,763,204,804,130,848,78,681,361,720,239,764,170,810,120
1786208003.410,682,682,809,637,907,543,970,439,1000,330,827,352,849,209,864,126,877,48,774,323,798,168,822,77,848,0,721,315,750,163,790,89,834,38,661,322,699,194,744,121,792,67
1786208003.582,696,696,818,655,912,559,971,460,1000,358,836,376,857,241,872,163,884,88,784,348,809,193,830,91,853,0,734,342,760,195,799,124,841,70,676,353,715,232,757,164,801,112
1786208003.764,699,699,820,659,913,568,972,470,1000,367,839,388,860,253,874,173,885,97,789,358,813,203,834,95,855,0,739,352,765,205,803,136,845,86,681,362,716,240,757,171,801,117
1786208003.951,698,698,819,658,912,568,972,469,1000,365,837,386,859,250,875,172,887,97,787,356,812,201,833,94,855,0,737,349,764,202,802,134,844,86,679,359,713,238,754,168,798,114
1786208004.112,689,689,813,647,908,554,969,453,1000,346,832,369,853,229,869,148,881,71,780,339,806,188,830,88,855,0,729,333,757,184,795,113,838,62,670,341,705,218,747,146,791,91
1786208004.286,699,699,822,661,912,570,971,471,1000,367,836,391,857,258,872,179,881,103,785,361,810,208,832,98,853,0,736,355,762,209,803,139,846,88,680,363,718,241,762,170,808,114
1786208004.504,690,690,817,646,911,552,971,450,1000,344,831,366,854,228,871,148,883,71,779,336,803,186,826,88,850,0,728,329,755,181,795,107,839,53,669,338,706,214,749,143,795,88
1786208004.668,698,698,819,656,911,563,970,465,1000,362,835,382,857,246,873,167,885,91,784,353,809,198,829,93,850,0,734,347,761,199,799,130,840,79,677,356,711,236,751,168,795,115
1786208004.830,693,693,819,654,913,560,972,457,1000,350,832,378,854,241,869,161,881,84,780,348,804,194,826,91,848,0,729,342,756,194,796,120,839,65,671,351,707,228,750,158,795,103
1786208005.007,700,700,821,662,914,571,974,471,1000,365,840,392,860,253,874,174,884,96,790,360,816,204,839,96,863,0,740,353,766,202,806,133,849,82,681,363,716,242,756,172,800,118
1786208005.193,698,698,818,657,912,565,973,464,1000,358,836,385,855,245,869,169,882,93,786,354,812,197,835,92,861,0,736,347,763,192,803,120,847,70,677,356,713,232,753,163,797,110
1786208005.389,704,704,824,667,915,577,973,479,1000,376,841,401,862,265,876,185,886,110,791,369,817,211,840,99,862,0,742,363,769,216,809,149,852,101,686,372,723,251,765,182,810,127
1786208005.548,702,702,823,663,913,572,972,474,1000,370,838,395,858,258,873,177,884,100,788,364,814,209,838,98,862,0,738,357,767,208,807,138,850,88,681,367,717,244,760,173,805,118
1786208005.730,692,692,816,651,910,558,969,456,1000,352,831,375,854,236,869,157,881,80,777,345,801,193,823,91,844,0,726,339,753,191,793,120,836,67,668,349,705,225,747,155,791,100
1786208005.903,702,702,823,669,913,578,972,482,1000,381,836,401,858,269,874,188,885,112,784,369,808,212,830,99,852,0,735,362,763,216,805,145,848,94,682,370,723,247,770,177,817,123
1786208006.092,700,700,823,668,915,578,973,479,1000,376,835,396,856,263,872,182,885,106,783,364,809,210,833,99,858,0,734,357,763,211,803,138,846,86,680,365,719,241,766,169,814,114
1786208006.262,697,697,820,656,914,564,972,461,1000,353,834,376,854,237,868,156,880,79,781,347,805,192,828,89,852,0,730,340,758,191,798,121,841,73,671,350,709,226,753,154,799,101
1786208006.440,700,700,821,663,914,573,973,471,1000,364,836,388,856,250,872,169,883,92,784,357,809,203,834,95,858,0,734,351,760,205,798,135,840,84,676,361,712,241,753,172,798,118
1786208006.608,700,700,823,672,915,583,975,482,1000,380,838,400,859,265,875,182,887,105,786,368,813,212,838,100,862,0,736,360,763,216,803,142,845,87,679,368,717,251,760,183,805,131
1786208006.751,697,697,819,666,915,573,975,469,1000,362,834,391,854,251,869,169,881,91,782,360,809,204,835,97,861,0,731,352,758,199,798,120,841,62,673,360,711,237,754,167,799,112
1786208006.929,696,696,821,664,915,574,974,475,1000,375,837,396,856,258,872,175,885,98,785,365,813,209,839,98,865,0,734,357,761,207,799,121,839,57,677,365,714,247,757,176,800,121
1786208007.089,699,699,818,660,912,563,973,461,1000,357,834,382,853,240,868,158,880,80,782,352,809,198,834,92,861,0,731,345,757,192,796,115,839,60,672,356,706,233,746,164,789,113
1786208007.271,731,731,842,677,923,559,970,452,1000,349,824,383,845,213,866,96,886,0,776,362,802,198,833,90,866,13,728,365,747,206,787,131,831,88,673,385,690,257,725,180,769,128
1786208007.440,748,748,854,685,927,569,971,462,1000,362,818,404,837,247,860,140,880,48,773,382,797,213,832,93,867,0,730,385,740,225,783,147,830,100,682,409,694,278,731,199,776,143
1786208007.624,748,748,854,683,924,571,970,467,1000,366,817,405,839,241,863,128,884,32,772,384,794,211,826,91,859,0,729,388,739,226,782,148,830,99,683,412,696,282,732,205,775,150
1786208007.795,751,751,859,685,931,570,976,470,1000,373,822,405,832,255,849,159,863,75,779,382,804,205,845,89,885,0,737,385,748,213,797,127,850,71,693,408,708,270,749,192,796,138
1786208007.986,751,751,857,683,926,569,971,470,1000,376,818,409,834,255,855,152,873,64,774,388,797,212,832,92,868,0,735,392,744,225,793,145,844,97,694,414,712,279,756,201,804,147
1786208008.159,746,746,853,679,925,563,972,460,1000,361,818,391,833,226,853,118,870,29,774,372,798,193,838,80,879,0,731,378,739,205,788,125,841,81,686,401,701,261,744,183,794,132
1786208008.334,747,747,854,684,929,567,977,463,1000,363,817,398,827,249,844,154,857,75,774,375,798,198,837,84,875,0,733,377,744,208,794,130,846,83,687,399,699,262,739,184,788,130
1786208008.513,748,748,855,682,926,566,973,466,1000,370,817,402,831,245,851,143,868,57,775,382,804,204,843,87,881,0,734,386,746,216,792,132,842,79,689,410,704,274,745,196,792,142
1786208008.688,745,745,852,684,927,569,975,466,1000,367,816,401,829,253,848,158,863,77,774,379,798,206,837,88,875,0,732,382,742,217,789,139,838,94,687,403,700,270,739,194,785,143
1786208008.870,693,693,809,665,905,560,966,466,1000,371,819,369,845,213,865,126,882,53,770,344,802,180,836,79,868,0,721,341,753,177,801,93,847,35,665,356,703,226,747,157,792,107
1786208009.045,646,646,771,655,894,588,969,506,1000,410,851,374,893,233,917,155,936,88,800,331,846,176,880,81,908,0,745,314,793,161,835,75,872,9,681,315,731,198,776,133,821,83
1786208009.200,611,611,747,622,874,562,960,473,1000,370,851,355,901,204,927,121,950,44,793,303,845,155,878,74,911,1,732,278,784,135,823,60,862,0,662,268,714,152,759,88,803,34
1786208009.344,616,616,752,618,878,561,963,474,1000,371,853,352,904,205,928,127,949,51,796,304,849,158,881,82,911,14,736,280,789,136,830,60,869,0,666,273,721,159,766,95,810,42
1786208009.547,615,615,752,615,876,558,960,470,1000,366,848,347,897,196,921,119,943,44,790,301,841,152,873,75,905,8,731,278,782,134,821,59,860,0,662,270,715,156,760,90,803,34
1786208009.703,624,624,758,630,879,566,961,477,1000,376,852,360,897,210,919,129,939,52,793,314,841,163,872,79,902,0,731,292,782,145,821,68,860,5,660,287,714,172,758,110,801,57
1786208009.851,619,619,751,620,872,557,955,470,1000,372,847,355,892,206,915,126,936,50,792,309,839,160,871,77,903,0,733,286,782,142,819,65,858,0,664,279,715,164,758,99,800,42
1786208010.031,617,617,754,617,877,556,961,465,1000,360,850,344,898,193,921,118,941,44,794,299,845,149,876,73,905,7,735,276,788,129,829,57,871,0,667,270,720,152,765,91,810,39
1786208010.199,617,617,749,616,873,553,960,466,1000,363,844,342,893,191,917,116,937,43,788,296,839,147,871,71,903,4,729,274,781,127,821,57,863,0,660,269,714,152,759,91,803,39
1786208010.353,624,624,757,618,877,553,958,464,1000,362,849,345,892,199,914,123,933,47,794,301,841,153,872,79,902,13,736,280,786,132,828,59,870,0,667,274,720,154,764,90,809,36
1786208010.541,626,626,760,614,876,546,955,456,1000,356,843,337,885,195,908,120,928,44,789,295,837,151,870,73,903,1,733,275,781,133,822,60,865,0,666,273,717,155,762,92,808,40
1786208010.702,637,637,769,628,881,562,958,479,1000,384,848,360,888,222,910,146,930,71,795,316,841,173,875,84,907,0,740,296,786,155,827,76,869,13,677,294,728,180,775,116,822,63
1786208010.863,638,638,771,633,885,567,961,482,1000,385,849,366,889,225,911,148,930,72,796,322,840,177,873,86,905,0,740,303,786,159,826,83,868,20,676,301,725,186,770,123,817,69
1786208011.014,644,644,777,635,889,569,962,484,1000,384,855,365,893,227,915,148,935,71,802,322,846,175,880,86,915,0,747,304,791,158,832,80,875,17,682,304,729,188,774,124,821,72
1786208011.198,629,629,766,617,882,545,958,453,1000,351,845,338,885,196,906,121,925,46,792,297,837,152,868,76,900,9,735,279,781,131,822,58,867,0,669,278,718,158,763,93,810,41
1786208011.361,644,644,777,634,887,566,961,479,1000,379,854,362,891,226,913,149,932,73,800,319,843,176,875,85,908,0,745,303,788,159,828,83,870,21,681,304,728,189,773,125,820,72
1786208011.550,643,643,776,632,887,562,961,475,1000,376,850,362,887,227,908,150,926,75,797,320,839,177,869,86,898,0,742,303,786,163,825,91,867,35,680,302,731,186,777,123,825,72
1786208011.742,644,644,777,635,888,567,962,482,1000,384,851,362,888,227,910,150,928,74,798,321,841,177,871,85,902,0,744,304,789,166,828,95,870,41,682,304,732,189,778,125,827,72
1786208011.920,628,628,767,623,885,555,963,469,1000,367,845,339,885,201,906,123,926,47,791,295,833,153,864,73,894,1,735,276,780,135,820,60,862,0,671,274,722,157,770,93,817,39
1786208012.079,635,635,772,630,888,563,964,476,1000,375,844,348,883,210,906,132,925,56,790,305,833,162,863,78,894,0,736,287,781,146,822,68,864,4,674,288,726,172,775,108,822,55
1786208012.266,637,637,774,633,890,567,965,479,1000,377,849,354,886,215,908,139,927,63,794,312,836,169,865,82,896,0,738,295,783,156,823,83,865,26,675,296,726,180,773,117,821,66
1786208012.433,641,641,776,643,890,576,964,489,1000,388,849,368,888,230,910,152,929,76,795,324,838,177,869,86,901,0,741,305,786,158,827,78,869,12,681,303,733,187,782,122,831,68
1786208012.616,631,631,769,628,885,561,962,474,1000,372,843,347,881,208,904,132,924,56,789,305,830,163,861,78,893,0,734,289,777,149,816,76,859,18,670,290,722,174,768,113,815,62
1786208012.797,633,633,769,630,884,563,959,476,1000,376,842,353,881,214,903,138,922,62,789,310,831,169,862,82,894,0,733,293,778,154,818,81,862,24,670,293,722,178,769,116,817,66
1786208012.982,636,636,771,634,884,568,959,483,1000,383,843,357,882,220,903,143,922,66,790,314,834,172,866,83,899,0,735,296,780,155,822,81,865,24,672,296,725,180,774,118,822,67
1786208013.152,631,631,768,628,882,558,959,472,1000,372,842,348,881,209,903,130,923,55,787,305,830,163,861,85,890,17,730,288,776,145,818,65,861,0,666,289,719,173,767,109,813,55
1786208013.326,621,621,758,612,877,545,959,459,1000,358,836,335,877,196,901,116,925,41,778,293,824,153,858,73,894,2,717,273,763,139,802,62,845,0,650,273,702,159,746,94,790,38
1786208013.516,625,625,762,621,879,553,957,467,1000,365,835,337,877,197,901,119,923,45,781,296,826,153,860,72,894,0,725,279,770,137,813,61,857,2,660,278,712,160,760,96,807,45
1786208013.683,620,620,763,613,883,544,963,457,1000,356,842,331,881,194,903,114,924,38,784,288,828,151,860,73,893,2,724,267,768,135,804,61,843,0,654,266,705,154,748,91,791,38
1786208013.856,624,624,764,619,883,551,962,462,1000,358,841,333,882,194,905,114,928,37,783,290,829,153,863,75,897,6,722,271,768,135,807,60,849,0,653,271,705,155,752,90,797,36
1786208014.034,621,621,761,614,881,548,962,459,1000,355,841,331,883,192,905,112,926,37,784,289,829,150,860,72,892,4,724,269,769,134,806,60,845,0,655,268,707,154,753,92,796,38
1786208014.208,623,623,761,622,881,555,961,466,1000,362,840,334,880,196,902,115,921,39,783,291,828,151,858,74,890,7,725,272,770,133,809,60,849,0,658,272,709,157,755,95,800,43
1786208014.407,622,622,762,622,879,553,957,464,1000,363,835,339,877,199,901,119,923,43,779,295,826,155,859,78,893,10,721,275,768,137,810,61,853,0,656,272,708,158,756,95,803,41
1786208014.578,619,619,761,619,879,552,959,463,1000,359,835,337,877,195,900,114,921,38,778,292,824,152,858,75,891,9,720,272,766,134,808,59,850,0,654,269,706,154,754,91,800,38
1786208014.751,618,618,758,619,879,549,960,460,1000,356,833,332,874,193,896,113,918,38,777,289,823,150,856,73,891,7,720,268,766,132,807,59,850,0,654,266,706,152,754,90,800,36
1786208014.930,621,621,760,621,879,551,958,462,1000,361,833,336,876,198,899,118,922,42,777,292,823,152,856,76,890,11,720,273,765,134,806,60,849,0,655,271,707,156,754,93,800,39
1786208015.115,622,622,761,626,881,558,962,468,1000,363,837,340,879,198,902,117,923,40,781,295,827,153,860,73,892,3,724,274,770,134,811,59,852,0,658,272,710,154,759,91,806,39
1786208015.279,622,622,762,623,882,555,961,465,1000,362,838,341,879,198,901,117,922,40,782,297,827,155,859,75,891,7,725,276,771,135,813,60,855,0,660,273,712,156,761,93,809,40
1786208015.457,624,624,762,627,881,557,960,467,1000,363,836,342,878,201,901,119,921,42,779,298,824,157,856,79,888,11,721,278,767,136,810,61,853,0,655,275,708,158,758,95,806,41
1786208015.646,620,620,761,621,881,556,962,464,1000,360,838,337,879,197,903,117,927,43,781,293,827,155,862,73,899,0,721,273,765,139,803,63,844,0,651,273,698,160,741,97,783,43
1786208015.826,619,619,759,620,878,552,958,463,1000,360,833,337,877,196,900,114,921,37,777,292,824,152,858,73,893,4,718,270,767,132,808,59,851,0,652,266,705,149,753,86,800,33
1786208016.010,621,621,762,616,880,545,958,455,1000,352,835,328,879,188,903,108,927,33,778,286,826,150,863,72,900,4,719,266,765,132,805,59,848,0,651,262,704,148,750,85,796,29
1786208016.182,621,621,761,617,881,547,961,458,1000,356,840,332,880,194,901,113,924,37,782,289,827,151,860,72,895,0,722,269,766,135,804,61,844,0,653,268,704,155,748,93,791,39
1786208016.352,619,619,760,616,879,546,958,455,1000,353,836,332,879,192,902,112,925,36,778,289,826,151,860,72,896,4,719,268,765,132,804,59,846,0,651,267,702,152,748,89,793,34
1786208016.501,621,621,762,620,880,551,960,461,1000,358,837,336,879,196,902,115,924,39,779,292,827,153,861,73,896,3,720,271,766,134,805,60,847,0,652,270,703,156,749,93,794,39
1786208016.655,622,622,760,619,880,552,960,463,1000,358,840,333,882,195,905,113,927,37,782,289,828,151,860,72,894,1,722,269,766,135,804,61,844,0,653,268,705,155,749,94,792,40
1786208016.799,624,624,766,624,884,553,961,463,1000,362,837,333,881,192,905,111,929,36,779,289,826,150,862,73,899,6,719,268,765,133,806,59,850,0,652,265,704,150,751,87,798,32
1786208016.960,626,626,767,619,884,549,961,461,1000,362,838,331,881,192,906,112,929,38,779,289,826,152,860,75,897,6,718,270,762,137,802,62,846,0,650,269,700,157,744,95,789,40
1786208017.119,624,624,768,622,886,553,963,461,1000,358,839,334,881,193,905,112,927,36,780,291,827,153,862,74,897,3,720,271,765,137,805,62,848,0,652,269,704,155,750,93,795,38
1786208017.312,624,624,764,618,883,546,961,456,1000,356,835,329,879,191,903,111,927,37,777,288,824,152,859,75,895,7,717,269,762,137,802,61,846,0,649,268,701,154,746,90,791,34
1786208017.489,625,625,766,618,883,546,960,457,1000,358,836,329,880,192,904,112,929,37,779,287,826,152,861,73,897,3,720,268,766,135,805,61,847,0,653,267,704,154,749,90,793,35
1786208017.665,623,623,765,616,883,543,960,454,1000,355,837,329,880,190,905,110,929,36,778,287,826,151,861,73,899,4,718,267,763,135,803,61,846,0,651,266,702,153,746,91,790,37
1786208017.843,622,622,764,619,881,547,958,458,1000,359,838,334,881,194,906,114,929,38,780,290,828,153,863,76,899,7,721,269,766,135,807,60,850,0,655,267,706,153,754,90,800,36
1786208018.023,629,629,767,629,884,558,958,469,1000,370,839,345,882,207,907,127,928,50,783,300,830,160,864,79,896,4,725,281,772,141,818,63,863,0,660,279,714,164,763,101,811,48
1786208018.192,625,625,764,622,882,553,960,464,1000,362,837,338,880,198,904,117,926,40,779,295,827,154,861,73,896,0,720,275,768,137,811,61,855,0,654,273,707,158,756,95,803,43
1786208018.373,621,621,762,621,881,551,959,461,1000,358,834,335,876,197,901,117,924,41,776,291,822,153,858,75,893,8,717,272,763,135,805,60,848,0,651,270,703,157,751,94,797,42
1786208018.559,622,622,764,616,881,546,960,459,1000,360,835,333,877,195,901,115,926,40,776,291,824,155,860,75,899,3,715,269,761,138,800,62,844,0,647,266,699,156,742,94,786,41
1786208018.733,623,623,767,620,884,548,962,458,1000,357,836,332,880,191,906,110,930,34,778,289,825,150,862,73,900,6,718,268,763,133,804,59,848,0,650,266,701,150,748,86,795,31
1786208018.941,627,627,771,620,886,549,961,458,1000,358,837,338,878,197,904,116,927,40,778,296,825,156,861,76,899,6,718,276,764,139,808,62,855,0,651,274,703,159,752,96,801,43
1786208019.088,623,623,765,620,883,549,961,460,1000,360,834,336,878,196,904,114,929,39,776,292,825,153,861,75,900,7,716,271,762,134,803,60,848,0,648,269,700,153,746,90,793,34
1786208019.274,622,622,769,615,885,546,963,457,1000,356,834,333,876,194,900,113,925,38,774,289,821,152,857,75,896,8,714,268,758,135,800,60,846,0,646,266,697,153,744,91,792,36
1786208019.440,624,624,766,620,882,547,960,457,1000,358,835,334,877,196,902,115,926,40,776,291,823,154,858,76,895,7,715,270,760,137,802,61,847,0,647,268,699,154,746,92,794,38
1786208019.585,624,624,767,615,882,544,960,455,1000,357,834,335,876,197,901,116,925,41,775,292,822,156,857,77,895,6,714,271,759,140,799,63,844,0,647,269,697,158,742,96,788,41
1786208019.751,623,623,766,620,883,549,961,461,1000,361,835,334,878,196,904,116,928,42,776,291,823,153,859,76,897,10,716,270,761,135,803,59,848,0,650,267,701,154,749,92,796,38
1786208019.919,623,623,764,620,880,548,959,458,1000,357,835,330,880,191,906,110,931,36,777,288,824,148,860,71,899,5,716,268,760,131,801,57,845,0,648,266,699,151,746,87,794,32
1786208020.097,622,622,767,617,883,545,960,456,1000,357,835,330,878,192,903,112,928,38,777,287,823,150,859,73,897,5,717,267,761,132,802,58,845,0,648,265,698,152,745,89,790,36
1786208020.272,623,623,769,615,885,545,964,458,1000,358,836,333,879,192,904,112,929,37,777,290,824,152,860,73,898,3,717,270,761,135,801,60,844,0,649,268,699,154,745,91,791,35
1786208020.447,621,621,769,609,883,539,963,453,1000,353,834,332,876,194,901,114,927,40,775,289,823,154,860,74,900,2,715,268,758,138,799,62,842,0,648,266,697,158,741,97,784,44
1786208020.625,622,622,768,619,885,547,961,457,1000,356,833,334,875,194,900,113,924,37,775,290,822,152,859,75,897,7,716,269,760,133,802,59,847,0,648,267,700,151,747,87,794,33
1786208020.815,621,621,766,616,883,544,962,455,1000,354,833,329,876,190,902,110,927,36,774,286,823,150,860,75,898,7,714,265,759,132,801,59,847,0,647,263,699,150,746,88,792,34
1786208020.990,622,622,767,617,883,547,961,457,1000,357,834,333,877,194,902,114,927,39,776,290,824,152,861,75,899,7,717,269,762,133,803,59,847,0,649,267,700,153,747,90,793,34
1786208021.169,623,623,765,616,880,544,958,456,1000,356,834,330,877,193,901,113,925,39,775,287,823,151,858,73,895,4,715,267,760,136,801,61,845,0,648,267,698,157,743,96,787,42
1786208021.355,624,624,763,618,879,545,958,457,1000,358,834,330,878,193,904,112,929,38,775,287,823,151,859,72,897,2,713,268,758,136,799,61,844,0,645,268,695,157,739,95,783,42
1786208021.522,625,625,765,619,882,546,959,456,1000,355,833,329,877,192,902,113,927,39,773,287,822,151,858,74,896,6,712,268,757,135,800,60,847,0,644,268,694,155,741,94,789,42
1786208021.701,627,627,770,626,885,553,959,463,1000,361,835,337,876,199,901,120,924,46,775,295,820,156,855,78,890,10,715,276,759,138,804,61,852,0,649,275,701,159,750,97,800,46
1786208021.872,622,622,765,617,881,547,959,458,1000,358,832,332,875,192,900,111,924,36,773,289,820,151,855,74,892,6,712,269,757,135,798,60,844,0,644,267,694,154,740,93,787,40
1786208022.063,623,623,767,618,882,548,959,459,1000,356,833,334,875,196,900,115,924,38,773,291,819,152,855,73,892,3,712,271,755,138,798,61,845,0,644,268,695,156,743,95,791,43
1786208022.241,623,623,763,619,877,548,955,460,1000,359,831,329,876,191,901,111,926,36,772,286,820,149,856,72,894,6,712,266,758,133,801,59,848,0,645,264,696,152,743,92,791,41
1786208022.417,623,623,765,617,879,547,955,458,1000,358,832,330,876,193,902,113,927,38,773,287,820,150,857,74,895,6,713,267,759,133,800,59,846,0,646,265,697,152,744,90,792,37
1786208022.590,624,624,764,618,879,548,956,460,1000,361,834,331,878,195,903,115,927,40,774,288,822,153,859,74,899,2,712,268,758,137,799,62,845,0,644,267,694,156,736,94,781,41
1786208022.768,624,624,764,618,879,547,956,459,1000,360,834,331,877,195,902,114,927,40,775,288,822,152,858,73,896,3,715,268,760,134,801,60,846,0,647,266,697,154,741,91,786,38
1786208022.947,624,624,767,618,882,547,958,458,1000,358,834,330,877,194,902,113,926,38,774,287,821,152,856,73,894,2,713,267,758,136,799,61,844,0,646,265,696,155,741,93,786,40
1786208023.123,625,625,766,623,880,553,956,467,1000,366,834,342,875,207,900,130,923,55,775,299,822,161,859,81,896,11,716,279,761,141,806,63,852,0,649,275,700,162,747,101,795,50
1786208023.311,621,621,763,617,878,547,955,458,1000,359,833,331,877,194,903,116,929,43,776,288,825,151,862,73,901,3,717,267,765,132,807,59,852,0,650,265,699,152,745,91,791,37
1786208023.496,623,623,764,618,877,547,954,457,1000,358,833,330,876,195,902,116,926,43,775,287,823,150,858,73,896,6,716,268,763,133,804,59,850,0,650,267,699,154,743,93,789,41
1786208023.671,623,623,765,617,879,543,955,454,1000,355,828,329,871,194,896,118,919,44,769,287,816,150,853,73,891,3,708,268,752,133,797,58,845,0,641,265,691,153,738,94,786,46
1786208023.845,622,622,763,617,876,545,956,456,1000,357,832,329,875,193,901,114,927,41,774,286,822,151,859,75,898,9,716,266,763,131,805,58,851,0,650,262,702,150,749,89,796,36
1786208024.027,622,622,762,617,877,545,954,457,1000,359,827,330,869,194,895,117,919,44,768,288,815,152,852,75,891,6,708,269,752,134,797,59,846,0,642,267,693,153,740,93,789,45
1786208024.191,622,622,760,618,876,547,954,457,1000,360,827,332,872,194,898,115,922,41,771,289,819,149,856,73,895,9,713,269,760,131,803,57,851,0,646,267,696,154,743,93,789,43
1786208024.377,625,625,763,622,878,551,956,465,1000,369,832,342,875,205,900,130,922,59,774,299,823,162,860,85,896,16,716,277,764,140,811,63,858,0,651,271,703,161,750,103,797,55
1786208024.576,622,622,761,618,877,543,954,457,1000,360,829,332,871,197,895,120,917,47,770,289,817,153,853,76,891,7,710,268,756,134,800,60,847,0,644,266,695,155,741,94,788,44
1786208024.751,621,621,760,620,877,549,956,462,1000,364,829,336,873,199,898,122,921,50,770,293,818,156,854,77,892,7,711,272,758,136,803,60,850,0,646,267,697,156,743,96,790,47
1786208024.910,633,633,768,631,880,561,955,479,1000,385,833,359,876,223,901,150,921,79,776,316,824,178,859,100,892,28,719,296,765,155,813,71,859,0,657,292,708,182,755,124,801,75
1786208025.097,621,621,757,610,873,538,952,454,1000,361,824,327,870,194,897,119,923,49,768,284,820,151,859,77,900,11,710,263,759,131,805,59,854,0,643,261,694,150,740,91,788,41
1786208025.263,621,621,759,617,874,545,953,459,1000,363,827,332,870,198,895,120,919,48,769,288,818,152,855,74,895,7,710,266,757,132,802,58,852,0,643,264,693,152,740,93,788,44
1786208025.438,619,619,756,612,871,541,950,455,1000,362,822,329,868,197,896,123,922,53,766,284,818,151,857,76,898,9,707,262,757,130,804,58,855,0,640,258,692,147,739,90,788,43
1786208025.600,621,621,759,619,875,549,953,464,1000,370,826,335,871,200,897,127,921,57,769,292,819,155,858,78,898,10,710,270,758,134,805,60,854,0,643,267,694,156,740,98,787,51
1786208025.748,643,643,772,642,882,573,956,495,1000,406,837,374,879,243,905,173,926,106,781,331,827,196,863,123,895,58,724,310,765,165,809,75,852,0,662,307,717,201,765,143,812,95
1786208025.919,633,633,765,628,880,554,953,473,1000,383,829,352,872,215,899,143,921,74,770,310,820,173,857,100,891,33,711,289,759,150,807,68,854,0,646,285,701,173,749,115,798,67
1786208026.125,651,651,778,650,886,578,956,497,1000,412,837,382,879,257,904,186,925,119,780,340,827,211,862,135,893,62,723,319,763,177,804,82,843,0,662,317,717,210,764,151,809,101
1786208026.279,624,624,762,619,877,546,952,462,1000,370,825,341,869,203,896,130,918,60,767,299,816,161,853,85,890,17,707,277,755,139,803,62,852,0,640,272,695,160,745,102,795,55
1786208026.471,646,646,776,646,885,578,958,499,1000,409,839,381,879,249,903,180,923,114,784,339,828,204,863,129,894,63,728,318,766,174,808,80,849,0,667,314,720,209,767,149,811,99
1786208026.634,627,627,764,622,878,550,955,466,1000,373,829,343,873,208,898,135,920,66,772,301,820,164,857,89,893,23,713,279,760,142,808,64,856,0,647,275,698,165,746,106,793,57
1786208026.816,628,628,765,628,879,555,955,469,1000,372,832,344,876,208,900,134,922,63,775,301,823,164,859,88,895,23,717,280,764,142,812,63,861,0,652,277,704,164,752,105,801,58
1786208026.992,620,620,760,618,875,547,954,462,1000,365,826,337,870,199,895,125,918,54,769,293,816,156,853,79,891,12,711,271,758,135,805,60,853,0,647,264,696,153,743,95,790,47
1786208027.167,622,622,761,616,875,543,951,459,1000,365,824,336,868,200,896,124,920,51,767,293,817,157,855,78,894,5,709,271,757,136,804,61,853,0,643,265,695,154,744,96,794,47
1786208027.346,622,622,762,619,877,548,954,463,1000,365,829,333,874,200,899,123,923,51,771,290,820,154,857,77,896,10,712,268,760,133,807,59,856,0,646,264,700,153,748,94,797,44
1786208027.526,622,622,763,615,877,544,953,459,1000,363,825,332,869,198,895,124,919,53,767,289,815,153,853,77,892,8,707,268,754,134,801,60,850,0,640,264,692,155,739,97,788,49
1786208027.712,619,619,760,618,876,546,953,461,1000,365,827,335,873,201,900,128,924,58,768,292,820,157,858,81,896,14,710,270,759,134,807,59,857,0,644,264,696,153,744,95,793,48
1786208027.874,619,619,758,611,874,537,951,451,1000,358,823,328,869,193,897,119,923,50,766,285,819,151,858,75,898,8,706,262,755,129,803,57,853,0,638,257,690,146,738,90,788,44
1786208028.077,620,620,759,612,873,540,950,455,1000,362,824,331,870,197,898,123,923,52,767,287,819,153,859,77,900,10,707,265,756,132,803,59,854,0,640,261,689,150,736,92,786,45
1786208028.241,621,621,759,612,873,541,950,456,1000,364,822,332,867,196,894,122,918,52,764,290,815,154,854,78,894,10,705,269,751,134,798,59,848,0,639,264,688,152,735,95,784,48
1786208028.428,624,624,761,615,877,541,953,456,1000,364,825,333,869,199,895,126,919,56,767,290,816,154,855,78,893,10,707,267,754,132,801,58,851,0,640,263,692,151,740,94,790,47
1786208028.592,625,625,761,618,876,545,952,460,1000,369,823,340,868,206,895,134,919,63,764,297,815,163,856,86,895,15,705,275,752,140,801,63,851,0,639,269,693,157,741,99,790,51
1786208028.769,619,619,760,612,875,540,951,454,1000,359,822,329,867,197,895,122,921,51,764,285,815,152,855,75,896,6,705,263,753,131,801,59,852,0,638,260,688,149,735,91,785,42
1786208028.944,626,626,764,617,876,545,952,462,1000,369,825,336,868,202,894,129,916,59,767,294,815,158,852,82,889,15,708,273,754,138,802,61,851,0,643,270,696,159,745,102,795,55
1786208029.126,623,623,761,610,875,536,951,452,1000,360,822,327,868,194,896,122,921,55,764,284,817,151,856,76,896,9,705,263,755,131,803,58,853,0,639,260,694,148,742,90,792,41
1786208029.311,624,624,759,616,875,541,951,457,1000,366,819,334,865,198,895,125,920,58,761,291,813,155,855,80,895,13,703,269,753,134,804,60,856,0,639,264,696,152,747,94,798,44
1786208029.486,628,628,762,621,875,548,951,465,1000,375,824,343,867,210,895,138,919,71,766,300,816,168,855,93,894,26,707,279,755,143,806,64,856,0,643,275,698,164,749,106,800,57
1786208029.633,631,631,766,628,878,556,953,474,1000,383,830,351,872,217,898,146,920,80,773,309,821,174,857,100,892,34,715,288,762,151,810,69,857,0,651,284,706,177,754,120,802,73
1786208029.780,628,628,763,621,876,548,952,464,1000,373,826,344,869,211,896,138,920,70,768,301,819,168,858,93,897,25,710,279,758,142,807,64,856,0,645,274,699,164,749,106,799,58
1786208029.958,630,630,766,629,878,558,953,476,1000,384,832,355,873,221,897,147,918,77,775,312,823,177,859,101,894,32,717,290,763,152,810,71,856,0,652,286,704,178,752,121,800,72
1786208030.146,618,618,758,613,874,539,951,454,1000,361,823,330,866,194,893,120,918,51,765,287,815,154,855,79,894,12,705,265,753,132,801,59,850,0,638,260,691,150,740,94,789,47
1786208030.333,620,620,759,614,875,541,951,454,1000,362,823,331,868,197,895,125,918,55,765,289,816,155,856,79,894,11,706,266,754,133,802,59,851,0,640,261,693,150,741,93,790,46
1786208030.498,625,625,763,618,876,547,952,464,1000,371,827,339,870,204,897,132,919,64,769,296,819,161,856,86,894,20,711,274,757,140,805,63,853,0,646,271,698,163,745,107,792,60
1786208030.683,619,619,761,610,874,540,950,457,1000,362,823,329,868,193,896,119,921,49,765,286,817,151,857,75,899,8,707,264,754,131,802,57,853,0,641,259,692,149,740,91,789,45
1786208030.848,620,620,760,615,873,546,952,463,1000,367,826,334,870,200,896,123,921,53,768,289,818,153,857,75,899,9,710,267,758,131,806,57,857,0,644,262,696,153,743,94,792,45
1786208031.045,624,624,761,620,874,550,952,465,1000,369,826,337,872,203,899,131,922,65,770,293,819,158,858,84,897,23,712,272,759,137,808,61,857,0,648,267,700,158,747,101,795,54
1786208031.208,621,621,761,613,874,540,951,454,1000,360,825,328,870,195,896,122,922,52,768,284,819,151,859,75,900,8,709,262,758,129,804,58,855,0,642,261,692,150,738,92,787,44
1786208031.390,619,619,759,609,873,538,949,453,1000,360,821,328,869,195,898,121,925,52,765,283,818,150,858,74,899,7,707,261,757,129,804,58,854,0,640,257,690,145,737,87,786,37
1786208031.567,620,620,759,612,874,541,951,455,1000,362,823,327,870,194,898,120,924,50,766,283,818,151,857,75,896,8,706,261,756,130,802,59,850,0,638,258,688,147,734,88,782,38
1786208031.753,618,618,757,608,873,537,951,451,1000,354,823,325,868,194,894,116,919,43,763,280,812,148,849,71,889,1,702,259,749,132,792,60,839,0,633,257,681,151,722,93,765,43
1786208031.932,617,617,760,607,874,539,952,455,1000,359,823,327,868,196,895,120,921,47,765,283,816,151,854,73,894,4,707,260,755,131,800,59,849,0,640,256,691,149,736,91,783,41
1786208032.096,620,620,757,615,874,543,952,460,1000,368,826,333,871,198,899,126,923,56,768,288,819,153,858,76,898,7,708,266,757,133,803,59,852,0,641,262,693,153,739,97,786,50
1786208032.274,620,620,760,613,875,543,953,460,1000,364,829,328,873,194,899,120,925,52,770,285,820,151,859,75,899,9,711,264,760,131,806,58,856,0,644,260,698,151,745,92,794,43
1786208032.452,652,652,789,648,905,574,972,483,1000,385,855,371,901,231,931,155,955,83,798,327,848,186,886,108,921,39,740,305,789,162,837,75,884,0,674,302,730,188,779,126,827,76
1786208032.625,650,650,784,639,899,561,967,461,1000,355,856,359,901,224,928,145,950,70,800,314,849,173,886,83,920,0,744,295,793,153,838,72,883,8,681,293,739,179,791,114,843,65
1786208032.826,647,647,787,625,907,539,973,435,1000,325,866,340,904,196,925,122,942,49,811,300,854,152,883,72,913,0,754,284,802,134,844,63,888,9,688,285,743,167,792,105,841,56
1786208032.992,637,637,773,634,894,555,968,451,1000,339,860,354,899,205,922,124,943,46,802,311,848,162,881,77,916,2,743,291,789,141,829,62,871,0,673,286,723,166,766,100,811,46
1786208033.178,634,634,769,634,891,554,968,447,1000,332,855,355,897,207,921,124,944,47,797,309,843,163,877,81,914,10,738,288,784,142,824,64,866,0,669,283,719,166,762,100,807,44
1786208033.348,635,635,768,634,890,556,967,450,1000,337,856,358,897,208,921,125,943,47,797,312,843,163,877,77,915,1,736,292,783,144,823,65,866,0,667,288,718,171,762,105,806,49
1786208033.533,639,639,773,637,897,558,970,455,1000,346,857,362,896,211,918,128,941,50,798,320,839,168,872,80,909,0,738,302,779,155,818,76,861,14,669,300,717,183,758,117,800,64
1786208033.695,636,636,775,628,896,547,968,438,1000,322,859,345,898,192,918,117,938,42,801,304,845,153,877,76,908,11,742,285,789,131,832,57,877,0,673,281,725,160,771,95,819,42
1786208033.872,651,651,781,651,899,575,971,472,1000,362,863,382,899,231,918,151,934,76,806,340,848,184,878,88,908,0,748,322,793,170,833,98,874,42,681,318,732,200,775,138,818,88
1786208034.067,639,639,774,634,893,556,967,451,1000,339,856,360,897,209,921,128,943,52,799,317,845,166,880,78,916,0,741,298,789,146,830,69,872,8,673,294,722,173,767,107,812,52
1786208034.239,635,635,773,626,895,548,970,441,1000,324,857,347,898,195,919,119,938,45,799,306,845,153,876,75,908,7,739,286,788,134,829,60,872,0,670,282,724,162,770,96,816,42
1786208034.383,663,663,789,657,899,581,970,484,1000,380,865,400,903,256,925,176,943,100,810,359,851,202,880,96,908,0,755,341,799,194,839,122,881,65,690,339,737,226,780,163,824,113
1786208034.542,638,638,776,632,895,553,968,449,1000,339,858,358,900,209,925,127,947,50,801,315,847,165,882,79,917,0,742,296,790,146,833,66,876,2,673,292,724,171,770,104,816,49
1786208034.715,642,642,776,637,895,559,969,455,1000,344,858,368,899,216,923,135,944,59,802,324,848,171,881,82,914,0,743,303,793,151,836,71,879,5,675,298,729,179,776,114,823,58
1786208034.909,651,651,784,645,897,568,970,467,1000,359,862,374,902,228,925,148,945,73,807,332,850,180,884,85,918,0,749,313,795,163,837,87,881,27,681,310,730,193,776,127,822,74
1786208035.074,639,639,778,633,894,556,967,453,1000,341,855,353,895,207,918,126,937,46,799,311,842,164,873,79,904,0,740,294,787,148,829,70,873,6,671,293,724,173,770,108,817,53
1786208035.250,642,642,781,632,897,557,969,451,1000,340,860,353,902,207,926,128,947,50,803,311,849,163,883,78,917,0,744,293,790,144,831,66,874,4,673,292,724,173,769,107,815,53
1786208035.425,632,632,769,629,887,556,963,462,1000,355,851,347,895,202,919,119,939,39,795,302,841,157,872,77,901,5,738,284,786,136,829,61,872,0,672,282,722,161,769,97,817,44
1786208035.598,642,642,779,627,897,550,968,454,1000,351,848,339,891,202,917,124,940,46,792,296,840,155,877,75,916,0,736,277,785,136,828,66,874,9,671,278,723,157,770,95,819,46
1786208035.744,650,650,784,636,902,560,971,465,1000,363,857,342,901,202,930,126,953,54,798,300,848,158,885,83,921,18,739,282,788,140,834,62,881,0,670,285,726,167,776,102,825,51
1786208035.931,635,635,775,629,893,552,967,453,1000,349,853,347,899,205,927,127,950,52,792,301,844,160,881,81,916,11,730,278,781,137,826,61,871,0,660,272,716,159,764,98,811,49
1786208036.080,642,642,778,634,896,556,970,457,1000,351,855,345,900,200,927,127,949,56,796,299,845,154,880,84,913,25,735,278,785,130,834,57,882,0,666,277,724,160,776,98,826,47
1786208036.281,636,636,774,631,893,556,967,458,1000,349,850,342,896,195,921,120,941,44,790,295,838,146,872,73,905,10,730,274,778,124,827,55,876,0,660,275,718,157,771,94,822,42
1786208036.436,641,641,777,642,894,567,965,469,1000,366,856,360,901,214,926,138,946,65,800,315,845,165,879,81,913,0,741,295,788,145,833,76,880,22,672,293,723,174,772,113,823,65
1786208036.609,633,633,773,627,888,549,964,450,1000,347,851,340,897,194,923,115,943,40,792,296,840,152,875,72,911,0,730,277,775,135,818,62,865,4,659,277,709,163,756,101,803,51
1786208036.793,636,636,775,635,889,560,963,463,1000,358,852,358,896,212,921,132,939,53,795,312,840,166,872,79,902,0,737,292,783,149,825,77,869,21,670,288,723,170,773,106,822,53
1786208036.942,640,640,776,641,889,567,963,470,1000,366,853,365,897,217,923,136,942,57,797,320,842,173,875,84,906,0,739,300,784,153,827,80,870,22,671,295,722,177,771,114,820,62
1786208037.087,650,650,785,643,900,567,970,469,1000,363,866,369,907,227,931,149,950,72,810,326,856,180,888,87,918,0,752,306,796,163,835,90,877,32,684,302,732,186,777,125,824,76
1786208037.264,639,639,775,631,893,556,967,457,1000,349,858,354,902,207,928,128,947,51,802,310,849,163,880,80,910,5,743,290,790,141,833,63,875,0,674,286,727,166,775,100,823,46
1786208037.448,635,635,775,629,893,553,965,454,1000,348,852,347,895,202,919,121,940,41,797,303,842,160,875,78,906,3,739,283,788,139,831,63,873,0,670,280,723,161,771,96,818,42
1786208037.623,641,641,777,634,892,560,964,463,1000,359,854,359,896,216,919,136,937,58,797,315,839,169,870,81,901,0,739,297,780,152,821,81,866,26,671,294,720,177,765,115,813,66
1786208037.814,641,641,776,638,890,563,964,466,1000,361,854,359,897,211,922,128,941,50,796,315,838,166,867,80,895,0,737,297,782,149,825,72,869,9,668,295,719,177,768,113,816,60
1786208037.981,640,640,778,636,891,557,963,458,1000,353,852,358,895,216,919,135,938,55,794,314,839,171,869,91,897,18,736,294,781,150,824,68,867,0,671,291,725,175,773,111,820,58
1786208038.169,636,636,775,632,891,557,964,461,1000,355,852,349,896,208,922,127,943,48,794,304,842,163,875,86,906,17,736,284,784,142,827,64,871,0,670,284,721,170,770,107,817,53
1786208038.347,630,630,772,625,888,549,962,450,1000,342,852,337,896,193,921,112,942,32,792,293,840,150,871,71,903,2,732,274,779,132,823,58,868,0,664,273,719,156,770,91,821,38
1786208038.510,657,657,787,654,896,580,965,488,1000,386,858,381,900,248,926,171,945,95,801,336,847,195,878,109,905,25,744,317,787,168,830,78,872,0,680,316,734,200,784,136,834,81
1786208038.687,664,664,791,658,897,584,965,493,1000,393,860,389,904,259,930,185,949,111,806,344,853,207,884,128,910,50,750,324,792,174,830,82,866,0,688,325,745,212,795,148,844,94
1786208038.877,658,658,787,651,895,577,962,485,1000,383,856,381,899,249,925,173,945,96,799,337,845,197,878,114,907,35,742,317,785,170,827,78,868,0,680,315,738,201,790,136,841,83
1786208039.045,642,642,777,634,891,557,962,459,1000,353,850,353,895,214,921,137,943,59,791,307,841,166,875,89,906,15,733,286,783,142,827,65,872,0,668,283,727,165,780,100,833,45
1786208039.246,655,655,786,650,895,574,963,479,1000,377,858,375,899,244,924,166,943,89,801,331,847,191,877,107,902,23,744,311,790,164,831,76,871,0,679,312,735,198,785,134,835,79
1786208039.412,641,641,778,639,891,560,962,462,1000,358,855,359,896,219,919,139,938,60,797,314,842,170,873,83,903,0,738,295,784,151,826,77,869,18,672,294,725,176,775,111,826,57
1786208039.587,652,652,784,648,893,572,963,477,1000,374,857,375,898,242,924,166,942,88,800,330,846,190,877,108,904,27,742,311,788,161,829,74,869,0,677,309,737,191,789,127,840,73
1786208039.758,639,639,777,629,892,549,964,449,1000,343,851,350,896,208,921,132,939,53,794,304,842,157,874,79,904,6,736,284,785,135,830,61,876,0,668,284,727,164,780,98,832,43
1786208039.935,640,640,778,635,891,558,963,459,1000,352,851,355,895,213,921,134,940,55,793,310,840,166,872,81,903,0,735,291,781,148,825,77,871,19,667,288,723,166,774,101,826,47
1786208040.125,638,638,778,632,892,555,963,457,1000,351,853,350,894,209,918,132,937,53,795,305,838,162,869,79,899,0,737,287,780,145,821,75,865,20,671,285,721,167,769,102,818,50
1786208040.293,635,635,776,627,892,548,965,447,1000,339,851,343,894,199,919,122,939,43,794,299,840,156,873,76,905,0,736,280,782,136,824,66,868,8,667,279,718,158,768,92,818,37
1786208040.480,650,650,784,647,894,571,964,476,1000,372,857,370,899,234,925,157,944,79,802,326,845,184,877,99,905,17,745,308,787,158,827,72,867,0,680,308,732,191,781,126,829,72
1786208040.657,638,638,776,635,889,559,961,461,1000,356,852,353,895,212,920,132,942,53,794,307,841,166,875,87,907,15,736,288,783,144,826,65,871,0,669,287,720,171,769,107,817,54
1786208040.836,642,642,779,636,891,559,962,462,1000,357,856,355,898,216,921,137,939,57,799,310,844,168,875,82,904,0,741,291,787,148,829,72,873,11,674,290,726,172,775,108,825,55
1786208041.017,644,644,782,644,894,565,966,467,1000,359,860,362,902,219,926,138,945,59,802,317,844,170,873,90,902,18,744,299,787,148,830,66,874,0,678,299,730,179,779,115,828,62
1786208041.188,646,646,784,646,897,569,968,470,1000,362,861,365,903,222,926,141,945,62,803,319,843,170,872,82,899,0,746,301,788,149,829,67,872,0,681,299,733,179,782,114,831,60
1786208041.362,639,639,778,633,892,555,963,457,1000,351,855,350,896,208,920,130,938,52,797,306,842,162,873,79,904,0,739,287,784,146,825,79,869,26,672,284,723,164,772,99,823,47
1786208041.541,646,646,784,644,896,569,966,473,1000,368,857,369,898,229,922,149,940,71,800,325,841,177,871,87,900,0,742,307,783,158,824,75,867,7,679,306,732,190,780,126,828,74
1786208041.734,640,640,775,630,888,551,960,453,1000,348,849,343,894,207,920,132,942,56,792,297,841,161,876,86,909,14,733,277,782,136,826,63,872,0,666,274,722,157,774,93,827,38
1786208041.906,634,634,772,624,887,545,959,444,1000,338,845,339,891,198,918,122,940,45,786,294,837,153,873,78,908,7,727,273,778,132,823,61,871,0,659,269,718,150,771,85,825,28
1786208042.090,670,670,797,666,901,593,966,502,1000,404,865,402,904,276,928,202,946,129,811,358,854,221,883,140,907,62,757,339,794,185,829,86,863,0,695,341,749,230,799,167,847,115
1786208042.258,641,641,774,630,889,551,960,452,1000,346,847,346,895,209,922,136,945,61,791,301,844,162,880,91,915,25,733,280,785,138,830,64,877,0,667,279,726,162,778,100,830,45
1786208042.440,637,637,774,623,892,543,964,441,1000,334,849,335,897,189,924,114,947,38,791,291,843,146,879,74,915,8,731,271,784,127,829,58,876,0,661,268,721,149,773,84,824,28
1786208042.610,641,641,775,631,892,553,964,453,1000,346,853,349,899,207,925,131,945,54,796,303,845,159,879,84,911,13,736,283,786,136,832,62,878,0,668,281,724,164,775,100,826,47
1786208042.785,639,639,777,630,895,551,966,451,1000,344,853,348,899,203,925,127,945,49,795,302,844,157,878,81,909,10,735,281,785,134,831,61,876,0,665,279,724,161,776,97,828,43
1786208042.944,641,641,778,634,894,556,964,456,1000,350,854,352,899,208,925,132,946,54,796,307,844,162,878,87,910,16,737,287,785,140,830,64,877,0,668,285,725,169,776,105,827,51
1786208043.097,636,636,777,629,893,551,964,449,1000,342,853,345,897,201,923,126,943,49,795,299,843,155,878,82,911,13,735,278,782,131,827,60,873,0,665,277,721,160,772,97,824,42
1786208043.274,637,637,777,627,894,548,965,447,1000,340,851,344,898,199,925,123,946,47,793,299,843,152,877,78,910,8,733,279,783,132,829,60,876,0,663,277,721,159,773,95,825,41
1786208043.441,645,645,779,640,894,562,964,462,1000,354,852,359,896,215,922,139,941,63,795,313,842,164,876,89,908,19,737,291,786,140,833,64,880,0,671,288,730,169,784,105,836,51
1786208043.623,639,639,778,633,894,554,966,452,1000,342,853,344,900,199,927,122,949,45,795,298,844,150,880,75,915,8,735,277,784,128,831,57,880,0,666,275,722,154,774,90,827,39
1786208043.820,657,657,792,652,901,576,969,483,1000,382,865,377,902,239,926,162,944,86,809,335,849,187,880,92,910,0,751,320,792,173,832,90,872,22,685,322,735,208,782,146,829,94
1786208043.992,646,646,784,642,895,567,965,470,1000,365,856,364,896,226,919,149,936,70,798,320,842,179,874,94,902,15,740,300,783,154,827,70,870,0,675,297,729,180,781,115,831,61
1786208044.167,622,622,764,616,882,545,960,448,1000,340,845,333,891,192,916,112,940,36,785,289,835,149,870,70,907,1,724,268,772,132,814,58,859,0,655,265,707,152,752,90,798,37
1786208044.339,637,637,776,632,890,556,962,460,1000,354,852,349,896,207,921,127,943,50,794,305,843,161,878,82,913,12,735,286,784,142,830,63,876,0,668,285,722,170,771,108,819,57
1786208044.512,659,659,789,652,894,578,962,487,1000,389,858,379,897,248,921,175,940,103,801,337,846,201,879,125,909,55,744,319,785,173,827,80,869,0,681,321,735,209,781,145,827,90
1786208044.698,663,663,790,660,897,586,964,495,1000,395,858,386,901,260,927,189,947,117,802,340,849,207,882,129,911,54,746,321,787,174,828,81,868,0,684,321,741,210,789,149,836,100
1786208044.848,645,645,779,642,892,565,961,468,1000,364,852,357,895,222,923,149,944,74,793,312,841,175,876,99,909,26,734,292,780,150,823,70,868,0,670,290,726,176,775,115,824,62
1786208044.991,643,643,779,639,893,563,963,465,1000,359,853,356,896,218,922,144,943,69,795,311,843,174,878,97,910,23,735,290,783,151,827,70,871,0,669,288,725,175,773,114,821,60
1786208045.170,643,643,778,637,890,561,961,465,1000,360,851,353,892,214,917,139,938,64,793,309,840,170,875,93,911,21,734,289,780,148,825,67,872,0,667,288,717,173,764,111,812,60
1786208045.357,639,639,779,636,893,560,963,462,1000,355,851,349,892,207,916,131,938,56,793,304,840,163,875,84,910,11,734,284,780,143,824,65,872,0,667,281,717,166,763,105,812,55
1786208045.520,641,641,779,636,893,564,963,468,1000,364,850,358,894,221,921,146,944,73,792,313,841,175,876,101,911,33,732,291,780,149,825,68,871,0,665,286,718,172,767,111,816,60
1786208045.678,674,674,798,673,902,602,967,515,1000,419,863,410,904,287,929,217,949,147,808,366,849,234,881,159,907,88,753,346,785,196,818,92,852,0,694,348,748,241,793,181,836,131
1786208045.828,639,639,776,630,890,556,961,460,1000,355,845,348,890,210,917,138,939,63,786,302,835,168,871,93,905,21,727,281,774,144,820,66,866,0,662,277,714,164,760,105,807,54
1786208045.998,652,652,785,646,895,571,964,477,1000,375,853,368,895,233,920,160,940,88,796,325,842,190,877,115,910,45,737,305,780,163,824,76,870,0,672,304,723,190,768,130,812,80
1786208046.180,678,678,801,676,904,605,968,519,1000,424,865,415,905,292,930,223,948,154,810,371,851,241,880,166,905,94,756,352,785,201,817,94,848,0,697,354,749,246,794,186,838,136
1786208046.355,659,659,787,652,897,576,963,484,1000,384,854,381,896,250,921,175,941,103,798,337,844,202,878,122,907,46,741,316,785,172,826,81,867,0,678,314,734,205,783,143,831,90
1786208046.528,636,636,776,629,891,555,963,458,1000,354,850,349,894,209,922,134,944,59,792,305,842,166,877,89,911,19,733,283,781,142,826,64,872,0,664,279,718,164,767,102,817,52
1786208046.712,645,645,781,641,893,567,963,472,1000,369,853,362,893,223,918,149,938,74,796,319,842,180,876,102,908,32,737,299,782,155,825,71,869,0,671,298,723,184,772,122,820,70
1786208046.896,648,648,782,644,895,570,964,475,1000,372,854,368,896,231,922,156,942,83,797,325,845,186,879,111,911,42,739,303,784,160,828,73,872,0,673,301,727,188,775,127,822,75
1786208047.100,638,638,776,634,891,559,963,461,1000,356,851,353,893,213,919,138,941,65,793,308,842,168,878,91,912,21,734,286,783,144,828,65,875,0,667,281,720,167,769,107,818,57
1786208047.250,646,646,780,640,894,565,964,467,1000,361,850,361,894,227,921,153,941,79,792,315,841,180,877,104,909,31,734,294,782,153,829,72,875,0,669,290,725,180,775,119,824,65
1786208047.423,655,655,786,650,896,578,963,483,1000,380,855,376,899,245,926,174,947,102,799,331,847,196,881,123,913,52,742,310,785,167,828,78,871,0,678,309,731,198,778,138,825,88
1786208047.604,644,644,780,639,894,564,962,466,1000,360,852,358,896,221,923,147,944,72,795,313,844,173,879,96,913,25,736,292,784,148,830,67,877,0,670,290,725,177,775,115,824,63
1786208047.779,659,659,789,656,899,584,965,492,1000,391,856,384,899,255,925,185,945,114,801,341,847,208,881,134,911,63,745,321,787,175,831,83,873,0,682,320,739,211,788,151,834,98
1786208047.954,645,645,779,643,893,571,963,475,1000,371,852,364,893,226,919,152,940,79,795,320,842,182,877,107,911,38,736,298,782,157,827,72,874,0,669,295,721,184,767,124,813,75
1786208048.157,670,670,796,669,902,600,967,510,1000,412,861,407,902,280,927,209,946,139,806,363,848,230,880,156,908,83,751,342,786,194,823,92,859,0,691,342,745,234,789,174,832,121
1786208048.329,671,671,797,668,903,598,968,509,1000,411,862,404,903,276,929,203,948,132,806,361,850,225,883,147,911,74,751,341,786,191,823,90,859,0,689,342,742,234,787,172,831,119
1786208048.513,644,644,781,641,894,568,963,472,1000,368,851,361,893,223,919,148,941,76,793,317,841,178,877,104,912,36,735,296,782,154,829,71,876,0,668,293,723,180,772,119,820,67
1786208048.679,651,651,782,646,894,573,963,480,1000,379,853,371,897,238,923,165,943,92,795,327,843,192,877,119,910,50,737,306,782,165,827,77,872,0,673,305,728,193,774,133,819,82
1786208048.865,637,637,776,633,892,560,963,462,1000,356,848,353,890,212,918,137,941,64,789,309,838,169,876,91,914,21,729,286,778,146,827,66,876,0,661,281,717,167,765,106,814,55
1786208049.039,674,674,797,670,902,598,966,509,1000,414,858,408,899,282,925,212,944,143,801,365,844,231,878,154,905,80,745,344,781,196,821,92,859,0,685,345,742,237,791,173,836,118
1786208049.213,674,674,798,669,901,594,964,506,1000,411,860,406,900,281,925,212,943,144,805,363,847,230,880,155,906,82,750,343,784,192,822,91,859,0,690,345,746,239,794,178,839,126
1786208049.392,645,645,780,644,895,570,965,473,1000,367,853,361,895,222,921,148,942,75,795,317,843,176,879,102,914,33,736,296,782,152,829,69,876,0,669,293,727,178,779,117,829,67
1786208049.572,660,660,790,657,899,582,966,490,1000,389,856,384,898,252,925,180,945,110,800,340,845,204,880,130,912,57,743,319,785,173,829,82,872,0,681,318,740,208,791,146,839,92
1786208049.747,653,653,785,649,899,574,966,480,1000,378,853,373,897,239,924,168,945,98,795,327,845,192,881,119,912,47,737,305,783,160,829,76,873,0,672,302,732,192,783,131,831,78
1786208049.920,678,678,802,676,904,605,967,517,1000,423,863,414,904,291,929,222,949,154,808,371,849,238,881,164,909,93,754,352,781,199,813,93,846,0,695,355,748,246,793,185,837,133
1786208050.095,670,670,795,665,901,592,966,502,1000,406,857,398,899,269,925,197,945,128,801,355,846,218,880,141,908,68,745,334,786,187,826,88,865,0,684,334,742,225,791,160,837,104
1786208050.292,665,665,793,657,900,583,966,493,1000,396,857,386,899,255,926,183,946,115,801,342,848,206,883,132,912,63,744,320,787,174,831,81,872,0,680,318,739,208,790,145,837,91
1786208050.446,659,659,788,652,899,579,965,488,1000,389,856,377,899,241,926,170,946,102,798,333,848,193,882,117,910,46,740,311,788,166,834,78,877,0,675,308,733,199,783,137,830,83
1786208050.640,661,661,790,654,900,580,967,489,1000,390,856,383,900,246,927,176,947,109,799,338,848,200,882,127,910,57,741,317,788,169,833,80,875,0,677,315,735,205,784,143,830,89
1786208050.825,656,656,788,645,899,568,966,475,1000,377,852,368,896,229,923,155,944,85,795,325,846,185,881,108,911,34,736,304,786,161,833,76,877,0,670,301,729,190,780,128,828,74
1786208051.003,664,664,793,657,901,582,968,491,1000,394,856,388,900,256,926,187,946,119,799,343,846,207,882,134,911,63,741,322,784,175,828,83,871,0,678,321,736,213,786,151,834,98
1786208051.180,648,648,784,633,897,554,965,459,1000,359,847,351,893,208,921,136,945,67,789,308,841,164,878,89,912,20,729,288,781,145,830,67,878,0,662,286,721,172,772,110,821,55
1786208051.343,647,647,782,643,896,567,966,472,1000,368,850,366,893,224,919,150,940,77,792,320,839,177,876,103,910,36,734,297,780,149,828,68,877,0,667,293,724,178,774,119,822,71
1786208051.519,653,653,786,645,899,569,965,476,1000,375,851,368,894,229,922,158,943,89,793,324,841,183,878,107,910,35,734,303,782,157,830,73,876,0,669,301,728,189,779,128,827,74
1786208051.697,666,666,792,660,899,585,965,497,1000,402,855,393,898,263,925,195,946,129,798,349,845,213,881,138,910,66,742,329,782,180,826,85,868,0,680,329,738,220,788,158,835,103
1786208051.885,658,658,788,647,899,570,966,480,1000,381,851,371,896,236,924,167,945,98,794,329,845,191,880,117,910,47,735,308,784,164,831,77,875,0,670,305,730,195,780,132,828,78
1786208052.077,669,669,794,661,900,585,965,498,1000,402,857,391,900,263,927,193,947,126,802,348,848,214,882,140,912,70,746,329,786,180,827,84,868,0,683,330,741,218,790,155,838,102
1786208052.248,654,654,785,643,896,568,963,478,1000,380,850,368,895,229,923,158,945,91,793,324,845,184,882,109,914,39,735,301,785,157,833,73,879,0,669,298,728,186,779,124,828,70
1786208052.415,643,643,778,630,894,554,964,461,1000,357,844,346,890,203,920,129,944,60,785,304,837,159,875,82,912,12,725,282,777,139,825,62,874,0,657,278,718,162,770,99,821,47
1786208052.590,657,657,787,644,897,568,964,479,1000,381,850,368,895,231,922,161,943,93,793,327,844,189,878,117,907,49,734,307,782,165,828,77,871,0,668,304,728,193,779,131,827,76
1786208052.768,660,660,789,646,899,571,966,480,1000,381,852,373,898,236,926,165,948,96,796,331,847,191,884,115,916,43,738,310,786,166,832,78,875,0,674,307,735,196,786,133,835,79
1786208052.942,646,646,780,630,894,551,963,457,1000,355,848,348,894,207,924,134,948,64,790,305,843,163,881,88,917,19,729,284,782,141,830,64,879,0,661,280,722,164,774,102,826,50
1786208053.128,658,658,787,650,896,573,962,481,1000,383,854,377,898,244,925,175,946,108,796,333,844,195,880,121,912,51,738,312,782,165,828,76,872,0,674,311,732,202,782,140,830,88
1786208053.271,679,679,798,674,901,602,965,517,1000,423,862,415,904,294,929,227,949,161,806,371,849,240,880,167,906,94,752,352,783,199,818,94,852,0,693,354,750,245,798,182,844,128
1786208053.430,639,639,775,623,893,545,964,447,1000,343,845,336,891,191,919,117,944,47,786,294,838,147,875,72,912,4,726,273,778,130,825,58,873,0,656,269,715,152,766,90,818,38
1786208053.612,647,647,780,636,895,558,963,464,1000,363,849,355,892,218,920,146,943,75,790,311,840,172,877,97,911,26,730,288,781,147,827,68,873,0,662,285,723,172,773,111,822,59
1786208053.786,644,644,781,629,896,551,965,458,1000,356,846,346,892,199,920,123,944,52,787,304,838,157,876,80,911,10,726,283,778,141,826,64,875,0,658,279,717,163,769,102,819,50
1786208053.952,649,649,783,638,898,562,967,469,1000,370,849,360,894,216,922,144,944,77,791,317,842,176,878,100,910,29,731,295,781,153,828,71,874,0,665,290,724,178,774,116,822,62
1786208054.144,653,653,787,641,899,566,967,474,1000,374,852,365,896,221,923,149,945,81,794,322,844,179,879,104,911,35,735,300,783,155,830,72,876,0,668,297,726,187,776,127,825,75
1786208054.324,642,642,779,628,895,550,966,455,1000,352,845,342,892,195,921,122,946,56,786,300,837,152,876,79,913,16,725,277,777,134,827,60,877,0,656,271,718,155,771,97,822,48
1786208054.496,648,648,783,634,896,556,965,463,1000,363,846,355,892,208,921,134,945,67,787,314,838,167,875,91,910,24,726,292,777,149,827,68,875,0,659,287,721,171,774,110,825,57
1786208054.670,667,667,794,651,903,575,969,487,1000,391,856,381,898,240,924,170,945,104,799,340,844,196,878,118,908,46,741,320,785,174,829,81,870,0,677,319,734,212,782,150,827,97
1786208054.852,663,663,792,651,901,578,967,488,1000,392,856,381,900,242,926,172,944,107,800,338,848,197,880,123,907,53,742,317,787,170,831,79,873,0,678,315,734,208,782,148,828,95
1786208055.027,658,658,789,646,899,572,966,483,1000,387,854,375,897,237,924,166,945,99,797,332,845,191,880,114,911,43,739,311,784,164,830,76,874,0,674,308,731,198,780,136,827,83
1786208055.199,661,661,791,642,899,563,966,471,1000,374,850,364,894,224,923,155,947,91,794,322,844,178,881,101,914,34,737,301,787,155,836,71,883,0,673,300,733,188,784,127,834,76
1786208055.402,646,646,780,631,894,553,963,459,1000,359,846,349,892,204,921,131,945,63,788,306,839,159,877,83,913,14,728,284,779,141,827,64,875,0,660,280,719,165,770,103,821,51
1786208055.567,650,650,783,636,895,558,962,465,1000,367,849,356,894,217,921,146,944,78,791,313,841,172,878,97,911,29,732,290,781,149,828,69,875,0,665,287,723,175,772,114,821,62
1786208055.749,645,645,782,631,894,556,963,464,1000,363,847,351,892,209,920,138,942,71,789,307,840,166,877,93,910,27,731,285,781,143,828,65,876,0,664,281,722,171,773,112,822,61
1786208055.928,650,650,782,641,894,564,962,473,1000,373,849,364,895,227,923,155,946,87,792,320,844,180,881,105,915,36,733,298,784,154,833,71,880,0,668,294,726,183,777,123,825,71
1786208056.098,642,642,780,628,893,553,963,459,1000,357,847,347,893,204,922,131,945,63,790,304,841,158,878,83,913,17,731,283,782,136,832,61,882,0,663,279,722,166,775,106,826,57
1786208056.271,646,646,781,632,894,555,964,462,1000,362,849,351,893,207,920,134,942,66,791,308,841,163,876,91,908,26,731,287,782,142,829,65,877,0,663,283,721,172,771,113,820,64
1786208056.449,653,653,785,641,896,563,964,472,1000,373,848,365,893,225,922,153,944,85,790,322,842,181,879,104,911,33,732,301,782,158,829,73,874,0,666,297,727,185,778,124,826,70
1786208056.638,645,645,782,629,895,549,965,455,1000,354,845,345,890,197,919,123,944,54,785,304,836,156,874,81,909,15,725,283,776,140,824,63,873,0,657,279,717,161,770,99,821,45
1786208056.815,651,651,785,636,897,561,966,470,1000,371,849,359,893,215,921,144,944,76,791,317,842,175,878,100,911,31,733,296,781,153,829,70,876,0,667,292,727,179,778,117,826,63
1786208056.991,646,646,781,627,895,548,965,456,1000,356,846,344,891,197,920,126,945,59,787,303,838,156,876,81,913,16,727,282,778,140,827,63,877,0,660,279,719,164,770,103,820,50
1786208057.177,647,647,783,627,895,549,965,456,1000,355,847,344,893,199,922,128,947,59,787,303,838,157,877,80,914,11,726,282,778,142,826,65,875,0,658,280,716,168,766,108,814,56
1786208057.348,648,648,783,630,896,552,964,460,1000,359,844,347,890,200,918,126,942,58,785,306,834,158,872,82,907,13,724,286,774,144,823,66,872,0,657,283,717,170,770,109,822,56
1786208057.526,663,663,792,651,898,576,964,490,1000,396,855,380,898,242,923,170,943,103,800,338,846,194,879,118,906,47,743,318,787,167,834,77,878,0,678,318,735,210,785,149,833,97
1786208057.697,645,645,780,624,894,544,964,450,1000,351,846,339,891,191,919,120,943,55,788,298,838,149,876,73,913,7,727,278,777,134,826,60,875,0,658,275,716,162,766,103,816,53
1786208057.886,651,651,785,637,897,560,965,470,1000,373,848,360,893,218,920,147,942,80,789,318,839,174,876,99,908,29,730,296,779,154,826,72,871,0,663,293,720,185,768,126,815,74
1786208058.063,652,652,785,639,895,564,962,473,1000,376,849,361,892,219,920,149,943,83,793,318,843,174,880,100,913,34,735,295,785,149,833,68,880,0,669,293,725,182,775,124,823,74
1786208058.240,659,659,787,652,896,575,962,486,1000,390,854,380,896,242,922,170,943,104,797,336,845,198,881,121,913,52,740,314,785,169,831,78,875,0,676,311,731,203,779,144,825,94
1786208058.418,653,653,784,641,894,564,962,473,1000,376,850,367,892,222,920,150,942,83,792,324,843,181,880,103,913,31,733,302,782,157,830,72,878,0,666,297,723,187,773,126,822,75
1786208058.594,669,669,795,660,900,589,965,502,1000,407,858,395,898,255,924,182,944,116,802,353,848,209,882,133,912,67,746,332,786,180,829,82,870,0,682,330,736,219,782,158,827,107
1786208058.765,648,648,782,631,895,554,965,461,1000,360,846,346,890,201,918,130,942,64,787,305,836,157,874,83,909,16,726,283,776,142,824,64,874,0,658,279,715,166,766,106,815,57
1786208058.942,668,668,795,660,901,586,964,499,1000,406,855,397,898,265,924,195,943,128,798,353,845,218,880,143,908,72,740,332,781,183,823,85,863,0,677,330,735,221,782,158,828,103
1786208059.120,638,638,776,625,890,548,960,454,1000,350,842,343,888,207,917,135,942,65,782,298,834,161,874,86,915,18,722,275,771,135,821,60,873,0,654,269,712,154,763,95,815,47
1786208059.314,665,665,792,659,899,585,963,496,1000,401,855,393,897,261,924,190,945,123,798,349,844,212,880,134,911,64,740,327,782,178,826,82,868,0,677,324,735,214,784,154,831,105
1786208059.501,642,642,777,633,890,556,959,463,1000,362,847,354,890,216,916,142,939,71,788,310,836,171,873,97,908,29,729,287,777,145,825,66,873,0,663,282,721,169,772,109,822,61
1786208059.676,659,659,789,650,897,575,963,486,1000,388,852,378,896,244,924,173,946,106,795,333,844,197,882,123,914,55,737,311,782,166,827,77,871,0,673,309,729,200,776,139,822,88
1786208059.852,641,641,777,623,891,545,962,454,1000,354,842,339,888,197,917,127,942,60,784,296,835,153,874,79,910,11,725,273,776,134,824,60,872,0,659,269,717,155,769,94,820,41
1786208060.017,650,650,783,633,895,556,965,466,1000,367,848,351,892,207,920,139,945,74,789,309,838,164,875,92,909,28,729,287,779,144,827,66,875,0,662,283,719,171,768,113,815,63
1786208060.194,651,651,783,640,895,566,963,475,1000,376,849,363,892,221,919,149,941,81,791,320,841,178,877,102,910,31,733,297,782,154,828,71,874,0,666,292,724,181,773,122,820,72
1786208060.378,654,654,786,644,895,568,962,477,1000,379,851,368,893,228,920,154,942,87,795,324,843,182,879,109,912,46,737,301,782,155,828,70,874,0,672,297,726,186,775,127,822,78
1786208060.558,665,665,791,657,898,582,963,494,1000,399,854,391,896,258,922,187,943,120,797,347,845,211,881,135,912,64,739,325,782,178,827,83,870,0,676,322,734,212,784,150,831,97
1786208060.747,641,641,776,632,890,553,959,459,1000,359,847,350,891,209,918,134,942,64,789,307,838,166,877,91,915,27,730,284,777,140,826,62,877,0,662,278,719,167,770,107,820,60
1786208060.911,642,642,778,632,890,554,959,461,1000,360,847,351,890,213,916,140,938,69,789,308,836,169,873,95,909,29,730,285,777,143,825,64,874,0,664,279,721,166,772,108,823,61
1786208061.091,669,669,795,657,899,581,964,494,1000,402,857,388,897,253,923,182,944,117,801,346,846,207,880,134,907,68,744,325,783,177,825,82,864,0,681,324,738,218,785,156,830,105
1786208061.277,655,655,785,641,894,565,962,476,1000,379,853,362,895,221,922,148,944,82,796,321,844,178,880,104,914,41,737,300,784,154,830,69,877,0,672,298,728,186,776,125,823,76
1786208061.445,647,647,779,632,892,555,961,464,1000,366,849,349,892,204,920,130,944,64,791,307,839,162,875,89,909,26,731,285,778,142,825,64,873,0,663,281,722,168,772,107,821,56
1786208061.615,664,664,792,655,899,580,964,492,1000,399,857,386,899,248,924,175,943,109,802,343,848,202,882,127,910,59,745,321,787,173,830,80,870,0,681,319,736,212,784,151,828,99
1786208061.811,646,646,780,634,892,557,961,465,1000,365,849,352,894,210,922,135,945,67,792,309,843,167,880,90,916,22,733,287,782,144,829,65,876,0,667,283,724,172,775,113,824,64
1786208061.982,638,638,774,625,888,547,960,454,1000,354,845,343,890,203,918,131,942,64,786,299,837,160,875,87,913,23,727,276,776,136,824,61,873,0,660,271,716,159,766,101,816,53
1786208062.173,647,647,779,632,893,555,963,465,1000,366,848,347,891,202,919,130,943,64,791,305,840,161,877,87,911,22,731,283,780,141,828,63,875,0,664,280,722,169,774,108,824,57
1786208062.335,665,665,789,653,896,580,963,495,1000,401,856,384,898,247,923,177,945,113,803,341,850,201,884,131,913,72,748,319,790,170,833,78,875,0,684,318,738,212,785,152,830,104
1786208062.511,642,642,775,631,888,555,959,463,1000,363,849,350,893,207,920,132,943,61,793,307,843,163,880,90,915,25,735,284,784,140,831,62,880,0,667,279,722,167,771,107,820,60
1786208062.689,634,634,771,622,885,544,956,449,1000,347,845,339,890,199,916,124,939,51,788,295,838,153,876,77,914,10,729,273,778,130,825,58,875,0,661,269,715,156,765,97,816,50
1786208062.834,635,635,773,623,887,545,957,450,1000,349,846,342,890,201,916,126,939,53,789,296,838,155,877,77,915,9,730,273,779,131,826,57,875,0,662,267,717,154,768,94,820,47
1786208063.000,647,647,781,640,892,562,960,472,1000,375,851,366,893,230,919,156,940,85,793,322,840,185,876,110,911,44,734,299,777,157,822,71,868,0,669,295,725,187,774,129,822,82
1786208063.167,653,653,785,644,893,568,959,477,1000,381,854,370,895,239,920,166,941,95,797,326,844,192,879,116,911,47,740,304,782,163,824,75,867,0,674,301,728,194,775,136,822,89
1786208063.347,645,645,778,637,887,562,957,471,1000,373,851,358,891,220,918,146,940,75,794,314,842,177,879,103,916,36,736,292,782,151,829,69,877,0,669,288,723,178,772,118,820,69
1786208063.522,643,643,778,632,889,554,959,463,1000,363,849,353,891,211,917,137,939,66,791,309,840,168,877,92,915,24,733,286,780,144,828,65,877,0,667,281,722,169,772,110,821,61
1786208063.696,668,668,793,661,897,586,963,501,1000,408,855,396,897,267,923,196,942,128,800,352,843,218,877,142,906,71,744,330,780,183,819,85,858,0,683,329,740,221,788,162,833,113
1786208063.872,638,638,774,627,888,546,959,454,1000,356,844,344,888,201,914,126,937,56,786,300,834,158,872,83,909,17,727,277,774,134,822,59,872,0,660,272,717,157,769,98,820,51
1786208064.095,640,640,775,631,890,551,960,458,1000,358,846,349,890,205,917,130,939,60,788,304,836,161,874,83,909,13,728,281,776,137,824,62,872,0,661,274,718,159,768,101,819,53
1786208070.462,635,635,769,635,889,561,956,456,1000,347,850,350,894,204,923,122,950,52,790,304,843,156,882,77,919,14,729,282,784,137,828,59,871,0,653,275,705,156,752,90,799,36
1786208070.630,640,640,773,635,894,557,968,461,1000,351,856,335,900,188,921,117,943,49,801,291,854,140,889,70,926,14,743,270,798,119,843,50,891,0,673,265,727,143,775,85,824,43
1786208070.806,640,640,774,639,894,564,964,466,1000,358,853,348,901,195,926,120,948,51,794,304,846,147,882,70,917,7,734,283,786,129,834,56,882,0,663,279,718,162,769,101,820,55
1786208070.981,635,635,770,633,889,556,963,458,1000,350,851,348,896,198,920,121,942,47,796,303,848,151,886,70,923,0,737,282,790,129,836,57,884,2,667,277,718,157,765,95,813,48
1786208071.149,632,632,767,630,890,554,965,455,1000,343,853,339,898,189,924,113,947,40,794,294,845,143,882,67,922,1,734,273,786,123,832,54,881,0,662,269,716,151,763,91,810,43
1786208071.338,643,643,774,639,897,567,972,472,1000,359,868,351,908,202,930,124,950,50,811,306,859,154,892,77,925,13,752,285,802,131,844,57,886,0,682,279,732,155,780,90,827,42
1786208071.516,645,645,781,635,899,556,972,457,1000,347,863,359,906,212,929,131,950,53,808,316,852,163,885,78,918,1,750,297,794,143,835,62,878,0,682,295,731,173,777,104,825,50
1786208071.689,704,704,811,704,914,616,973,525,1000,430,880,427,908,281,929,191,946,119,823,390,859,228,882,110,900,9,764,379,789,214,810,99,829,0,699,389,731,273,757,196,781,131
1786208071.877,763,763,875,682,942,548,971,427,1000,326,871,387,892,217,906,102,920,0,808,376,811,213,819,121,834,49,749,393,749,232,764,143,787,73,684,434,688,302,707,218,735,148
1786208072.043,790,790,907,701,973,560,995,432,1000,325,881,394,865,244,854,153,847,66,818,384,808,216,817,101,836,0,760,403,744,241,753,148,776,74,698,450,690,318,704,232,729,159
1786208072.223,778,778,900,693,971,549,992,416,1000,305,874,385,860,235,850,144,845,57,808,375,801,210,810,101,824,0,746,394,735,234,743,137,759,54,681,441,676,308,690,220,710,141
1786208072.400,779,779,900,696,969,554,991,421,1000,308,878,391,865,242,856,150,849,62,812,379,806,213,815,102,830,0,751,397,738,239,746,144,764,60,687,441,682,310,695,226,717,149
1786208072.587,771,771,891,685,962,542,989,410,1000,294,873,365,859,211,847,121,837,34,805,355,795,189,798,90,809,0,742,375,730,210,737,116,755,36,674,420,674,280,690,191,715,112
1786208072.764,771,771,893,689,965,541,989,406,1000,294,873,376,857,224,847,129,842,41,802,365,792,201,799,95,815,0,738,384,725,227,734,131,753,51,671,430,670,297,685,208,707,131
1786208072.949,773,773,894,690,968,541,994,409,1000,300,874,371,860,213,849,126,842,43,808,364,799,197,805,94,818,0,746,385,737,221,745,130,761,52,681,433,680,300,691,217,708,143
1786208073.115,780,780,900,693,972,549,995,420,1000,312,878,389,863,235,852,147,845,61,813,379,804,211,813,101,829,0,752,396,740,231,752,139,774,62,688,440,684,307,697,222,719,148
1786208073.321,759,759,887,674,965,530,993,393,1000,272,871,347,857,188,846,96,840,9,800,336,788,171,794,79,810,0,737,353,722,189,733,95,755,17,669,395,667,257,682,169,706,93
1786208073.466,766,766,893,683,967,540,993,403,1000,283,873,364,860,211,849,121,841,34,804,352,796,189,805,89,822,0,741,368,729,206,740,113,762,36,673,410,672,276,688,190,713,115
1786208079.911,758,758,877,675,948,539,984,414,1000,298,846,355,844,199,844,101,846,12,779,347,775,184,785,85,803,0,717,366,711,202,724,103,747,22,652,412,652,277,672,190,699,115
1786208080.106,762,762,876,688,952,542,987,411,1000,295,852,365,840,202,835,105,838,18,783,355,770,182,777,80,799,0,720,375,708,201,722,101,749,24,654,418,651,276,669,184,696,107
1786208080.275,754,754,872,670,946,529,983,400,1000,286,847,355,840,191,838,94,840,4,782,344,777,172,785,76,805,0,721,362,714,187,731,90,759,14,655,404,656,264,675,174,703,100
1786208080.451,755,755,874,660,945,516,983,389,1000,272,848,345,841,189,840,97,842,11,782,337,776,170,785,76,805,0,719,356,710,187,726,96,754,24,653,399,652,259,672,169,700,93
1786208080.629,753,753,871,663,942,523,981,393,1000,276,847,348,839,190,834,96,834,7,781,339,775,171,785,76,807,0,718,357,708,188,724,95,753,23,653,400,651,262,671,172,700,98
1786208080.801,756,756,878,671,952,532,989,405,1000,287,852,356,841,201,835,110,834,23,785,346,779,184,789,84,810,0,724,363,715,201,731,112,761,41,660,406,659,272,679,186,708,114
1786208080.988,759,759,877,674,947,538,984,415,1000,300,853,368,844,216,839,122,837,32,788,356,782,192,793,88,816,0,727,374,718,205,737,107,768,29,665,416,666,279,688,189,720,112
1786208081.134,761,761,878,678,949,541,984,417,1000,301,854,367,849,212,849,114,852,21,788,357,785,194,796,90,818,0,728,376,721,211,740,118,771,44,665,420,667,285,689,196,720,121
1786208081.285,761,761,880,676,951,543,984,421,1000,308,854,372,848,224,844,133,843,46,788,361,785,199,795,93,815,0,728,378,720,214,738,116,767,35,665,421,667,288,690,200,721,123
1786208081.461,765,765,885,682,955,547,986,423,1000,309,860,378,852,232,848,141,847,53,794,367,791,206,803,97,823,0,734,384,727,222,744,125,772,45,670,427,672,295,693,207,723,131
1786208081.633,763,763,884,679,953,543,985,418,1000,304,859,375,854,229,853,137,856,50,792,365,791,206,802,97,822,0,732,382,724,223,742,128,769,50,669,426,673,293,695,206,724,131
1786208081.806,754,754,875,671,942,532,979,408,1000,298,845,357,838,208,835,115,836,30,778,346,773,185,783,85,805,0,716,364,705,201,722,105,751,29,652,408,653,274,674,185,704,110
1786208082.004,756,756,876,668,946,521,981,393,1000,281,846,349,833,189,827,92,829,4,777,343,767,177,774,80,795,0,712,365,702,201,713,107,736,31,645,411,645,274,663,184,688,107
1786208082.184,756,756,882,669,954,529,984,400,1000,282,853,351,844,193,842,92,846,0,783,343,775,176,785,81,808,2,720,364,709,197,725,103,754,28,654,410,654,276,674,188,703,113
1786208082.354,762,762,883,673,953,534,984,405,1000,288,858,359,850,205,844,109,843,18,789,347,784,183,793,84,814,0,726,367,715,200,730,107,759,32,659,412,660,279,680,192,710,118
1786208082.526,762,762,883,673,953,539,985,415,1000,300,855,367,847,219,841,126,840,38,787,356,782,194,792,90,814,0,725,373,716,210,733,113,763,36,661,418,662,287,683,200,714,127
1786208082.701,759,759,878,674,953,528,987,397,1000,278,849,346,838,184,834,87,839,0,778,339,766,166,776,73,803,2,713,362,699,191,715,95,745,23,647,412,643,274,659,184,684,108
1786208082.886,771,771,886,690,958,557,991,430,1000,321,862,381,850,232,845,140,844,57,794,371,788,206,797,97,817,0,731,391,721,230,734,134,760,56,667,437,669,307,688,218,715,142
1786208083.062,763,763,881,683,950,551,982,426,1000,311,857,379,850,231,847,139,848,54,791,366,786,205,796,95,817,0,729,383,721,225,739,133,769,59,666,425,667,294,688,208,718,134
1786208083.246,763,763,884,678,954,542,983,419,1000,308,857,372,854,217,854,117,859,26,790,362,786,201,796,93,816,0,728,383,720,222,738,126,768,47,665,429,666,302,687,217,717,143
1786208083.429,759,759,879,673,955,533,990,403,1000,288,856,346,845,189,839,90,840,0,787,338,780,174,791,81,816,6,722,358,714,194,729,100,757,26,655,405,658,269,677,176,703,97
1786208083.599,767,767,885,678,956,539,987,409,1000,292,858,363,855,203,857,96,864,0,792,355,786,190,796,94,818,14,730,376,722,209,737,114,765,38,665,423,667,289,686,201,714,127
1786208090.192,774,774,883,702,955,567,988,446,1000,332,862,390,869,215,881,98,897,0,796,383,793,212,802,96,821,2,735,405,732,241,748,146,776,73,671,449,676,315,697,227,727,157
1786208090.383,767,767,875,702,949,571,988,449,1000,345,859,398,846,247,841,155,842,73,794,385,789,219,799,102,819,0,733,403,728,246,744,156,770,84,669,447,673,314,693,229,719,159
1786208090.548,761,761,874,690,951,552,988,423,1000,311,858,376,847,220,843,123,846,39,792,361,787,194,799,87,823,0,729,378,725,212,742,117,770,45,662,420,667,282,687,193,715,121
1786208090.735,763,763,881,689,956,547,987,416,1000,299,855,367,847,208,842,112,843,26,788,356,777,182,787,80,812,0,727,375,713,203,729,108,760,40,664,418,664,279,683,190,712,120
1786208090.905,773,773,888,695,964,564,997,438,1000,318,862,378,853,211,854,109,861,17,796,367,786,192,797,86,821,0,735,386,727,213,746,118,779,48,672,429,673,290,692,202,723,131
1786208091.085,770,770,889,695,962,557,991,424,1000,302,861,377,852,218,849,123,850,34,794,365,787,193,799,88,823,0,735,384,720,209,737,108,768,29,673,428,675,290,694,200,724,126
1786208091.268,777,777,891,700,962,569,993,446,1000,328,863,385,855,224,854,128,858,40,798,374,788,201,798,92,821,0,739,393,727,222,746,127,779,54,677,437,678,302,698,217,728,147
1786208091.454,774,774,890,692,963,557,993,428,1000,304,862,369,857,200,859,95,864,0,795,359,788,183,800,83,824,1,734,379,721,202,737,99,767,16,670,423,674,285,694,194,725,118
1786208091.634,771,771,887,690,962,554,995,425,1000,300,861,366,854,197,855,93,860,0,793,358,781,185,791,90,816,15,730,379,716,206,733,112,766,40,666,424,667,289,686,204,716,135
1786208091.798,767,767,883,687,957,553,992,424,1000,299,857,359,848,196,846,97,851,8,787,351,774,177,786,78,814,0,724,372,710,201,728,108,763,39,661,419,659,284,677,200,705,131
1786208091.977,773,773,888,695,961,564,994,437,1000,316,864,372,854,211,852,115,855,28,795,363,783,192,793,87,817,0,733,385,718,219,736,127,768,55,669,433,668,302,685,219,712,152
1786208092.147,775,775,892,697,967,566,996,438,1000,318,868,381,858,224,855,129,858,43,799,371,786,199,797,90,822,0,737,392,722,224,741,132,775,62,674,440,673,309,691,225,720,158
1786208092.324,771,771,887,693,962,562,993,437,1000,320,867,383,858,224,856,126,862,36,800,372,791,203,803,92,829,0,739,391,727,226,745,135,780,66,677,436,679,306,699,222,731,155
1786208092.522,773,773,886,707,961,575,993,453,1000,342,868,399,856,242,856,148,863,62,804,388,796,217,811,99,839,0,745,408,735,245,755,153,790,82,686,452,685,325,704,242,731,175
1786208092.691,777,777,891,703,967,575,1000,450,1000,333,871,388,862,226,863,127,871,37,805,378,797,207,811,95,839,0,744,399,734,235,753,143,787,72,682,446,682,316,700,234,728,167
1786208092.885,773,773,889,699,964,568,994,443,1000,327,867,387,857,233,855,139,858,53,801,375,793,206,808,95,836,0,741,394,730,231,747,136,779,62,680,440,680,310,697,226,723,156
1786208093.046,772,772,890,696,964,564,995,439,1000,322,866,381,857,225,856,128,860,39,798,369,790,202,804,93,830,0,737,388,728,222,747,125,779,50,675,433,676,301,696,215,724,144
1786208093.227,773,773,889,697,964,571,998,446,1000,328,868,376,867,210,871,100,878,0,802,365,796,195,807,97,831,20,743,385,734,216,755,124,791,56,682,431,685,295,707,209,739,142
1786208093.399,773,773,889,697,964,574,996,452,1000,334,867,385,866,219,869,115,874,18,804,373,799,200,813,93,838,0,746,392,738,224,761,133,799,68,685,438,687,302,710,215,744,146
1786208093.574,783,783,897,708,969,588,1000,467,997,355,876,405,870,254,871,160,874,70,814,391,813,224,828,106,853,0,757,409,752,247,773,156,807,84,697,454,702,324,725,241,757,173
1786208093.747,773,773,887,697,960,577,992,459,1000,344,867,388,866,228,870,124,877,28,804,376,806,209,826,96,858,0,746,396,740,234,763,145,800,78,686,442,690,313,714,228,747,160
1786208093.941,777,777,892,701,965,576,996,453,1000,334,870,383,871,213,876,101,883,0,806,373,804,203,820,106,848,28,747,393,740,227,762,136,798,69,687,440,692,307,716,221,749,152
1786208094.119,779,779,892,703,965,581,996,460,1000,344,872,395,871,230,874,128,878,33,809,385,806,212,822,97,850,0,752,406,743,242,770,155,812,94,692,452,695,322,717,240,751,177
1786208094.295,772,772,884,698,953,577,986,462,1000,355,863,397,863,230,867,126,873,30,803,388,800,213,819,99,848,0,747,408,739,240,767,151,811,87,689,453,690,322,713,240,749,176
1786208094.471,770,770,883,699,954,580,987,464,1000,355,866,396,866,230,868,128,874,33,806,387,804,215,821,100,849,0,751,406,742,245,766,161,806,98,692,450,693,323,713,243,745,179
1786208094.646,770,770,880,703,951,587,983,475,1000,367,867,410,864,261,864,169,867,81,807,396,815,229,834,109,860,0,751,413,746,256,768,172,801,102,693,454,699,328,723,247,756,178
1786208094.835,768,768,879,702,947,586,978,474,1000,370,867,411,863,267,862,180,863,95,807,396,815,230,832,110,856,0,752,412,749,258,771,174,804,105,694,453,700,326,724,244,756,172
1786208094.999,767,767,876,702,947,587,979,474,1000,368,868,409,863,263,862,175,863,89,807,395,816,229,836,110,862,0,751,412,750,258,771,174,805,103,693,453,699,328,721,247,753,177
1786208095.191,772,772,884,705,951,585,979,471,1000,366,868,413,865,263,864,173,866,86,808,399,812,232,829,110,852,0,753,417,746,264,770,182,805,116,695,460,698,335,721,255,752,187
1786208095.381,762,762,880,689,950,565,980,445,1000,331,861,380,861,211,865,101,872,0,796,372,792,207,805,105,831,17,736,393,729,234,751,145,787,74,676,438,682,308,705,223,737,153
1786208095.551,766,766,883,691,954,567,984,447,1000,333,865,384,863,219,867,113,873,15,800,375,798,207,814,98,840,0,740,396,732,237,753,147,787,73,680,442,686,313,710,230,742,159
1786208095.719,761,761,880,687,951,565,984,446,1000,333,861,379,862,212,868,101,878,0,796,371,792,206,809,110,839,30,738,391,730,232,754,142,792,72,680,436,687,306,710,223,741,155
1786208095.899,789,789,888,707,948,572,977,460,1000,358,841,404,855,226,869,115,882,22,787,404,792,221,809,99,833,0,738,431,732,260,765,173,808,115,689,482,689,341,719,256,758,194
1786208096.089,797,797,890,700,938,557,972,445,1000,340,819,400,842,227,863,113,882,18,766,400,770,215,801,94,837,0,723,430,700,242,729,121,765,30,686,483,688,343,720,247,757,173
1786208096.246,800,800,890,706,939,562,974,449,1000,344,813,406,823,240,841,129,857,37,762,402,766,214,798,94,837,0,719,430,698,238,731,116,772,24,682,484,685,347,717,254,757,182
1786208096.437,795,795,888,697,938,553,974,443,1000,336,820,395,844,219,866,100,882,0,765,396,764,215,786,113,815,41,720,428,701,241,735,127,774,44,683,484,684,350,715,258,753,186
1786208096.615,799,799,888,703,938,558,973,448,1000,345,815,400,834,224,853,102,867,0,760,403,753,220,783,135,818,86,717,436,692,254,723,138,759,55,680,493,680,359,709,267,743,195
1786208096.805,800,800,887,697,937,553,973,444,1000,339,816,396,834,218,853,100,867,0,762,399,757,214,788,96,824,6,719,432,691,244,722,121,759,28,682,490,680,353,711,257,748,182
1786208096.964,808,808,896,706,943,569,977,462,1000,360,823,416,841,241,860,127,875,32,773,415,775,227,806,99,840,0,731,445,712,255,757,144,805,66,696,499,695,363,730,272,771,202
1786208097.150,801,801,893,699,942,562,977,453,1000,350,830,403,855,224,877,113,893,19,778,404,769,217,793,93,821,0,735,434,723,259,773,181,823,139,697,484,695,347,727,259,766,198
1786208097.317,731,731,844,677,935,575,988,480,1000,382,859,370,869,202,880,108,890,30,808,349,827,176,853,78,884,0,755,354,770,179,796,83,829,14,697,383,716,249,746,171,782,112
1786208097.494,667,667,801,630,914,542,978,444,1000,344,859,353,875,204,879,122,882,46,798,315,821,162,841,76,861,0,738,303,766,149,800,72,837,15,672,309,706,181,747,114,792,65
1786208097.697,681,681,809,650,914,570,980,474,1000,372,860,388,887,239,900,154,909,73,803,353,833,197,856,97,879,0,745,343,778,193,811,105,844,32,680,349,714,226,751,153,790,91
1786208097.859,687,687,809,663,910,586,974,494,1000,398,862,404,885,260,894,176,900,94,807,368,836,210,858,102,880,0,752,358,783,209,815,125,848,57,689,365,719,246,752,176,789,119
1786208098.052,684,684,808,655,909,575,974,482,1000,383,858,390,880,244,889,160,898,79,802,356,828,197,849,96,871,0,746,347,773,199,802,118,834,53,683,355,713,233,746,163,784,105
1786208098.216,667,667,794,635,900,554,969,461,1000,363,846,362,868,215,877,132,885,52,790,330,817,173,838,84,861,0,733,322,763,168,791,85,824,17,668,331,700,206,733,133,770,72
1786208098.396,690,690,814,657,914,573,975,481,1000,385,855,379,871,235,879,151,886,71,801,349,823,192,845,92,870,0,747,344,771,191,801,109,837,47,686,359,714,236,745,165,780,109
1786208098.580,680,680,807,645,909,559,973,463,1000,363,849,361,861,215,865,129,870,47,793,331,811,174,831,82,856,0,738,325,758,171,785,85,817,19,676,339,704,215,734,141,766,82
1786208098.740,685,685,808,657,908,570,974,474,1000,375,846,384,860,238,866,151,872,69,790,353,810,199,830,95,854,0,736,348,756,202,781,115,809,42,677,361,702,243,729,170,758,107
1786208098.918,669,669,800,638,906,551,973,451,1000,351,841,361,854,208,859,119,868,37,780,331,799,181,816,85,839,0,722,325,744,183,766,94,790,18,658,339,684,218,710,143,736,76
1786208099.109,673,673,802,641,906,554,973,456,1000,356,843,357,857,205,864,117,872,36,783,328,802,177,818,83,841,0,725,322,747,179,769,91,794,17,660,336,687,214,714,137,740,69
1786208099.283,676,676,805,648,905,565,969,466,1000,366,843,361,858,211,864,123,871,39,784,332,803,182,820,87,841,0,727,328,748,186,771,99,796,24,662,344,687,226,714,151,740,84
1786208099.472,671,671,802,643,907,561,973,461,1000,359,842,355,859,204,867,116,876,35,782,326,803,177,820,84,841,0,725,322,747,181,768,95,792,20,659,338,685,218,712,143,738,75
1786208099.638,668,668,797,639,902,558,970,461,1000,362,838,356,856,206,865,118,875,36,780,326,801,179,818,85,838,0,722,321,744,183,766,97,790,22,658,336,683,217,710,143,736,75
1786208099.838,672,672,801,640,904,555,972,454,1000,352,839,353,853,201,859,113,868,31,781,326,796,176,813,82,836,0,723,323,742,179,764,91,790,17,660,339,683,216,708,139,734,70
1786208099.989,673,673,799,644,901,557,967,458,1000,360,838,359,851,207,856,119,863,35,781,329,800,179,819,84,842,0,726,324,747,180,771,95,797,22,662,338,686,217,712,143,738,75
1786208100.175,679,679,804,652,904,568,970,468,1000,366,839,373,852,223,856,133,861,48,783,343,801,190,820,90,843,0,727,338,748,192,773,106,801,35,665,353,689,231,715,155,743,90
1786208100.356,666,666,793,646,899,561,968,462,1000,366,839,358,853,205,861,115,870,32,779,328,799,179,815,85,835,0,721,322,743,181,765,93,789,16,655,336,683,216,709,141,735,74
1786208100.535,657,657,781,631,879,561,955,482,1000,395,817,352,835,206,844,119,852,39,763,321,783,175,802,82,823,0,709,315,731,175,757,92,784,20,649,326,671,212,697,141,723,75
1786208100.708,666,666,784,646,882,573,957,497,1000,413,822,371,842,223,850,138,858,60,770,340,792,188,812,88,833,0,718,334,742,190,769,106,795,32,659,346,684,231,711,160,738,93
1786208100.884,652,652,778,628,880,556,955,478,1000,393,817,347,836,203,846,116,857,36,762,317,783,175,803,83,824,0,707,310,731,175,755,91,780,16,645,322,670,208,697,136,724,68
1786208101.072,650,650,777,630,881,557,957,478,1000,392,817,348,833,202,843,114,856,34,761,318,781,174,801,81,825,0,706,310,729,172,753,87,781,13,644,322,670,206,696,133,723,66
1786208101.244,654,654,783,635,885,559,959,475,1000,385,822,355,839,205,847,116,856,34,767,323,786,175,804,82,826,0,713,315,735,173,760,87,787,13,651,324,677,205,704,132,730,66
1786208101.415,662,662,788,645,890,568,963,482,1000,392,828,367,845,217,851,129,860,47,774,334,794,184,813,87,836,0,721,325,745,183,772,100,801,28,661,336,687,217,714,146,741,80
1786208101.603,664,664,791,645,890,571,962,487,1000,395,828,366,845,220,852,132,860,50,774,333,794,184,814,88,837,0,721,325,744,185,770,102,798,30,661,337,686,221,713,150,740,85
1786208101.784,669,669,792,649,891,575,963,492,1000,402,829,374,846,226,853,139,860,58,776,342,796,189,816,89,839,0,723,335,744,192,772,109,801,40,663,349,689,233,718,163,747,100
1786208101.967,664,664,791,644,891,569,963,484,1000,393,828,366,846,219,853,132,861,51,775,334,795,184,815,87,837,0,723,328,746,186,772,104,798,32,663,341,688,224,715,153,742,87
1786208102.165,668,668,793,648,892,575,962,491,1000,400,830,375,849,229,856,144,864,64,778,342,800,191,821,91,844,0,726,335,750,193,777,112,805,42,668,348,693,232,721,162,749,96
1786208102.312,666,666,792,646,892,572,963,488,1000,398,829,372,847,225,854,139,862,58,776,338,797,188,816,89,838,0,724,331,746,190,774,111,803,42,664,344,690,229,719,159,747,96
1786208102.497,673,673,795,657,893,583,962,498,1000,408,832,383,850,237,858,151,865,70,780,349,802,197,823,94,846,0,729,342,751,200,779,119,807,49,670,355,696,241,724,172,753,108
1786208102.685,663,663,790,642,888,568,960,481,1000,390,826,360,847,214,857,127,867,47,773,327,795,177,816,83,841,0,720,319,744,176,771,93,799,20,660,331,685,213,714,141,743,76
1786208102.876,656,656,787,634,888,559,962,472,1000,381,825,354,846,205,855,117,867,38,771,321,793,171,812,80,835,0,716,312,741,169,766,86,792,13,654,323,681,203,710,131,738,63
1786208103.032,662,662,792,640,891,567,961,480,1000,388,827,365,845,217,854,129,863,48,773,331,794,181,814,85,836,0,720,322,745,179,772,95,801,23,660,334,686,216,715,144,744,78
1786208103.216,657,657,786,633,887,558,961,473,1000,383,827,352,846,206,856,120,868,41,772,319,794,172,815,80,839,0,718,311,743,170,767,86,794,13,656,323,684,204,712,132,739,65
1786208103.381,655,655,785,631,887,557,961,471,1000,381,826,354,846,207,855,120,867,41,772,320,794,172,814,80,838,0,718,310,742,169,766,85,793,12,655,321,683,202,711,129,738,62
1786208103.560,654,654,784,631,886,555,959,467,1000,377,827,354,847,205,857,118,870,38,772,320,795,172,814,80,838,0,718,311,743,170,767,86,793,12,656,322,683,202,710,130,737,63
1786208103.733,658,658,787,634,887,559,960,472,1000,381,827,354,847,205,858,118,871,38,772,321,795,173,814,81,838,0,718,313,741,173,765,88,792,14,655,325,682,205,710,132,738,65
1786208103.908,654,654,783,633,886,557,960,472,1000,381,825,351,845,204,858,117,873,38,769,318,793,172,814,80,840,0,714,310,739,172,764,87,793,12,652,323,680,205,709,132,739,64
1786208104.102,658,658,788,633,889,558,962,473,1000,382,827,357,847,209,858,122,872,43,771,324,795,176,816,82,842,0,717,314,742,174,767,88,796,12,655,324,684,204,713,131,743,63
1786208104.282,659,659,789,634,889,558,961,472,1000,380,826,354,845,208,857,122,871,43,771,322,793,174,815,81,843,0,717,314,741,173,766,88,796,14,656,326,682,206,711,133,741,64
1786208104.457,657,657,790,631,890,553,962,465,1000,374,824,354,844,206,855,118,869,38,768,322,792,173,815,80,842,0,715,313,740,171,767,86,797,13,654,324,682,203,712,129,741,61
1786208104.649,658,658,789,635,889,558,963,472,1000,381,827,356,847,208,859,122,874,42,771,323,795,174,817,81,845,0,717,315,741,173,767,87,797,12,655,326,682,204,712,131,743,62
1786208104.818,658,658,787,636,887,556,960,468,1000,379,826,357,846,208,857,121,869,40,771,325,795,175,816,82,841,0,716,316,742,173,767,88,796,14,654,326,682,205,711,132,740,63
1786208104.985,657,657,787,632,889,555,962,470,1000,380,828,353,848,205,859,118,873,39,771,320,796,175,817,82,842,0,716,311,741,174,766,88,793,12,653,322,682,204,711,132,740,64
1786208105.179,658,658,788,634,888,558,961,473,1000,381,825,356,846,209,858,122,872,43,771,323,795,175,817,82,842,0,717,314,742,173,768,89,796,14,656,323,683,205,712,133,741,65
1786208105.335,658,658,787,632,889,556,962,473,1000,384,826,355,847,207,859,120,873,40,772,322,796,175,818,82,843,0,718,313,744,173,770,88,799,13,657,322,684,204,713,132,743,65
1786208105.530,654,654,783,633,888,556,962,472,1000,383,826,351,847,203,859,116,873,37,770,318,795,172,817,80,842,0,715,310,742,172,767,87,796,13,652,321,681,203,710,132,740,66
1786208105.719,656,656,786,630,889,555,963,471,1000,382,826,351,849,205,861,120,875,42,773,318,799,172,821,80,846,0,720,309,746,170,771,86,798,13,657,320,685,201,715,129,744,62
1786208105.883,655,655,786,631,889,555,962,469,1000,375,824,349,844,200,856,113,871,35,768,316,793,168,814,78,840,0,714,308,740,165,766,82,795,10,651,320,680,198,709,125,739,57
1786208106.068,652,652,784,628,887,554,961,468,1000,373,820,346,842,198,854,112,868,32,766,313,792,166,814,77,840,0,712,304,739,162,767,79,798,7,651,313,679,192,710,121,741,54
1786208106.228,651,651,783,628,885,553,960,468,1000,374,821,349,845,201,857,115,871,36,767,316,794,169,817,79,843,0,714,307,740,166,768,82,798,9,652,316,680,197,711,125,742,59
1786208106.371,655,655,787,628,888,553,961,468,1000,375,821,347,844,199,855,112,869,33,767,315,792,167,814,78,838,0,712,306,739,165,766,82,795,8,650,317,678,197,708,125,739,58
1786208106.546,656,656,787,631,889,556,962,472,1000,381,826,352,848,206,861,121,876,42,772,320,798,174,820,81,846,0,718,311,744,172,769,88,798,14,655,323,683,203,712,131,742,64
1786208106.716,656,656,788,629,889,552,962,469,1000,377,825,351,848,205,861,120,876,43,770,318,797,172,820,80,847,0,716,308,744,169,769,85,798,11,654,318,684,199,713,127,743,60
1786208106.888,653,653,785,631,888,556,961,472,1000,380,825,352,848,207,861,121,877,43,770,319,796,173,819,81,844,0,715,309,743,171,769,87,797,12,653,318,684,201,714,129,743,61
1786208107.066,653,653,785,631,888,554,961,467,1000,376,824,352,847,206,859,120,874,42,769,319,795,173,817,81,841,0,714,310,741,170,766,86,794,11,651,319,681,200,711,128,740,59
1786208107.259,652,652,783,631,886,554,960,468,1000,377,824,352,847,205,860,119,875,41,770,319,796,172,818,80,843,0,716,309,743,169,768,85,797,10,653,318,683,198,713,126,742,57
1786208107.421,653,653,783,632,887,555,961,469,1000,376,827,352,849,205,862,119,877,41,772,319,797,172,818,80,845,0,716,309,743,170,768,86,797,11,653,319,683,201,712,129,742,61
1786208107.614,651,651,780,632,886,555,961,471,1000,381,826,351,848,204,861,116,877,37,770,317,796,173,817,81,841,0,714,307,741,171,766,86,795,10,650,318,681,201,711,129,741,61
1786208107.797,653,653,784,631,887,555,961,470,1000,380,826,352,848,205,861,119,877,40,771,319,796,173,818,81,844,0,715,309,741,172,766,88,795,13,652,318,682,200,711,129,741,62
1786208107.962,654,654,785,626,886,551,961,468,1000,378,826,353,849,206,862,121,877,43,771,318,797,174,819,82,845,0,717,308,744,170,770,86,799,10,655,318,684,201,713,130,743,63
1786208108.133,651,651,783,628,888,552,963,468,1000,378,828,356,848,205,861,116,877,36,770,322,796,176,817,82,843,0,715,312,740,176,766,91,794,16,651,322,683,206,712,135,741,68
1786208108.318,654,654,785,630,887,552,962,469,1000,378,826,353,848,206,861,119,876,41,770,320,796,175,818,82,843,0,715,310,742,173,768,88,797,11,653,320,683,202,713,130,744,62
1786208108.467,653,653,783,628,887,550,962,466,1000,375,827,350,849,202,860,116,874,37,771,317,796,172,815,81,839,0,715,309,741,170,766,86,794,12,651,319,682,200,711,129,740,62
1786208108.615,650,650,779,626,886,549,961,463,1000,372,827,348,849,199,860,114,873,37,771,314,796,167,816,78,840,0,715,305,743,165,768,81,795,8,652,314,682,194,712,122,741,55
1786208108.788,654,654,784,630,888,553,961,468,1000,377,824,349,848,202,860,116,874,39,769,316,795,170,817,79,843,0,714,307,740,166,766,82,795,10,650,316,680,196,710,123,741,55
1786208108.938,653,653,782,631,887,551,962,465,1000,376,827,348,847,202,860,116,876,39,771,316,795,171,817,80,843,0,714,307,739,170,764,86,793,13,651,317,681,200,711,129,741,63
1786208109.086,654,654,785,628,888,552,963,467,1000,375,824,351,846,206,860,120,875,43,769,318,795,172,818,80,845,0,715,307,741,167,767,84,796,10,653,315,682,197,711,125,741,57
1786208109.276,654,654,786,625,887,551,962,467,1000,376,823,350,844,205,857,120,872,43,769,317,794,173,816,81,843,0,716,307,741,169,767,86,795,12,654,318,681,199,710,128,740,59
1786208109.457,655,655,785,630,888,554,962,472,1000,380,826,351,848,206,861,121,876,43,772,318,797,173,820,82,846,0,716,309,743,170,769,87,798,11,653,318,682,200,711,129,741,61
1786208109.631,654,654,785,631,888,554,963,470,1000,379,826,353,847,206,861,120,878,42,771,319,797,174,820,82,846,0,716,309,744,170,770,85,800,8,653,318,684,200,715,128,746,59
1786208109.799,654,654,786,630,889,554,963,468,1000,377,825,352,848,206,860,121,875,44,771,318,797,172,819,81,845,0,717,309,743,169,768,86,796,12,654,318,683,199,712,127,741,59
1786208109.981,654,654,786,629,890,552,964,468,1000,376,826,348,847,204,860,120,875,43,772,316,796,171,819,81,845,0,717,306,742,168,768,84,797,10,654,317,682,198,711,126,740,57
1786208110.153,654,654,788,627,890,549,962,465,1000,374,825,346,848,200,860,116,876,39,770,314,795,167,818,78,845,0,716,306,741,165,767,82,797,10,653,316,681,196,711,123,742,56
1786208110.327,655,655,787,630,889,553,962,469,1000,376,823,352,847,204,859,118,870,40,768,320,793,171,816,80,840,0,713,311,739,168,770,85,802,15,650,321,679,202,712,132,746,67
1786208110.530,653,653,787,626,890,551,964,466,1000,371,821,348,845,200,857,113,869,35,766,316,791,167,814,78,838,0,711,306,738,164,768,81,799,10,649,314,677,195,710,125,745,60
1786208110.693,656,656,786,629,888,553,962,467,1000,374,824,350,847,204,859,120,873,44,770,317,795,171,817,81,843,0,714,308,740,168,765,85,794,11,652,318,679,199,708,127,737,58
1786208110.867,651,651,782,627,887,549,961,462,1000,368,819,343,845,195,858,110,872,33,764,310,791,163,813,76,837,0,708,300,735,158,764,75,794,3,645,308,674,188,705,116,738,50
1786208111.056,661,661,789,637,892,561,964,476,1000,382,825,359,850,211,862,127,874,50,770,327,796,175,820,84,845,0,715,319,742,171,772,88,804,14,653,329,681,211,715,141,750,78
1786208111.230,653,653,785,630,890,553,964,468,1000,375,824,349,847,202,861,117,876,40,769,317,796,169,819,80,845,0,714,308,741,165,768,82,798,8,650,316,680,196,711,123,742,56
1786208111.397,654,654,783,636,888,556,960,466,1000,374,825,350,847,201,857,113,869,34,769,316,793,167,814,78,837,0,713,308,740,166,766,83,794,12,649,320,679,199,708,128,737,61
1786208111.577,654,654,783,636,887,556,959,468,1000,378,826,352,848,204,858,117,868,38,771,318,797,168,818,78,843,0,716,309,744,165,773,82,803,11,654,319,684,200,715,129,747,63
1786208111.750,653,653,784,631,887,555,959,467,1000,374,828,345,852,197,863,112,876,33,772,311,798,164,819,77,844,0,716,302,744,161,770,78,800,6,653,312,681,192,711,121,741,54
1786208111.894,655,655,784,633,886,558,959,473,1000,383,830,349,854,206,867,122,882,45,775,314,801,169,824,80,851,0,720,305,746,166,772,84,801,11,657,316,686,198,715,126,746,59
1786208112.057,651,651,782,629,886,554,958,465,1000,373,826,347,852,199,865,113,879,36,771,312,799,165,821,77,845,0,716,303,745,161,771,78,799,5,653,312,682,193,711,121,740,53
1786208112.231,676,676,796,661,897,589,965,507,1000,416,836,396,859,253,871,170,879,93,785,361,811,205,833,99,853,0,733,351,762,201,796,117,829,46,674,360,705,241,740,173,777,114
1786208112.408,664,664,787,650,894,578,966,495,1000,400,832,380,856,233,868,149,879,71,778,346,804,192,827,92,850,0,724,336,753,187,785,103,818,33,663,341,695,221,731,151,768,89
1786208112.587,653,653,785,630,891,556,965,470,1000,373,824,353,849,205,863,119,876,42,770,320,798,171,823,81,848,0,715,310,744,165,774,82,805,10,652,317,682,199,716,130,751,68
1786208112.779,668,668,791,647,891,573,960,489,1000,398,830,374,852,233,865,150,876,72,779,340,805,190,829,91,853,0,727,331,756,185,788,105,821,37,667,340,698,223,733,155,770,94
1786208112.957,651,651,784,627,888,551,962,463,1000,370,825,342,850,196,863,111,877,35,770,310,797,164,819,77,845,0,714,301,742,160,769,77,798,4,649,311,680,193,711,122,742,56
1786208113.133,651,651,783,628,888,554,962,466,1000,372,826,346,850,198,863,113,878,36,771,312,798,166,821,78,847,0,715,303,744,161,771,78,800,5,651,312,681,192,712,120,743,54
1786208113.301,652,652,784,631,891,556,964,470,1000,374,821,347,847,199,861,113,875,35,766,315,795,166,819,79,845,0,711,305,740,162,771,79,803,7,648,313,679,192,713,121,748,56
1786208113.478,655,655,787,635,893,562,964,479,1000,382,822,357,847,212,860,128,873,51,767,323,794,175,818,84,843,0,713,312,741,168,774,85,808,13,652,319,684,199,721,132,759,71
1786208113.668,675,675,797,657,899,586,968,507,1000,415,833,391,856,252,869,171,878,95,781,358,809,205,832,100,854,0,730,349,760,204,794,123,830,56,671,358,703,239,739,172,778,114
1786208113.829,657,657,788,635,893,562,965,479,1000,383,822,355,847,210,860,125,871,47,767,322,794,173,818,83,842,0,711,311,741,169,772,87,804,15,649,319,681,201,717,134,753,74
1786208114.039,655,655,786,633,891,559,964,475,1000,379,820,349,845,203,858,118,871,41,766,316,793,168,817,80,841,0,710,306,739,163,771,82,804,12,647,316,677,195,712,127,748,65
1786208114.197,661,661,791,640,891,566,962,485,1000,392,824,364,848,221,860,137,870,59,770,331,796,181,819,88,841,0,715,320,744,178,776,96,808,24,654,328,686,212,723,146,760,86
1786208114.384,662,662,789,643,892,571,963,490,1000,395,826,369,850,225,863,142,873,65,772,335,799,184,822,89,845,0,717,325,747,180,781,99,815,27,655,333,687,216,724,150,762,90
1786208114.549,658,658,786,639,891,565,964,482,1000,386,825,358,849,213,862,130,874,53,770,325,797,176,822,84,846,0,714,315,744,170,777,87,810,16,652,322,685,202,722,135,759,74
1786208114.725,652,652,784,632,890,560,964,477,1000,380,822,352,846,207,860,123,872,46,767,319,795,171,819,82,844,0,712,308,742,165,773,84,806,13,650,315,683,197,719,130,756,69
1786208114.909,650,650,782,627,888,556,962,474,1000,378,818,346,845,199,859,114,873,37,763,313,793,165,818,79,843,0,708,303,737,160,768,79,800,9,645,310,675,192,710,124,745,63
1786208115.078,649,649,781,629,887,557,961,475,1000,378,819,348,845,203,860,118,873,41,764,315,793,166,818,79,843,0,709,304,737,161,768,80,799,10,647,312,676,192,710,125,747,64
1786208115.284,651,651,781,632,888,559,963,477,1000,381,821,347,847,200,860,116,873,39,767,314,795,167,820,80,844,0,711,304,740,161,770,80,802,8,648,313,678,193,711,126,747,63
1786208115.447,657,657,782,644,890,570,963,487,1000,390,824,360,849,211,863,127,876,50,769,328,797,176,823,85,849,0,714,318,744,169,777,87,811,15,651,326,683,206,718,137,755,75
1786208115.621,653,653,782,635,888,560,962,477,1000,381,822,351,847,206,861,122,873,46,768,317,795,170,820,81,845,0,712,307,741,163,773,81,806,11,650,315,681,195,717,127,754,66
1786208115.815,661,661,784,646,890,571,964,489,1000,393,825,367,851,221,864,138,876,62,772,334,800,183,825,88,850,0,719,324,750,176,785,95,821,25,658,331,690,210,727,142,765,81
1786208115.984,650,650,779,632,886,555,962,471,1000,372,821,344,846,196,860,111,874,35,764,312,794,164,818,78,843,0,708,303,738,160,768,78,800,4,645,311,677,191,710,121,745,56
1786208116.153,654,654,783,637,889,561,963,476,1000,379,823,350,847,202,861,116,874,40,767,318,795,168,820,80,844,0,710,309,740,163,772,81,804,7,646,319,678,198,712,128,748,64
1786208116.332,647,647,780,630,887,557,962,471,1000,373,819,342,845,195,859,111,873,35,763,310,791,161,816,76,842,0,707,299,735,155,766,75,799,4,643,307,674,186,708,117,744,55
1786208116.523,651,651,781,636,890,561,964,476,1000,379,823,349,849,201,863,117,876,40,767,317,795,168,820,80,845,0,711,309,741,163,772,82,805,10,648,318,679,198,713,130,749,67
1786208116.694,647,647,785,621,890,550,964,468,1000,369,817,343,842,199,857,114,873,38,761,311,791,165,818,77,845,0,707,299,736,159,768,78,802,8,645,306,675,187,711,119,748,57
1786208116.872,651,651,784,633,892,560,964,476,1000,379,820,350,845,202,858,117,871,40,765,318,792,168,817,80,843,0,710,307,739,163,771,83,804,13,648,314,679,194,714,126,751,65
1786208117.046,646,646,783,625,887,552,962,468,1000,368,817,342,845,198,861,114,877,37,761,310,792,166,818,78,845,0,706,299,736,159,768,77,802,6,645,306,676,187,712,119,749,56
1786208117.230,646,646,778,631,886,557,961,472,1000,373,818,342,845,197,859,113,874,37,762,310,791,162,816,76,843,0,707,300,735,156,767,75,800,4,644,308,674,187,709,119,745,57
1786208117.405,647,647,781,630,887,556,962,470,1000,372,819,344,846,199,861,113,875,37,763,311,793,165,819,78,846,0,707,299,737,157,769,76,803,6,645,305,676,186,712,119,749,58
1786208117.583,648,648,782,627,888,552,960,466,1000,368,818,342,845,198,860,113,874,37,762,310,793,164,818,77,843,0,706,299,738,159,769,77,802,5,642,307,674,188,709,120,746,57
1786208117.756,647,647,779,626,886,552,961,469,1000,371,818,343,845,199,860,113,875,37,762,309,793,164,819,78,845,0,706,298,737,156,770,76,803,5,644,304,676,186,711,118,748,56
1786208117.943,650,650,783,630,888,554,961,469,1000,373,819,344,846,199,860,114,873,37,764,311,794,164,819,78,845,0,708,300,738,157,770,78,802,8,644,308,675,189,710,121,747,61
1786208118.124,650,650,783,630,889,556,962,473,1000,376,818,346,844,200,858,116,872,39,762,313,792,165,818,79,844,0,706,302,736,158,769,77,802,7,644,309,676,188,713,120,751,59
1786208118.299,658,658,788,643,892,570,964,487,1000,391,823,361,849,218,863,135,875,58,769,327,798,178,823,85,847,0,715,316,746,172,780,93,813,24,654,325,686,205,725,138,763,77
1786208118.478,653,653,783,637,889,561,963,477,1000,378,820,349,846,203,860,119,873,43,764,316,791,167,816,79,841,0,709,307,737,161,770,80,803,9,647,317,677,196,712,127,750,65
1786208118.653,658,658,790,638,893,562,964,480,1000,384,825,358,850,215,863,132,875,54,770,325,797,177,821,85,845,0,716,315,746,171,780,91,814,22,655,322,687,205,725,138,763,77
1786208118.847,660,660,786,646,892,569,964,486,1000,389,824,363,851,220,866,139,879,63,770,330,799,181,824,88,847,0,716,321,748,175,783,95,819,27,655,330,688,209,726,141,764,80
1786208119.024,665,665,790,651,896,575,965,492,1000,395,829,372,855,229,870,147,882,72,775,339,804,186,830,89,855,0,720,328,753,179,789,96,825,26,659,335,693,215,731,146,770,86
1786208119.188,665,665,790,648,895,574,965,491,1000,394,828,369,854,228,868,148,879,73,774,337,802,186,827,90,849,0,720,327,751,180,786,98,822,28,658,336,690,216,727,149,766,90
1786208119.380,673,673,795,656,898,584,968,501,1000,404,832,382,859,239,874,159,885,84,780,348,810,195,837,93,860,0,728,338,759,189,796,106,832,39,667,344,700,223,738,155,777,97
1786208119.556,668,668,792,650,897,575,966,493,1000,396,829,372,857,230,872,150,884,75,775,339,804,189,830,91,853,0,721,329,753,181,790,99,826,29,659,337,693,219,731,152,771,94
1786208119.736,659,659,786,643,893,567,965,483,1000,384,824,361,851,217,866,136,878,59,769,329,798,179,824,87,848,0,714,319,746,170,781,88,817,17,651,326,686,204,724,136,763,74
1786208119.902,662,662,789,648,896,573,966,487,1000,388,827,363,854,220,869,138,882,63,772,330,800,179,826,86,851,0,717,319,748,170,785,89,821,21,655,326,689,205,728,136,768,75
1786208120.069,673,673,796,658,898,585,966,503,1000,406,834,382,861,241,876,162,888,87,781,349,811,197,836,95,859,0,727,339,758,190,795,105,831,32,666,347,699,229,737,161,776,101
1786208120.253,658,658,788,642,895,567,966,481,1000,382,827,357,854,213,869,129,881,51,770,324,799,176,825,84,850,0,714,313,745,169,781,87,816,17,653,321,687,201,725,135,763,75
1786208120.438,662,662,788,647,894,571,966,486,1000,387,829,366,859,221,876,141,888,66,772,333,803,180,829,87,853,0,715,322,748,174,786,90,822,18,652,330,687,209,725,141,764,81
1786208120.620,672,672,795,662,899,587,967,503,1000,408,832,387,859,243,874,161,885,85,777,353,805,197,830,94,852,0,724,342,755,188,794,98,832,22,666,349,701,228,740,158,780,98
1786208120.800,676,676,796,663,900,591,968,507,1000,411,837,385,863,237,878,156,888,81,783,352,811,195,836,93,858,0,729,342,758,193,794,114,830,50,668,347,701,223,739,154,779,98
1786208120.964,660,660,787,646,896,572,966,487,1000,387,828,368,857,224,874,142,888,65,772,334,803,182,831,88,857,0,717,323,750,173,787,90,825,21,654,329,689,206,728,136,768,75
1786208121.151,650,650,780,636,890,557,964,469,1000,370,826,349,853,201,869,116,883,39,768,316,798,168,824,80,850,0,710,304,743,160,776,77,809,5,646,311,680,190,716,120,753,56
1786208121.318,658,658,783,647,892,569,965,481,1000,383,827,364,854,217,870,134,883,57,771,330,801,179,828,86,853,0,715,318,749,171,784,88,819,17,652,323,687,204,724,136,762,75
1786208121.505,648,648,777,634,887,556,963,468,1000,368,823,344,851,198,866,115,881,40,766,311,796,164,821,79,847,0,709,300,740,157,771,75,804,2,644,308,678,186,712,117,748,53
1786208121.701,651,651,779,637,888,559,963,472,1000,374,824,346,853,200,868,116,883,41,767,314,797,166,823,80,849,0,709,304,740,160,771,77,805,4,645,313,678,192,713,123,749,60
1786208121.867,649,649,776,634,887,556,962,470,1000,371,822,344,851,200,867,118,882,43,765,312,796,165,822,80,848,0,708,302,739,158,770,76,804,3,644,310,677,190,712,121,748,58
1786208122.044,648,648,775,631,884,555,961,468,1000,370,821,343,850,199,867,116,882,41,764,311,794,164,819,79,845,0,706,302,736,159,766,78,799,6,642,311,673,192,705,125,740,63
1786208122.214,648,648,776,632,887,555,963,469,1000,369,822,342,850,197,866,114,880,40,765,310,795,163,820,78,845,0,708,300,737,156,768,75,801,4,643,308,674,188,708,120,743,58
1786208122.388,649,649,780,629,889,556,964,472,1000,373,824,346,852,200,868,115,884,39,767,313,798,168,824,80,850,0,710,303,741,164,773,82,806,9,645,310,676,192,710,123,744,58
1786208122.564,648,648,778,632,889,555,964,467,1000,368,823,345,850,198,866,114,881,40,765,312,795,166,820,79,846,0,707,302,738,159,769,77,801,3,642,309,674,189,707,120,741,56
1786208122.741,649,649,777,634,886,559,962,472,1000,374,822,346,850,201,867,117,883,42,765,314,797,166,823,80,850,0,708,303,740,159,772,76,805,2,644,309,676,189,710,120,746,56
1786208122.885,650,650,779,633,887,557,962,471,1000,372,822,344,851,198,867,114,883,38,765,310,795,164,821,79,848,0,708,300,739,157,771,75,805,3,644,308,676,187,711,118,747,55
1786208123.069,662,662,784,646,890,572,962,490,1000,395,828,369,856,224,872,143,884,68,776,335,808,183,835,88,860,0,723,323,757,171,794,87,830,16,661,327,698,205,737,136,777,76
1786208123.223,661,661,786,644,891,568,962,486,1000,393,827,364,855,220,871,140,883,66,771,332,800,180,826,86,849,0,715,322,747,174,784,89,820,16,653,331,688,211,725,143,764,84
1786208123.412,662,662,786,643,892,569,963,487,1000,391,828,361,858,215,874,137,886,63,774,329,805,177,831,85,856,0,719,318,751,167,787,86,823,20,656,326,689,204,727,136,766,78
1786208123.579,663,663,788,647,893,573,963,491,1000,396,829,370,857,227,873,147,887,72,775,336,805,185,833,88,860,0,722,324,754,174,791,94,830,29,661,330,693,208,732,140,772,83
1786208123.759,670,670,790,654,893,581,963,501,1000,409,832,382,860,241,875,163,887,88,779,348,808,194,833,93,857,0,726,338,757,189,792,109,830,43,665,347,697,227,734,159,775,102
1786208123.949,666,666,789,649,895,575,967,492,1000,394,827,370,853,225,868,143,880,68,773,336,802,183,829,87,856,0,718,326,749,175,786,92,823,23,656,335,687,213,724,144,763,85
1786208124.127,651,651,780,624,887,546,963,463,1000,369,817,339,845,193,861,109,876,33,761,309,792,162,818,77,846,0,704,301,734,157,766,76,801,7,640,311,671,191,705,121,742,60
1786208124.296,662,662,787,640,892,563,965,478,1000,381,824,351,850,204,864,120,877,43,769,320,797,169,822,81,848,0,713,312,742,163,775,80,810,9,650,324,680,203,716,135,753,74
1786208124.487,667,667,790,647,898,571,968,492,1000,400,833,363,857,215,869,135,876,59,778,332,805,178,828,85,849,0,722,324,751,171,785,89,819,21,659,334,689,211,724,141,760,82
1786208124.652,653,653,782,630,890,555,963,473,1000,381,819,346,846,202,861,121,875,46,762,315,790,166,816,79,842,0,706,307,734,163,766,80,800,9,643,319,671,199,704,131,740,69
1786208124.822,657,657,780,639,887,566,962,486,1000,393,825,356,852,212,867,132,881,58,767,324,795,173,820,82,848,0,710,315,739,169,771,87,806,20,649,323,681,203,715,134,752,76
1786208124.967,671,671,793,652,899,578,968,502,1000,411,834,381,858,236,871,155,879,80,779,349,805,192,828,92,850,0,725,339,755,187,791,105,828,40,664,348,695,226,732,157,771,99
1786208125.137,667,667,792,647,897,572,968,492,1000,400,831,371,855,227,869,146,880,70,775,339,801,187,825,90,851,0,719,330,747,183,780,100,815,32,657,339,688,220,723,151,761,92
1786208125.302,651,651,780,629,889,550,965,463,1000,366,823,339,847,190,860,105,875,29,766,306,792,159,815,73,842,0,708,298,733,156,761,74,793,4,643,309,673,189,705,118,739,54
1786208125.486,652,652,783,630,890,552,966,467,1000,373,826,342,851,194,865,109,881,33,769,310,797,163,821,77,848,0,712,303,738,162,765,80,795,9,647,314,677,196,707,124,739,58
1786208125.664,653,653,782,631,889,553,964,467,1000,369,821,340,847,192,861,108,877,32,765,307,793,160,818,75,845,0,708,299,737,155,767,74,801,4,645,309,675,187,708,115,743,51
1786208125.836,653,653,779,633,888,556,961,475,1000,382,820,345,847,199,861,117,874,41,765,313,793,165,818,79,844,0,709,305,739,160,770,79,803,8,647,315,677,194,712,126,748,64
1786208126.028,649,649,776,633,884,558,959,474,1000,381,818,345,847,195,862,111,876,36,762,313,792,162,818,77,845,0,706,304,736,159,768,77,802,6,643,314,675,194,709,125,745,62
1786208126.196,653,653,779,638,886,562,960,479,1000,385,821,350,850,202,864,119,877,43,766,316,795,165,820,78,846,0,710,307,742,159,774,78,809,7,649,316,680,193,715,124,752,62
1786208126.378,653,653,780,638,888,561,962,477,1000,381,819,352,850,204,866,122,881,46,763,319,793,166,820,79,847,0,707,310,739,162,774,80,811,10,646,319,678,196,715,126,754,64
1786208126.548,660,660,785,644,889,568,962,485,1000,391,824,361,853,214,869,132,884,58,769,327,798,174,826,83,854,0,713,319,744,169,779,87,816,18,651,329,682,206,718,136,757,75
1786208126.733,651,651,778,635,886,557,961,473,1000,378,820,342,850,195,866,111,883,37,762,312,791,162,816,77,844,0,704,304,732,161,763,80,797,8,641,316,670,196,702,129,738,69
1786208126.901,648,648,775,634,882,556,959,472,1000,379,820,341,851,191,868,106,884,32,762,310,792,161,818,76,846,0,704,302,733,159,764,78,798,8,641,311,671,191,704,124,739,64
1786208127.102,650,650,780,632,886,554,960,468,1000,373,823,337,852,191,868,106,884,32,764,307,794,162,819,77,847,0,706,299,734,161,764,81,798,9,642,311,670,194,700,128,732,66
1786208127.301,650,650,781,631,888,556,962,471,1000,376,825,341,853,195,870,109,886,34,768,310,797,165,823,76,853,0,710,302,737,163,767,82,801,11,647,312,674,195,704,127,736,63
1786208127.456,649,649,780,630,887,552,959,465,1000,371,823,337,850,192,866,108,881,33,765,305,795,162,819,77,846,0,708,298,737,159,766,78,800,7,644,309,673,191,704,123,738,60
1786208127.623,651,651,778,630,885,553,961,470,1000,377,822,336,852,192,870,109,887,36,765,305,796,160,822,76,850,0,707,298,738,157,769,77,804,5,643,310,674,190,707,121,743,58
1786208127.797,651,651,776,633,884,557,960,471,1000,376,820,342,850,194,866,110,881,36,763,310,795,162,820,76,846,0,706,302,737,160,767,78,799,6,643,313,674,194,706,124,740,61
1786208127.972,649,649,778,631,885,553,960,467,1000,371,820,338,849,194,865,111,881,37,761,306,792,162,817,76,844,0,704,299,733,159,764,78,798,6,640,311,671,194,704,126,739,62
1786208128.161,649,649,779,632,886,556,961,470,1000,372,820,341,849,196,866,111,882,36,762,309,792,163,817,77,844,0,705,301,734,161,764,80,797,8,642,311,672,193,704,124,738,60
1786208128.334,648,648,776,632,885,556,961,470,1000,374,819,340,848,196,864,114,880,41,761,308,791,161,816,76,843,0,704,300,733,158,764,77,797,5,641,312,672,194,705,125,740,61
1786208128.524,648,648,776,633,885,558,961,471,1000,374,819,344,848,197,866,113,882,38,761,312,792,164,817,77,845,0,704,304,734,162,764,79,798,7,641,314,673,195,706,125,741,61
1786208142.363,700,700,797,642,876,555,942,486,1000,432,795,348,823,210,839,125,850,54,726,329,734,173,738,79,739,0,662,346,650,200,645,109,643,30,602,390,572,283,557,214,546,148
1786208142.535,701,701,798,644,879,556,946,485,1000,426,798,348,824,209,838,123,847,51,728,331,729,177,729,82,726,0,663,349,648,204,643,112,641,31,603,393,574,287,557,216,545,149
1786208142.716,706,706,803,650,883,561,947,489,1000,426,804,357,821,214,829,124,834,46,735,340,731,185,733,87,734,0,670,355,654,208,650,112,651,27,610,395,582,281,569,201,562,127
1786208142.898,737,737,847,700,938,579,984,468,1000,375,863,385,878,220,888,113,892,30,792,372,798,198,806,87,808,0,724,390,727,230,753,179,765,151,655,433,667,321,701,334,719,374
1786208143.065,668,668,819,607,942,434,1000,261,965,139,823,213,818,31,860,45,880,121,734,201,735,0,794,43,818,142,651,217,643,18,710,54,737,148,560,265,578,118,641,121,677,183
1786208143.245,676,676,824,615,944,447,1000,276,968,155,834,227,834,40,873,37,892,100,746,212,741,0,798,24,826,116,663,225,656,27,716,41,744,128,574,270,591,125,637,120,661,177
1786208143.418,669,669,821,613,943,442,1000,269,966,145,830,223,818,34,861,26,886,86,740,209,733,0,790,19,819,107,657,223,648,24,710,36,740,118,569,267,582,115,635,102,666,152
1786208143.611,717,717,819,668,901,587,957,517,1000,453,824,380,844,232,854,138,861,59,755,361,762,196,770,90,776,0,689,374,686,217,689,114,694,27,623,412,602,293,597,209,598,131
1786208143.780,668,668,771,624,859,553,934,501,1000,466,775,333,792,199,798,118,801,49,709,313,715,164,719,75,720,0,645,325,638,187,638,103,640,29,584,360,560,254,549,183,541,114
1786208143.958,678,678,776,630,859,554,935,496,1000,455,775,351,789,211,797,123,802,48,712,332,716,179,723,82,727,0,651,345,643,197,645,103,649,23,592,380,568,269,561,189,560,113
1786208144.134,688,688,816,639,914,545,972,456,1000,369,810,354,814,211,820,137,828,75,743,334,745,177,759,78,775,0,679,338,678,190,697,102,721,38,613,366,618,252,641,192,670,147
1786208144.326,683,683,812,633,914,523,971,421,1000,329,805,338,802,202,802,147,808,101,737,319,737,158,752,65,775,0,675,325,670,175,696,105,730,69,609,355,617,235,648,175,687,139
1786208144.484,695,695,817,647,913,536,971,437,1000,349,814,358,810,227,806,173,807,127,750,338,750,178,761,77,778,0,690,345,687,194,709,112,738,60,628,377,636,262,662,201,695,160
1786208144.668,710,710,819,667,905,576,960,495,1000,415,828,392,848,232,859,127,868,39,759,373,770,209,779,98,787,0,692,382,687,223,691,109,698,9,625,416,615,298,618,214,628,137
1786208144.851,677,677,775,624,858,551,932,502,1000,476,782,340,807,203,822,122,834,52,716,318,725,167,733,78,737,0,652,330,642,185,641,97,642,20,590,367,565,258,553,188,546,121
1786208145.055,677,677,776,624,859,552,932,503,1000,474,780,339,807,203,822,121,835,49,711,318,713,167,717,78,719,0,647,332,632,190,626,101,623,20,589,372,561,268,545,200,534,132
1786208145.204,692,692,789,635,869,556,939,492,1000,440,789,353,809,202,819,109,826,30,720,341,716,182,717,84,718,0,656,361,637,213,631,117,631,33,598,403,572,293,560,217,554,146
1786208145.393,676,676,816,621,921,486,975,350,1000,241,815,278,814,135,811,87,811,63,735,258,733,94,739,25,750,0,664,271,656,117,673,58,695,50,588,314,593,188,617,126,644,103
1786208145.561,692,692,822,641,922,514,977,388,1000,282,822,322,820,192,813,142,807,104,749,301,750,147,757,57,770,0,683,312,677,164,695,95,718,69,614,353,619,232,641,169,666,137
1786208145.735,694,694,827,639,926,508,981,382,1000,277,824,318,820,187,813,132,810,92,751,298,750,146,759,59,776,0,685,311,679,168,703,109,735,86,615,354,620,232,646,168,679,131
1786208145.913,685,685,818,631,919,504,977,383,1000,274,819,311,816,180,813,122,814,77,746,290,747,138,758,56,778,0,679,301,676,152,697,80,728,38,609,341,613,220,637,156,668,114
1786208146.110,676,676,777,626,860,553,934,500,1000,465,779,341,806,204,822,124,835,56,711,321,720,168,727,78,731,0,646,335,636,189,635,98,637,17,583,374,558,262,547,187,542,116
1786208146.279,678,678,779,627,863,554,936,500,1000,463,781,339,807,205,820,122,830,53,712,318,716,166,718,76,718,0,648,334,639,191,637,104,638,27,587,376,561,271,549,201,540,134
1786208146.452,692,692,790,641,871,563,939,499,1000,449,787,361,803,215,810,124,813,46,718,346,716,187,716,87,715,0,655,365,636,215,630,120,627,36,595,407,567,298,553,224,543,154
1786208146.635,703,703,815,658,902,566,964,481,1000,396,811,369,811,233,814,148,817,73,746,349,742,193,753,89,767,0,685,359,679,206,689,107,704,26,627,395,623,280,635,202,651,133
1786208146.823,694,694,834,634,939,507,987,374,1000,265,840,312,832,167,831,102,840,54,766,291,761,131,771,49,794,0,699,299,696,147,717,82,749,58,627,332,636,208,663,142,696,104
1786208146.983,726,726,851,682,948,564,996,439,1000,332,855,391,848,263,844,198,844,145,787,366,783,206,793,86,810,0,727,372,724,229,752,176,786,161,664,405,674,290,705,234,740,208
1786208147.168,676,676,826,620,942,476,1000,325,1000,202,835,279,831,133,828,66,834,12,756,256,755,99,767,32,792,0,687,260,686,105,709,39,742,11,610,291,622,156,656,88,695,49
1786208147.350,688,688,789,637,873,563,941,505,1000,457,797,349,821,205,832,116,840,43,726,330,732,175,736,80,739,0,660,344,648,195,645,102,646,21,596,383,573,272,563,198,557,127
1786208147.525,687,687,788,631,870,553,939,490,1000,437,788,336,811,195,820,109,826,37,718,318,719,166,721,76,723,0,654,337,641,191,642,102,645,24,595,381,569,275,557,204,548,134
1786208147.710,692,692,793,636,875,557,942,488,1000,430,790,339,811,200,821,113,827,37,718,322,716,170,718,80,720,0,653,342,637,199,632,110,630,29,595,387,567,280,552,209,539,140
1786208147.897,765,765,876,705,954,593,990,486,1000,390,864,391,869,236,873,139,876,55,791,378,787,207,796,96,809,0,725,396,714,232,719,124,729,30,661,440,645,312,646,223,651,141
1786208148.059,740,740,864,685,957,546,1000,412,991,303,859,367,850,222,850,140,856,72,791,350,788,187,801,82,825,0,727,365,722,208,745,130,778,80,660,409,664,283,689,207,720,150
1786208148.205,742,742,865,693,958,559,1000,427,996,315,859,385,850,246,852,164,858,93,793,364,795,205,809,92,832,0,733,377,732,222,758,142,793,88,668,417,675,293,701,216,734,158
1786208148.363,742,742,866,687,958,553,1000,423,995,310,860,374,855,231,856,147,860,76,793,356,794,193,810,85,835,0,731,369,729,213,755,136,790,86,666,411,671,286,697,210,731,153
1786208148.532,701,701,799,655,882,577,945,514,1000,460,806,370,827,209,837,112,845,31,736,353,743,189,748,86,751,0,669,366,663,213,664,114,667,30,604,396,584,262,581,167,584,79
1786208148.709,686,686,787,634,870,554,939,490,1000,440,786,340,810,207,820,124,826,52,716,317,717,166,718,76,717,0,651,331,637,185,634,97,635,18,591,372,566,262,554,188,545,118
1786208148.889,695,695,793,638,873,558,941,493,1000,438,789,345,809,197,818,105,823,27,720,329,714,175,714,81,714,0,657,348,636,203,630,110,628,27,601,389,575,279,562,204,553,132
1786208149.075,758,758,873,706,956,583,996,463,1000,362,859,404,853,244,852,140,852,54,792,388,790,214,795,99,803,0,728,398,724,229,729,112,735,10,666,436,662,303,670,209,680,123
1786208149.245,735,735,866,678,956,545,1000,410,996,301,848,378,841,237,841,151,845,77,785,357,781,192,795,83,818,0,727,363,723,199,751,117,785,68,665,394,673,260,705,181,741,125
1786208149.430,732,732,860,680,953,547,1000,417,1000,306,841,375,833,234,832,150,836,76,777,354,773,191,789,84,814,0,720,360,718,196,745,110,780,53,660,389,672,253,704,174,742,117
1786208149.609,744,744,866,695,956,567,1000,443,999,336,852,398,846,261,848,181,852,109,791,376,788,212,799,95,816,0,734,384,732,225,761,150,797,104,675,415,683,285,715,212,752,162
1786208149.794,719,719,834,674,922,569,976,480,1000,400,832,375,836,232,840,149,843,79,770,354,775,195,783,86,793,0,712,362,713,216,736,137,762,82,652,393,659,279,687,213,720,164
1786208149.956,684,684,784,643,869,567,938,510,1000,468,793,349,819,215,832,135,840,68,727,327,739,174,742,78,740,0,662,339,658,195,657,106,657,29,597,377,569,266,556,192,550,122
1786208150.133,693,693,789,644,869,563,938,504,1000,461,791,352,809,217,818,132,823,61,727,335,729,180,729,82,728,0,665,351,653,202,649,109,650,27,605,394,574,285,560,210,555,138
1786208150.308,736,736,844,687,925,590,975,494,1000,395,843,382,855,210,863,102,871,15,774,370,773,201,781,91,792,0,710,386,706,230,713,125,723,37,649,427,645,311,654,233,666,164
1786208150.494,680,680,824,623,932,488,981,354,1000,236,829,284,834,134,839,63,850,6,751,263,755,106,771,38,797,0,679,268,681,119,712,46,752,6,603,297,617,175,652,106,693,59
1786208150.664,676,676,822,624,935,489,986,347,1000,223,833,278,839,125,848,61,862,13,755,255,762,88,780,26,809,0,684,258,686,99,720,31,763,2,606,286,622,158,657,95,697,59
1786208150.854,674,674,823,623,936,483,990,340,1000,218,834,276,842,129,851,57,868,0,758,253,768,96,790,32,825,1,688,254,697,97,731,30,774,2,611,282,631,147,670,71,714,19
1786208151.060,691,691,838,640,951,500,999,351,1000,225,851,294,858,147,867,78,881,23,774,268,782,107,799,38,826,0,704,269,710,109,742,42,782,12,625,295,643,165,677,100,716,62
1786208151.207,686,686,839,632,952,488,1000,336,999,208,849,284,855,133,864,60,879,2,770,259,779,98,800,31,833,0,699,260,706,98,738,30,780,4,620,286,639,149,680,72,726,25
1786208151.379,685,685,791,639,881,562,949,498,1000,438,807,358,837,225,858,149,874,83,740,333,759,179,771,83,778,0,674,342,676,205,680,119,686,44,608,374,598,263,598,186,603,114
1786208151.567,679,679,786,632,875,554,944,490,1000,434,794,342,821,213,836,138,849,74,726,319,735,171,739,79,740,0,661,329,657,190,656,99,658,19,597,363,581,253,575,178,574,107
1786208151.743,726,726,838,667,924,580,974,494,1000,406,833,368,846,204,854,101,861,15,762,354,765,192,772,88,781,0,696,370,694,223,704,128,720,48,631,409,622,297,631,219,646,149
1786208151.912,729,729,838,672,924,580,975,490,1000,402,848,383,849,247,846,173,840,101,782,359,784,200,792,93,804,0,722,366,719,219,743,139,775,81,660,398,666,279,688,208,719,151
1786208152.103,697,697,818,639,913,537,970,434,1000,333,836,334,840,201,838,136,836,69,772,308,780,161,793,73,812,0,713,310,720,163,745,82,779,25,649,335,664,210,693,137,731,80
1786208152.285,705,705,827,662,921,562,975,458,1000,356,841,362,844,238,844,169,843,101,777,333,781,189,788,89,798,0,719,335,726,192,749,113,778,53,656,361,675,241,707,169,744,109
1786208152.466,693,693,818,647,917,544,975,438,1000,332,835,341,839,212,840,142,842,73,769,314,778,171,791,81,806,0,708,314,720,171,744,92,773,30,644,337,665,212,699,138,737,76
1786208152.632,664,664,775,621,865,548,938,492,1000,447,789,339,815,209,830,131,842,65,723,314,734,168,742,78,748,0,659,322,658,182,661,94,666,17,598,355,586,244,584,169,587,97
1786208152.806,668,668,780,628,868,553,938,494,1000,447,793,338,818,214,831,138,841,73,727,311,736,166,740,76,742,0,661,318,659,179,660,94,663,20,596,351,581,244,576,171,576,103
1786208152.998,688,688,798,649,884,571,948,503,1000,442,809,358,832,222,845,140,854,71,742,336,751,181,758,83,764,0,678,347,674,200,677,107,682,26,616,383,601,271,596,194,597,120
1786208153.173,704,704,822,668,912,571,967,475,1000,387,824,383,839,220,847,111,853,26,762,364,769,206,771,90,770,0,701,368,708,236,727,172,746,134,639,393,645,298,661,258,676,237
1786208153.356,635,635,782,589,896,474,965,351,1000,239,787,243,794,77,810,44,827,67,710,215,709,35,735,0,763,39,638,213,635,52,666,9,697,38,565,237,573,113,601,68,626,74
1786208153.525,635,635,782,586,896,470,965,355,1000,247,790,247,800,101,808,51,820,33,717,219,723,50,747,3,777,9,648,219,655,54,691,2,730,0,576,246,594,118,627,64,660,46
1786208153.700,708,708,823,675,913,587,971,495,1000,402,834,393,852,225,860,115,862,28,770,369,776,203,776,91,774,0,709,370,713,224,726,125,738,45,649,393,661,289,684,224,709,173
1786208153.902,678,678,787,641,879,562,945,494,1000,437,811,348,842,227,857,159,869,98,744,315,754,166,757,75,755,0,679,319,680,181,681,98,682,25,615,348,606,235,604,163,603,95
1786208154.057,685,685,795,650,885,571,949,503,1000,442,815,359,844,233,861,160,874,96,747,329,757,174,761,79,761,0,682,335,679,189,679,100,681,24,617,366,607,250,606,173,608,101
1786208154.229,698,698,805,663,893,581,956,507,1000,433,815,371,825,229,834,138,842,62,752,349,753,191,760,88,767,0,694,357,688,207,689,106,693,16,638,388,631,275,635,199,642,129
1786208154.403,662,662,804,620,919,507,980,391,1000,277,808,270,808,103,826,31,849,1,737,249,733,62,764,0,803,0,671,257,672,83,717,28,765,28,603,296,617,162,659,112,702,101
1786208154.610,663,663,806,625,922,510,987,388,1000,269,816,259,807,79,834,12,862,8,743,240,732,47,772,0,814,36,676,251,671,74,721,36,765,67,607,292,622,158,665,115,704,125
1786208154.776,664,664,809,621,923,504,987,381,1000,262,816,265,820,107,842,33,862,0,744,241,739,53,777,1,818,19,678,249,680,67,732,25,778,44,608,287,631,148,679,104,722,107
1786208154.951,673,673,780,654,875,589,947,533,1000,487,816,393,846,258,866,171,881,102,751,353,774,193,787,85,792,0,687,345,702,190,717,86,727,1,622,359,622,246,626,171,632,107
1786208155.129,651,651,766,618,860,552,935,504,1000,470,783,334,813,220,828,154,840,96,717,301,730,160,738,73,740,0,652,303,652,171,655,91,657,21,588,331,578,223,576,151,578,82
1786208155.306,667,667,776,633,864,568,936,522,1000,490,794,354,825,228,843,153,859,89,727,322,742,169,753,76,762,0,662,328,661,180,667,88,674,11,598,360,587,247,586,170,591,97
1786208155.483,706,706,823,677,920,581,973,483,1000,389,830,389,846,228,857,120,866,35,765,366,776,204,783,93,787,0,703,364,710,215,723,111,737,25,639,385,650,278,666,210,684,154
1786208155.660,658,658,801,614,913,507,977,391,1000,277,812,298,818,158,824,98,832,50,740,271,747,113,762,42,782,5,675,271,682,113,715,38,753,0,605,294,624,167,657,105,694,69
1786208155.827,655,655,796,618,908,508,974,390,1000,276,811,297,818,155,825,95,835,53,741,270,751,117,765,50,785,17,677,269,689,113,720,39,755,0,606,291,630,165,667,97,707,52
1786208156.037,677,677,806,643,914,537,979,427,1000,319,822,333,829,192,837,126,850,77,759,307,770,151,788,66,811,6,698,304,710,145,738,59,771,0,631,326,654,203,690,135,729,85
1786208156.198,658,658,769,626,859,560,933,510,1000,478,781,350,812,229,831,157,846,95,717,318,727,170,735,77,740,0,654,321,653,181,658,94,663,20,592,348,582,238,579,164,581,95
1786208156.372,658,658,766,629,855,563,932,516,1000,485,778,351,804,226,818,151,830,87,713,322,723,174,731,80,737,0,649,327,648,182,652,91,659,12,587,357,574,245,571,168,574,97
1786208156.557,680,680,786,640,873,564,942,498,1000,440,791,363,809,222,820,134,830,60,729,339,738,183,754,82,772,0,670,343,674,194,688,98,707,18,613,371,607,254,615,173,629,99
1786208156.745,671,671,804,626,915,514,974,394,1000,281,808,314,817,171,827,100,843,40,738,288,748,136,769,56,798,0,672,287,681,140,715,73,756,36,602,308,618,189,653,130,695,96
1786208156.906,693,693,819,655,924,550,980,441,1000,337,823,360,831,230,838,159,848,97,757,336,763,182,776,81,792,0,696,338,705,193,735,121,770,72,631,364,647,253,679,198,716,161
1786208157.087,667,667,806,629,922,510,982,379,1000,262,817,292,827,153,835,80,849,18,745,267,757,117,778,45,808,0,679,269,688,122,721,57,761,22,607,295,625,171,662,106,706,63
1786208157.285,661,661,768,626,861,557,937,505,1000,466,782,359,810,231,831,155,853,91,719,330,733,180,748,82,763,0,657,335,663,192,675,98,689,17,596,362,587,251,590,174,599,102
1786208157.453,658,658,771,627,861,563,937,515,1000,482,779,354,804,242,820,182,836,128,717,321,723,173,729,80,732,0,656,320,654,184,658,98,663,22,597,341,587,228,586,155,588,85
1786208157.620,676,676,785,638,872,569,941,515,1000,473,792,366,818,247,834,180,850,120,731,336,738,182,747,83,755,0,671,336,673,190,682,97,691,17,611,359,603,243,604,165,609,92
1786208157.796,707,707,819,669,905,586,964,508,1000,427,825,389,844,246,856,155,867,78,762,364,777,202,796,94,813,0,700,367,707,213,720,109,734,18,638,392,639,274,650,193,664,118
1786208157.975,687,687,829,634,941,500,996,355,1000,227,848,298,858,155,863,78,870,11,772,274,789,123,806,50,832,1,703,276,720,126,747,51,783,0,627,303,652,176,688,105,727,49
1786208158.155,695,695,834,641,939,507,994,367,1000,238,845,311,850,166,859,85,876,15,770,291,779,138,798,58,830,0,703,299,712,148,740,69,778,15,629,334,644,208,675,135,713,79
1786208158.304,694,694,833,646,942,513,995,371,1000,241,849,316,854,175,860,94,873,23,774,292,782,141,801,61,830,0,706,297,716,145,745,69,783,17,632,327,651,196,686,122,726,66
1786208158.458,666,666,766,620,854,551,934,502,1000,473,773,346,793,205,803,119,813,46,707,325,715,177,723,83,729,0,643,335,637,192,636,99,639,16,582,367,560,257,552,180,551,106
1786208158.628,673,673,775,626,862,553,934,501,1000,467,780,334,801,205,813,127,823,59,713,310,717,164,722,77,724,0,649,321,638,182,636,97,637,20,589,358,565,252,552,183,542,115
1786208158.816,680,680,778,633,861,559,934,504,1000,469,782,351,802,213,813,129,823,56,715,330,718,177,722,82,725,0,652,343,640,199,639,110,642,31,593,378,568,269,557,195,552,124
1786208158.980,723,723,844,676,940,560,984,448,1000,346,850,375,857,224,862,148,868,86,779,356,779,191,788,82,799,0,713,364,713,222,745,171,780,148,645,394,652,284,686,250,723,242
1786208159.157,692,692,835,638,947,505,995,366,1000,246,847,304,851,170,860,118,873,85,766,280,766,118,787,41,816,0,692,287,689,133,730,90,777,91,616,323,635,207,675,163,720,152
1786208159.362,671,671,820,608,936,470,990,322,1000,190,831,246,834,100,846,47,863,21,745,223,744,50,772,0,811,0,667,229,660,66,699,13,749,14,588,268,600,143,636,96,677,89
1786208159.541,669,669,770,623,857,554,934,507,1000,478,778,345,799,202,810,115,822,41,709,325,711,174,715,81,720,0,644,336,632,191,630,101,633,19,583,369,558,258,549,185,546,114
1786208159.701,667,667,772,623,858,554,933,503,1000,469,773,331,793,203,804,125,813,56,703,308,702,162,703,75,702,0,640,321,623,182,617,98,614,21,582,360,557,256,544,187,534,119
1786208159.889,673,673,772,627,858,550,934,495,1000,460,775,344,792,210,801,128,808,57,705,323,701,174,701,81,701,0,643,337,625,196,620,105,620,23,588,374,565,263,556,187,553,114
1786208160.057,755,755,877,705,964,582,1000,460,997,358,883,396,891,224,903,117,914,35,814,378,816,209,825,93,839,0,747,384,751,237,775,149,804,88,679,414,690,307,716,251,745,215
1786208160.237,719,719,858,655,963,494,1000,331,975,209,867,314,871,172,877,96,889,30,792,292,799,142,820,61,853,0,724,296,726,150,758,83,803,44,650,323,667,197,705,131,752,89
1786208160.409,713,713,855,650,963,492,1000,330,978,206,863,305,871,157,883,74,900,6,786,283,794,129,819,50,857,0,716,288,721,136,756,64,802,27,640,319,654,194,687,126,729,84
1786208160.602,685,685,787,640,871,562,941,507,1000,472,790,356,802,218,810,132,817,59,725,336,726,182,730,82,734,0,665,347,659,200,661,106,666,26,606,379,589,260,587,175,592,95
1786208160.774,676,676,782,632,867,556,937,495,1000,449,784,340,796,211,798,131,797,62,722,319,720,171,718,79,713,0,661,331,655,191,654,105,655,29,602,369,579,264,568,193,562,124
1786208160.950,681,681,786,638,870,560,938,495,1000,442,791,345,800,210,801,127,798,56,727,326,725,177,721,82,715,0,666,341,658,200,657,113,657,37,609,379,590,272,582,201,579,132
1786208161.143,693,693,795,649,879,567,944,495,1000,430,801,364,809,219,811,127,811,50,738,347,738,188,738,87,738,0,679,360,673,212,673,117,675,35,623,395,614,280,617,203,623,131
1786208161.302,656,656,799,623,920,495,987,356,1000,228,826,256,836,59,866,29,888,57,756,233,764,24,806,0,840,39,689,237,695,44,751,34,794,78,615,265,639,118,695,94,740,116
1786208161.482,655,655,805,614,921,478,988,328,1000,189,827,239,841,47,881,22,904,73,754,215,762,0,813,3,840,88,686,218,692,14,753,22,782,104,606,251,641,101,702,81,737,124
1786208161.669,649,649,797,612,920,473,988,324,1000,188,823,245,835,53,866,13,888,36,747,220,758,15,800,0,830,56,676,221,684,29,736,29,769,87,596,247,626,103,680,78,719,104
1786208161.845,667,667,769,623,855,558,932,515,1000,484,774,348,800,219,812,143,823,80,708,323,716,171,722,78,725,0,643,333,633,184,631,94,631,16,580,368,552,257,539,183,531,114
1786208162.034,670,670,772,624,857,553,933,504,1000,474,776,334,801,204,814,125,822,59,709,314,713,164,716,74,715,0,645,328,629,184,623,96,620,20,585,368,554,260,537,190,526,125
1786208162.199,684,684,780,636,862,562,934,513,1000,482,780,356,801,219,814,135,823,63,712,339,713,183,714,85,713,0,649,357,629,209,621,117,617,36,592,398,563,289,547,217,537,148
1786208162.403,706,706,835,663,937,529,983,397,1000,276,847,330,846,150,853,59,862,1,774,315,773,134,793,46,818,0,705,326,706,160,744,98,783,78,632,361,648,234,685,181,724,160
1786208162.551,672,672,821,620,937,466,991,310,1000,172,832,246,837,96,865,32,901,8,758,224,763,54,801,2,850,12,690,231,688,56,735,0,790,3,613,271,638,126,688,64,741,46
1786208162.747,685,685,834,628,946,477,999,321,1000,184,846,267,845,94,872,42,907,39,772,246,774,49,814,0,863,16,705,255,704,63,758,12,814,20,632,295,655,149,706,92,757,76
1786208162.901,671,671,822,620,940,468,996,309,1000,172,846,261,851,101,873,44,905,20,771,237,784,58,814,4,857,0,702,242,711,61,756,7,810,1,624,277,657,137,705,81,756,60
1786208163.086,663,663,771,634,861,569,934,522,1000,490,791,349,820,227,837,151,852,90,725,321,734,170,737,77,737,0,660,328,658,185,658,98,659,23,595,361,576,250,568,176,566,107
1786208163.269,663,663,771,626,859,556,932,505,1000,474,787,335,816,212,828,137,836,73,719,308,727,161,729,73,728,0,654,317,645,180,643,97,643,25,591,352,567,244,555,173,548,107
1786208163.447,678,678,778,635,862,565,934,515,1000,483,794,353,813,212,823,125,831,52,729,332,733,177,736,81,738,0,666,345,658,200,658,110,662,31,605,381,583,272,573,197,569,124
1786208163.619,735,735,846,699,933,603,980,510,1000,418,859,384,864,226,868,120,873,32,794,367,799,203,807,94,817,0,732,375,736,227,748,128,764,43,669,409,669,295,683,225,702,166
1786208163.796,751,751,877,700,964,579,996,453,1000,339,886,385,893,231,897,137,901,52,825,366,834,203,848,94,866,0,767,373,780,210,805,111,834,30,704,404,726,270,756,190,789,121
1786208163.988,750,750,878,692,965,570,993,438,1000,319,888,378,895,225,900,134,903,48,826,355,839,193,858,91,878,0,768,360,784,194,810,93,841,8,704,390,730,255,764,171,800,99
1786208164.156,722,722,838,700,933,593,974,485,1000,398,861,381,877,230,889,127,903,42,788,356,803,196,824,91,848,0,719,363,724,219,746,122,771,40,649,401,641,295,650,224,668,162
1786208164.325,676,676,780,634,866,559,935,503,1000,467,790,348,814,223,825,147,832,83,724,322,731,169,735,76,735,0,660,331,649,186,646,97,646,20,597,366,573,256,562,182,556,112
1786208164.470,679,679,784,636,867,560,935,503,1000,465,790,339,810,208,820,127,827,58,723,319,729,170,731,78,731,0,658,332,648,187,645,96,643,16,595,369,573,260,562,187,555,118
1786208164.629,682,682,785,640,870,559,940,492,1000,433,788,354,799,211,806,120,814,44,730,337,733,182,742,83,753,0,673,347,670,201,675,110,684,32,618,379,610,263,612,185,620,114
1786208164.806,672,672,791,642,889,549,958,468,1000,386,802,349,813,218,822,138,834,67,742,326,757,183,777,85,801,0,685,328,701,189,726,102,756,27,625,354,644,239,672,165,705,100
1786208165.001,721,721,851,664,940,547,977,418,1000,303,871,351,879,211,882,132,886,55,804,328,817,177,835,83,859,0,746,331,760,180,786,86,819,12,682,359,707,233,737,157,771,92
1786208165.161,726,726,854,657,941,534,980,402,1000,282,879,345,887,201,889,120,893,40,815,327,830,175,847,82,869,0,756,333,774,179,798,86,828,8,691,363,717,235,748,159,780,93
1786208165.349,667,667,772,626,859,554,935,503,1000,477,786,359,809,219,826,136,844,70,719,338,724,180,729,81,733,0,654,349,645,199,642,101,641,18,590,380,569,262,561,178,560,99
1786208165.524,683,683,785,636,866,558,936,502,1000,464,782,344,801,213,811,130,819,59,715,325,713,174,712,81,709,0,653,341,637,196,630,105,626,23,596,380,568,269,554,194,545,123
1786208165.706,690,690,788,640,866,561,935,503,1000,462,787,354,808,220,821,137,830,65,721,336,721,182,721,84,719,0,660,353,645,206,639,114,637,33,604,395,576,284,562,209,552,137
1786208165.887,731,731,836,686,917,587,966,497,1000,407,836,376,846,216,853,117,858,33,770,364,769,195,775,89,782,0,708,382,703,221,705,117,710,28,650,426,644,298,648,210,654,132
1786208166.052,733,733,846,681,932,556,975,442,1000,335,850,374,856,238,861,154,865,79,786,358,799,200,814,94,831,0,725,373,732,218,751,120,776,36,660,414,670,294,693,219,722,153
1786208166.227,715,715,838,664,934,533,981,404,1000,287,844,340,849,193,853,105,861,26,778,327,786,173,801,78,823,0,716,341,726,194,747,101,775,25,652,380,666,257,688,178,717,111
1786208166.436,711,711,836,675,934,534,981,402,1000,290,841,338,848,195,858,107,873,30,775,321,789,173,808,78,833,0,713,332,729,184,752,92,779,13,649,367,670,236,695,153,724,81
1786208166.596,681,681,784,636,868,558,936,499,1000,460,795,343,820,215,833,136,841,69,726,320,736,170,740,77,741,0,660,332,653,187,651,96,652,18,595,369,575,256,567,179,564,107
1786208166.781,683,683,784,634,868,555,936,493,1000,453,795,340,822,214,835,139,843,74,730,316,743,164,750,74,751,0,667,328,660,181,657,92,655,16,604,367,579,256,566,183,556,113
1786208166.956,699,699,796,646,875,566,941,506,1000,463,802,359,829,215,845,129,859,56,738,342,744,183,750,84,754,0,677,359,670,211,671,117,675,36,617,399,597,287,591,211,590,140
1786208167.138,760,760,883,710,968,575,1000,446,1000,338,877,401,877,257,879,167,882,87,811,381,819,219,825,102,835,0,750,392,754,242,774,151,799,79,682,430,696,305,723,229,755,167
1786208167.307,739,739,870,690,964,543,1000,395,994,274,875,352,876,198,877,115,877,42,800,328,799,166,811,71,831,0,730,337,725,180,751,107,785,67,656,375,667,250,699,183,738,141
1786208167.477,728,728,865,679,964,526,1000,377,995,253,873,335,872,187,877,108,886,39,799,314,802,154,817,66,845,0,731,322,730,164,754,90,790,44,657,355,673,225,706,153,747,105
1786208167.627,748,748,873,703,966,561,1000,430,996,321,881,382,884,243,887,162,892,89,815,360,826,204,839,96,857,0,753,368,763,213,788,121,820,47,685,402,707,278,740,207,776,149
1786208167.783,671,671,776,624,864,552,935,497,1000,462,786,339,816,211,831,135,842,68,718,314,731,164,739,74,742,0,652,324,650,181,653,93,656,18,588,359,570,246,564,169,561,96
1786208167.965,677,677,780,634,866,559,936,501,1000,460,790,345,818,214,832,133,840,65,725,322,740,170,749,77,752,0,660,334,657,188,661,98,665,21,596,371,571,261,561,185,556,113
1786208168.134,696,696,795,651,875,569,942,505,1000,453,803,361,816,216,823,127,827,52,740,345,743,186,749,84,755,0,679,361,671,211,675,117,683,39,621,402,609,289,613,211,622,140
1786208168.326,704,704,833,665,936,533,982,402,1000,286,845,334,846,183,852,110,864,50,777,313,782,145,802,58,832,0,715,322,720,155,755,84,799,52,649,356,667,225,702,161,744,127
1786208168.500,696,696,835,650,943,508,993,363,1000,230,853,291,854,134,868,56,890,0,776,268,783,100,810,29,852,1,707,277,712,109,751,44,802,23,632,316,658,180,699,112,746,76
1786208168.663,700,700,842,650,953,502,998,348,1000,215,866,293,869,136,882,59,905,2,788,270,799,105,826,33,867,0,719,279,726,111,765,44,816,20,643,317,667,180,707,110,754,74
1786208168.851,680,680,783,647,869,573,937,514,1000,475,801,361,840,228,866,151,890,87,735,338,750,180,762,82,773,0,670,348,668,199,675,104,683,21,607,383,594,269,592,191,596,119
1786208169.041,670,670,774,634,862,567,933,513,1000,476,790,352,826,223,848,147,867,81,724,324,736,171,745,78,751,0,660,334,656,188,658,97,662,19,598,368,580,253,573,175,569,101
1786208169.202,674,674,778,638,865,572,935,520,1000,482,792,355,827,226,848,149,864,82,725,328,734,174,739,79,740,0,661,339,653,194,654,104,656,26,600,375,577,264,566,189,559,119
1786208169.380,671,671,775,638,861,574,934,524,1000,487,792,360,822,229,841,150,858,81,726,336,736,182,745,84,753,0,662,348,656,206,658,113,663,32,602,385,582,276,574,198,572,122
1786208169.558,680,680,816,632,927,493,980,360,1000,241,834,275,845,127,858,55,878,6,755,255,763,97,784,31,817,0,679,266,688,115,724,55,769,30,602,306,628,185,667,120,709,82
1786208169.750,670,670,817,613,932,466,986,315,1000,181,839,258,847,114,865,44,891,0,761,233,774,73,806,15,854,1,689,236,701,72,745,13,803,1,609,269,647,139,692,75,742,41
1786208169.921,675,675,823,617,938,472,991,321,1000,185,843,259,847,107,864,37,889,0,762,235,765,63,801,5,852,0,688,240,693,71,743,13,804,4,609,278,641,146,688,79,741,45
1786208170.099,712,712,823,688,912,608,967,535,1000,465,839,396,859,243,872,143,884,61,762,368,769,205,777,99,785,9,692,371,682,206,683,94,685,0,627,398,607,257,599,153,595,59
1786208170.276,667,667,770,624,857,557,933,510,1000,480,771,333,796,200,810,119,820,49,703,312,707,164,710,77,709,0,639,324,627,184,623,98,621,21,579,360,556,249,543,176,535,106
1786208170.455,670,670,774,627,860,562,934,512,1000,480,778,341,805,208,821,129,834,60,711,319,712,168,715,78,715,0,648,331,634,188,629,98,626,19,590,368,565,258,552,186,543,117
1786208170.638,711,711,806,668,887,597,948,546,1000,505,820,376,825,223,828,127,832,46,755,361,750,199,753,93,756,0,696,378,687,228,688,130,692,47,640,416,634,301,639,226,648,159
1786208170.809,699,699,847,639,954,487,997,332,1000,198,864,281,875,141,884,63,901,0,784,257,796,104,821,40,860,12,711,260,720,105,757,43,807,19,631,291,652,159,690,89,735,45
1786208170.987,694,694,846,627,956,481,1000,319,989,185,867,276,877,133,892,58,915,0,786,248,795,85,828,24,877,6,713,249,717,86,761,32,817,28,631,281,652,148,695,87,744,65
1786208171.158,747,747,863,709,953,598,992,490,1000,396,884,403,900,228,907,114,912,25,813,386,824,212,827,98,830,0,746,396,749,234,763,125,778,36,676,431,686,319,706,259,726,214
1786208171.353,667,667,772,630,861,565,935,517,1000,479,780,332,800,202,806,123,807,57,714,309,716,161,715,72,710,0,652,321,644,179,642,96,641,22,591,359,567,251,553,180,544,112
1786208171.524,674,674,776,639,862,573,935,523,1000,483,783,339,799,208,804,127,804,58,718,316,717,166,713,76,705,0,656,329,645,188,642,104,640,28,596,367,569,259,555,188,546,119
1786208171.702,685,685,781,645,865,581,937,535,1000,498,787,361,799,217,803,128,804,52,722,341,718,183,715,85,710,0,660,356,647,211,644,119,644,38,602,394,578,284,567,208,561,135
1786208171.877,726,726,848,685,943,564,991,445,1000,338,864,331,879,155,896,63,908,0,788,315,787,123,818,42,849,2,713,329,708,156,759,138,802,161,635,372,632,230,679,204,721,221
1786208172.057,701,701,846,647,953,495,1000,337,990,207,861,249,855,58,883,4,917,18,774,230,770,25,812,0,858,52,694,243,688,54,745,28,798,68,610,286,624,143,675,107,722,124
1786208172.230,688,688,841,629,954,475,1000,311,983,181,857,247,856,70,884,13,919,7,769,224,769,33,816,0,871,32,688,229,690,54,750,21,813,49,605,262,629,133,680,97,731,105
1786208172.412,684,684,782,645,869,577,940,527,1000,496,794,357,810,213,820,122,828,46,726,337,731,184,737,84,742,0,661,349,654,197,655,101,659,18,597,384,575,264,568,182,568,104
1786208172.600,675,675,777,634,864,567,937,514,1000,474,786,339,808,206,817,125,823,55,720,314,725,163,727,74,724,0,656,326,649,182,648,97,648,23,594,362,569,252,556,180,547,110
1786208172.777,675,675,777,638,863,572,936,518,1000,476,789,349,807,215,815,132,819,62,724,326,724,174,723,79,720,0,661,338,651,195,648,106,648,29,601,375,576,269,565,198,561,129
1786208172.954,710,710,812,668,894,582,953,507,1000,437,825,369,833,221,836,129,840,51,760,350,757,188,762,86,770,0,700,361,689,209,690,114,697,34,643,395,628,273,626,191,631,115
1786208173.136,697,697,832,669,942,546,991,413,1000,295,875,340,899,191,916,103,934,25,812,312,846,162,873,73,903,0,753,309,788,167,821,84,856,14,684,330,724,209,764,140,802,81
1786208173.305,697,697,833,655,942,533,996,393,1000,263,877,330,902,178,923,92,948,20,814,300,843,142,875,58,917,0,754,294,779,137,815,56,860,3,684,313,723,183,764,106,809,49
1786208173.483,692,692,835,653,943,533,992,396,1000,269,875,322,898,171,915,89,935,16,806,292,835,139,863,58,897,0,743,289,770,135,808,58,851,4,672,309,710,178,753,106,798,52
1786208173.653,676,676,781,640,868,574,936,520,1000,481,793,352,822,220,838,142,851,74,723,327,731,173,736,79,737,0,657,337,645,189,642,99,640,22,593,372,570,256,560,181,554,110
1786208173.803,681,681,782,638,867,567,936,513,1000,475,790,349,820,216,835,136,848,67,722,324,725,170,725,78,722,0,659,336,645,189,639,99,635,20,599,374,576,260,562,186,553,118
1786208173.964,683,683,781,637,866,565,935,509,1000,470,792,352,821,217,838,136,852,67,725,328,728,173,729,79,728,0,661,340,649,195,644,103,642,23,602,377,580,264,569,189,563,118
1786208174.132,689,689,787,648,870,575,939,515,1000,473,803,363,814,215,822,123,830,44,736,347,735,190,742,87,750,0,673,361,662,211,663,117,671,37,614,397,592,272,585,186,587,106
1786208174.279,721,721,857,679,960,540,1000,395,995,274,876,347,885,178,898,78,914,1,801,323,815,159,838,64,867,0,728,329,737,185,761,124,790,97,652,362,663,251,683,200,705,175
1786208174.436,701,701,845,649,958,483,1000,317,985,177,856,278,857,121,880,42,913,0,777,259,782,90,822,23,879,14,707,269,709,94,756,32,814,27,628,307,645,164,685,95,736,70
1786208174.615,700,700,841,654,955,503,1000,347,988,214,861,292,867,140,878,66,899,10,781,269,796,115,820,45,857,0,706,273,719,121,752,54,796,14,623,302,646,172,675,107,712,65
1786208174.790,662,662,767,625,854,562,930,515,1000,483,770,334,794,199,806,117,814,49,703,313,705,165,706,76,703,0,639,326,628,183,626,96,626,18,580,363,553,255,539,185,529,118
1786208174.973,666,666,768,626,856,557,931,509,1000,480,779,331,805,202,816,123,822,57,714,306,724,158,728,71,727,0,650,318,642,177,639,94,636,22,588,356,560,253,545,186,534,122
1786208175.145,677,677,776,636,860,567,932,516,1000,486,782,344,806,210,817,128,825,57,716,322,718,168,717,77,713,0,653,335,640,190,634,103,631,26,594,373,568,266,552,197,540,130
1786208175.315,762,762,878,716,965,593,1000,481,997,389,892,385,907,207,916,93,923,6,821,373,822,196,829,84,835,0,754,392,748,230,760,138,774,76,687,439,689,324,716,271,745,244
1786208175.503,708,708,860,643,970,475,1000,312,980,181,863,257,870,103,901,35,940,16,781,237,787,62,829,7,886,16,705,248,705,66,756,1,818,0,624,291,649,141,698,66,755,36
1786208175.696,692,692,844,649,960,481,1000,316,986,191,866,262,872,103,893,35,921,14,786,237,794,61,829,1,875,0,713,242,719,63,762,5,811,5,633,275,653,127,696,59,743,35
1786208175.864,672,672,781,635,869,562,939,503,1000,456,786,332,807,197,816,115,823,47,719,311,732,167,741,77,746,0,652,324,651,185,656,101,662,26,586,361,562,254,552,184,547,117
1786208176.059,676,676,782,638,868,564,937,503,1000,457,789,333,814,202,828,121,837,55,723,312,736,167,743,76,746,0,656,326,657,185,662,99,669,23,590,366,566,259,555,189,550,122
1786208176.213,683,683,785,644,868,569,936,508,1000,462,793,347,820,212,835,128,845,58,727,325,740,174,746,79,747,0,662,337,656,194,656,105,657,26,598,376,572,269,560,199,552,132
1786208176.397,746,746,854,702,937,611,984,522,1000,429,863,402,878,233,887,126,891,37,793,382,799,209,804,96,808,0,728,394,721,231,722,117,726,23,667,432,664,313,673,232,686,164
1786208176.565,682,682,835,627,954,470,1000,304,986,168,856,262,862,115,872,38,889,0,773,235,786,76,809,12,844,1,699,237,710,76,743,13,785,8,615,269,638,132,672,61,713,31
1786208176.742,680,680,836,620,954,466,1000,299,984,164,852,257,855,107,872,37,898,17,769,226,776,61,806,3,850,13,697,223,702,59,741,0,788,14,615,255,638,120,673,56,714,40
1786208176.934,677,677,784,633,871,553,939,489,1000,442,795,344,822,205,837,122,849,53,727,321,739,170,745,78,749,0,661,331,659,185,661,95,665,16,597,367,575,255,568,180,568,109
1786208177.109,680,680,784,632,868,554,937,493,1000,450,791,331,820,199,835,120,848,52,722,310,728,162,731,74,732,0,656,324,648,181,647,97,648,23,594,363,569,258,555,191,544,126
1786208177.283,687,687,788,637,872,556,938,491,1000,444,792,338,823,207,840,126,851,57,724,315,730,166,730,75,726,0,660,329,651,187,646,99,643,22,600,370,574,265,559,196,548,129
1786208177.460,701,701,803,653,884,573,946,498,1000,430,810,366,832,222,845,133,854,54,743,347,746,190,751,88,754,0,679,360,668,216,669,121,676,38,619,395,595,281,589,205,592,132
1786208177.641,706,706,849,641,956,481,1000,321,996,188,862,275,864,123,872,51,889,2,780,258,787,96,810,31,847,0,702,270,705,109,736,41,779,12,618,313,630,174,666,103,711,62
1786208177.827,704,704,841,645,952,489,1000,326,989,188,861,301,862,148,872,72,886,8,784,279,789,116,819,43,860,0,715,284,717,118,761,58,816,34,638,314,666,182,710,117,760,82
1786208177.990,692,692,830,642,945,495,1000,347,997,218,858,286,870,140,888,62,915,4,782,265,798,108,830,39,877,0,710,270,725,109,765,41,818,6,629,300,656,164,694,91,741,42
1786208178.180,669,669,773,633,862,567,934,519,1000,488,782,341,810,211,824,134,832,68,714,315,726,164,733,75,734,0,647,325,638,181,637,92,637,14,580,362,555,253,545,181,540,112
1786208178.356,668,668,773,634,862,566,934,515,1000,478,778,336,807,208,821,129,830,63,711,311,724,163,731,74,731,0,644,323,638,183,638,97,637,21,580,362,557,256,546,187,538,120
1786208178.535,672,672,774,636,861,567,933,516,1000,482,782,338,810,208,824,126,833,58,715,314,727,164,732,74,731,0,650,326,646,183,647,96,646,22,586,365,563,258,552,187,545,121
1786208178.709,742,742,851,697,934,597,981,500,1000,402,862,395,878,217,891,101,899,11,792,380,799,203,805,87,812,0,723,397,720,231,726,120,736,36,656,444,659,340,681,286,708,257
1786208178.893,723,723,847,687,954,545,1000,398,991,279,871,354,875,172,880,73,887,0,798,344,806,177,829,123,859,109,730,358,738,203,773,153,814,139,655,395,677,268,716,216,757,193
1786208179.063,691,691,835,627,950,469,1000,304,994,168,850,273,853,132,862,65,875,13,767,252,769,90,797,27,838,0,692,261,693,96,735,35,787,18,610,301,634,167,678,109,727,86
1786208179.243,677,677,782,623,866,544,936,479,1000,431,780,330,799,185,806,98,812,27,709,314,705,162,706,74,710,0,644,330,630,183,628,96,630,19,585,369,561,258,552,183,549,112
1786208179.445,667,667,774,624,862,554,935,502,1000,464,770,327,790,198,796,118,799,51,699,306,695,158,693,71,690,0,635,322,620,181,618,96,618,21,575,364,548,259,534,189,525,123
1786208179.612,677,677,781,633,866,560,936,503,1000,461,778,334,799,205,806,124,809,55,707,313,702,164,699,75,695,0,643,328,627,190,623,104,621,26,584,369,558,265,545,196,536,129
1786208179.781,684,684,782,639,864,562,935,498,1000,455,786,352,803,213,809,125,814,49,719,333,715,181,715,85,715,0,658,347,642,205,637,112,635,30,602,383,581,272,576,196,575,123
1786208179.967,723,723,843,685,938,569,984,448,1000,339,865,380,877,205,887,96,895,13,799,364,805,196,813,84,824,0,736,372,740,231,761,172,790,142,669,398,683,290,708,245,737,223
1786208180.147,661,661,812,609,939,464,997,304,1000,165,837,246,837,87,846,27,863,2,748,220,749,52,779,0,822,0,669,224,660,58,697,3,746,5,586,256,600,129,633,77,673,68
1786208180.311,673,673,819,629,943,485,1000,329,998,195,850,282,854,125,864,60,881,17,765,255,771,90,793,26,826,0,689,255,691,99,725,38,768,16,608,280,633,157,672,100,714,73
1786208180.485,667,667,766,628,853,564,929,522,1000,507,782,340,808,205,821,124,829,56,718,315,732,167,738,78,741,0,653,324,645,183,641,94,640,15,590,358,566,248,556,174,550,103
1786208180.679,666,666,766,625,855,559,931,514,1000,488,778,335,806,208,820,130,828,64,712,310,723,163,727,75,726,0,649,321,638,181,631,93,625,15,589,358,564,252,551,181,542,112
1786208180.866,669,669,771,629,857,559,931,507,1000,478,776,340,800,206,811,123,821,51,709,316,709,168,711,79,711,0,648,328,633,186,629,98,626,19,591,363,567,256,553,185,544,116
1786208181.029,717,717,825,683,912,600,965,525,1000,447,835,385,841,229,849,123,858,39,768,369,773,207,780,96,788,0,705,382,700,228,705,120,712,25,645,421,645,308,656,230,670,162
1786208181.203,716,716,845,672,944,546,987,413,1000,298,865,367,864,224,865,170,871,131,794,346,798,183,808,78,825,0,729,354,729,212,756,160,792,139,657,384,672,269,703,218,740,191
1786208181.387,672,672,822,618,938,471,992,314,1000,178,851,261,855,117,856,54,866,9,770,240,781,85,796,27,826,0,696,247,701,93,728,32,767,7,611,280,629,145,666,76,710,32
1786208181.558,663,663,770,616,860,546,936,494,1000,460,775,327,803,187,815,101,825,29,704,307,708,160,710,73,711,0,638,321,629,179,629,94,631,19,577,357,555,246,544,173,539,103
1786208181.734,670,670,778,628,863,557,935,502,1000,465,778,331,804,200,817,121,828,53,708,309,709,163,711,76,710,0,643,325,628,184,625,99,625,23,584,365,558,259,544,189,535,122
1786208181.915,673,673,775,626,861,553,935,498,1000,460,779,330,804,199,816,118,827,49,709,310,711,163,713,75,714,0,644,327,633,185,631,99,632,21,585,368,560,259,547,188,539,120
1786208182.101,686,686,787,646,873,573,942,516,1000,475,799,361,817,222,827,138,835,66,731,341,733,186,736,87,738,0,668,353,659,208,659,114,663,30,608,388,591,272,587,194,590,121
1786208182.277,722,722,855,674,963,536,1000,386,985,267,880,345,884,192,892,121,904,61,804,323,812,158,830,69,857,0,733,330,737,174,767,104,807,61,654,358,671,237,705,179,747,142
1786208182.460,754,754,878,710,971,579,1000,438,980,329,904,412,907,255,910,164,913,84,834,388,835,221,838,102,845,0,771,392,775,238,806,159,843,108,701,417,728,301,764,243,804,205
1786208182.631,693,693,801,664,892,587,956,522,1000,470,819,373,833,209,841,104,848,24,747,354,753,191,760,85,764,0,680,362,671,206,673,98,675,11,616,390,603,263,601,171,603,91
1786208182.806,661,661,767,615,853,548,932,499,1000,465,767,324,790,192,801,112,812,46,698,303,699,158,701,73,702,0,633,317,621,174,619,88,621,10,574,354,551,246,540,175,534,107
1786208183.000,670,670,776,628,864,559,935,508,1000,473,781,330,810,198,825,121,835,53,712,308,716,160,718,74,715,0,647,321,638,180,635,95,634,20,586,358,563,249,549,180,539,114
1786208183.162,674,674,777,633,864,565,936,512,1000,476,784,346,810,212,823,131,834,62,717,323,722,171,723,79,720,0,654,335,648,193,647,102,647,23,593,371,576,260,570,186,568,116
1786208183.347,768,768,890,716,971,600,1000,485,1000,395,898,406,910,228,919,112,923,21,829,387,834,205,840,90,845,0,763,398,763,229,774,120,787,37,696,439,705,333,729,282,753,253
1786208183.527,690,690,842,635,958,467,1000,292,982,159,862,306,872,158,888,80,909,19,788,275,805,117,839,41,883,0,721,269,736,99,780,31,832,5,644,287,676,145,723,80,774,47
1786208183.700,689,689,840,629,957,461,1000,286,983,151,862,290,868,143,882,67,902,10,786,263,795,99,829,29,876,0,719,262,725,88,769,23,823,8,644,287,673,144,719,79,770,51
1786208183.878,668,668,781,620,869,539,939,476,1000,432,778,330,800,186,808,99,814,28,705,313,700,162,698,73,697,0,640,329,626,186,625,99,627,24,581,366,556,255,545,183,541,113
1786208184.063,677,677,785,623,872,539,941,472,1000,421,781,326,803,194,812,114,821,45,709,307,705,161,705,74,705,0,644,325,628,189,623,103,624,27,589,366,567,257,557,186,552,118
1786208184.229,686,686,790,631,873,547,940,478,1000,423,788,335,811,201,821,121,830,50,716,316,709,167,707,78,707,0,652,334,634,192,628,103,626,23,596,375,574,264,566,191,562,120
1786208184.408,695,695,794,645,876,563,942,495,1000,440,797,358,810,210,817,118,822,41,730,344,729,186,730,86,733,0,668,360,658,213,659,118,664,36,610,396,593,277,590,197,593,122
1786208184.605,735,735,867,687,965,539,1000,393,998,271,879,359,887,210,891,126,899,48,806,338,815,182,829,84,852,0,736,346,744,196,767,113,800,49,661,380,683,256,713,184,749,126
1786208184.772,718,718,857,663,960,499,1000,340,988,209,874,316,877,170,885,87,900,16,798,297,809,148,829,67,861,0,728,306,739,152,764,72,799,8,647,341,670,207,699,127,734,58
1786208184.949,660,660,768,613,857,545,932,494,1000,467,769,322,787,176,795,88,803,16,698,306,696,159,699,73,704,0,632,320,619,180,618,98,622,24,573,355,547,248,535,179,529,112
1786208185.156,663,663,770,617,857,550,935,502,1000,466,765,328,789,199,799,119,809,52,694,306,691,161,693,75,695,0,631,320,615,181,612,95,613,16,575,358,547,254,532,186,524,120
1786208185.302,669,669,774,623,860,553,935,501,1000,464,772,331,795,201,806,120,815,51,702,309,701,163,703,76,704,0,638,324,624,185,622,99,623,21,581,363,553,259,539,191,530,125
1786208185.481,679,679,778,628,863,550,936,494,1000,460,785,345,808,204,818,117,827,42,716,327,715,176,717,81,719,0,651,341,637,200,635,108,639,27,594,376,569,266,559,192,556,123
1786208185.682,700,700,854,654,968,483,1000,309,979,175,884,287,897,132,914,70,940,28,797,260,811,84,843,27,888,10,715,263,724,84,763,20,814,0,626,292,650,151,689,82,735,47
1786208185.844,740,740,869,700,971,549,1000,390,980,266,900,383,909,251,916,188,924,131,827,357,834,194,850,86,870,0,761,363,767,205,804,143,847,111,689,394,714,270,753,206,795,166
1786208186.021,679,679,780,639,868,574,938,522,1000,492,799,354,818,200,825,102,830,20,728,337,730,182,732,83,733,0,661,350,651,202,649,105,650,21,597,384,577,266,569,186,569,111
1786208186.202,653,653,763,614,854,546,930,496,1000,464,770,319,797,192,808,115,816,49,702,294,707,149,711,67,711,0,638,303,629,169,628,90,628,20,577,338,553,236,541,171,531,108
1786208186.376,664,664,771,620,859,551,934,499,1000,463,772,324,797,193,809,113,818,45,703,301,705,156,706,71,704,0,638,313,628,177,626,94,625,21,577,349,553,244,539,177,529,113
1786208186.552,674,674,774,633,861,555,935,496,1000,463,790,354,815,213,830,128,845,57,725,330,739,176,752,79,764,0,662,337,661,190,668,95,678,17,601,365,585,239,582,152,587,72
1786208186.727,670,670,815,608,923,459,973,309,1000,181,853,289,866,142,871,83,877,40,775,261,796,105,815,39,837,0,703,261,714,109,748,46,786,16,620,281,641,162,679,108,721,80
1786208186.907,651,651,800,570,905,415,960,258,1000,137,831,248,844,104,860,51,883,22,758,221,773,60,801,8,841,0,690,219,701,60,741,3,791,1,610,244,638,113,685,47,735,19
1786208187.110,699,699,808,669,901,581,963,500,1000,432,831,399,851,234,861,123,868,38,760,373,769,206,776,92,778,0,694,373,692,209,696,95,699,3,631,392,627,267,630,175,633,96
1786208187.281,658,658,768,619,858,550,932,498,1000,465,770,327,796,204,809,129,819,66,702,302,705,156,707,70,707,0,636,311,624,172,623,89,624,16,573,347,549,239,537,171,529,106
1786208187.461,664,664,772,622,860,551,934,499,1000,464,775,329,801,202,814,123,824,57,707,305,713,159,717,72,718,0,642,317,633,177,632,92,633,18,580,353,557,247,545,178,537,113
1786208187.623,670,670,772,627,857,554,933,499,1000,464,778,343,799,208,809,125,817,54,710,322,714,172,718,80,720,0,646,333,634,191,632,103,634,25,588,368,566,259,556,188,553,120
1786208187.810,746,746,862,708,955,582,997,450,1000,336,888,397,907,205,917,90,924,1,818,383,825,197,834,83,844,0,748,397,752,230,778,161,804,127,674,434,683,305,719,270,756,271
1786208187.975,737,737,867,688,964,540,1000,391,998,270,887,369,891,221,894,146,901,79,813,349,816,190,827,85,846,0,744,358,747,206,779,141,821,106,668,391,686,273,722,215,764,181
1786208188.156,714,714,851,655,955,503,1000,350,998,215,875,316,881,164,886,79,896,0,796,294,808,146,826,65,853,1,723,302,734,155,764,90,805,47,641,333,664,207,702,140,746,94
1786208188.324,667,667,774,620,863,546,937,488,1000,447,778,323,802,198,814,121,825,56,706,301,707,156,708,70,709,0,640,316,626,180,623,97,623,25,579,356,553,253,541,185,534,121
1786208188.469,667,667,776,619,865,544,938,487,1000,443,775,320,798,196,809,123,819,62,703,297,700,153,702,70,705,0,638,311,622,169,619,87,620,14,580,353,552,251,539,182,532,116
1786208188.640,686,686,790,635,872,556,938,489,1000,443,788,340,809,208,820,128,828,56,717,317,713,168,714,78,716,0,654,333,635,190,629,103,628,25,598,373,571,266,557,192,549,121
1786208188.805,691,691,794,641,876,563,940,491,1000,436,795,352,816,217,828,134,838,61,725,333,722,181,722,84,724,0,663,349,646,207,643,114,646,31,607,389,584,279,575,202,572,130
1786208188.990,736,736,849,697,932,603,975,508,1000,407,862,395,875,224,883,113,890,22,789,376,794,206,801,94,809,0,719,387,718,229,726,118,736,26,654,422,659,304,673,223,688,157
1786208189.159,690,690,838,627,950,470,997,307,1000,166,857,274,866,132,875,65,892,4,776,252,790,106,818,42,858,0,700,260,708,106,742,45,788,12,614,294,627,162,662,96,707,54
1786208189.347,690,690,839,624,950,469,997,307,1000,167,858,278,868,138,877,67,894,3,777,254,791,106,817,40,856,0,702,258,713,103,748,40,795,8,618,287,636,151,676,83,726,41
1786208189.530,748,748,865,714,960,579,1000,437,995,319,890,415,903,234,911,116,917,22,820,396,828,222,832,100,839,0,755,404,763,252,792,177,828,127,686,433,708,318,742,260,780,222
1786208189.712,655,655,763,613,851,546,931,498,1000,472,764,331,784,204,793,127,799,62,695,308,696,162,697,74,696,0,630,319,618,182,614,99,612,26,570,353,547,245,534,176,525,109
1786208189.877,667,667,770,626,856,557,930,506,1000,479,769,339,786,207,794,125,800,54,702,317,698,167,698,77,696,0,640,329,623,188,619,100,619,22,583,363,557,254,546,180,540,110
1786208190.063,751,751,860,694,941,598,984,506,1000,426,873,394,886,238,894,139,900,54,797,375,796,205,804,95,816,0,727,387,721,227,726,121,738,32,660,423,645,298,650,208,661,127
1786208190.228,752,752,889,665,973,514,1000,354,989,221,902,354,909,207,915,124,922,39,834,331,842,174,861,80,886,0,771,334,778,173,809,91,848,32,698,361,718,232,750,159,789,105
1786208190.407,744,744,874,676,967,528,1000,373,990,247,899,359,901,207,904,123,911,41,830,335,834,174,852,78,879,0,766,342,769,174,800,91,843,37,695,372,708,241,738,171,777,125
1786208190.621,743,743,871,677,966,533,1000,382,987,258,890,367,890,219,896,137,906,57,824,345,832,187,854,86,884,0,761,351,767,190,799,105,842,46,691,381,707,254,740,188,780,144
1786208190.774,656,656,762,604,851,535,932,489,1000,466,766,329,785,188,795,103,805,32,695,311,693,162,695,75,698,0,630,323,617,182,615,93,619,15,570,354,547,243,537,169,532,100
1786208190.950,667,667,771,624,858,555,931,503,1000,476,773,333,795,204,808,124,819,55,704,311,703,165,705,76,706,0,640,324,626,188,623,100,621,21,581,360,556,254,544,183,535,115
1786208191.133,675,675,778,627,862,552,934,493,1000,454,779,347,797,211,810,128,822,56,711,327,710,177,716,82,722,0,649,339,636,198,638,107,645,28,591,374,570,261,563,184,562,111
1786208191.300,709,709,825,665,912,564,963,461,1000,363,824,372,831,231,835,144,840,66,759,352,763,195,775,90,788,0,698,360,701,212,715,112,732,29,637,393,647,279,666,204,689,140
1786208191.485,694,694,814,648,908,542,965,428,1000,322,818,344,821,200,825,121,833,48,756,323,758,168,775,74,803,0,697,334,698,183,724,108,761,58,633,370,641,251,666,184,701,135
1786208191.652,699,699,816,655,908,548,963,438,1000,335,819,357,824,215,830,135,837,61,759,337,762,183,775,81,798,0,702,347,702,198,731,126,771,81,640,382,649,265,675,200,711,154
1786208191.846,687,687,790,643,876,566,942,502,1000,459,796,362,814,204,821,108,826,27,728,344,734,184,739,83,744,0,665,352,659,199,662,103,668,24,602,376,585,241,582,146,584,60
1786208192.026,665,665,772,620,860,547,933,489,1000,451,776,330,801,199,815,122,827,54,708,306,712,160,715,74,715,0,642,316,631,175,629,88,629,12,580,348,561,236,552,163,546,93
1786208192.197,672,672,776,629,862,558,933,500,1000,464,782,340,803,209,815,129,826,58,715,318,715,171,719,80,721,0,652,330,640,189,637,98,637,17,593,365,573,255,565,179,560,106
1786208192.379,737,737,854,697,945,587,989,474,1000,367,870,400,884,239,893,130,897,40,801,379,811,211,816,97,821,0,734,388,742,228,755,119,767,27,668,424,687,308,711,235,734,176
1786208192.571,702,702,840,646,950,505,998,359,1000,237,852,322,851,170,857,109,872,65,779,305,781,135,801,51,835,0,712,315,713,148,749,87,796,66,637,345,655,211,695,151,739,123
1786208192.725,679,679,830,622,947,472,999,316,1000,186,847,284,851,134,857,74,870,29,766,263,774,97,798,32,835,0,693,267,695,101,734,37,782,15,612,298,634,165,676,104,721,77
1786208192.908,664,664,773,609,860,526,933,460,1000,418,774,314,788,176,790,92,793,22,704,298,701,153,701,69,701,0,637,315,628,176,628,93,630,20,576,354,551,247,541,177,535,108
1786208193.091,672,672,775,620,861,547,935,491,1000,450,774,326,785,190,785,106,785,35,705,308,697,161,696,74,696,0,642,324,625,186,621,99,623,22,585,365,555,261,541,191,533,121
1786208193.281,680,680,779,630,862,554,935,496,1000,457,780,343,791,205,791,118,790,45,714,328,707,176,704,82,701,0,653,345,638,204,634,113,635,33,597,384,573,275,562,201,557,128
1786208193.458,732,732,847,684,932,580,976,475,1000,373,857,377,869,220,878,121,881,40,791,357,794,191,799,85,804,0,728,367,725,213,732,113,742,34,668,406,674,297,689,230,706,179
1786208193.630,671,671,816,622,928,505,979,370,1000,240,848,311,864,164,880,87,899,19,782,282,804,128,834,53,869,0,720,277,745,124,785,56,831,16,651,291,692,162,739,98,786,58
1786208193.800,673,673,814,632,925,513,974,378,1000,255,844,325,858,179,870,100,885,26,776,295,793,143,819,61,852,0,711,291,729,142,767,69,811,22,640,308,665,193,698,135,735,98
1786208193.978,653,653,762,613,852,550,930,501,1000,471,774,321,797,186,808,105,818,37,704,297,707,156,712,72,716,0,637,308,628,173,628,96,633,27,576,343,553,236,545,167,542,99
1786208194.156,662,662,769,617,859,550,933,499,1000,465,776,326,800,199,811,122,821,55,705,302,705,157,708,73,710,0,641,315,628,175,628,91,632,17,582,351,557,245,545,175,538,107
1786208194.333,660,660,767,617,855,548,930,497,1000,467,774,331,797,200,809,121,821,53,705,309,701,161,703,74,707,0,641,322,624,183,621,98,623,24,583,359,556,253,543,183,535,117
1786208194.516,744,744,859,707,944,606,981,509,1000,417,871,398,880,236,883,137,886,50,796,375,801,205,810,95,822,0,726,379,723,213,728,98,737,0,659,408,648,263,647,157,649,62
1786208194.698,741,741,871,672,961,546,999,408,1000,285,893,371,899,230,902,145,905,63,826,347,834,190,852,89,877,0,765,350,774,192,800,104,835,40,698,377,719,248,751,170,787,111
1786208194.878,737,737,866,679,960,553,1000,410,994,291,891,379,900,233,905,146,911,64,826,352,837,194,855,90,880,0,766,353,776,198,803,109,838,42,697,376,718,249,750,173,786,114
1786208195.046,660,660,765,613,855,544,933,491,1000,459,777,324,800,192,808,115,816,50,707,302,711,154,713,69,714,0,640,315,630,175,629,88,631,14,578,352,554,244,543,172,539,103
1786208195.229,668,668,776,624,863,553,934,496,1000,459,782,327,806,198,817,120,828,54,711,306,709,159,712,73,716,0,645,320,630,176,628,90,631,15,586,360,559,251,546,180,538,111
1786208195.402,669,669,774,626,860,552,932,495,1000,461,784,342,805,211,814,130,821,60,715,321,713,172,714,80,716,0,651,336,636,194,635,108,638,32,594,374,569,267,557,195,550,125
1786208195.588,736,736,858,707,953,586,994,456,1000,337,884,405,893,244,898,138,904,50,816,380,828,215,837,101,849,0,751,384,760,228,777,130,798,49,680,413,703,294,733,222,765,164
1786208195.770,716,716,849,678,954,540,999,395,1000,267,881,356,887,205,892,117,901,37,811,329,822,173,840,78,867,0,745,331,758,174,789,97,830,44,670,355,694,222,733,153,779,108
1786208195.947,719,719,856,679,957,551,1000,412,1000,289,881,370,888,221,897,135,907,56,816,342,829,187,848,86,875,0,755,339,770,185,806,105,848,52,684,358,712,229,755,162,801,118
1786208196.118,654,654,759,611,850,547,929,504,1000,481,773,325,794,188,801,104,805,35,703,303,704,156,706,71,707,0,639,314,628,175,629,91,633,18,581,349,558,241,548,170,543,102
1786208196.292,663,663,767,622,853,560,928,517,1000,494,776,336,800,207,811,128,819,61,706,313,704,164,705,76,706,0,642,327,624,189,620,102,619,25,583,366,555,259,541,188,533,120
1786208196.483,678,678,780,632,866,558,938,505,1000,471,793,352,810,212,819,126,826,54,726,335,725,181,728,83,730,0,665,350,653,205,651,111,654,30,608,387,592,272,590,194,595,119
1786208196.658,721,721,843,689,939,566,982,438,1000,322,866,396,876,236,881,142,886,59,801,372,814,211,826,99,840,0,738,372,759,222,789,133,822,62,669,393,700,277,735,210,772,157
1786208196.823,663,663,818,612,937,457,986,300,1000,166,848,283,862,143,872,72,893,9,772,253,790,108,816,41,855,0,702,248,717,95,752,31,799,0,623,263,653,134,696,69,745,30
1786208197.024,667,667,820,616,936,473,986,321,1000,192,841,293,853,145,869,81,894,29,765,265,781,105,807,38,845,0,695,262,709,103,750,37,800,9,616,282,646,153,692,91,741,60
1786208197.188,654,654,762,611,850,549,929,508,1000,488,766,325,792,193,805,112,816,45,695,304,697,157,701,71,703,0,628,318,613,181,608,103,609,33,566,357,540,248,529,180,525,115
1786208197.364,661,661,763,617,849,553,929,517,1000,505,765,325,791,196,804,115,815,48,694,306,693,160,694,73,697,0,628,322,609,187,603,108,602,36,569,363,537,260,519,194,508,131
1786208197.573,674,674,775,632,859,567,933,519,1000,494,781,354,803,217,814,127,822,51,709,338,713,190,719,89,725,0,644,355,629,213,627,121,631,40,585,395,554,289,540,217,534,148
1786208197.723,647,647,796,595,914,455,972,313,1000,182,816,227,820,73,841,21,870,18,734,203,741,34,772,0,816,25,656,205,664,40,712,3,767,19,572,237,600,109,650,62,704,53
1786208197.892,655,655,805,596,919,448,973,300,1000,168,822,242,828,102,844,38,871,1,741,217,750,61,781,9,829,0,666,221,671,62,713,11,770,5,584,255,606,125,646,65,696,37
1786208198.094,718,718,830,692,924,589,974,484,1000,384,850,395,864,217,875,98,884,11,780,379,786,205,791,90,793,0,714,391,716,235,740,149,761,84,649,429,656,332,678,283,700,251
1786208198.266,669,669,771,623,857,555,931,507,1000,479,770,333,795,198,808,117,819,46,700,312,699,162,701,76,701,0,636,328,620,187,616,102,615,27,578,368,550,259,535,187,525,117
1786208198.435,671,671,772,627,857,559,931,510,1000,480,773,342,798,210,812,127,822,57,705,322,704,170,704,78,702,0,643,339,625,197,619,109,617,32,587,379,558,274,545,202,538,134
1786208198.617,683,683,779,642,863,576,937,524,1000,489,794,361,804,215,811,123,818,46,731,341,732,188,739,86,746,0,670,350,664,203,669,107,678,26,611,378,590,256,585,169,589,87
1786208198.794,688,688,834,635,941,483,987,331,1000,198,852,304,864,163,872,82,883,8,777,274,800,131,818,57,839,0,708,271,733,126,760,57,792,7,626,293,659,171,696,104,734,51
1786208198.972,714,714,841,679,946,534,993,394,1000,282,855,366,864,222,878,135,892,61,793,340,813,186,837,84,861,0,733,339,751,179,780,79,810,1,666,358,695,230,734,155,776,98
1786208199.139,696,696,806,652,893,577,954,508,1000,444,811,369,831,225,844,138,857,68,747,348,755,186,765,83,774,0,683,356,684,203,688,104,695,22,618,386,608,267,610,186,619,113
1786208199.332,670,670,778,626,869,551,941,485,1000,432,775,342,796,208,805,129,810,61,710,318,713,164,713,74,709,0,648,329,639,185,635,100,633,28,587,363,562,252,551,176,546,103
1786208199.559,672,672,779,635,871,566,941,500,1000,448,780,363,794,220,798,133,800,58,713,342,710,186,707,86,704,0,653,350,647,204,646,113,645,35,597,378,576,259,564,182,557,110
1786208199.731,678,678,796,653,883,572,949,493,1000,427,789,360,796,214,796,120,796,40,724,342,725,191,730,86,734,0,666,351,660,211,663,119,665,39,611,381,595,266,591,188,588,114
1786208199.924,648,648,795,585,922,451,988,311,1000,190,831,274,846,133,856,65,874,12,755,248,771,105,783,38,801,0,688,243,701,101,716,36,732,5,613,257,631,132,654,59,679,6
1786208200.088,657,657,798,619,913,497,977,364,1000,250,812,313,822,168,831,85,847,13,740,287,751,141,771,59,801,0,675,285,688,138,711,62,744,10,606,303,620,173,645,98,676,39
1786208200.329,667,667,777,614,866,546,939,500,1000,475,779,319,806,188,818,110,831,46,703,299,698,154,691,68,686,0,633,315,613,182,605,105,603,39,568,358,537,254,523,184,519,118
1786208200.519,671,671,778,618,863,552,935,521,1000,510,763,322,785,195,797,122,808,60,690,305,683,158,675,71,667,0,623,325,604,192,595,113,590,40,563,371,532,270,513,208,503,148
1786208200.703,688,688,788,631,871,560,941,513,1000,488,778,347,804,218,817,136,829,68,708,332,700,182,697,83,692,0,644,355,625,220,615,128,610,45,588,407,554,310,536,246,528,183
1786208200.869,696,696,835,617,935,474,980,325,1000,201,842,297,852,162,859,92,868,35,765,277,772,123,790,44,818,0,694,281,700,125,728,49,768,20,618,310,638,176,666,113,698,85
1786208201.044,700,700,839,624,939,479,986,324,1000,192,842,299,850,166,857,95,866,35,767,277,772,121,787,41,810,0,699,282,701,123,731,55,770,39,625,311,643,178,673,120,708,104
1786208201.220,687,687,800,632,888,537,950,463,1000,410,814,314,836,164,845,78,856,9,734,298,741,147,751,63,763,0,662,311,658,163,666,75,675,4,591,345,575,216,578,126,585,42
1786208201.397,671,671,776,614,863,535,934,477,1000,432,756,319,776,187,787,113,797,51,687,302,680,151,674,66,665,0,624,321,603,183,590,103,581,34,565,366,530,267,510,206,497,147
1786208201.574,683,683,783,627,868,546,937,484,1000,438,766,336,786,205,796,125,805,57,697,320,687,169,681,76,674,0,636,341,615,205,604,118,597,39,580,387,546,291,525,229,510,167
1786208201.788,691,691,809,653,899,562,957,473,1000,391,811,360,818,208,818,112,818,31,746,342,748,183,755,82,763,0,685,349,687,200,695,102,703,20,628,379,626,255,635,169,646,92
1786208201.941,673,673,815,614,921,478,974,335,1000,211,826,300,840,163,852,92,867,31,753,274,766,124,787,47,818,0,686,272,698,118,731,46,773,9,613,293,637,171,672,113,712,80
1786208202.135,669,669,815,595,923,456,981,310,1000,185,824,275,836,131,851,62,871,8,752,252,765,97,792,31,830,2,687,251,696,91,734,24,783,0,615,275,644,146,685,87,729,59
1786208202.297,669,669,780,607,867,520,938,455,1000,406,776,316,798,178,813,101,828,39,701,299,691,150,687,67,686,0,633,313,612,171,604,85,603,10,572,351,545,233,536,156,538,82
1786208202.468,671,671,779,611,864,524,935,460,1000,410,762,310,790,182,803,109,814,45,689,294,682,152,678,69,674,0,623,315,602,179,597,98,595,27,565,359,533,258,517,196,507,134
1786208202.652,676,676,781,618,866,529,936,464,1000,415,766,318,792,188,806,112,818,47,694,302,687,156,682,70,678,0,630,323,609,185,601,101,598,27,572,369,539,267,522,201,512,136
1786208202.821,703,703,833,647,925,514,972,388,1000,278,827,312,835,164,836,76,839,0,747,297,746,147,752,69,762,7,673,310,667,170,673,90,683,22,601,347,594,224,598,146,605,77
1786208203.012,678,678,824,608,927,471,979,329,1000,204,830,276,844,143,857,72,873,11,758,252,774,101,800,34,838,0,692,254,703,100,740,43,789,23,618,283,650,162,692,109,738,83
1786208203.201,674,674,823,617,933,472,985,325,1000,198,839,280,853,142,866,71,883,19,765,252,783,102,810,36,845,9,697,250,712,99,747,32,789,0,620,276,656,158,696,102,735,69
1786208203.377,679,679,784,619,873,532,942,466,1000,412,778,324,805,193,819,117,830,50,704,305,702,156,700,71,698,0,637,322,621,185,619,101,620,28,576,364,546,254,533,181,528,109
1786208203.540,687,687,787,628,871,542,939,472,1000,417,778,334,809,203,827,128,843,62,707,315,703,166,699,76,694,0,644,334,626,199,620,113,619,36,586,378,553,277,535,210,525,145
1786208203.744,713,713,823,656,906,560,961,476,1000,399,811,356,823,208,828,120,833,46,742,344,735,185,738,83,745,0,679,362,666,211,670,115,683,37,620,403,596,283,595,198,604,121
1786208203.894,684,684,829,619,935,484,989,339,1000,207,831,293,841,147,855,73,876,16,757,270,768,112,793,36,830,0,690,272,697,115,728,49,771,22,618,296,640,174,677,114,719,84
1786208204.075,685,685,829,638,935,500,991,361,1000,236,832,314,840,170,856,95,880,37,760,289,778,136,805,51,841,2,696,288,705,127,738,45,778,0,626,309,658,189,698,133,738,103
1786208204.271,663,663,770,611,858,539,935,483,1000,444,763,329,782,198,793,121,805,54,692,311,684,166,682,77,680,0,627,326,609,190,601,108,598,34,568,364,538,254,525,180,521,109
1786208204.447,668,668,772,620,858,544,933,494,1000,460,761,324,785,197,797,122,805,54,691,304,686,158,682,72,677,0,629,320,610,187,605,106,603,34,572,358,541,250,524,180,513,111
1786208204.612,676,676,778,628,863,555,936,501,1000,463,768,336,791,208,804,131,813,61,698,317,693,168,690,77,685,0,636,335,617,200,611,114,607,37,579,376,548,267,531,195,519,124
1786208204.799,712,712,822,661,906,567,961,485,1000,406,810,372,808,226,804,133,802,55,745,362,740,199,741,92,745,0,685,378,678,221,682,120,690,35,627,414,613,288,611,202,615,122
1786208204.962,703,703,830,640,923,506,976,379,1000,266,821,327,829,186,835,104,844,30,753,312,761,163,777,74,799,0,690,321,701,173,727,87,760,19,627,352,646,231,675,162,708,107
1786208205.153,698,698,828,637,924,501,978,376,1000,262,816,322,825,179,833,98,846,26,749,307,760,160,779,71,808,0,687,315,698,168,723,82,758,14,625,346,644,219,672,144,705,83
1786208205.298,678,678,787,634,874,559,942,501,1000,466,784,338,798,200,804,113,811,42,710,320,700,170,692,76,686,0,642,333,623,193,616,107,614,33,579,370,553,253,547,176,549,105
1786208205.443,671,671,776,618,861,537,934,480,1000,439,755,322,776,197,787,125,797,62,684,305,674,158,669,73,665,0,621,324,597,191,589,110,587,38,565,367,531,263,512,196,501,131
1786208205.620,682,682,781,630,864,550,935,491,1000,445,765,340,786,213,798,138,809,71,695,322,686,173,680,80,674,0,633,343,610,209,602,122,600,44,577,387,543,283,526,212,517,143
1786208205.802,721,721,841,671,926,554,972,443,1000,343,827,344,835,197,837,110,839,35,748,326,748,171,753,78,760,0,676,335,670,184,674,87,680,3,607,368,586,229,581,131,579,41
1786208205.974,710,710,840,632,930,493,976,360,1000,243,833,311,837,173,840,99,847,31,764,296,771,150,785,68,807,0,700,304,703,156,724,70,755,3,633,339,649,209,674,130,704,62
1786208206.150,710,710,838,643,930,502,979,371,1000,257,831,321,838,178,842,98,851,27,762,306,769,156,783,69,806,0,700,316,704,167,722,81,749,12,636,351,647,222,669,142,694,72
1786208206.356,687,687,793,620,876,524,941,450,1000,389,766,316,784,179,792,102,799,36,692,303,683,152,677,69,670,0,627,326,604,185,595,99,587,23,567,373,530,268,511,200,499,131
1786208206.524,694,694,795,629,876,530,940,453,1000,398,772,325,791,195,800,121,809,57,701,311,691,161,684,72,677,0,639,335,614,196,602,109,593,30,583,384,544,284,522,217,508,149
1786208206.697,713,713,822,656,902,564,955,482,1000,408,805,364,825,218,835,124,843,45,732,353,722,191,716,87,711,0,669,376,644,228,635,133,632,51,612,424,579,316,568,241,565,169
1786208206.871,695,695,829,623,922,477,971,342,1000,225,820,282,825,137,832,63,847,4,748,267,754,117,771,45,799,0,682,276,685,125,709,55,742,13,613,312,622,178,648,107,678,54
1786208207.048,686,686,824,624,921,486,973,353,1000,233,821,290,830,144,843,67,865,8,754,271,765,113,791,39,829,3,692,274,699,110,734,36,782,0,626,299,655,165,699,92,747,45
1786208207.229,681,681,803,636,899,530,959,445,1000,368,810,316,823,178,832,100,845,34,744,298,754,152,767,67,783,0,683,304,691,161,709,80,728,13,619,332,619,201,635,115,655,34
1786208207.397,667,667,771,618,861,541,935,484,1000,441,767,321,793,194,805,118,812,51,696,301,697,155,693,69,685,0,631,314,617,181,611,99,605,26,570,350,543,239,529,168,518,97
1786208207.543,672,672,778,625,866,545,938,484,1000,435,770,330,793,203,805,129,815,62,701,309,699,162,695,73,689,0,638,324,622,189,615,106,609,33,578,360,552,250,536,179,525,111
1786208207.705,681,681,785,627,873,547,942,476,1000,418,781,341,805,210,818,132,830,63,715,320,718,168,720,76,721,0,652,333,644,196,642,111,642,35,592,368,569,259,560,185,557,115
1786208207.882,700,700,827,624,922,493,973,364,1000,247,818,299,823,155,825,71,834,0,746,287,742,136,755,60,781,15,681,300,676,151,694,80,723,44,614,335,619,210,642,135,671,83
1786208208.059,681,681,817,611,914,475,969,344,1000,229,804,281,808,142,811,65,821,0,735,266,739,116,758,44,793,4,672,276,672,123,702,55,747,27,606,311,618,183,648,113,688,70
1786208208.230,680,680,822,605,919,469,972,338,1000,220,808,279,810,139,813,64,827,0,736,263,736,113,751,41,785,3,672,272,670,122,696,54,738,22,604,308,617,182,646,112,682,64
1786208208.406,669,669,771,611,858,541,934,497,1000,477,774,326,794,194,806,116,821,52,700,309,692,161,689,73,689,0,633,325,615,187,608,104,609,30,572,365,546,250,532,174,528,102
1786208208.598,668,668,767,618,853,548,931,516,1000,508,762,326,784,198,793,124,801,59,692,306,686,159,681,73,675,0,629,323,609,189,602,108,599,33,571,362,540,255,523,186,511,118
1786208208.786,668,668,765,621,853,554,932,522,1000,510,763,334,787,205,799,130,810,66,693,315,686,165,681,76,675,0,629,332,611,201,603,117,600,41,572,374,540,272,523,205,515,138
1786208208.948,722,722,834,669,919,561,968,466,1000,379,841,375,860,219,870,123,881,44,765,359,771,192,776,87,785,0,691,372,691,214,696,114,703,29,619,405,606,271,607,175,613,87
1786208209.124,698,698,833,629,927,487,972,347,1000,226,834,307,843,164,847,84,855,13,761,287,772,134,790,55,819,0,694,294,703,137,730,63,768,21,621,326,639,193,672,120,711,68
1786208209.305,698,698,830,625,925,487,973,347,1000,221,827,295,837,155,844,74,853,4,755,276,765,122,782,46,809,0,688,285,694,128,721,55,760,17,616,321,632,190,662,116,700,67
1786208209.475,670,670,779,614,866,532,938,475,1000,443,780,330,800,198,811,123,823,61,706,313,699,163,696,74,696,0,639,330,619,191,612,104,610,27,579,370,554,259,545,185,545,113
1786208209.655,668,668,769,620,857,548,932,507,1000,480,763,325,789,198,802,125,814,61,692,305,686,159,682,73,678,0,629,323,610,191,603,107,600,31,570,366,540,264,524,197,514,130
1786208209.847,671,671,772,625,858,553,933,506,1000,473,767,333,794,206,808,132,820,67,697,312,692,165,687,76,682,0,634,330,614,199,607,113,603,35,577,374,547,273,531,207,520,140
1786208210.027,699,699,818,666,904,563,956,474,1000,400,804,377,815,223,819,125,822,46,732,360,733,197,738,91,743,0,667,370,667,217,673,116,677,28,608,404,605,279,610,192,617,114
1786208210.196,684,684,815,615,912,478,966,352,1000,244,788,301,789,162,796,85,810,17,720,290,723,141,744,57,779,0,658,305,660,156,693,87,739,49,594,346,609,224,641,157,681,112
1786208210.386,668,668,801,605,904,469,964,341,1000,229,783,287,787,147,793,68,805,0,714,274,718,123,742,47,779,2,651,285,653,127,692,62,741,31,585,321,603,193,642,126,688,84
1786208210.549,654,654,767,599,859,515,933,450,1000,405,743,292,763,163,772,89,778,23,669,275,664,134,661,60,655,0,602,294,580,160,572,83,567,15,541,338,509,238,493,176,483,114
1786208210.724,664,664,770,606,857,523,932,462,1000,419,751,307,771,176,780,100,784,32,680,290,678,144,674,63,667,0,615,308,596,171,586,89,576,18,555,352,522,250,505,186,491,121
1786208210.903,669,669,773,613,860,530,933,467,1000,424,757,317,778,185,788,107,794,37,686,299,680,153,675,68,667,0,622,318,599,182,588,99,579,25,563,363,529,261,511,195,498,130
1786208211.093,719,719,838,670,923,548,970,438,1000,344,824,363,833,218,834,129,834,55,748,345,753,185,760,85,770,2,678,355,673,195,679,91,687,0,611,391,595,258,595,163,598,74
1786208211.274,712,712,849,642,946,499,988,350,1000,223,843,315,852,154,861,70,872,13,766,300,769,134,786,42,811,0,696,311,696,155,726,85,765,72,621,345,630,217,660,159,696,144
1786208211.459,700,700,835,644,935,503,984,365,1000,243,830,321,833,181,837,100,847,35,751,302,753,153,768,61,794,0,680,310,680,162,704,86,738,39,606,342,615,219,640,146,671,94
1786208211.619,662,662,764,609,852,533,930,490,1000,465,751,314,771,184,780,111,790,51,681,295,672,149,665,65,657,0,616,313,596,175,585,95,579,26,557,357,525,257,508,194,499,133
1786208211.805,668,668,768,618,855,542,931,496,1000,467,758,317,780,187,792,113,804,50,687,299,679,153,676,69,671,0,623,318,602,180,596,100,593,29,566,362,533,262,515,200,502,139
1786208211.975,682,682,782,633,866,555,938,499,1000,460,773,347,798,217,811,139,824,75,702,329,696,178,693,81,692,0,640,349,619,207,612,119,610,40,584,394,553,291,537,222,531,154
1786208212.151,702,702,840,630,931,482,970,340,1000,220,835,304,842,164,847,80,858,4,757,289,762,142,781,59,815,0,686,302,686,152,715,78,757,38,610,340,618,214,648,146,688,105
1786208212.340,709,709,842,633,935,483,976,335,1000,208,839,308,845,164,848,77,858,0,764,296,769,145,788,66,822,12,694,308,695,152,723,78,766,37,619,344,631,212,664,140,706,94
1786208212.524,675,675,775,622,862,556,935,515,1000,490,772,333,792,193,799,105,807,32,696,317,683,162,668,72,651,0,627,336,606,197,590,112,577,37,561,383,529,277,510,211,500,150
1786208212.698,673,673,774,626,860,555,933,510,1000,486,763,328,787,192,795,109,800,40,692,313,686,160,676,71,662,0,627,335,606,196,593,108,582,30,566,382,529,282,507,217,489,153
1786208212.881,680,680,777,635,861,562,934,513,1000,480,768,344,789,209,799,129,807,60,697,328,688,173,678,78,665,0,634,350,614,211,601,122,592,44,577,399,546,302,529,240,519,178
1786208213.075,709,709,825,635,908,500,957,382,1000,286,827,321,845,161,854,71,860,0,754,317,769,159,785,72,802,7,683,338,690,189,715,106,744,50,612,384,629,277,661,219,694,178
1786208213.234,705,705,823,625,906,499,957,378,1000,278,820,332,838,169,848,83,852,11,752,330,763,162,778,72,794,0,688,352,683,197,716,150,757,131,622,392,640,281,683,242,730,227
1786208213.400,688,688,813,625,903,482,956,358,1000,263,814,317,832,163,841,77,848,6,744,309,753,153,765,66,779,0,677,326,677,174,699,96,727,42,608,367,630,261,665,205,703,167
1786208213.580,663,663,765,608,855,531,931,477,1000,440,755,322,773,190,780,113,784,46,684,306,675,157,666,71,653,0,619,324,600,187,590,103,581,29,558,366,523,261,503,195,488,128
1786208213.777,675,675,775,622,860,546,934,493,1000,456,760,333,780,202,789,125,796,60,691,316,684,162,675,72,665,0,629,336,607,197,594,111,584,35,571,381,533,282,509,218,491,154
1786208213.942,679,679,777,630,862,554,935,500,1000,461,767,344,789,214,799,135,808,68,700,327,693,170,683,76,671,0,639,347,616,206,604,117,594,38,582,393,542,291,518,223,500,154
1786208214.126,681,681,792,643,882,559,947,488,1000,424,802,342,833,204,852,117,871,44,736,321,747,171,759,75,770,0,675,332,682,188,693,98,704,23,617,367,605,247,606,166,610,89
1786208214.304,691,691,833,629,933,496,978,351,1000,218,857,297,873,158,886,90,903,30,786,272,807,122,828,48,858,0,720,274,734,121,764,49,805,12,643,303,666,179,700,113,739,72
1786208214.476,691,691,832,628,932,497,978,353,1000,225,850,305,864,170,877,106,896,47,780,280,793,131,812,54,844,0,715,284,724,134,757,68,802,34,642,314,661,188,697,126,740,89
1786208214.661,655,655,763,608,854,540,933,498,1000,477,767,323,790,192,803,116,816,56,696,301,694,154,691,69,686,0,628,314,617,176,611,93,608,20,566,355,543,254,532,192,530,132
1786208214.834,662,662,765,616,853,550,929,506,1000,478,763,332,789,200,801,122,810,54,693,312,691,161,685,73,675,0,628,328,612,190,602,104,594,26,567,369,533,267,514,202,499,135
1786208215.011,678,678,777,633,861,563,934,508,1000,469,778,350,801,213,810,131,815,63,709,331,707,178,701,80,692,0,647,350,631,210,623,118,618,38,588,395,563,296,552,229,549,164
1786208215.188,699,699,822,653,910,509,955,378,1000,283,835,347,850,198,856,108,862,31,760,323,770,169,777,77,786,1,690,327,696,174,705,79,713,0,618,352,616,214,621,117,628,31
1786208215.387,712,712,837,629,921,488,964,352,1000,245,849,311,863,148,871,63,871,0,778,313,766,137,794,127,820,164,712,333,698,164,745,165,782,221,643,376,653,256,697,245,733,282
1786208215.543,714,714,841,639,928,493,970,352,1000,242,849,320,868,154,876,69,881,0,778,313,778,144,794,72,812,40,711,333,708,162,746,132,785,155,641,372,659,258,699,233,737,251
1786208215.716,667,667,765,616,852,546,929,501,1000,476,764,333,784,195,795,116,802,48,694,313,693,159,689,72,682,0,629,328,615,186,609,103,603,28,565,367,534,260,515,194,502,128
1786208215.894,673,673,774,626,859,555,931,505,1000,476,770,340,794,210,805,130,813,61,700,320,697,166,689,74,679,0,636,337,618,198,607,109,598,32,575,378,542,275,522,207,507,141
1786208216.073,681,681,780,634,864,563,933,509,1000,473,777,352,801,211,812,125,820,51,708,336,703,181,699,83,693,0,647,356,628,218,623,125,620,44,590,402,558,307,547,240,545,175
1786208216.266,715,715,841,650,927,514,970,384,1000,272,839,306,845,150,852,69,862,12,763,295,764,132,775,50,792,0,693,311,687,156,704,69,731,16,624,354,630,226,652,151,681,100
1786208216.438,707,707,847,634,942,486,984,334,1000,196,849,269,847,113,861,47,880,13,769,255,765,74,790,12,828,0,698,272,686,90,729,35,782,31,622,319,635,183,673,132,716,119
1786208216.611,710,710,822,667,908,559,966,471,1000,391,833,339,852,175,864,80,876,5,757,324,760,162,769,68,780,0,686,340,680,187,688,96,699,26,620,379,618,251,628,167,639,99
1786208216.810,674,674,779,627,865,546,935,487,1000,443,770,323,798,192,814,114,829,49,699,307,692,159,687,72,682,0,635,326,613,187,603,100,596,22,576,370,548,261,535,190,527,121
1786208216.972,672,672,777,629,864,553,935,495,1000,453,773,328,800,199,817,126,833,63,702,309,698,163,696,74,691,0,639,327,619,190,612,101,606,23,580,371,553,263,539,191,532,119
1786208217.143,679,679,781,634,867,556,936,498,1000,456,780,342,809,213,826,138,842,72,708,322,703,172,701,79,699,0,645,340,625,202,619,112,617,32,588,383,560,277,547,204,539,133
1786208217.316,682,682,807,651,902,546,957,446,1000,362,819,347,834,199,840,106,847,28,744,325,746,172,749,78,756,0,676,330,677,182,680,85,684,0,611,357,610,229,615,139,622,58
1786208217.519,692,692,823,637,920,513,971,380,1000,257,844,313,856,161,876,101,897,63,773,290,782,123,802,46,828,0,707,296,706,132,739,61,780,33,634,326,648,200,680,153,719,137
1786208217.686,688,688,800,646,895,561,960,488,1000,423,832,325,854,177,862,92,868,22,757,299,764,144,770,61,775,0,686,305,686,159,692,78,697,14,616,333,604,205,607,124,612,49
1786208217.860,664,664,770,620,858,548,932,496,1000,462,772,324,800,197,814,125,825,62,701,302,698,156,694,71,689,0,635,318,621,180,615,95,611,20,573,359,547,254,534,187,527,121
1786208218.036,668,668,775,625,861,554,931,498,1000,462,775,324,805,196,823,121,838,56,703,303,703,160,702,73,699,0,638,319,622,184,618,95,615,17,576,360,549,254,535,184,527,115
1786208218.216,676,676,778,634,862,564,932,508,1000,471,782,339,815,208,833,130,850,63,711,319,713,172,714,80,714,0,647,335,632,201,628,112,628,31,587,377,561,270,550,199,544,129
1786208218.402,656,656,787,619,897,504,961,392,1000,290,818,300,836,166,854,107,875,64,749,273,773,127,797,65,823,24,683,269,701,122,729,51,760,0,612,288,637,172,669,120,702,82
1786208218.571,636,636,788,577,903,437,963,285,1000,156,814,240,829,90,856,36,887,12,742,211,759,33,796,0,837,21,673,208,689,32,738,16,785,50,594,232,634,109,685,81,730,93
1786208218.758,658,658,762,618,851,553,932,513,1000,490,774,330,793,199,803,124,810,66,703,307,699,160,697,71,693,0,639,322,620,188,613,103,609,30,580,362,557,261,551,196,553,137
1786208218.941,664,664,766,624,855,565,932,533,1000,520,770,336,801,207,819,132,837,68,698,313,699,165,698,76,695,0,635,329,621,190,616,106,615,30,578,370,553,266,540,199,533,133
1786208219.122,665,665,767,627,855,565,931,528,1000,509,775,337,806,208,824,134,839,69,705,314,707,168,706,78,702,0,640,330,627,193,622,105,619,26,579,370,553,265,540,195,534,126
1786208219.290,671,671,771,629,856,563,932,521,1000,498,779,347,811,217,829,141,846,74,710,324,711,174,711,80,711,0,646,340,633,203,631,113,631,33,587,380,564,273,554,200,549,129
1786208219.463,717,717,826,675,911,602,963,534,1000,462,842,367,866,214,879,118,892,36,769,349,771,188,782,84,796,0,702,366,695,216,704,122,719,46,639,407,624,290,628,212,641,142
1786208219.667,706,706,848,642,948,496,992,340,1000,204,857,291,861,141,871,70,887,34,776,266,774,94,796,18,834,0,705,271,704,99,742,29,789,20,631,308,653,172,692,102,735,75
1786208219.817,722,722,857,658,955,518,998,370,1000,241,869,315,876,163,885,79,898,20,793,295,797,130,814,46,843,0,723,303,726,141,753,60,790,18,651,340,668,210,698,135,735,85
1786208219.989,660,660,765,614,853,544,931,503,1000,476,763,320,786,189,797,117,808,59,691,301,691,155,689,70,683,0,625,318,608,179,602,95,598,21,562,363,536,263,525,203,521,144
1786208220.183,668,668,771,627,857,558,932,515,1000,487,771,330,793,201,804,125,814,60,700,310,697,162,691,73,684,0,635,327,618,190,609,106,604,31,574,370,544,265,526,200,513,137
1786208220.378,670,670,770,625,856,555,933,510,1000,479,769,339,794,206,810,128,825,64,699,320,697,171,694,78,690,0,636,337,621,201,614,113,611,35,577,379,548,277,532,209,523,143
1786208220.531,728,728,845,678,932,564,974,453,1000,348,857,358,875,205,883,112,888,36,781,334,787,173,795,77,802,0,709,340,711,186,719,91,728,14,638,372,629,240,632,148,638,68
1786208220.717,721,721,857,646,950,500,991,347,1000,213,860,311,862,159,872,89,884,46,784,291,775,111,800,30,835,0,715,298,712,117,761,56,815,51,644,335,667,196,712,143,759,130
1786208220.894,695,695,827,639,925,513,979,396,1000,287,841,307,850,154,861,80,876,36,768,287,775,123,791,41,815,0,700,293,707,134,729,55,759,16,630,323,650,194,679,126,712,86
1786208221.074,668,668,770,629,856,564,932,524,1000,496,766,335,792,206,808,132,823,69,696,313,695,165,693,75,689,0,632,328,616,190,610,102,609,23,572,370,544,265,532,196,529,128
1786208221.264,669,669,771,629,858,564,933,522,1000,492,773,339,802,211,819,135,834,70,704,317,704,169,702,78,699,0,642,334,628,199,626,111,627,32,583,375,557,268,547,195,545,124
1786208221.434,673,673,772,630,857,560,933,516,1000,491,777,345,806,217,821,141,834,73,709,322,708,172,707,79,704,0,646,337,632,201,629,113,629,35,587,376,561,268,548,196,542,127
1786208221.610,732,732,846,688,929,580,970,479,1000,384,844,381,851,225,854,129,858,45,774,368,779,201,785,93,797,0,707,383,707,229,713,132,723,51,643,422,635,286,636,193,641,111
1786208221.787,707,707,843,641,938,496,981,351,1000,220,843,306,850,163,858,91,868,29,768,287,771,128,788,49,815,0,700,299,701,131,743,65,793,34,626,339,644,214,685,164,731,141
1786208221.961,692,692,828,625,931,485,980,348,1000,218,835,286,845,140,860,68,882,10,760,270,770,115,794,44,829,0,691,281,699,126,734,58,779,20,617,318,636,195,676,142,721,113
1786208222.133,663,663,768,617,856,543,932,493,1000,461,767,322,793,196,805,122,815,56,696,301,692,156,689,71,686,0,631,314,615,180,609,98,607,25,572,351,547,239,535,168,527,97
1786208222.308,664,664,770,621,858,549,933,496,1000,461,770,325,796,202,808,131,819,67,699,301,696,157,694,71,691,0,636,313,620,179,616,99,616,27,577,348,551,241,537,171,529,102
1786208222.490,671,671,774,627,861,556,934,507,1000,475,774,335,800,211,814,139,825,74,704,312,701,165,698,75,694,0,642,326,626,192,622,109,621,32,584,364,556,257,542,188,532,119
1786208222.680,702,702,814,662,901,570,956,488,1000,417,816,362,828,215,836,127,844,52,745,344,746,183,755,83,767,0,679,356,672,207,677,117,686,41,615,392,599,265,598,179,602,102
1786208222.853,684,684,812,631,904,498,960,365,1000,252,803,303,813,145,826,58,836,0,732,292,719,121,741,42,770,16,667,310,655,145,706,100,758,106,601,351,610,227,657,191,707,195
1786208223.027,678,678,808,613,901,471,959,332,1000,215,795,275,792,124,807,52,824,12,723,266,706,89,731,19,765,0,657,283,642,109,694,70,750,78,589,327,600,197,648,158,699,156
1786208223.216,683,683,783,637,867,565,940,517,1000,483,786,334,805,189,811,100,816,26,710,316,707,166,708,74,709,0,643,337,625,209,615,125,609,50,586,385,564,282,561,213,566,147
1786208223.380,671,671,773,624,859,550,932,505,1000,478,770,331,795,201,808,127,819,63,699,312,694,163,689,73,684,0,635,330,618,197,612,111,608,35,575,372,546,271,531,205,522,139
1786208223.557,681,681,780,636,863,564,934,511,1000,475,775,349,803,216,819,135,834,65,706,331,702,179,700,82,698,0,645,349,626,214,620,121,618,37,589,393,559,290,546,218,540,147
1786208223.733,715,715,823,663,904,571,955,485,1000,410,821,358,834,210,842,117,851,36,751,346,748,188,756,86,767,0,689,364,677,214,681,119,692,39,629,404,611,280,611,195,620,118
1786208223.937,687,687,825,628,925,471,971,324,1000,203,814,269,810,121,818,41,837,0,737,252,728,85,746,12,781,0,667,268,659,101,685,27,721,13,597,318,606,181,634,102,669,65
1786208224.111,690,690,828,620,923,463,970,314,1000,189,814,263,810,121,819,46,841,0,735,247,727,82,749,16,792,5,665,264,651,95,683,23,731,7,592,313,599,177,632,105,676,73
1786208224.290,707,707,838,635,927,482,971,335,1000,209,827,288,820,142,829,70,844,23,754,274,742,104,757,29,786,0,689,290,676,121,710,64,755,58,622,335,627,199,660,139,700,119
1786208224.470,685,685,786,632,872,554,939,487,1000,436,787,345,817,211,838,136,858,73,718,322,719,166,716,75,712,0,654,336,642,197,637,110,633,33,593,374,568,259,555,186,547,115
1786208224.661,677,677,779,628,866,553,936,490,1000,448,779,335,809,206,825,130,839,62,710,312,708,163,706,75,703,0,646,327,632,194,628,110,625,34,588,366,560,257,545,186,534,116
1786208224.804,687,687,787,639,873,563,938,498,1000,452,786,351,809,222,822,146,833,77,720,329,718,175,715,80,711,0,660,343,648,207,644,119,643,41,602,381,576,274,563,201,554,132
1786208224.984,692,692,810,619,903,505,963,397,1000,296,800,286,806,143,810,64,819,0,728,274,722,119,733,50,757,13,662,286,655,138,673,67,702,26,597,324,581,189,582,101,591,28
1786208225.173,679,679,806,606,898,480,957,357,1000,247,803,275,806,138,810,63,819,0,734,261,736,111,751,43,780,4,670,273,670,123,692,53,731,20,603,313,615,184,641,109,676,58
1786208225.351,686,686,818,618,911,486,964,354,1000,237,815,279,818,141,823,65,835,5,744,264,744,108,759,36,788,0,680,275,678,119,705,54,746,30,613,315,627,182,658,108,697,63
1786208225.533,697,697,813,643,908,534,967,442,1000,354,825,319,835,171,839,84,847,12,755,303,756,147,763,61,774,0,689,314,686,166,692,82,698,17,623,347,613,219,616,132,621,54
1786208225.709,660,660,766,612,857,538,932,479,1000,440,772,315,800,191,813,121,821,59,704,289,709,145,708,65,702,0,639,297,632,165,629,86,626,15,576,328,554,218,541,148,531,79
1786208225.889,666,666,770,618,859,543,932,485,1000,447,775,323,802,199,814,128,824,64,709,297,714,151,714,68,711,0,646,306,638,172,636,91,635,19,585,338,559,231,546,162,537,92
1786208226.054,687,687,783,638,869,564,938,499,1000,452,796,354,819,222,834,145,848,77,731,332,739,175,742,79,745,0,670,344,668,203,672,114,678,39,609,379,590,270,586,197,590,129
1786208226.238,680,680,810,610,903,474,958,342,1000,236,803,276,802,124,805,52,812,16,732,262,732,97,740,24,760,0,665,276,660,117,677,41,708,16,595,318,602,188,623,120,653,87
1786208226.412,673,673,806,602,900,464,957,330,1000,216,795,268,794,125,799,57,812,20,724,252,719,86,735,18,766,0,658,263,653,100,684,32,729,19,589,303,603,167,636,95,679,62
1786208226.596,664,664,765,610,855,530,933,475,1000,445,764,317,790,187,809,118,832,62,694,299,688,153,684,70,681,0,629,312,615,175,608,90,605,15,569,350,548,234,538,159,536,88
1786208226.781,665,665,766,619,854,546,930,502,1000,483,766,329,794,206,810,136,825,74,697,306,696,159,696,72,695,0,635,318,621,187,618,105,619,30,577,354,549,247,534,175,527,103
1786208226.954,667,667,768,623,856,554,931,506,1000,477,771,337,801,213,816,141,830,77,705,311,707,162,708,74,706,0,644,322,633,188,632,104,632,27,585,357,556,250,542,178,532,107
1786208227.128,678,678,777,627,866,552,937,488,1000,442,785,342,812,213,830,138,847,72,718,321,721,169,720,77,717,0,656,335,649,201,648,115,648,40,598,371,575,260,565,186,560,115
1786208227.300,671,671,802,618,898,487,951,356,1000,258,814,311,829,174,837,99,844,30,746,292,754,144,760,62,771,0,682,300,693,155,720,86,752,42,613,331,638,222,674,176,711,148
1786208227.483,650,650,790,580,893,440,953,296,1000,182,802,250,811,104,829,46,855,6,731,232,738,63,769,12,812,0,664,238,666,70,706,21,758,14,593,271,619,148,658,101,700,85
1786208227.665,688,688,794,657,894,578,960,508,1000,447,837,357,868,209,883,130,895,64,770,326,788,162,801,71,810,0,705,327,717,176,730,93,740,28,638,351,638,225,647,148,657,80
1786208227.844,654,654,764,611,860,530,935,459,1000,406,784,313,820,193,839,127,853,68,716,281,730,138,731,60,728,0,648,282,650,150,649,75,650,11,581,307,569,192,565,121,563,53
1786208228.033,664,664,771,617,865,535,934,461,1000,412,792,324,830,204,848,139,862,78,726,295,742,150,744,67,742,0,660,299,662,167,665,86,666,16,594,328,579,212,573,140,569,68
1786208228.211,681,681,781,641,872,565,939,494,1000,440,805,359,838,231,857,154,874,86,741,331,755,177,761,79,765,0,679,337,682,199,689,113,698,40,618,367,608,253,609,178,615,110
1786208228.381,689,689,818,633,915,514,965,389,1000,279,828,310,844,155,856,76,866,15,760,293,772,127,785,46,798,0,695,301,702,146,725,87,753,71,626,330,644,200,670,139,698,109
1786208228.546,672,672,808,615,910,494,963,361,1000,240,819,284,827,130,842,68,864,23,748,265,757,96,780,30,814,0,682,272,686,113,720,63,766,50,609,301,629,174,663,116,703,85
1786208228.690,669,669,807,611,910,490,965,356,1000,231,820,274,830,120,845,58,868,11,748,255,756,82,781,23,820,0,682,261,687,99,724,52,773,43,608,291,631,162,667,107,708,79
1786208228.853,663,663,771,621,864,543,937,483,1000,441,782,319,803,193,812,121,817,57,717,293,728,149,731,66,729,0,656,300,654,165,652,87,650,22,594,332,582,219,580,147,580,78
1786208229.038,642,642,754,604,851,532,930,477,1000,443,772,300,803,178,816,108,826,45,704,268,717,129,719,56,717,0,637,270,638,138,639,70,638,11,570,295,554,185,547,117,541,51
1786208229.216,659,659,765,621,857,553,931,498,1000,463,782,320,817,196,833,122,844,54,714,289,726,146,730,66,729,0,650,296,646,164,648,89,648,20,587,327,569,217,560,147,554,77
1786208229.395,698,698,796,652,880,577,944,516,1000,467,809,363,838,232,859,155,880,90,745,339,759,183,770,84,780,0,685,350,687,206,696,116,707,36,624,386,607,275,605,201,611,130
1786208229.562,655,655,788,596,892,472,955,346,1000,233,795,259,803,115,814,49,826,5,720,238,721,66,744,10,771,0,651,245,653,80,686,26,723,24,580,279,600,150,630,101,660,91
1786208229.748,670,670,796,615,895,494,957,368,1000,255,804,287,814,147,824,88,835,43,735,267,733,97,754,30,783,0,672,275,672,107,713,59,760,54,605,310,625,181,663,136,704,122
1786208229.923,662,662,765,618,857,549,930,512,1000,505,773,325,804,197,820,125,835,62,703,300,704,150,705,67,707,0,639,308,628,171,628,93,630,26,579,342,556,232,548,159,546,89
1786208230.101,658,658,759,617,851,555,928,528,1000,527,770,328,799,203,814,132,828,68,700,302,698,155,698,71,697,0,637,312,622,179,620,99,621,26,579,347,549,243,535,174,528,104
1786208230.285,665,665,765,622,854,556,930,524,1000,518,773,339,804,212,820,137,835,70,705,314,705,164,706,76,707,0,644,326,630,192,629,110,631,34,587,363,558,261,543,193,534,124
1786208230.455,679,679,779,628,866,552,939,491,1000,439,786,341,798,206,804,122,813,52,721,322,723,172,733,79,745,0,660,334,654,194,662,110,676,40,600,368,582,251,583,171,592,96
1786208230.628,672,672,806,615,906,493,963,372,1000,262,800,263,802,103,816,30,834,0,727,251,721,76,745,16,779,14,658,271,648,102,685,45,731,44,588,320,597,189,629,137,668,126
1786208230.807,698,698,829,640,926,514,977,385,1000,265,829,285,835,131,848,58,864,11,756,272,750,97,771,27,802,0,690,290,681,119,725,71,775,70,622,338,636,205,677,159,723,151
1786208230.982,683,683,780,640,869,566,941,515,1000,492,797,357,816,223,821,142,826,76,728,334,730,179,736,80,742,0,666,346,660,203,664,110,670,31,607,382,591,265,590,185,598,112
1786208231.192,645,645,752,603,847,536,928,492,1000,475,766,307,798,187,811,121,821,62,700,277,709,136,708,61,702,0,637,282,631,152,629,76,627,7,574,312,552,204,540,136,531,67
1786208231.360,661,661,762,616,853,548,930,507,1000,489,775,329,808,208,823,139,835,79,710,300,721,152,723,68,721,0,648,307,642,171,640,89,637,16,586,340,562,230,549,159,540,89
1786208231.557,686,686,785,642,871,571,939,525,1000,500,790,360,805,218,814,130,822,53,727,341,737,184,749,86,760,0,667,353,662,207,668,114,678,34,608,388,588,275,585,199,589,125
1786208231.716,658,658,785,604,886,509,951,421,1000,349,780,260,770,102,781,27,794,0,707,247,688,68,714,32,745,64,639,262,616,90,649,55,684,93,570,302,560,172,583,136,613,155
1786208231.883,663,663,785,609,882,505,949,410,1000,333,786,274,786,126,791,53,800,14,717,259,713,86,734,17,764,0,653,273,641,108,673,60,714,72,589,313,593,188,622,137,659,128
1786208232.054,655,655,758,607,851,536,933,497,1000,481,771,318,789,181,797,102,804,39,702,297,702,151,706,66,710,0,638,307,627,168,628,86,630,17,579,342,560,227,558,147,563,72
1786208232.237,660,660,760,612,853,537,931,494,1000,475,766,321,797,199,813,132,828,72,698,296,699,150,698,67,695,0,635,307,625,176,622,96,621,25,577,341,553,231,539,160,531,89
1786208232.421,684,684,784,639,874,563,942,494,1000,437,789,354,811,224,824,148,837,81,723,330,731,179,738,83,746,0,662,341,656,203,661,114,672,35,602,377,582,271,581,200,590,131
1786208232.594,668,668,796,618,896,503,957,388,1000,282,801,295,810,158,816,81,826,12,734,276,739,129,752,54,772,0,671,281,676,140,694,68,720,15,607,310,613,183,631,107,656,42
1786208232.784,659,659,794,603,899,489,960,371,1000,264,799,269,807,124,816,52,832,0,733,251,739,92,761,26,799,1,671,258,674,102,705,36,750,12,604,292,618,164,649,97,689,59
1786208232.960,661,661,794,604,897,492,960,380,1000,274,801,272,808,135,816,63,833,6,734,253,739,99,761,33,799,0,671,261,676,107,707,40,753,10,604,297,619,168,651,100,692,57
1786208233.131,663,663,798,610,903,499,964,389,1000,283,803,273,810,132,817,60,832,4,735,255,740,99,759,32,794,0,673,264,675,111,704,44,748,15,605,301,618,174,648,108,686,69
1786208233.302,657,657,794,606,900,496,961,385,1000,280,800,271,808,132,815,58,829,0,731,251,735,96,753,31,786,1,668,259,672,106,701,40,743,12,600,296,614,169,643,103,682,61
1786208233.479,665,665,803,609,907,500,965,390,1000,283,805,274,812,133,819,59,835,3,736,255,741,98,759,32,794,0,673,263,676,111,706,45,750,16,605,301,618,172,649,106,689,66
1786208233.663,667,667,803,613,907,501,965,387,1000,280,806,271,813,130,819,57,834,2,738,253,742,97,759,32,792,0,675,263,677,110,705,44,748,12,607,301,620,173,649,107,689,63
1786208233.845,672,672,806,616,909,504,967,391,1000,282,807,276,813,132,820,59,836,3,738,259,741,100,759,33,793,0,675,269,675,115,704,48,747,18,608,307,621,177,650,109,689,66
1786208234.027,660,660,788,616,893,508,963,397,1000,286,791,307,805,156,817,73,832,13,722,286,734,131,755,52,782,0,657,285,669,132,692,58,720,8,592,305,599,176,620,105,646,51
1786208234.218,647,647,778,623,893,514,961,401,1000,304,788,296,801,157,817,75,841,10,722,271,735,134,762,54,795,0,660,274,673,137,698,65,731,13,595,300,607,179,629,111,658,56
1786208234.382,648,648,784,611,883,507,948,398,1000,297,774,285,793,147,810,69,834,4,708,262,724,123,748,48,781,0,646,266,657,129,681,63,715,23,582,294,590,173,610,104,639,52
