timestamp,x1,x2,x3,x4,x5,x6,x7,x8,x9,x10,x11,x12,x13,x14,x15,x16,x17,x18,x19,x20,x21,x22,x23,x24,x25,x26,x27,x28,x29,x30,x31,x32,x33,x34,x35,x36,x37,x38,x39,x40,x41,x42
1786205619.163,662,662,763,624,854,560,931,523,1000,508,786,352,826,228,848,156,864,95,722,321,742,166,754,76,759,0,657,327,650,182,648,98,648,23,596,360,567,254,550,187,541,123
1786205619.342,662,662,766,624,856,560,932,518,1000,497,788,354,824,229,845,155,860,91,724,323,740,167,752,76,759,0,660,328,652,183,651,99,652,27,599,360,571,256,555,190,545,127
1786205619.532,687,687,784,640,870,566,938,506,1000,467,805,355,837,233,859,162,879,102,738,331,744,172,745,76,744,0,676,347,665,205,664,118,666,42,617,388,597,274,589,198,588,125
1786205619.698,755,755,864,698,936,559,971,452,1000,360,850,354,865,203,885,103,906,26,790,347,800,185,820,79,844,0,733,369,730,201,751,97,772,16,679,421,705,304,741,235,775,186
1786205619.871,821,821,921,716,970,550,990,411,1000,283,853,378,864,220,888,107,909,28,796,379,811,197,850,79,887,0,745,411,789,241,875,253,938,306,705,469,792,359,868,349,920,374
1786205620.048,818,818,911,717,954,557,979,425,1000,312,870,384,892,211,910,108,920,31,808,388,807,191,826,78,843,0,755,426,803,267,884,291,940,343,718,486,809,385,885,380,935,399
1786205620.269,833,833,925,720,967,562,989,435,1000,335,894,388,921,219,938,120,946,43,828,391,827,191,843,78,859,0,771,430,818,274,902,308,957,368,732,495,825,397,905,391,958,410
1786205620.428,829,829,920,706,957,550,978,421,1000,317,886,386,907,213,922,113,931,35,824,390,818,190,837,79,856,0,771,428,815,271,901,300,963,354,733,488,823,384,903,378,958,396
1786205620.594,808,808,911,723,977,589,990,486,1000,404,891,370,889,198,886,98,884,16,813,369,802,190,799,83,800,0,743,400,729,232,726,126,723,42,676,459,661,319,664,223,667,142
1786205620.766,686,686,781,635,860,564,935,524,1000,504,747,332,751,202,751,120,750,53,683,323,658,172,643,76,628,0,626,352,584,209,561,115,542,37,580,406,539,302,517,229,500,162
1786205620.961,678,678,774,628,856,560,934,526,1000,512,748,332,752,201,749,123,745,56,684,320,653,169,637,76,621,0,628,344,586,207,563,120,544,46,582,392,539,290,512,227,489,167
1786205621.118,683,683,779,634,859,562,935,525,1000,507,749,335,752,207,749,128,746,62,685,325,658,173,641,77,626,0,630,350,590,213,569,125,551,50,585,400,542,300,514,232,492,168
1786205621.297,686,686,783,639,859,568,935,527,1000,508,751,335,754,209,751,128,749,64,686,326,660,175,643,78,629,0,629,352,588,212,563,118,545,36,583,405,540,299,513,228,493,161
1786205621.485,691,691,786,641,863,568,937,527,1000,507,752,338,754,210,752,130,751,64,688,330,662,179,647,80,635,0,633,358,591,219,568,124,551,42,589,411,545,307,518,235,498,166
1786205621.671,791,791,890,725,958,588,982,484,1000,402,856,409,870,242,888,125,906,35,794,399,819,222,845,98,869,0,734,420,745,247,773,124,796,29,678,474,711,343,750,252,784,186
1786205621.839,812,812,914,703,967,549,986,421,995,319,920,361,964,180,987,79,1000,9,837,364,844,170,876,68,906,0,764,400,809,258,877,288,922,338,704,461,802,388,878,374,929,376
1786205622.026,820,820,917,722,970,563,992,440,1000,338,913,373,937,205,952,109,960,40,839,379,841,193,858,81,872,0,774,419,817,293,886,317,934,356,723,485,830,421,907,405,958,398
1786205622.188,818,818,917,728,965,566,979,443,1000,349,915,371,943,212,959,123,967,58,839,375,840,187,855,81,865,0,773,417,808,285,874,314,915,352,722,484,818,426,891,422,934,422
1786205622.370,815,815,908,731,959,564,980,439,1000,338,897,388,918,235,935,143,944,73,825,387,830,209,846,94,858,0,764,422,806,291,877,302,927,321,715,483,815,424,888,420,935,421
1786205622.543,830,830,925,747,978,590,990,470,1000,383,926,395,947,233,961,135,969,64,847,394,846,213,857,94,862,0,778,435,824,316,891,350,931,392,725,506,826,452,897,450,940,454
1786205622.749,820,820,913,735,971,587,992,469,1000,377,918,391,945,229,958,131,964,59,840,390,834,205,836,88,833,0,774,431,825,324,891,357,934,399,725,501,831,451,905,441,952,437
1786205622.910,824,824,915,725,967,580,986,465,1000,364,911,393,931,229,940,129,941,54,835,392,831,202,832,88,828,0,770,430,828,309,894,350,937,400,721,496,824,439,895,426,942,420
1786205623.087,802,802,903,738,970,614,991,525,1000,452,878,387,878,217,880,108,884,26,797,386,783,207,782,88,785,0,729,424,705,259,702,145,701,55,671,495,656,378,660,291,665,222
1786205623.280,669,669,767,625,849,559,931,530,1000,522,737,321,747,193,748,112,747,47,670,309,650,163,635,73,623,0,611,334,576,200,556,111,541,33,562,386,517,287,489,219,468,154
1786205623.440,673,673,769,626,852,561,931,533,1000,529,743,327,751,201,752,123,749,57,678,314,655,165,641,74,626,0,621,339,583,200,561,114,543,41,571,390,524,289,494,224,470,162
1786205623.615,758,758,852,704,926,614,971,553,1000,504,830,371,838,207,841,105,844,20,760,371,742,198,737,89,732,0,701,405,675,246,666,144,659,61,651,464,630,335,627,250,626,176
1786205623.792,798,798,893,725,953,575,979,459,1000,367,886,411,908,237,922,127,929,47,822,409,834,217,847,91,857,0,763,437,804,314,873,326,925,358,709,486,772,384,824,348,865,331
1786205623.979,820,820,914,728,966,584,989,476,1000,389,904,396,918,225,926,125,930,52,836,400,833,201,838,86,844,0,777,443,843,329,917,358,970,395,735,508,839,430,914,405,966,388
1786205624.158,815,815,911,722,959,577,979,466,1000,375,895,394,913,229,925,131,929,57,825,398,820,202,824,87,827,0,766,442,820,329,897,347,952,373,723,509,817,432,887,406,938,386
1786205624.334,691,691,779,634,851,552,931,507,1000,488,748,334,741,202,736,119,735,50,685,327,662,176,651,80,642,0,631,355,604,218,594,130,588,54,586,409,557,306,546,235,541,170
1786205624.519,695,695,784,654,851,582,931,544,1000,525,741,346,735,215,730,135,730,64,675,338,632,184,601,86,574,0,622,373,566,223,525,124,488,39,586,435,539,325,508,249,480,180
1786205624.687,712,712,796,668,858,591,934,557,1000,538,747,358,744,226,737,142,737,67,680,356,632,200,597,94,569,0,628,397,570,255,527,158,491,75,596,464,555,357,527,284,504,220
1786205624.876,784,784,881,724,949,607,981,519,1000,446,840,374,850,213,857,102,865,15,761,376,742,206,734,91,728,0,697,420,664,268,652,169,639,89,647,499,620,380,613,301,606,237
1786205625.059,804,804,902,719,951,558,974,436,1000,340,877,395,905,220,922,119,931,44,810,394,792,197,794,83,796,0,755,428,804,276,883,285,935,313,712,488,809,392,884,367,932,357
1786205625.225,826,826,921,709,962,549,979,422,1000,337,902,378,926,209,941,117,949,45,834,386,807,190,803,85,804,0,778,429,841,296,916,311,966,332,735,491,840,404,912,377,958,354
1786205625.404,822,822,919,707,956,549,972,421,1000,332,897,387,923,219,937,125,945,51,829,391,805,191,803,87,801,0,773,431,839,293,912,314,959,336,731,492,832,403,901,382,945,363
1786205625.560,817,817,920,710,963,535,982,393,1000,310,900,359,927,179,943,80,951,0,828,366,805,176,806,91,805,17,770,406,824,268,902,271,953,274,727,464,817,361,881,323,924,287
1786205625.761,690,690,778,652,850,580,931,542,1000,527,740,335,735,199,730,111,726,39,672,325,626,177,596,82,568,0,616,356,570,210,539,114,509,29,575,418,535,311,512,235,493,165
1786205625.937,710,710,791,677,857,594,933,560,1000,541,748,354,746,223,734,139,724,67,681,346,621,190,577,86,540,0,628,381,576,228,546,131,520,51,594,446,561,337,546,263,536,197
1786205626.115,691,691,780,649,852,560,933,518,1000,491,739,328,733,192,729,105,728,33,677,323,643,174,623,79,608,0,626,355,596,207,577,108,560,22,590,415,564,298,551,217,539,145
1786205626.292,794,794,891,738,956,578,978,443,1000,325,880,410,910,245,934,137,950,53,812,394,828,213,842,91,850,0,750,418,782,245,820,133,845,49,688,478,751,378,811,321,858,284
1786205626.463,805,805,906,717,958,552,982,425,1000,314,886,396,930,269,964,222,984,191,813,388,824,200,854,85,873,0,749,421,791,272,874,280,930,307,700,480,805,415,882,411,930,415
1786205626.619,808,808,901,721,953,554,982,427,1000,317,863,393,903,275,947,220,978,179,796,390,815,213,851,94,879,0,740,428,783,286,866,282,929,295,700,490,804,420,882,404,936,398
1786205626.765,816,816,917,734,969,556,988,425,1000,319,889,409,931,301,969,248,996,207,811,398,815,225,843,98,867,0,745,431,785,287,863,277,919,285,698,492,802,428,882,416,936,415
1786205626.949,802,802,901,732,969,560,987,414,1000,288,922,385,962,211,984,105,995,26,848,370,873,186,892,77,902,0,774,394,794,224,825,117,847,36,699,455,744,362,789,306,822,267
1786205627.121,706,706,795,665,867,590,938,551,1000,527,765,358,753,224,746,133,742,62,707,357,666,201,634,91,605,0,659,394,626,238,601,136,577,48,622,460,599,346,587,269,577,198
1786205627.315,707,707,793,679,864,601,935,559,1000,530,755,362,742,227,726,130,713,50,695,360,652,207,616,95,584,0,646,395,616,243,587,134,559,42,610,458,591,345,584,264,578,196
1786205627.516,683,683,777,640,856,552,935,498,1000,459,745,323,738,186,732,98,727,28,691,317,674,171,661,77,650,0,642,346,630,199,626,106,620,26,601,402,590,285,588,203,586,130
1786205627.671,717,717,828,683,910,586,959,496,1000,423,851,386,871,235,881,140,889,62,784,359,802,197,820,89,837,0,718,362,726,207,741,103,756,16,655,387,648,256,655,161,665,74
1786205627.845,757,757,856,704,926,581,958,474,1000,394,878,370,892,213,897,121,901,45,814,356,822,184,831,83,844,0,753,376,752,208,762,108,775,27,691,420,693,284,703,204,714,137
1786205628.014,789,789,925,726,1000,485,989,276,970,113,911,332,913,149,950,86,985,69,821,318,824,122,878,39,931,0,737,344,741,134,814,77,879,56,658,406,721,269,787,218,841,189
1786205628.204,834,834,949,763,1000,577,992,424,993,291,920,441,909,246,902,109,897,0,844,442,850,277,901,239,947,249,776,466,779,305,840,276,896,289,707,509,716,372,752,315,790,297
1786205628.393,843,843,950,784,1000,589,994,430,994,299,926,449,913,247,903,108,895,0,851,449,854,276,905,240,951,247,785,479,791,303,862,293,922,313,727,536,782,433,845,402,892,392
1786205628.545,830,830,941,778,1000,585,978,418,969,286,944,421,957,242,966,129,970,48,861,415,872,219,885,92,887,0,784,451,778,288,814,240,837,216,707,521,714,447,742,462,756,491
1786205628.749,695,695,788,648,862,553,934,495,1000,454,752,351,744,214,735,126,726,54,691,352,665,195,642,88,621,0,640,388,622,239,611,138,600,54,600,450,591,342,590,268,589,202
1786205628.940,703,703,794,651,867,548,937,486,1000,444,755,350,744,212,734,123,725,50,695,353,665,196,644,88,628,0,645,392,624,248,621,147,618,66,607,459,604,354,619,281,634,222
1786205629.086,712,712,801,653,871,538,940,465,1000,410,763,346,763,201,760,106,759,29,707,351,691,194,686,88,687,0,657,387,646,236,655,136,665,55,620,450,628,335,649,263,672,204
1786205629.262,817,817,910,722,964,582,979,482,1000,401,908,374,938,210,951,110,958,35,834,381,842,200,852,86,860,0,770,427,817,322,874,360,911,409,720,502,809,438,879,426,925,427
1786205629.442,825,825,917,735,968,580,980,481,1000,405,903,368,929,214,947,111,959,38,823,378,832,204,844,90,853,0,760,434,816,349,880,384,921,418,720,521,830,482,902,473,948,468
1786205629.618,824,824,912,728,961,568,979,466,1000,390,866,364,890,204,907,99,919,27,792,378,796,201,808,90,816,0,736,436,804,353,873,380,914,403,703,522,815,487,888,482,930,476
1786205629.789,835,835,928,760,987,611,999,494,1000,399,921,423,930,239,939,117,943,28,855,417,857,223,857,95,855,0,792,444,789,259,801,140,810,49,729,504,736,383,761,310,785,259
1786205629.965,685,685,777,637,853,554,933,511,1000,484,737,327,719,185,704,93,693,19,685,330,650,180,625,82,603,0,641,369,614,222,599,125,585,44,609,434,592,323,589,246,587,177
1786205630.119,688,688,777,639,852,549,932,503,1000,476,738,323,722,183,709,95,699,24,688,326,660,176,640,79,622,0,645,363,623,217,614,122,604,42,611,427,598,319,599,241,601,172
1786205630.269,692,692,782,637,855,538,934,488,1000,453,739,326,724,182,712,93,702,21,691,330,669,178,653,80,637,0,649,366,636,215,631,117,624,34,614,425,605,312,610,230,615,158
1786205630.448,797,797,889,732,949,587,976,477,1000,382,881,396,900,229,912,117,920,34,816,387,823,210,828,90,829,0,755,411,756,236,767,121,774,32,699,469,714,347,738,265,759,204
1786205630.621,796,796,897,697,952,554,978,442,1000,351,892,370,916,204,927,108,931,37,818,369,812,186,817,83,820,0,757,408,826,302,887,354,920,405,713,471,804,417,869,407,911,400
1786205630.818,797,797,897,698,951,559,976,451,1000,362,891,372,914,205,925,110,930,39,817,372,808,193,812,86,813,0,755,411,823,311,890,356,928,403,711,474,799,420,865,411,908,406
1786205630.998,801,801,899,703,953,559,980,453,1000,363,882,379,913,220,928,126,936,55,808,380,791,197,794,88,797,0,749,422,826,323,892,374,926,420,713,490,816,450,881,458,917,464
1786205631.194,702,702,793,656,872,580,940,531,1000,512,806,342,821,194,829,97,834,26,735,329,729,173,730,73,729,0,672,356,656,206,655,105,651,27,620,412,604,306,602,232,599,171
1786205631.343,686,686,774,643,849,573,929,549,1000,538,762,333,766,189,764,98,762,28,698,334,682,174,671,77,659,0,645,381,617,239,606,144,597,63,609,462,587,378,588,320,593,266
1786205631.522,700,700,785,663,859,589,935,560,1000,546,772,363,771,225,767,137,762,66,717,358,690,197,669,89,647,0,671,390,648,233,634,130,619,43,635,448,626,332,627,251,627,179
1786205631.702,705,705,791,662,864,583,936,545,1000,523,770,364,769,224,764,132,761,58,711,365,678,203,658,90,641,0,662,402,633,251,622,151,611,70,628,465,614,352,615,276,618,213
1786205631.870,817,817,916,714,976,574,993,463,1000,369,923,379,957,215,968,114,970,41,840,382,841,206,838,88,834,0,773,427,846,343,894,383,920,429,726,500,842,463,914,456,964,456
1786205632.060,819,819,914,715,978,571,1000,460,984,387,923,379,955,207,968,114,973,46,840,380,836,190,845,81,851,0,770,426,846,358,896,405,923,450,722,498,837,478,907,486,951,493
1786205632.239,821,821,914,714,977,569,1000,461,999,378,924,384,955,216,968,122,972,50,843,382,847,195,859,83,867,0,773,424,850,349,901,382,932,418,723,492,840,471,911,474,958,480
1786205632.415,815,815,912,713,974,570,995,457,1000,365,926,360,958,188,972,99,981,33,845,361,848,170,867,71,883,0,777,407,848,331,898,374,922,416,729,481,839,461,904,476,940,491
1786205632.606,686,686,776,633,853,548,930,501,1000,477,772,325,781,177,783,87,782,16,717,320,723,164,727,71,728,0,662,348,657,198,656,101,653,23,612,399,601,278,602,191,602,113
1786205632.769,675,675,771,638,853,558,932,515,1000,488,751,318,747,175,739,83,732,11,698,314,696,163,696,72,694,0,645,340,634,193,628,94,620,10,599,390,585,265,579,181,573,104
1786205632.952,677,677,770,637,851,559,931,523,1000,499,754,321,750,178,746,87,741,15,704,315,711,164,717,72,718,0,654,341,646,192,643,91,636,4,608,393,592,277,586,195,579,119
1786205633.133,731,731,820,676,887,564,945,486,1000,433,786,350,782,194,780,87,780,6,727,353,716,191,717,82,720,0,674,386,662,235,665,134,668,55,630,445,621,333,627,255,635,192
1786205633.300,790,790,891,711,950,557,976,448,1000,365,905,376,941,268,958,271,963,279,829,350,827,176,830,77,824,0,762,367,799,232,851,279,877,336,700,416,782,351,846,366,882,390
1786205633.495,806,806,899,728,959,586,986,483,1000,393,907,384,943,230,955,143,961,80,829,376,798,190,784,83,767,0,763,414,827,316,899,383,934,443,715,480,816,441,883,462,915,478
1786205633.666,805,805,898,719,957,575,989,464,1000,363,885,379,906,216,915,127,917,59,811,379,775,183,761,80,744,0,753,423,826,316,901,374,938,427,713,492,820,446,889,463,922,475
1786205633.837,801,801,894,719,953,578,987,472,1000,375,881,390,923,249,942,191,950,144,806,383,778,189,769,85,753,0,747,423,822,320,895,386,925,441,708,490,813,454,875,481,898,499
1786205634.017,801,801,898,710,956,569,985,458,1000,362,897,375,929,213,943,126,947,64,821,369,797,177,792,77,780,0,759,406,827,299,886,378,907,450,714,470,818,443,872,481,888,512
1786205634.197,794,794,887,715,948,567,975,456,1000,363,892,363,922,206,936,116,941,50,816,359,808,189,809,84,806,0,754,398,806,283,877,245,921,218,706,471,800,443,871,449,914,458
1786205634.374,696,696,783,654,857,579,935,549,1000,539,759,350,754,213,745,120,737,46,702,347,673,193,651,87,630,0,653,379,627,230,610,128,592,41,615,440,599,327,593,250,586,182
1786205634.545,696,696,782,660,855,590,933,562,1000,552,760,365,757,229,751,142,746,70,704,360,669,198,639,90,609,0,657,392,627,237,604,133,580,46,621,450,608,337,600,258,593,187
1786205634.746,697,697,782,652,855,572,933,532,1000,512,763,356,759,220,753,131,745,59,708,350,680,194,660,86,640,0,661,379,638,226,622,124,604,40,626,435,613,322,608,244,602,176
1786205634.908,760,760,859,693,924,552,957,444,1000,369,850,396,870,235,885,118,895,33,790,384,807,216,819,97,828,0,732,397,741,240,756,130,769,42,675,437,681,318,699,234,716,167
1786205635.100,805,805,900,697,954,547,983,438,1000,349,885,364,904,199,911,104,911,34,807,371,792,191,788,81,785,0,744,416,814,314,887,348,938,391,702,485,817,444,895,437,950,436
1786205635.273,806,806,903,697,957,550,985,440,1000,345,893,368,918,201,927,107,928,36,813,375,798,193,796,82,796,0,748,418,819,312,889,355,937,406,704,484,818,442,896,438,950,439
1786205635.437,799,799,896,693,952,543,983,434,1000,340,879,370,916,208,933,115,942,44,802,374,795,195,801,84,805,0,741,415,816,309,885,349,930,398,703,479,818,443,891,442,940,445
1786205635.614,799,799,898,689,955,539,985,429,1000,332,887,364,925,198,942,103,949,31,809,367,809,188,819,80,827,0,745,405,819,299,883,341,925,391,698,467,813,432,886,431,937,436
1786205635.795,798,798,897,721,962,565,985,435,1000,326,908,378,939,210,953,109,957,32,833,369,835,196,839,85,838,0,766,403,807,276,869,257,908,252,707,469,798,431,873,432,921,442
1786205635.967,695,695,786,641,860,546,936,497,1000,461,764,342,761,201,750,112,740,42,711,346,688,193,669,88,653,0,663,378,661,241,665,149,669,70,625,430,644,321,670,251,693,191
1786205636.164,688,688,779,647,854,548,930,496,1000,462,751,316,749,168,741,74,735,0,698,322,704,180,711,96,718,29,646,359,643,237,646,173,645,118,602,414,606,291,617,208,627,133
1786205636.334,693,693,783,642,858,542,934,489,1000,449,759,315,763,167,762,73,761,0,703,318,711,168,720,77,726,5,650,355,646,223,659,144,670,76,606,417,610,308,629,237,646,173
1786205636.519,772,772,870,688,933,543,967,434,1000,351,870,355,901,202,919,106,924,36,801,347,815,186,829,81,838,0,741,378,794,243,860,188,906,156,692,443,796,381,872,360,926,353
1786205636.688,795,795,893,690,956,555,987,447,1000,354,886,354,912,182,923,87,929,13,806,360,809,174,828,72,852,0,742,406,823,293,890,347,934,410,699,478,809,427,885,418,939,418
1786205636.864,791,791,889,693,955,553,989,443,1000,354,875,347,903,180,917,85,928,15,797,352,800,167,826,68,855,0,735,398,820,304,894,345,944,395,698,470,809,433,886,426,939,423
1786205637.040,801,801,897,704,961,570,992,459,1000,365,875,363,906,193,922,96,931,24,797,367,799,182,817,76,838,0,737,414,825,325,900,362,952,406,705,486,818,448,894,436,948,428
1786205637.227,800,800,897,701,958,566,989,456,1000,364,884,372,922,202,940,104,949,30,805,373,811,188,826,79,838,0,743,416,825,316,897,358,944,410,703,484,812,442,886,433,936,432
1786205637.404,798,798,898,701,959,567,989,454,1000,359,877,375,905,206,920,110,926,37,801,378,795,194,802,84,808,0,742,419,824,317,893,361,934,412,706,485,811,440,885,434,935,433
1786205637.582,797,797,896,698,957,563,986,453,1000,366,878,369,907,204,921,111,927,40,804,371,795,185,795,80,795,0,743,414,827,319,899,359,946,406,705,484,811,441,884,433,934,428
1786205637.759,803,803,901,704,963,570,991,463,1000,376,886,368,900,205,906,113,906,41,811,371,793,190,790,83,789,0,750,416,832,321,901,368,943,418,709,488,814,447,884,446,931,446
1786205637.935,694,694,786,646,867,555,937,509,1000,498,792,325,803,188,807,99,810,32,718,317,713,167,713,70,711,0,651,353,641,208,649,118,653,51,593,426,600,383,621,395,633,419
1786205638.122,708,708,792,674,863,595,935,555,1000,528,768,368,764,239,758,152,753,80,709,364,682,206,660,95,641,0,660,399,636,247,619,142,603,50,623,463,615,353,616,275,615,206
1786205638.305,716,716,802,666,875,572,942,502,1000,453,789,363,807,216,816,121,819,45,732,353,739,192,744,84,746,0,678,378,671,223,669,116,666,31,629,429,609,304,603,213,599,134
1786205638.463,766,766,858,686,923,545,966,443,1000,365,840,361,873,194,893,92,905,19,770,361,796,183,817,76,834,0,709,397,793,307,864,354,911,413,667,457,783,416,862,416,914,424
1786205638.654,783,783,883,687,959,548,1000,430,987,354,872,336,890,171,908,77,925,8,799,343,816,157,850,64,886,0,733,391,814,291,884,352,929,417,686,467,791,424,867,427,918,435
1786205638.839,783,783,886,688,960,551,1000,435,988,356,878,345,898,178,914,85,929,19,804,351,811,162,841,65,876,0,740,397,819,300,884,361,925,426,694,469,800,428,874,430,924,437
1786205639.006,790,790,887,703,960,563,1000,448,990,367,880,361,899,186,909,86,916,14,807,367,806,182,829,76,852,0,745,414,819,322,878,386,912,451,701,484,805,448,876,457,920,466
1786205639.181,794,794,888,708,961,576,1000,463,987,388,888,389,917,216,934,120,942,49,816,390,824,199,839,86,850,0,755,433,828,337,885,401,917,466,712,500,815,461,885,466,929,475
1786205639.366,798,798,891,709,962,576,1000,466,991,391,893,391,922,222,937,127,943,55,820,391,830,201,844,87,853,0,759,433,831,343,889,404,924,469,714,499,816,463,886,468,931,477
1786205639.536,796,796,893,710,964,577,1000,468,993,388,899,391,929,221,943,124,947,53,824,389,836,200,852,85,863,0,759,428,829,337,884,402,916,469,712,493,811,454,880,459,925,467
1786205639.679,801,801,895,712,965,582,1000,474,997,391,902,388,929,217,943,121,946,50,829,388,842,197,858,84,869,0,765,429,830,332,888,390,923,453,716,494,817,455,890,459,937,469
1786205639.848,802,802,896,715,965,584,1000,476,1000,390,904,387,928,213,940,115,944,42,831,389,839,199,855,86,868,0,766,432,830,342,887,401,921,462,717,500,811,461,880,466,924,474
1786205640.044,824,824,921,765,993,617,1000,497,991,403,932,423,955,255,970,136,977,47,854,407,866,229,878,100,880,0,781,434,792,271,816,166,824,88,712,502,758,443,803,438,825,454
1786205640.204,692,692,786,659,864,588,937,547,1000,516,769,371,766,241,763,158,759,89,713,360,692,199,677,89,661,0,664,386,642,230,629,128,617,44,627,440,613,325,611,244,609,173
1786205640.365,694,694,785,658,865,580,937,530,1000,493,774,359,780,221,782,131,783,56,717,348,706,192,699,87,693,0,666,372,657,221,653,118,650,31,624,421,620,297,622,212,623,135
1786205640.568,699,699,796,656,870,549,939,483,1000,426,760,337,768,195,781,94,795,17,699,337,700,187,721,80,746,0,646,378,625,224,646,124,670,48,607,452,619,373,652,323,686,289
1786205640.737,710,710,810,602,882,435,943,331,1000,246,718,259,784,95,864,25,926,0,671,264,754,81,852,30,929,27,639,302,716,111,818,35,895,3,630,370,698,227,761,145,812,92
1786205640.928,744,744,818,641,871,489,927,392,1000,328,691,334,721,181,763,76,799,0,653,347,759,199,862,172,940,177,639,397,745,245,849,202,927,186,651,475,756,383,839,338,904,312
1786205641.087,784,784,854,669,905,518,952,423,1000,344,702,368,694,204,704,88,717,0,686,386,790,235,890,209,960,210,694,436,810,278,904,236,967,215,724,510,850,413,937,370,996,340
1786205641.266,792,792,865,678,913,528,955,424,1000,337,707,382,692,209,701,88,710,0,683,400,785,251,863,214,904,189,688,445,811,308,885,298,920,302,714,511,840,457,897,472,922,498
1786205641.449,778,778,859,658,907,509,955,408,1000,331,712,364,688,205,685,87,691,0,684,381,810,248,903,246,958,263,685,426,824,308,914,317,965,339,710,491,843,443,915,450,958,468
1786205641.642,780,780,858,671,905,524,950,427,1000,357,719,364,693,211,696,88,705,0,684,382,818,251,914,284,964,331,680,434,825,315,913,345,955,382,702,505,845,470,917,486,951,509
1786205641.789,774,774,859,651,906,506,951,413,1000,347,723,357,707,198,710,84,718,0,690,377,832,257,926,289,977,332,689,426,836,313,920,335,966,365,713,493,852,451,922,459,961,473
1786205641.976,778,778,863,656,908,515,953,422,1000,351,737,360,725,202,725,95,725,17,705,371,742,190,769,81,787,0,699,418,831,295,919,326,969,372,722,494,857,452,926,463,964,483
1786205642.165,777,777,862,654,909,514,954,416,1000,345,727,359,706,197,704,82,709,0,698,371,794,197,866,137,913,102,696,418,834,289,910,324,950,375,722,488,859,445,928,453,965,471
1786205642.348,715,715,786,645,849,529,927,473,1000,439,728,374,723,243,738,146,755,73,673,380,652,214,656,93,663,0,631,428,611,264,615,152,619,63,606,510,612,431,636,374,661,332
1786205642.519,713,713,788,640,851,530,927,478,1000,441,729,370,724,232,736,131,750,54,680,380,660,213,669,93,681,0,641,433,616,269,622,160,632,75,619,518,608,437,623,373,643,323
1786205642.682,723,723,805,638,868,511,937,431,1000,381,745,347,757,201,783,101,808,29,686,354,687,184,704,74,722,0,636,408,614,248,625,146,639,78,598,496,613,418,650,367,690,335
1786205642.871,772,772,857,652,903,511,950,416,1000,343,725,357,714,200,728,85,744,0,695,375,815,244,891,250,931,273,696,422,827,309,903,309,943,318,722,484,848,421,915,412,956,412
1786205643.053,787,787,864,662,909,517,954,421,1000,353,728,358,710,191,728,80,749,0,699,377,826,231,904,230,944,242,701,429,849,317,924,321,956,322,728,497,863,447,930,446,966,443
1786205643.227,773,773,860,638,906,496,956,403,1000,328,722,342,699,185,702,77,711,0,691,357,771,175,827,88,865,34,688,405,833,286,916,301,962,327,715,472,855,429,925,435,964,445
1786205643.419,777,777,862,642,906,501,955,412,1000,341,724,345,702,188,716,79,738,0,692,366,834,236,919,275,959,323,694,417,849,308,920,340,950,366,719,482,857,437,927,442,966,448
1786205643.585,778,778,865,650,907,511,953,421,1000,353,735,351,722,192,735,82,754,0,702,370,831,240,918,254,968,286,702,419,851,314,928,336,967,359,729,484,863,440,929,448,964,457
1786205643.770,774,774,860,642,904,500,953,413,1000,346,733,348,730,188,742,82,757,0,702,365,834,234,915,252,957,280,701,411,853,308,923,341,954,369,725,474,859,432,926,441,964,449
1786205643.956,823,823,916,762,971,632,955,539,933,489,967,416,980,236,989,112,1000,17,891,412,895,231,896,103,896,0,826,452,827,355,840,441,845,522,770,518,794,462,820,515,833,573
1786205644.111,829,829,929,793,1000,690,991,589,950,517,972,420,982,228,981,98,972,0,890,420,896,238,906,123,907,29,814,467,821,338,867,427,889,510,745,551,782,486,829,535,853,586
1786205644.286,831,831,931,779,1000,673,999,574,964,498,981,412,991,219,988,92,980,0,899,414,902,245,912,182,914,140,823,454,836,335,872,419,885,501,755,526,791,467,828,510,844,559
1786205644.432,832,832,932,780,1000,674,999,575,966,495,979,418,992,218,991,93,982,0,897,421,900,275,909,305,912,343,822,458,832,335,864,419,877,497,755,519,785,443,823,481,842,526
1786205644.598,833,833,933,777,1000,669,999,568,964,490,977,413,989,218,988,93,980,0,895,413,907,239,916,133,912,52,818,456,835,334,873,421,887,507,749,531,794,469,839,508,861,556
1786205644.781,830,830,929,780,999,670,1000,568,968,485,971,413,984,216,985,93,977,0,891,414,902,235,911,129,909,46,815,459,829,329,870,410,889,491,746,537,784,473,829,514,851,560
1786205644.942,745,745,813,725,880,674,942,641,1000,612,835,418,811,250,792,142,776,53,799,402,799,224,795,100,793,0,764,423,783,263,799,157,813,71,727,467,742,334,762,243,780,157
1786205645.129,724,724,807,691,879,637,941,607,1000,601,845,386,871,251,885,167,897,93,772,369,765,204,757,94,750,0,709,401,684,247,672,143,662,53,654,464,630,354,621,278,616,205
1786205645.306,741,741,828,703,901,632,952,585,1000,552,858,400,884,265,899,183,913,109,788,384,781,215,773,100,765,0,729,415,712,254,708,150,705,62,677,475,670,362,675,283,682,211
1786205645.495,816,816,921,771,989,626,985,486,976,363,958,419,980,238,991,110,1000,11,874,407,889,236,902,107,911,0,797,439,816,308,865,312,902,325,722,506,781,454,838,446,882,446
1786205645.672,817,817,915,754,979,616,971,483,955,367,968,379,987,203,995,93,1000,9,884,369,888,187,895,81,898,0,807,400,810,230,828,126,837,43,733,471,780,419,822,430,844,452
1786205645.838,817,817,916,752,981,612,974,482,967,362,961,386,982,203,993,90,1000,0,876,381,884,202,892,88,897,0,797,421,811,293,845,302,871,323,723,494,765,432,815,438,854,454
1786205646.014,815,815,914,754,976,613,976,481,974,361,948,397,975,211,992,93,1000,0,868,391,884,208,894,94,895,6,794,431,811,293,842,303,860,322,724,500,780,438,832,440,866,449
1786205646.188,812,812,920,776,981,627,945,502,888,425,961,411,984,245,993,124,1000,31,872,393,877,210,885,94,893,0,789,425,768,251,774,145,772,59,716,503,719,449,737,484,739,530
1786205646.365,737,737,827,691,894,609,943,537,1000,489,853,393,881,259,896,176,906,102,785,373,783,207,777,95,771,0,726,395,714,236,710,131,708,43,671,446,663,329,666,247,671,172
1786205646.542,746,746,840,701,906,610,948,529,1000,472,869,402,895,259,908,167,915,87,803,381,803,210,796,96,788,0,744,399,743,235,742,129,741,41,688,446,693,329,701,250,708,178
1786205646.735,796,796,902,746,963,597,937,463,914,369,953,436,979,266,991,148,1000,57,881,410,910,232,930,106,947,0,808,416,829,245,853,119,874,16,734,449,751,316,769,225,784,155
1786205646.908,824,824,923,760,987,630,981,510,961,410,963,394,983,219,995,112,1000,24,878,388,889,205,896,91,897,0,804,428,818,280,848,352,862,431,735,497,784,421,830,437,858,465
1786205647.087,829,829,930,771,997,642,997,515,968,408,965,410,983,225,994,110,1000,19,884,402,896,213,910,97,919,0,810,439,824,284,856,361,873,440,739,508,783,431,826,449,853,476
1786205647.260,828,828,930,777,1000,642,996,514,972,404,964,405,979,222,988,104,992,13,881,395,890,214,899,97,904,0,806,434,820,293,858,366,879,438,737,510,791,460,839,480,866,500
1786205647.439,831,831,930,784,1000,648,996,516,967,406,962,402,975,214,982,92,985,0,881,394,888,213,899,100,904,7,805,433,816,288,850,364,865,441,732,508,778,454,817,493,833,536
1786205647.620,842,842,940,770,1000,634,994,522,969,444,956,401,945,213,929,88,911,0,878,408,878,256,915,309,942,396,807,447,810,305,858,369,886,453,743,516,792,454,842,471,866,504
1786205647.812,840,840,937,780,1000,643,993,521,981,421,959,407,940,218,922,87,902,0,882,411,888,260,914,315,925,389,810,444,817,299,854,363,871,439,744,507,803,434,851,451,872,478
1786205647.982,841,841,935,783,1000,649,994,533,974,448,955,407,944,217,930,91,915,0,876,410,891,259,925,310,943,384,803,449,816,316,861,377,885,449,736,522,786,472,835,489,860,513
1786205648.181,838,838,932,783,1000,655,997,544,977,454,949,408,938,217,922,89,903,0,870,414,879,265,914,317,930,393,798,452,802,325,850,382,873,450,730,522,762,460,813,480,839,510
1786205648.350,829,829,927,794,1000,671,998,555,970,460,955,414,949,225,937,92,923,0,879,411,891,232,914,146,924,88,804,449,809,300,844,372,858,456,731,522,761,442,794,483,805,537
1786205648.519,724,724,808,691,879,637,942,611,1000,598,845,391,863,257,874,170,883,97,775,374,769,208,765,94,759,0,714,406,693,247,688,144,683,57,662,472,647,376,648,309,651,248
1786205648.694,728,728,810,692,882,627,945,589,1000,562,853,398,873,265,883,182,891,109,784,379,775,214,765,99,754,0,724,403,706,246,699,141,693,51,671,454,662,337,662,254,664,176
1786205648.861,824,824,931,764,1000,623,983,492,948,390,964,394,964,217,957,102,949,15,879,393,879,219,874,94,865,0,801,435,822,335,859,376,884,428,726,510,772,466,820,483,856,508
1786205649.047,828,828,927,771,1000,627,986,499,941,411,939,405,935,215,924,93,914,0,856,409,893,308,911,368,917,437,783,451,821,374,855,415,876,457,717,524,777,495,830,505,866,513
1786205649.218,834,834,931,766,1000,624,990,499,938,410,936,405,937,212,929,92,919,0,858,417,879,314,899,360,913,418,790,461,815,376,855,401,885,430,728,531,786,489,840,490,878,492
1786205649.413,835,835,930,775,1000,636,990,509,946,416,937,415,935,219,928,96,922,0,855,420,893,314,918,373,932,441,785,462,823,385,862,422,889,457,721,534,782,510,835,523,872,531
1786205649.609,833,833,928,786,1000,648,989,523,947,432,958,421,953,223,943,96,934,0,877,428,895,312,910,369,916,436,802,472,823,374,849,425,862,474,731,547,775,505,816,525,842,545
1786205649.758,726,726,815,694,888,624,943,562,1000,518,861,373,884,228,895,133,905,55,791,353,794,193,793,87,792,0,728,375,725,223,724,121,723,35,670,427,667,305,673,223,679,152
1786205649.935,724,724,810,689,876,621,938,573,1000,548,831,389,856,258,867,174,873,101,762,371,746,205,731,94,717,0,704,401,673,242,655,137,639,49,657,460,636,347,627,269,621,199
1786205650.136,720,720,807,684,874,615,938,566,1000,538,827,388,850,259,862,177,868,103,759,370,743,205,730,94,716,0,700,399,673,241,656,136,641,46,652,458,632,344,624,265,618,192
1786205650.299,712,712,801,673,870,605,937,560,1000,535,822,382,844,252,856,170,864,98,754,366,738,203,725,93,712,0,695,394,666,235,649,132,635,44,646,449,624,334,614,255,607,180
1786205650.473,666,666,767,633,855,579,933,562,1000,562,775,343,797,223,807,149,815,88,707,321,695,170,685,77,673,0,647,343,607,194,580,103,560,21,595,398,545,313,514,263,492,212
1786205650.668,665,665,767,632,853,577,932,558,1000,562,770,340,792,221,803,147,812,87,701,319,689,170,678,77,666,0,639,341,598,200,570,109,547,27,587,394,529,311,487,260,452,210
1786205650.828,669,669,768,635,853,579,932,559,1000,559,773,343,793,221,803,143,811,81,703,323,693,171,681,76,668,0,641,345,600,198,571,105,547,22,588,397,530,314,487,262,453,210
1786205651.030,824,824,935,771,1000,630,993,508,964,419,958,434,962,257,960,137,959,45,878,415,869,227,859,102,852,0,802,430,796,252,798,129,801,26,727,477,728,344,736,248,747,165
1786205651.188,824,824,929,779,1000,624,992,476,966,362,958,416,975,233,981,111,983,16,873,404,890,227,908,105,919,0,796,439,816,292,873,352,909,414,727,511,789,452,851,448,894,450
1786205651.355,829,829,933,775,1000,626,997,479,980,359,965,404,974,221,977,100,978,6,882,396,900,218,921,99,936,0,807,435,823,299,875,347,910,398,739,507,807,457,867,452,908,449
1786205651.540,836,836,942,768,1000,615,996,472,980,354,966,405,973,219,975,101,975,8,884,401,896,221,909,100,917,0,811,442,821,305,865,350,897,398,743,516,797,469,851,471,890,473
1786205651.722,837,837,942,775,1000,621,993,481,986,359,966,401,974,213,976,95,978,3,885,397,898,215,912,97,922,0,811,438,818,298,855,348,880,398,741,515,788,465,836,475,869,485
1786205651.902,726,726,816,689,890,625,948,581,1000,554,844,391,870,247,880,153,886,75,767,374,759,212,750,95,742,0,702,400,677,249,672,146,671,63,643,454,618,343,612,259,612,182
1786205652.078,693,693,783,652,863,590,934,566,1000,567,793,352,815,220,822,137,826,68,721,335,698,179,678,80,659,0,659,364,613,220,587,127,566,45,609,424,563,334,538,270,519,205
1786205652.265,694,694,783,645,864,581,936,559,1000,564,794,350,814,216,821,132,824,63,720,334,696,175,677,76,660,0,658,362,615,219,593,129,577,54,605,422,557,336,533,274,516,214
1786205652.432,762,762,849,711,914,640,956,602,1000,581,851,390,868,245,878,159,886,81,774,382,744,210,719,95,693,0,712,422,671,266,650,171,634,91,661,492,626,379,610,302,598,231
1786205652.629,828,828,940,753,1000,581,959,451,891,407,935,397,928,214,918,89,911,0,856,409,849,248,872,199,892,174,786,454,787,308,829,347,856,404,723,527,766,432,810,421,833,434
1786205652.811,846,846,945,775,1000,617,969,488,915,410,926,405,922,220,916,96,911,0,849,416,850,230,874,102,894,5,781,471,782,322,841,377,881,445,722,561,764,472,819,460,855,463
1786205652.957,852,852,946,780,1000,625,978,494,926,412,925,421,915,227,907,96,901,0,846,437,838,272,878,277,916,316,780,489,782,348,835,391,874,449,726,571,764,488,814,467,850,459
1786205653.154,853,853,950,782,1000,625,977,496,949,402,929,408,926,221,920,95,913,0,853,421,850,234,873,111,892,17,786,476,789,330,848,372,889,427,728,565,772,474,829,458,865,459
1786205653.354,812,812,926,744,1000,586,992,457,969,367,942,386,956,212,962,100,968,18,867,370,883,192,896,81,907,0,796,394,804,220,822,105,835,16,726,455,740,338,764,272,779,223
1786205653.501,679,679,780,629,858,553,933,496,1000,464,772,317,782,182,787,99,791,29,698,309,673,165,661,77,652,0,634,341,592,204,573,117,560,39,584,400,540,299,517,231,500,165
1786205653.684,687,687,782,634,860,557,933,508,1000,485,764,336,768,209,774,131,780,64,695,327,658,174,632,78,608,0,638,360,586,222,554,133,528,58,592,420,543,325,515,257,491,192
1786205653.855,787,787,883,741,951,647,979,582,1000,539,869,381,879,227,883,126,887,42,786,378,757,206,740,92,727,0,720,421,684,260,672,150,661,56,666,499,632,380,621,298,614,225
1786205654.061,845,845,946,771,1000,613,958,492,903,424,931,401,931,217,930,93,932,0,847,416,840,243,870,206,897,189,776,471,774,330,820,388,849,451,715,559,747,473,797,470,828,478
1786205654.217,850,850,943,775,1000,627,978,509,936,433,931,412,927,218,930,92,928,0,850,434,844,286,886,339,910,412,782,490,783,353,834,410,860,473,722,574,755,487,807,484,834,494
1786205654.401,849,849,941,785,1000,646,987,529,947,443,931,427,924,225,916,96,909,0,852,444,856,302,896,360,924,437,784,497,791,359,841,418,871,485,723,580,761,493,817,485,855,492
1786205654.575,843,843,936,777,1000,637,996,515,950,435,927,426,916,226,904,94,892,0,848,442,853,300,891,350,914,421,779,491,783,351,831,399,861,463,714,571,753,485,807,474,846,482
1786205654.752,842,842,934,777,998,640,1000,518,954,436,926,429,918,223,908,93,897,0,848,443,852,290,888,339,913,414,779,492,784,339,831,392,863,462,717,571,761,480,816,464,857,467
1786205654.926,846,846,939,779,1000,646,995,530,951,445,931,431,924,230,912,98,903,0,852,448,857,281,887,269,917,284,783,501,790,356,834,403,867,463,722,585,761,501,811,484,851,483
1786205655.101,845,845,938,780,1000,646,997,529,952,446,934,431,927,225,916,95,907,0,856,447,864,302,897,357,922,428,788,494,796,350,840,406,869,474,727,571,767,482,818,472,855,479
1786205655.280,842,842,936,780,1000,645,996,525,952,441,930,431,927,227,920,95,911,0,853,443,863,297,898,346,919,414,786,489,796,346,840,400,865,465,724,565,769,479,823,468,859,473
1786205655.462,720,720,815,674,892,586,943,522,1000,485,830,360,846,213,853,121,860,46,753,349,752,189,757,85,763,0,685,375,661,224,659,124,665,41,624,431,591,325,579,260,576,207
1786205655.630,716,716,808,660,883,573,943,506,1000,452,793,364,807,231,817,152,826,84,726,357,703,194,685,89,669,0,670,394,635,245,616,151,602,67,623,460,591,365,576,299,565,235
1786205655.822,706,706,803,650,881,554,943,476,1000,417,789,347,804,212,813,132,820,64,721,334,701,176,687,80,672,0,662,362,632,209,616,116,603,34,611,418,582,308,567,234,557,163
1786208293.375,774,774,864,689,931,597,976,532,1000,467,870,365,894,192,909,86,918,0,812,380,870,285,927,354,958,427,766,423,830,340,897,401,935,468,732,489,803,439,867,464,907,503
1786208293.554,775,775,864,692,932,600,977,534,1000,466,874,370,896,194,910,88,918,0,815,381,873,285,930,355,960,427,767,421,833,338,898,400,936,469,731,484,806,443,868,466,908,503
1786208293.717,773,773,861,697,930,604,976,537,1000,467,872,372,894,196,909,88,918,0,811,381,868,286,923,359,949,432,762,421,830,336,894,402,928,474,727,485,803,442,867,466,907,503
1786208293.901,775,775,866,697,936,605,984,535,1000,461,876,376,898,196,913,87,923,0,817,385,875,285,930,354,960,426,768,422,835,335,901,399,938,469,732,484,809,439,874,463,916,500
1786208294.087,777,777,869,693,937,603,982,532,1000,462,880,368,901,190,916,84,927,0,820,379,877,283,928,353,957,427,771,421,839,337,901,398,939,466,734,485,816,444,879,465,922,499
1786208294.277,776,776,869,693,937,598,983,529,1000,457,877,369,899,193,914,88,923,0,817,380,877,284,933,352,964,423,769,419,837,335,904,394,943,460,735,480,811,437,876,461,918,498
1786208294.443,777,777,868,692,936,598,981,529,1000,460,878,373,900,194,914,88,923,0,818,382,881,285,936,355,965,427,768,420,840,336,905,397,944,465,732,480,811,438,875,462,916,500
1786208294.619,784,784,875,704,944,608,989,534,1000,460,886,375,907,195,922,87,932,0,824,384,884,287,938,355,968,426,774,423,844,337,910,401,947,471,736,485,818,442,882,467,923,507
1786208294.818,807,807,908,751,976,656,983,567,961,511,937,406,971,240,988,140,1000,56,865,408,852,216,846,96,839,0,800,451,836,366,892,439,922,508,745,524,801,470,865,508,907,552
1786208294.974,780,780,868,708,932,623,949,540,931,481,912,386,961,217,984,114,1000,30,845,386,841,192,843,83,839,0,784,420,807,302,864,374,898,452,727,482,771,410,826,445,861,493
1786208295.144,773,773,858,703,925,622,949,540,936,480,912,377,958,198,986,88,1000,0,849,381,871,236,906,306,925,384,787,411,804,291,857,363,890,439,730,462,768,392,821,426,855,472
1786208295.333,767,767,851,698,916,618,942,541,936,472,906,376,955,196,985,87,1000,0,843,381,870,243,904,311,923,387,784,410,803,294,855,361,888,435,727,460,764,388,816,421,849,469
1786208295.510,766,766,852,693,917,613,945,536,940,466,903,375,954,196,984,88,1000,0,842,381,866,239,900,305,919,381,783,410,801,292,854,358,887,431,728,460,762,388,815,419,850,465
1786208295.696,768,768,857,695,924,612,950,531,939,462,911,375,958,196,986,88,1000,0,850,379,874,234,906,304,923,384,790,407,806,288,858,355,890,431,733,456,767,386,820,419,855,467
1786208295.864,766,766,855,689,920,605,945,525,939,456,903,368,953,193,982,86,1000,0,841,374,863,231,893,295,911,369,782,403,803,291,854,356,887,427,727,453,766,385,817,417,853,464
1786208296.043,772,772,861,694,927,609,952,524,940,454,906,376,955,198,984,89,1000,0,845,382,866,237,900,302,920,376,787,410,804,293,858,359,893,433,733,458,770,389,824,423,860,472
1786208296.212,772,772,864,693,932,605,956,522,941,461,910,373,958,195,986,88,1000,0,848,378,870,242,904,309,924,387,788,407,808,298,862,362,898,434,733,457,773,391,827,423,864,470
1786208296.392,771,771,864,693,931,605,954,522,943,455,910,369,956,192,984,87,1000,0,848,376,868,236,898,302,917,376,790,406,810,295,863,364,898,437,734,455,776,389,829,425,866,472
1786208296.556,774,774,865,697,932,610,960,524,948,453,914,378,958,196,986,88,1000,0,853,382,877,238,912,308,931,388,793,409,814,291,869,359,902,434,738,458,776,388,831,421,867,469
1786208296.765,770,770,860,695,927,611,955,529,945,456,906,371,955,194,983,87,1000,0,846,378,862,225,888,274,905,334,788,408,810,293,865,363,900,437,735,460,777,388,831,426,868,476
1786208296.942,777,777,868,698,935,612,961,523,949,450,917,373,960,194,986,86,1000,0,857,377,880,229,907,291,923,365,797,406,818,294,870,365,902,441,742,456,781,391,835,428,872,478
1786208297.120,776,776,868,698,935,611,964,524,950,454,913,369,957,192,984,86,1000,0,854,375,872,225,896,274,912,335,796,405,820,294,872,363,906,437,742,455,785,387,838,426,874,478
1786208297.295,773,773,870,692,938,602,962,515,945,446,913,366,959,192,984,86,1000,0,852,372,864,208,884,235,898,277,793,403,817,291,870,362,905,437,740,456,784,390,838,428,877,478
1786208297.467,768,768,861,692,929,605,954,522,940,451,906,366,955,192,983,86,1000,0,843,371,856,209,880,256,896,316,785,401,807,287,860,362,895,439,731,454,777,387,832,426,869,478
1786208297.647,768,768,861,691,929,603,955,520,942,449,904,366,953,189,983,85,1000,0,843,373,865,230,895,302,912,381,784,401,806,289,861,361,896,437,730,451,774,382,829,421,867,471
1786208297.817,766,766,854,691,922,605,953,523,945,450,901,365,951,189,982,85,1000,0,840,372,863,232,893,297,910,370,783,401,806,289,860,360,894,434,730,451,773,380,828,420,864,472
1786208298.006,778,778,865,700,935,613,963,526,950,451,916,371,960,197,986,88,1000,0,853,373,880,225,911,285,927,360,793,402,815,293,869,363,902,441,739,455,781,395,836,433,872,485
1786208298.186,784,784,871,706,940,618,967,531,953,454,919,379,961,199,988,89,1000,0,856,382,886,242,921,316,938,399,795,410,817,298,872,367,905,445,740,461,784,397,840,433,875,485
1786208298.364,783,783,873,702,942,614,971,527,957,453,921,375,961,195,987,87,1000,0,859,380,888,242,921,315,939,397,799,409,822,299,875,366,908,441,744,461,787,395,841,430,878,480
1786208298.531,781,781,871,701,940,611,968,523,953,449,916,377,959,196,987,88,1000,0,855,380,886,242,923,316,940,397,795,409,816,295,871,363,904,440,740,461,783,395,838,431,873,483
1786208298.714,790,790,879,724,943,636,963,554,971,475,925,396,967,237,987,137,1000,56,856,393,848,215,846,94,840,0,797,430,822,328,865,392,885,466,745,491,796,437,846,471,874,516
1786208298.888,775,775,865,697,934,610,963,527,956,456,910,362,957,190,984,84,1000,0,848,369,866,227,891,277,905,342,789,403,819,303,873,363,905,431,737,458,785,394,839,426,874,473
1786208299.045,784,784,874,705,944,616,974,534,969,460,914,370,961,196,986,87,1000,0,853,375,875,225,908,267,930,326,795,407,825,301,883,362,919,432,743,463,789,399,846,429,886,474
1786208299.190,779,779,871,698,939,612,970,528,964,460,913,366,959,196,983,87,1000,0,851,367,854,186,862,131,866,103,794,400,825,297,882,358,918,431,742,459,789,398,844,431,884,479
1786208299.386,784,784,871,710,940,623,973,540,972,465,917,372,962,194,987,85,1000,0,855,378,875,237,908,292,929,362,796,410,826,311,882,372,918,441,744,465,790,403,845,437,884,482
1786208299.542,785,785,875,702,944,614,976,532,970,469,915,373,960,196,986,87,1000,0,855,381,874,244,908,299,931,367,798,413,826,310,882,369,919,437,746,466,789,401,844,433,883,480
1786208299.732,792,792,883,715,950,630,973,549,959,486,921,400,964,244,985,146,1000,65,856,398,842,211,833,91,820,0,800,433,832,343,887,404,922,472,750,493,797,437,850,473,886,520
1786208299.896,798,798,886,730,951,646,976,566,971,495,926,409,967,252,986,153,1000,70,860,408,846,217,835,95,821,0,804,444,838,348,894,412,928,480,755,505,803,444,859,480,895,525
1786208300.089,791,791,881,722,949,637,979,554,971,477,924,400,967,231,988,128,1000,43,861,398,856,205,853,89,844,0,805,429,835,320,895,383,932,454,754,486,800,418,857,456,894,506
1786208300.264,793,793,884,720,952,635,980,549,969,470,926,401,969,233,988,131,1000,44,864,398,860,204,860,89,853,0,807,430,835,317,897,384,935,457,756,487,800,418,859,455,898,505
1786208300.467,781,781,871,702,937,616,967,532,963,454,913,373,959,199,984,89,1000,0,853,376,864,197,885,185,900,195,796,408,821,291,879,355,916,428,744,463,785,392,842,426,883,477
1786208300.614,798,798,886,724,954,640,975,557,962,477,928,401,972,229,991,124,1000,37,862,398,861,205,862,88,854,0,802,429,831,317,893,383,930,458,748,489,794,421,853,455,892,505
1786208300.794,738,738,834,669,909,560,897,457,847,408,905,339,956,180,984,79,1000,0,832,335,850,207,846,278,839,355,764,361,780,273,793,340,796,407,704,408,738,355,764,402,774,457
1786208300.964,839,839,915,688,963,543,990,432,1000,382,930,324,922,120,917,132,924,160,830,342,825,242,821,326,824,392,733,382,714,293,731,349,750,401,630,432,537,240,478,118,439,0
1786208301.388,708,708,833,590,915,482,972,405,1000,355,859,326,853,148,846,62,844,0,794,335,835,272,882,318,919,372,724,366,752,284,817,280,872,283,653,409,598,266,570,167,550,74
1786208301.557,687,687,789,571,874,440,948,363,1000,313,814,313,836,165,845,75,845,0,747,313,795,225,827,265,850,300,675,334,703,196,750,127,790,72,597,374,545,227,519,129,502,32
1786208304.875,911,911,982,784,1000,628,994,528,969,478,839,433,787,246,759,108,733,0,788,490,747,338,759,276,763,241,758,577,766,449,835,452,874,486,756,683,788,576,853,552,895,568
1786208305.073,867,867,930,727,958,571,976,464,1000,377,790,409,758,215,749,95,744,0,751,460,808,300,892,307,944,344,738,532,799,380,893,377,957,407,749,617,818,498,896,457,954,447
1786208305.704,832,832,923,727,979,606,1000,513,998,438,875,384,891,224,899,123,901,43,816,397,808,221,806,97,803,0,772,450,856,366,921,396,957,444,753,531,843,476,911,477,955,494
1786208305.850,845,845,932,759,987,633,1000,540,992,449,899,395,915,235,930,133,940,54,835,410,818,221,823,94,827,0,785,469,813,346,872,369,907,410,756,553,818,471,884,475,926,501
1786208306.023,849,849,935,745,991,633,998,540,984,454,933,406,964,246,984,144,1000,62,865,416,843,223,839,95,833,0,809,465,822,346,876,372,913,419,763,539,803,456,863,461,908,488
1786208306.197,844,844,933,734,985,622,991,524,976,438,938,383,968,204,987,88,1000,0,871,400,874,239,903,266,929,329,810,446,814,310,866,341,906,404,759,516,790,429,846,430,889,460
1786208306.375,842,842,929,735,983,625,990,529,975,440,933,382,965,204,986,89,1000,0,867,399,872,235,904,264,931,324,808,446,813,313,870,350,912,413,759,519,791,431,848,435,892,467
1786208306.557,867,867,948,777,1000,660,999,567,969,500,937,413,966,265,984,168,998,86,870,422,851,226,851,99,847,0,816,476,818,346,854,297,874,267,776,556,814,487,872,499,911,531
1786208306.726,881,881,957,785,1000,670,996,581,976,501,939,426,958,259,969,153,973,67,874,440,865,238,866,105,861,0,819,499,824,369,876,349,910,345,772,586,807,506,867,506,911,526
1786208306.924,880,880,958,787,1000,671,991,578,964,510,942,431,962,256,973,146,977,59,874,443,862,238,863,101,857,0,815,500,816,368,873,401,910,456,766,585,795,497,852,502,892,532
1786208307.095,882,882,961,786,1000,663,977,562,931,493,946,428,965,250,973,138,974,48,874,441,864,240,866,102,864,0,812,500,804,363,855,388,894,436,758,588,781,500,837,502,879,529
1786208307.279,887,887,967,794,1000,671,967,573,922,511,944,464,954,298,958,189,956,103,872,469,857,258,852,109,841,0,813,523,806,379,855,415,890,470,765,608,791,520,838,521,871,548
1786208307.452,890,890,969,790,1000,662,962,549,922,465,958,444,962,257,962,144,960,51,880,451,865,242,863,104,860,0,814,503,793,344,836,382,871,444,758,584,768,486,812,477,850,496
1786208307.620,887,887,967,795,1000,667,962,553,920,471,958,457,963,272,964,159,959,66,881,461,870,247,868,107,862,0,818,512,799,356,840,400,873,464,765,591,777,495,816,490,850,514
1786208307.809,886,886,967,793,1000,675,964,569,919,498,962,476,966,305,967,200,963,113,884,474,866,257,858,111,845,0,820,521,812,369,850,418,876,486,766,598,786,510,823,515,849,545
1786208308.025,884,884,969,777,1000,641,941,540,876,479,988,438,997,231,1000,108,996,10,897,446,881,216,882,86,880,0,817,498,795,324,833,363,859,427,747,582,758,474,798,487,823,528
1786208308.220,874,874,954,779,983,645,928,535,878,454,983,435,996,233,1000,101,997,0,894,442,889,235,888,176,883,152,816,490,795,320,815,380,828,462,746,562,755,449,781,475,798,533
1786208308.395,866,866,953,773,981,639,934,533,881,455,987,439,997,234,1000,104,997,0,898,457,879,271,879,285,880,315,820,506,787,332,807,390,826,463,753,576,745,458,768,477,788,521
1786208308.580,879,879,959,777,988,642,939,537,893,458,986,431,995,232,1000,101,998,0,894,449,878,263,881,281,884,329,815,501,783,332,806,390,826,472,743,575,743,464,771,484,794,535
1786208308.758,876,876,959,781,990,648,941,537,897,453,993,433,998,234,1000,104,997,0,902,447,887,254,891,268,897,316,822,497,789,321,811,373,833,453,750,571,745,454,772,472,796,523
1786208308.932,873,873,962,779,1000,651,952,549,897,480,983,434,991,229,992,100,987,0,887,447,864,234,873,273,881,354,802,499,770,310,798,363,818,445,727,580,727,473,759,486,781,529
1786208309.119,858,858,961,755,1000,619,941,509,870,446,972,375,976,178,964,75,949,0,864,378,848,163,849,103,853,82,772,425,753,269,765,351,781,454,695,495,679,394,685,420,695,474
1786208309.289,885,885,970,812,1000,704,944,621,880,577,976,501,966,375,954,308,933,244,889,492,885,260,881,117,868,0,817,536,789,409,806,505,828,596,752,608,753,540,774,591,797,647
1786208309.438,875,875,963,796,1000,683,950,595,878,548,972,472,968,353,956,288,932,224,880,458,876,230,880,104,873,0,800,499,782,377,810,495,835,598,731,572,736,508,765,573,793,641
1786208309.596,887,887,968,812,1000,709,954,633,894,597,978,504,982,391,972,327,954,268,894,484,890,258,889,113,883,0,821,520,810,413,831,517,851,612,761,588,764,533,787,590,810,650
1786208309.765,863,863,962,722,1000,582,951,476,893,420,966,334,979,157,975,66,962,0,856,347,811,131,827,192,848,289,758,402,717,236,751,318,790,423,679,486,671,382,700,420,733,489
1786208309.950,780,780,865,694,901,571,854,483,794,442,898,367,942,185,974,77,1000,0,813,371,777,194,780,252,789,331,733,417,701,294,730,369,754,440,661,490,666,415,695,459,713,510
1786208310.116,736,736,828,632,876,518,847,417,798,366,891,328,947,170,981,71,1000,0,806,319,791,143,788,180,787,257,725,345,702,202,721,256,736,339,651,397,659,306,684,332,701,391
1786208310.310,766,766,854,662,904,548,880,433,834,366,904,346,958,181,987,77,1000,0,817,346,805,162,804,217,806,309,737,376,712,226,734,278,756,361,664,427,672,325,699,343,725,396
1786208310.472,773,773,857,671,907,558,886,441,843,372,908,351,959,181,987,77,1000,0,822,352,809,173,808,230,811,321,743,384,718,238,740,290,763,369,671,438,677,343,705,357,732,403
1786208310.659,771,771,860,670,907,561,879,449,836,378,906,350,955,179,983,76,1000,0,822,353,811,180,810,238,815,328,745,389,726,245,747,298,770,378,675,447,679,350,704,366,730,414
1786208310.840,778,778,864,675,910,565,879,455,838,389,909,356,956,184,983,79,1000,0,825,362,810,184,810,247,815,341,748,399,727,250,747,307,768,389,678,457,682,354,705,376,728,431
1786208311.024,782,782,867,676,914,564,891,452,850,383,913,354,959,181,985,77,1000,0,830,358,817,181,813,240,816,329,753,393,732,248,750,305,771,387,683,451,688,354,713,374,738,422
1786208311.188,784,784,866,678,913,565,885,451,842,381,914,358,960,183,986,78,1000,0,830,362,819,184,816,243,818,332,754,398,734,250,752,304,772,383,686,456,693,361,716,379,739,427
1786208311.373,775,775,860,678,912,568,888,453,840,381,912,356,958,182,985,78,1000,0,828,358,816,180,816,242,818,333,752,392,732,246,751,302,772,381,683,446,689,354,713,374,735,424
1786208311.540,788,788,869,680,918,568,900,456,855,384,914,359,959,183,985,77,1000,0,832,365,817,196,814,255,817,342,759,401,737,264,756,315,778,391,694,459,701,368,726,377,753,413
1786208311.718,845,845,929,736,955,613,931,496,896,435,965,411,991,242,998,228,1000,233,892,386,913,223,906,317,893,413,816,382,837,226,843,311,837,401,733,392,699,204,681,96,669,0
1786208311.894,855,855,944,745,996,615,1000,521,974,463,895,369,889,195,885,81,881,0,825,404,802,239,823,212,841,220,767,468,755,342,810,373,851,433,722,558,745,475,805,476,850,507
1786208312.086,870,870,950,772,999,643,1000,555,977,504,897,409,888,248,882,143,876,64,835,436,806,239,799,103,792,0,785,499,792,383,844,419,878,471,749,589,784,515,845,538,888,579
1786208312.261,852,852,938,737,989,601,1000,504,978,442,887,371,881,195,876,85,871,0,829,405,825,228,859,202,888,206,777,465,788,332,851,375,892,442,734,548,764,448,828,452,876,485
1786208312.439,850,850,932,752,983,614,1000,513,979,438,887,395,875,209,869,91,858,0,825,424,824,263,877,314,913,400,772,477,777,339,845,380,887,451,728,556,753,454,815,460,857,499
1786208312.613,848,848,935,755,986,618,1000,517,984,438,895,390,893,204,892,88,886,0,831,419,829,265,879,313,912,391,776,473,780,339,847,381,888,448,731,552,756,453,819,464,862,505
1786208312.814,849,849,935,743,986,608,1000,509,984,439,900,378,900,196,901,85,898,0,837,409,841,267,885,313,916,385,781,464,790,339,853,381,894,447,733,541,760,447,823,458,867,497
1786208312.964,853,853,933,782,988,642,1000,544,992,467,877,400,860,210,853,92,847,0,813,434,818,292,871,337,905,416,762,494,768,361,835,399,876,466,722,579,751,481,816,488,860,526
1786208313.144,856,856,937,761,986,621,1000,526,1000,444,875,386,858,200,852,88,844,0,815,420,832,273,881,321,912,403,768,478,796,359,862,403,900,474,731,559,769,469,839,476,888,515
1786208313.333,854,854,936,751,985,611,1000,514,993,435,874,386,854,203,846,91,838,0,815,421,827,273,878,322,909,402,766,479,789,355,857,398,897,467,728,559,763,463,833,471,883,510
1786208313.515,852,852,934,747,985,608,1000,510,991,432,874,381,852,200,841,88,831,0,816,419,830,272,881,322,913,403,769,478,793,355,859,399,898,469,731,557,768,463,837,469,887,506
1786208313.695,849,849,927,749,979,608,1000,510,996,429,871,388,850,204,838,90,825,0,815,421,834,270,888,324,918,407,769,478,796,347,865,392,903,463,731,558,767,456,836,465,883,506
1786208313.862,853,853,928,749,980,608,1000,512,995,425,872,394,849,207,837,91,825,0,818,427,840,271,893,326,922,409,772,482,801,348,866,394,900,466,733,561,767,457,834,463,881,501
1786208314.042,853,853,930,744,981,608,1000,514,996,430,869,386,850,203,841,89,832,0,812,423,836,280,890,331,921,409,766,479,796,356,863,397,902,463,730,558,768,459,836,464,883,499
1786208314.225,869,869,961,765,1000,618,957,507,890,467,945,402,964,222,978,95,986,0,862,412,852,254,872,302,886,384,791,458,771,322,812,368,838,444,730,532,746,444,797,460,830,511
1786208314.395,897,897,940,793,941,670,916,568,900,537,959,440,976,246,994,126,1000,29,920,443,928,230,937,101,942,0,876,472,874,357,891,432,900,507,825,510,797,364,778,274,762,188
1786208314.584,796,796,880,690,926,588,900,480,861,417,921,369,958,189,984,81,1000,0,838,376,826,210,829,278,834,367,765,418,748,292,771,353,793,430,700,480,711,401,739,428,765,476
1786208314.773,804,804,884,692,922,579,888,477,850,443,916,370,956,192,983,82,1000,0,837,378,821,204,826,264,834,350,767,419,749,287,770,339,791,410,704,480,710,405,736,433,758,482
1786208314.965,824,824,908,728,944,605,899,518,847,505,918,407,960,248,983,150,1000,75,842,407,820,206,810,87,802,0,778,450,771,334,801,387,824,453,725,519,743,454,782,488,809,537
1786208315.109,838,838,922,717,963,602,935,507,898,461,931,379,968,203,991,89,1000,0,854,394,826,220,840,254,856,320,786,439,766,314,802,358,831,429,727,506,730,420,769,438,803,487
1786208315.284,839,839,923,730,964,616,938,514,898,464,942,397,975,210,994,91,1000,0,864,410,838,237,855,279,875,355,795,454,767,309,806,352,838,427,733,519,734,423,770,433,801,478
1786208315.461,842,842,928,733,966,618,940,516,909,458,944,405,978,216,995,94,1000,0,869,418,838,241,860,282,884,360,800,460,769,317,810,357,843,431,739,524,734,423,773,430,808,476
1786208315.644,859,859,952,742,991,615,955,513,904,482,953,409,980,220,996,95,1000,0,877,424,847,254,873,291,898,365,808,468,776,334,821,367,857,437,747,536,743,441,788,447,826,493
1786208315.828,871,871,959,757,1000,631,988,533,960,472,947,399,966,213,978,94,978,0,874,421,851,274,889,322,918,397,808,472,781,350,836,390,876,459,753,546,749,454,803,464,846,510
1786208316.011,871,871,957,764,1000,637,1000,541,977,483,934,393,939,201,946,87,944,0,864,424,848,269,890,322,921,403,801,483,782,349,844,391,888,464,749,565,754,468,816,474,864,515
1786208316.188,859,859,944,760,994,626,1000,525,976,467,907,382,907,195,907,84,900,0,839,416,832,266,873,320,903,399,780,479,778,352,842,398,885,468,733,565,755,474,818,485,864,524
1786208316.361,853,853,940,745,992,615,1000,517,978,454,906,368,908,189,908,82,903,0,843,399,826,198,844,122,857,84,787,462,790,331,849,372,889,439,742,550,766,459,826,469,872,507
1786208316.543,858,858,943,754,992,618,1000,517,977,456,905,376,902,196,901,85,896,0,839,410,833,258,871,310,898,392,781,470,782,341,841,385,878,456,734,554,755,461,814,470,855,510
1786208316.714,868,868,949,764,998,630,1000,535,983,479,914,387,912,223,911,127,909,51,853,412,827,209,825,89,820,0,799,472,801,353,857,396,893,454,756,556,782,475,841,510,880,564
1786208316.886,877,877,954,776,1000,645,993,545,967,500,928,410,931,252,930,156,930,79,861,429,834,225,827,99,819,0,806,487,814,380,865,421,896,471,762,569,790,493,849,529,887,580
1786208317.061,867,867,954,744,1000,613,993,511,967,458,934,370,948,196,958,87,961,0,866,401,849,232,882,252,908,294,805,457,796,338,850,384,886,451,754,535,766,441,821,460,861,510
1786208317.210,875,875,955,763,1000,643,993,550,970,493,941,416,957,259,964,161,969,80,873,432,846,230,841,98,833,0,815,485,817,374,874,421,911,485,767,563,787,479,843,503,882,551
1786208317.376,869,869,951,760,1000,642,997,545,972,483,937,407,951,242,957,137,958,51,868,425,839,232,830,101,817,0,809,481,803,363,860,410,898,478,762,564,773,476,829,493,870,539
1786208317.550,864,864,949,748,999,628,1000,530,977,453,935,369,952,195,963,87,969,0,867,395,841,197,854,121,864,75,806,454,797,330,852,373,889,440,755,539,765,446,821,464,864,510
1786208317.721,857,857,946,762,989,635,945,536,888,503,966,431,984,265,991,162,1000,82,886,432,863,232,848,103,835,0,816,475,809,382,842,449,866,518,757,544,774,490,820,534,855,588
1786208317.896,784,784,864,671,909,557,884,461,842,413,913,351,961,180,985,75,1000,0,836,353,826,207,814,280,811,370,765,385,751,274,755,338,768,416,706,437,708,367,726,389,746,428
1786208318.085,787,787,862,686,909,576,882,476,839,422,907,370,957,198,985,86,1000,0,829,370,819,206,814,273,813,363,758,397,743,265,756,323,771,398,693,445,698,360,719,386,737,436
1786208318.269,788,788,867,685,913,576,885,476,843,420,910,375,959,200,986,87,1000,0,830,376,825,214,825,274,826,361,757,403,743,267,761,320,778,397,691,450,697,355,719,379,737,434
1786208318.437,790,790,872,693,918,581,888,477,848,423,913,379,960,203,987,90,1000,0,833,382,826,216,826,278,828,368,760,412,745,274,764,327,781,405,692,460,703,367,728,391,746,447
1786208318.618,790,790,876,699,921,587,893,481,854,420,913,382,960,203,986,90,1000,0,835,386,826,215,828,278,833,366,763,420,746,279,767,335,787,411,698,473,704,381,731,400,753,449
1786208318.789,790,790,876,697,921,585,892,481,851,427,912,382,960,201,986,89,1000,0,835,386,826,219,829,276,836,360,764,420,747,282,770,335,792,411,699,473,703,380,731,398,756,447
1786208318.982,797,797,885,703,927,589,891,491,848,448,919,386,964,202,987,89,1000,0,841,390,829,220,832,282,840,368,770,424,751,284,773,338,795,413,706,479,710,389,737,406,762,452
1786208319.141,796,796,881,703,927,588,898,481,861,414,915,382,961,202,988,90,1000,0,837,387,825,215,834,274,841,362,766,420,747,279,776,332,798,410,700,472,708,378,739,397,763,448
1786208319.331,827,827,912,721,951,603,920,498,885,444,938,394,972,204,988,89,1000,0,860,404,849,233,851,284,862,365,788,444,769,296,792,346,819,424,721,505,725,406,754,420,783,469
1786208319.519,863,863,947,757,989,634,961,521,923,455,982,417,1000,217,1000,94,999,0,903,427,886,246,888,292,903,370,829,468,809,313,830,365,857,442,760,531,760,422,788,436,818,487
1786208319.703,865,865,955,764,1000,643,975,530,935,464,984,414,993,215,989,94,981,0,905,423,891,252,897,301,912,382,830,465,808,316,835,368,865,450,762,530,762,425,795,440,826,491
1786208319.860,865,865,954,756,1000,637,965,524,918,477,976,405,987,214,986,97,982,3,894,407,875,185,871,73,867,0,821,446,808,299,839,353,866,437,753,510,763,417,800,440,829,499
1786208320.048,869,869,957,766,1000,643,971,531,935,469,987,416,993,218,987,96,978,0,907,424,896,251,900,302,914,383,832,463,814,315,835,372,862,454,763,522,765,416,793,438,820,494
1786208320.214,865,865,961,739,1000,595,956,487,893,474,972,394,974,209,971,93,965,0,893,407,875,267,880,339,886,419,818,444,799,342,820,404,835,475,753,500,753,426,781,463,800,519
1786208320.390,859,859,948,747,1000,610,1000,518,976,475,911,389,906,204,902,90,895,0,845,424,854,307,903,364,932,443,789,478,802,376,859,417,893,486,740,550,764,467,821,475,859,517
1786208320.581,850,850,934,734,987,608,1000,519,990,450,900,382,893,195,887,88,879,0,844,418,843,264,883,302,911,368,794,471,809,352,871,395,908,460,751,542,779,449,840,461,883,500
1786208320.756,849,849,933,730,985,600,1000,506,985,444,900,379,890,194,885,87,877,0,845,416,849,261,889,299,917,366,797,469,816,345,875,385,911,449,756,539,788,443,848,451,889,489
1786208320.932,852,852,934,737,983,608,1000,516,991,446,898,392,886,203,878,91,867,0,841,426,842,270,887,308,917,374,792,477,804,344,866,385,903,451,750,547,780,443,841,455,881,497
1786208321.110,847,847,930,739,982,613,1000,520,989,444,899,395,885,204,878,92,866,0,843,426,842,263,889,300,922,365,794,476,802,338,865,381,902,448,751,545,778,441,838,454,877,497
1786208321.287,851,851,934,736,983,607,1000,513,990,442,901,389,891,200,885,89,876,0,845,423,846,265,883,301,909,365,795,476,810,344,869,388,903,456,752,547,782,444,843,455,886,497
1786208321.473,851,851,934,736,984,609,1000,517,991,443,903,392,896,201,892,89,883,0,845,426,852,283,894,333,922,406,794,478,812,353,870,399,904,468,748,547,777,447,837,458,879,500
1786208321.653,850,850,931,745,981,621,1000,529,992,447,905,401,899,209,898,94,889,0,847,430,847,271,898,320,929,394,797,480,805,340,869,387,905,456,752,548,780,440,842,456,880,504
1786208321.833,851,851,933,736,983,611,1000,519,993,440,905,395,902,202,901,90,895,0,849,426,855,279,899,331,927,404,799,475,815,344,876,390,910,457,754,541,784,438,844,451,886,496
1786208322.005,852,852,934,740,984,615,1000,526,995,447,910,395,904,204,901,92,895,0,853,426,859,277,902,327,930,400,802,475,817,348,877,394,913,462,757,542,784,441,845,455,888,500
1786208322.179,852,852,935,737,986,610,1000,520,992,445,909,387,905,198,904,89,899,0,851,423,857,275,900,329,927,405,801,476,819,349,876,396,909,465,757,545,790,445,849,458,889,500
1786208322.362,852,852,935,739,986,609,1000,518,995,447,912,389,909,199,908,92,903,0,854,423,864,280,909,338,936,413,803,474,822,351,881,401,914,471,757,541,788,448,849,461,891,504
1786208322.533,853,853,936,732,985,606,1000,517,993,446,910,393,905,204,903,92,896,0,852,426,856,277,900,332,929,408,801,476,814,345,873,392,910,462,755,545,785,443,847,454,890,495
1786208322.724,851,851,935,734,986,608,1000,519,989,451,906,390,901,201,900,92,894,0,848,425,854,277,901,335,928,412,799,476,816,349,877,401,910,471,755,545,784,444,847,456,889,497
1786208322.888,853,853,937,739,987,613,1000,525,991,455,909,391,904,201,902,92,896,0,850,425,857,281,903,339,929,415,799,478,815,350,874,402,905,474,755,548,784,447,847,462,887,508
1786208323.067,850,850,934,735,986,612,1000,522,991,450,907,388,904,200,903,91,896,0,850,421,856,273,900,328,926,402,800,472,820,349,880,398,912,467,757,542,789,445,852,460,892,504
1786208323.284,850,850,935,743,985,618,1000,524,993,453,919,401,914,209,910,95,901,0,859,429,858,272,905,326,935,404,807,478,815,340,873,386,907,457,761,546,791,446,850,461,887,505
1786208323.427,850,850,936,740,985,615,1000,521,991,449,918,404,913,211,911,96,902,0,860,431,857,267,902,315,933,391,808,478,816,337,874,386,909,459,762,545,791,441,849,457,887,504
1786208323.616,850,850,937,742,985,619,1000,526,994,449,919,408,915,212,911,96,901,0,861,433,854,268,899,314,932,390,808,479,814,339,872,385,908,456,760,545,786,442,843,457,882,502
1786208323.783,848,848,935,740,985,618,1000,524,989,452,917,406,914,211,910,95,899,0,860,431,854,266,895,311,926,386,808,477,813,336,868,382,903,454,760,544,789,441,844,458,881,506
1786208323.960,846,846,932,742,984,621,1000,530,995,453,917,402,913,209,911,95,901,0,859,430,855,268,899,320,928,398,808,476,813,336,870,383,903,454,762,543,788,440,844,456,881,503
1786208324.136,847,847,935,734,984,614,1000,520,991,453,917,405,914,212,912,96,902,0,860,432,853,272,898,323,931,400,809,478,813,341,872,386,908,457,765,543,791,441,849,455,888,500
1786208324.311,853,853,939,751,986,625,1000,532,994,457,921,405,915,212,913,96,902,0,864,431,854,267,901,315,934,390,812,477,814,338,873,383,907,453,766,544,787,435,844,454,880,508
1786208324.500,852,852,934,761,983,635,1000,542,997,461,923,413,917,217,915,98,904,0,866,437,854,270,906,324,937,406,814,483,814,339,876,390,906,464,768,551,789,441,846,462,878,515
1786208324.677,848,848,933,740,982,616,1000,524,991,448,916,406,914,210,914,95,906,0,861,433,851,270,901,319,933,395,811,477,812,336,872,380,908,449,765,541,786,434,842,451,880,500
1786208324.858,854,854,935,757,983,632,1000,538,994,461,920,416,916,219,916,99,907,0,863,440,849,276,902,326,936,406,812,487,812,346,874,395,906,467,766,555,785,446,844,463,878,514
1786208325.031,846,846,931,744,980,623,1000,530,989,454,914,411,912,213,912,96,902,0,857,436,847,271,898,322,932,401,805,482,807,340,869,388,905,460,759,548,779,440,837,458,874,507
1786208325.214,848,848,932,741,981,619,1000,526,993,446,914,405,912,208,911,94,903,0,859,431,851,266,898,313,930,388,809,477,813,335,873,380,908,449,765,541,788,433,845,449,883,496
1786208325.379,845,845,931,739,980,620,1000,527,993,445,915,406,912,211,911,95,903,0,859,431,852,267,898,315,932,391,808,475,814,336,874,381,911,450,763,538,787,434,845,450,884,496
1786208325.555,843,843,929,745,981,625,1000,533,990,455,914,405,913,211,913,95,906,0,858,430,850,265,899,317,932,396,807,476,811,338,873,384,910,454,762,542,783,438,842,456,882,504
1786208325.748,847,847,935,747,985,622,1000,528,984,451,910,398,911,207,911,93,906,0,852,424,849,268,894,325,924,402,801,472,815,339,877,395,911,467,759,540,788,443,849,458,889,500
1786208325.923,844,844,931,750,984,629,1000,536,991,459,913,406,912,213,912,96,906,0,854,431,849,273,898,321,931,396,802,479,809,345,872,391,909,459,757,548,783,448,843,465,882,513
1786208326.100,851,851,932,764,983,643,1000,553,997,467,915,416,914,221,913,100,906,0,857,439,849,279,902,334,936,415,805,487,809,351,875,403,910,474,760,557,782,450,843,470,882,519
1786208326.277,849,849,934,749,983,625,1000,537,996,459,918,409,915,216,915,98,909,0,859,434,852,276,905,326,940,403,808,482,814,349,877,396,913,464,764,551,785,445,846,463,884,511
1786208326.454,848,848,931,742,980,622,1000,529,986,457,912,406,911,214,912,97,906,0,855,431,849,273,897,322,932,397,805,479,811,345,873,391,911,460,763,547,788,442,847,458,888,505
1786208326.628,851,851,932,757,981,634,1000,542,997,461,914,413,913,217,915,98,907,0,855,437,848,274,901,327,935,407,804,485,812,347,876,396,910,467,760,553,781,442,842,460,880,511
1786208326.806,849,849,934,742,984,620,1000,529,994,453,914,404,913,210,914,95,907,0,856,432,851,266,898,315,931,390,806,479,813,337,874,383,911,451,761,545,788,437,848,452,888,499
1786208326.950,846,846,930,746,981,626,1000,535,994,458,915,408,915,212,915,96,908,0,859,434,851,270,898,315,932,388,808,479,813,338,872,383,907,451,764,543,789,434,846,451,884,499
1786208327.121,846,846,930,751,981,629,1000,536,993,457,917,411,917,214,918,96,911,0,861,434,855,267,905,320,936,399,810,480,815,335,875,384,908,456,764,546,788,437,844,454,880,504
1786208327.293,847,847,931,750,981,629,1000,537,997,459,917,413,917,215,918,97,911,0,860,439,852,277,900,330,932,408,809,485,812,342,871,391,904,462,762,550,785,441,841,459,878,507
1786208327.460,846,846,931,750,981,628,1000,537,995,459,916,411,915,213,916,97,908,0,857,436,848,275,899,330,931,409,805,482,809,340,871,389,905,460,760,548,786,443,844,461,879,509
1786208327.641,844,844,929,750,980,628,1000,536,995,457,917,411,917,213,919,96,912,0,859,435,850,275,901,329,932,408,807,480,812,342,874,389,908,458,761,545,787,444,844,462,880,510
1786208327.828,843,843,930,744,981,626,1000,535,992,457,917,409,918,212,918,96,911,0,859,433,850,274,900,325,934,401,809,478,813,342,876,387,913,454,765,542,791,443,851,456,890,498
1786208328.006,846,846,930,751,980,631,1000,538,991,456,918,410,916,216,917,97,910,0,861,433,850,272,903,323,937,400,810,479,812,342,876,389,910,458,766,546,789,441,847,458,883,507
1786208328.178,845,845,929,747,979,627,1000,533,989,456,915,408,914,214,916,97,908,0,857,433,847,275,900,325,934,402,807,479,811,346,874,392,909,460,763,545,787,441,845,462,880,513
1786208328.356,847,847,932,745,982,625,1000,533,992,463,916,409,917,214,919,96,912,0,860,435,853,281,902,332,934,407,811,480,813,345,872,390,907,459,767,545,791,443,847,459,882,507
1786208328.531,846,846,934,743,985,615,1000,515,976,473,918,407,915,215,916,97,909,0,861,433,852,271,899,323,927,402,809,480,812,341,869,387,898,459,764,547,787,439,842,458,873,511
1786208328.726,841,841,928,750,982,626,1000,531,988,465,912,407,911,213,913,96,907,0,853,432,846,279,897,332,928,409,801,481,808,348,869,396,900,465,758,550,782,449,841,468,876,515
1786208328.885,844,844,928,739,979,617,1000,523,985,460,912,404,913,210,914,94,908,0,856,430,851,273,898,322,929,397,805,476,812,339,870,386,903,456,761,541,788,438,845,456,881,504
1786208329.063,847,847,933,736,984,613,1000,521,990,455,913,396,914,204,916,91,912,0,856,425,858,272,900,323,929,399,805,474,819,345,878,392,912,459,760,540,788,442,848,458,887,503
1786208329.257,845,845,930,752,982,634,1000,543,995,464,915,409,917,213,918,96,911,0,856,433,852,276,902,326,935,400,805,481,813,348,878,396,916,463,760,549,786,447,848,467,888,514
1786208329.428,845,845,926,757,978,634,1000,541,995,460,915,413,915,217,917,98,911,0,856,436,849,275,904,330,936,408,805,483,813,348,879,399,911,468,760,551,784,445,845,464,881,512
1786208329.605,841,841,927,745,981,624,1000,533,989,456,913,402,915,209,916,95,911,0,855,428,852,276,900,325,932,396,804,476,814,346,876,393,912,459,760,544,786,445,847,462,887,508
1786208329.779,843,843,926,751,978,632,1000,543,992,462,912,411,912,215,914,97,907,0,854,435,848,278,900,331,934,408,802,482,809,347,873,397,909,466,756,549,777,443,837,461,876,508
1786208329.956,848,848,931,748,981,630,1000,543,993,464,916,409,918,213,919,97,912,0,858,434,850,278,900,328,937,400,807,482,814,351,877,398,917,464,763,550,787,448,847,466,889,512
1786208330.157,845,845,931,739,982,617,1000,526,991,457,914,404,915,208,918,93,913,0,859,430,854,270,902,319,934,394,809,475,820,340,880,387,914,455,764,537,793,439,852,457,890,504
1786208330.310,848,848,934,743,983,621,1000,530,989,463,917,409,917,215,919,96,913,0,863,435,855,274,903,325,936,402,813,480,817,341,877,389,912,460,769,544,793,438,850,459,886,510
1786208330.509,844,844,930,740,983,619,1000,529,987,456,912,398,915,206,918,92,914,0,855,425,852,264,899,318,930,395,805,471,819,338,879,389,912,459,761,538,794,442,854,461,891,506
1786208330.681,840,840,926,745,979,626,1000,536,991,460,913,406,916,209,919,94,913,0,856,431,850,276,901,328,933,402,806,475,813,343,876,390,912,456,761,537,786,438,845,457,882,505
1786208330.862,846,846,930,744,980,626,1000,537,990,457,913,406,916,213,919,96,914,0,858,431,850,280,900,332,937,405,808,478,813,347,877,393,917,459,766,545,789,444,849,457,894,498
1786208331.041,849,849,933,741,980,623,1000,535,993,455,915,406,918,214,920,96,915,0,861,431,856,278,905,329,941,403,813,477,819,344,880,388,919,455,771,544,794,440,852,455,894,499
1786208331.205,845,845,928,750,979,632,1000,542,992,463,915,411,915,216,918,97,912,0,858,436,851,282,902,333,938,408,807,482,812,351,877,399,916,467,763,548,786,445,845,464,885,512
1786208331.385,844,844,929,746,980,623,1000,532,994,457,910,408,906,217,906,97,901,0,854,434,849,283,904,330,944,405,804,481,811,352,877,394,920,459,761,549,786,449,847,463,890,506
1786208331.573,843,843,926,736,974,613,994,522,1000,439,892,397,883,208,878,94,871,0,839,424,844,271,896,318,931,390,794,471,811,341,878,384,920,448,756,537,788,440,853,451,899,491
1786208331.747,843,843,930,721,980,597,1000,511,999,432,880,380,870,194,867,86,862,0,830,414,851,270,904,319,937,393,788,466,826,346,889,391,924,458,757,536,801,446,864,463,903,508
1786208331.929,842,842,927,725,975,599,997,512,1000,428,884,387,871,200,865,89,857,0,832,418,848,267,901,314,935,386,789,466,818,339,882,381,919,447,754,535,796,441,858,454,900,496
1786208332.101,838,838,922,729,970,605,993,518,1000,432,880,390,867,202,862,90,855,0,828,419,843,269,896,315,929,388,785,467,815,342,879,383,916,446,750,534,792,443,855,456,896,498
1786208332.281,844,844,929,737,979,612,999,527,1000,441,883,393,871,200,867,89,861,0,831,423,853,274,905,328,935,404,788,472,827,347,892,396,925,464,753,540,801,448,868,464,909,508
1786208332.463,838,838,923,735,974,611,998,525,1000,439,877,393,870,199,868,89,863,0,826,422,856,273,911,328,940,407,784,471,826,347,891,392,924,461,749,540,796,449,862,464,903,509
1786208332.629,840,840,923,731,972,606,995,520,1000,434,881,387,870,199,866,89,860,0,828,419,851,272,902,324,932,401,783,471,820,347,885,390,920,456,747,541,794,449,857,465,898,508
1786208332.809,842,842,925,731,975,606,997,519,1000,435,883,391,871,200,867,89,861,0,831,423,853,271,906,323,938,399,788,472,825,345,889,388,923,454,751,539,797,446,859,462,899,506
1786208332.952,841,841,925,731,974,606,996,518,1000,432,882,391,871,200,868,90,862,0,830,421,853,271,906,324,935,401,788,470,826,344,889,388,921,454,753,537,798,444,861,460,899,504
1786208333.108,839,839,925,728,973,604,994,517,1000,431,883,389,872,200,870,90,866,0,831,419,853,269,904,320,934,395,789,467,827,344,889,387,921,453,753,534,798,443,861,457,902,501
1786208333.287,834,834,917,728,966,605,992,516,1000,428,880,393,871,203,869,91,864,0,828,421,844,266,896,316,928,390,784,468,814,338,878,381,915,445,747,535,788,441,852,454,893,494
1786208333.461,834,834,917,732,968,605,994,516,1000,429,882,392,871,202,869,91,864,0,830,421,846,263,897,315,926,392,785,468,819,338,883,383,916,449,748,535,791,441,854,456,894,499
1786208333.645,834,834,917,733,968,607,994,518,1000,434,883,398,874,207,874,92,869,0,831,425,849,270,901,320,931,396,786,472,818,341,882,385,915,451,749,539,791,447,856,457,896,497
1786208333.828,833,833,914,734,965,610,991,523,1000,436,881,397,873,207,873,92,868,0,829,423,846,268,900,318,931,394,785,470,816,340,881,384,914,450,748,538,790,445,855,457,895,498
1786208334.004,833,833,913,736,965,611,992,522,1000,436,882,401,873,210,870,94,863,0,829,426,843,276,900,322,935,395,785,474,807,342,874,383,911,447,747,543,783,445,848,453,889,491
1786208334.183,837,837,919,735,970,608,996,519,1000,434,887,394,877,206,874,92,868,0,833,421,850,275,907,326,940,401,788,471,814,342,881,387,918,453,749,542,787,447,852,455,895,493
1786208334.379,828,828,911,725,962,599,990,510,1000,426,882,394,872,206,869,92,863,0,830,417,848,269,903,322,935,398,787,462,813,333,878,379,912,447,750,529,789,437,852,448,892,489
1786208334.532,831,831,917,728,969,602,997,512,1000,428,887,395,877,207,874,93,868,0,835,418,849,268,903,318,936,393,790,463,816,335,880,381,915,449,753,530,792,438,856,449,898,489
1786208334.715,834,834,915,731,966,606,994,519,1000,434,882,399,873,209,872,94,867,0,829,424,845,273,903,325,936,402,784,471,811,339,880,386,918,454,747,539,786,444,853,454,896,493
1786208334.859,831,831,913,736,964,611,991,523,1000,436,878,398,871,206,869,92,864,0,825,424,842,275,902,325,937,401,779,473,808,344,879,387,918,453,742,542,782,447,848,460,891,501
1786208335.024,838,838,923,735,974,612,996,525,1000,442,885,394,877,201,875,89,869,0,832,422,850,272,906,322,939,398,787,472,822,346,889,387,927,452,751,542,798,453,863,464,905,503
1786208335.188,836,836,930,728,982,597,1000,504,994,444,892,370,886,185,884,82,877,0,840,403,858,259,905,321,931,405,796,455,833,335,893,390,920,463,760,528,814,441,875,463,905,511
1786208335.423,829,829,919,719,970,603,992,522,1000,446,876,388,865,205,861,92,856,0,822,417,847,287,898,342,928,418,778,467,812,348,872,392,908,456,742,539,789,458,849,466,888,502
1786208335.605,822,822,904,732,958,622,991,547,1000,464,862,397,854,211,849,92,845,0,808,422,838,304,897,363,934,441,761,472,795,363,863,415,903,482,722,547,764,470,831,482,877,519
1786208335.780,825,825,907,746,959,630,987,553,1000,481,869,407,863,218,858,95,853,0,816,431,849,314,898,379,922,462,769,479,809,370,865,426,891,495,731,552,774,477,834,494,869,535
1786208335.954,825,825,911,749,966,635,991,560,1000,486,875,407,867,216,860,95,853,0,819,432,842,312,901,372,938,452,771,484,798,372,864,418,904,484,735,560,767,481,832,492,879,527
1786208336.141,825,825,904,759,960,642,989,563,1000,482,871,420,864,225,861,98,852,0,813,443,828,312,895,374,931,453,764,496,783,374,858,426,899,493,727,573,756,483,823,501,866,541
1786208336.316,823,823,904,750,960,632,988,550,1000,477,876,412,867,219,861,96,851,0,819,435,835,304,894,369,927,452,769,486,787,360,855,417,893,488,730,562,763,478,828,494,870,533
1786208336.500,826,826,904,757,961,641,987,564,1000,493,877,415,869,222,866,99,859,0,821,437,843,309,899,376,923,458,773,486,793,359,858,415,890,486,735,561,765,474,829,493,867,536
1786208336.677,829,829,911,742,964,631,990,555,1000,483,885,404,878,214,872,95,865,0,830,429,847,300,901,361,935,440,782,476,804,359,867,410,905,477,742,547,772,464,834,481,877,522
1786208336.853,833,833,914,725,966,614,994,538,1000,461,893,394,887,209,884,95,878,0,840,422,857,295,911,348,947,417,795,470,815,354,881,397,923,458,757,539,792,454,854,467,897,505
1786208337.031,840,840,924,740,976,620,993,539,1000,489,892,391,888,200,890,89,891,0,839,428,867,301,909,360,931,440,793,483,831,371,885,417,912,483,753,554,798,470,855,488,888,531
1786208337.205,855,855,940,740,987,616,1000,539,999,483,890,397,881,209,878,94,874,0,833,435,857,306,909,365,941,444,785,494,815,377,880,423,919,492,743,572,783,487,847,494,893,528
1786208337.382,847,847,924,755,976,632,999,550,1000,486,891,396,885,205,882,91,876,0,836,430,862,299,906,363,928,447,788,485,824,372,881,427,911,498,748,561,795,485,852,509,886,553
1786208337.556,848,848,927,759,984,637,1000,553,995,506,898,374,890,197,885,85,878,0,840,414,837,268,850,276,856,308,791,478,813,376,857,433,881,501,751,563,789,486,837,522,866,576
1786208337.785,844,844,921,760,974,649,1000,571,997,504,882,396,871,201,867,89,859,0,824,434,848,305,900,373,930,459,774,500,800,385,867,437,907,503,732,587,771,504,836,522,879,559
1786208337.947,850,850,925,753,977,638,1000,557,998,491,888,393,878,207,875,92,868,0,831,431,851,303,901,362,929,441,783,493,811,377,872,425,906,493,741,576,779,486,839,503,878,544
1786208338.101,837,837,925,772,987,644,1000,563,1000,515,885,381,880,194,879,85,875,0,822,422,853,315,893,385,909,468,773,491,819,405,878,468,901,538,737,581,795,512,854,546,879,596
1786208338.288,839,839,915,749,971,633,997,557,1000,487,889,400,883,204,880,92,875,0,833,435,855,307,900,368,927,445,785,491,814,379,875,435,909,501,745,566,789,486,848,508,885,547
1786208338.461,847,847,921,758,971,639,996,563,1000,490,887,416,879,221,874,99,868,0,830,446,846,316,902,377,936,454,781,499,802,378,869,434,907,502,740,572,770,479,834,498,874,538
1786208338.645,850,850,921,759,972,642,1000,564,1000,487,890,415,883,219,880,98,872,0,833,445,850,306,907,365,940,443,784,499,804,372,873,424,910,493,742,574,778,477,842,496,881,538
1786208338.806,848,848,922,748,973,629,993,550,1000,490,893,384,889,204,885,89,881,0,836,421,844,278,873,312,896,374,787,480,818,368,871,416,905,483,745,561,788,482,847,503,887,544
1786208338.995,839,839,918,732,972,614,1000,529,997,470,892,394,888,201,886,88,881,0,838,427,855,284,901,344,929,422,790,479,820,356,880,405,915,470,748,551,794,467,855,488,894,529
1786208339.180,843,843,923,739,975,623,1000,541,998,482,895,392,889,201,886,88,879,0,839,427,857,295,902,359,928,440,790,484,819,366,879,418,912,485,748,562,796,481,857,498,895,535
1786208339.363,842,842,922,741,976,626,1000,545,996,481,896,393,889,202,886,90,879,0,841,427,859,290,905,354,931,437,793,482,823,363,882,416,915,485,751,558,799,477,861,496,900,536
1786208339.526,842,842,922,738,975,623,1000,541,999,474,897,392,891,202,887,90,881,0,842,424,862,288,907,348,936,428,795,477,827,363,886,413,922,479,753,550,801,470,862,489,902,528
1786208339.700,842,842,921,735,974,620,1000,535,997,474,896,389,890,201,886,89,879,0,841,422,856,286,901,346,928,424,793,477,821,362,882,411,919,476,752,552,798,471,860,488,901,526
1786208339.879,842,842,919,741,970,629,998,549,1000,476,895,396,888,207,885,94,880,0,839,428,852,292,901,348,934,422,791,482,815,366,879,413,919,476,750,557,788,471,852,488,896,527
1786208340.059,843,843,920,745,971,632,1000,553,1000,474,891,401,884,213,883,96,878,0,835,433,848,298,904,351,939,424,787,486,809,372,876,415,917,478,747,559,784,471,847,487,889,528
1786208340.282,837,837,917,734,970,621,996,544,1000,470,890,391,885,203,883,92,879,0,836,424,858,300,906,357,934,432,789,480,819,371,879,421,913,488,750,554,788,469,851,484,894,523
1786208340.470,836,836,921,734,977,621,1000,545,994,471,889,383,884,201,882,91,879,0,831,415,856,296,904,350,934,424,782,470,818,374,880,420,917,484,742,545,783,469,847,485,892,524
1786208340.659,835,835,922,726,979,612,1000,528,993,470,891,369,891,186,889,84,886,0,840,402,839,236,866,235,887,255,794,462,827,361,886,417,920,481,759,541,805,462,866,488,903,530
1786208340.826,842,842,923,730,975,616,1000,532,995,473,893,388,887,203,884,90,877,0,838,423,852,293,897,344,927,415,791,478,819,369,880,411,917,472,752,551,794,469,854,485,893,524
1786208341.068,841,841,919,745,971,628,999,549,1000,476,890,408,888,215,886,96,877,0,835,439,852,293,909,360,940,443,788,493,811,361,881,420,916,492,749,569,786,471,850,492,888,536
1786208341.252,842,842,920,730,971,614,998,534,1000,464,894,399,889,212,887,95,881,0,841,429,856,293,910,352,941,428,795,483,814,360,879,409,916,476,756,560,791,476,852,488,891,525
1786208341.439,842,842,921,726,976,609,1000,528,1000,461,896,384,890,201,888,91,879,0,844,420,851,291,902,350,929,425,800,478,815,362,880,408,917,473,764,554,796,465,858,482,898,524
1786208341.605,841,841,917,726,969,612,995,535,1000,465,891,391,885,207,883,94,875,0,838,422,850,283,902,349,931,429,793,478,813,353,877,410,911,482,755,556,793,470,852,491,886,537
1786208341.781,840,840,921,720,972,607,999,525,1000,459,890,391,886,199,887,89,883,0,840,426,859,286,910,347,939,424,797,478,822,352,885,404,921,472,760,550,800,458,860,478,899,523
1786208341.968,834,834,920,717,974,601,1000,520,996,455,890,378,886,194,885,87,879,0,838,412,859,274,905,336,930,414,794,466,825,348,884,403,915,473,756,537,798,451,857,476,893,524
1786208342.133,838,838,918,723,974,606,1000,523,998,455,894,383,886,201,884,92,876,0,843,420,855,285,905,346,932,422,798,476,819,358,885,406,920,472,761,549,799,459,861,477,899,521
1786208342.315,841,841,920,727,974,611,1000,531,997,462,892,394,886,211,882,96,874,0,842,425,856,283,905,347,933,428,796,478,818,352,878,410,910,483,759,553,796,464,855,485,890,531
1786208342.512,836,836,917,727,974,610,1000,529,997,461,891,391,884,208,881,95,874,0,839,422,852,287,902,348,930,426,795,475,816,355,878,406,913,472,758,548,795,463,855,482,892,524
1786208342.676,837,837,918,727,973,610,1000,528,1000,457,894,387,890,204,890,92,883,0,843,419,853,271,900,326,926,402,800,470,820,345,880,391,912,457,763,542,802,456,859,473,893,516
1786208342.860,832,832,917,713,972,599,997,517,1000,444,891,375,888,194,886,86,880,0,841,408,857,266,900,319,926,396,798,461,827,342,887,386,921,452,762,533,799,445,859,459,900,502
1786208343.051,836,836,920,719,975,602,999,521,1000,451,893,383,889,202,888,91,882,0,843,417,853,278,904,328,934,399,799,471,820,353,884,391,921,451,763,543,798,456,858,467,897,506
1786208343.213,829,829,920,726,976,604,997,523,1000,460,905,372,894,192,891,85,885,0,856,409,874,288,898,354,906,433,814,461,843,346,877,399,889,463,779,531,824,447,863,478,879,529
1786208343.382,825,825,913,724,967,593,989,510,1000,444,886,370,873,190,870,84,867,0,839,404,867,284,892,348,901,426,799,458,842,349,876,401,889,464,766,532,818,449,862,464,884,502
1786208343.563,804,804,896,691,952,565,984,479,1000,406,869,358,864,175,864,77,860,0,826,383,879,262,903,323,902,393,787,428,846,319,873,365,875,421,753,494,809,414,854,411,875,428
1786208343.748,799,799,892,676,944,552,980,462,1000,383,834,351,832,177,837,78,836,0,789,373,856,241,913,300,931,375,755,416,829,300,889,350,907,419,729,479,800,397,860,409,888,452
1786208343.940,799,799,888,686,939,551,976,451,1000,364,842,366,833,184,834,80,828,0,799,384,855,233,907,298,920,381,762,423,826,288,879,346,892,423,728,481,792,385,851,400,878,448
1786208344.102,802,802,893,682,942,547,977,446,1000,357,846,367,829,185,826,81,818,0,802,387,835,230,895,272,927,343,763,424,803,288,867,321,903,383,727,481,777,386,841,384,884,415
1786208344.275,781,781,873,677,932,528,971,419,1000,338,840,344,839,172,837,75,832,0,804,359,861,225,889,297,893,375,771,393,839,276,866,335,871,402,740,447,801,345,848,329,877,336
1786208344.461,790,790,884,695,940,545,974,430,1000,335,852,374,837,194,838,86,833,0,811,381,849,206,901,257,922,342,772,407,814,258,872,299,897,371,731,456,780,349,842,341,882,372
1786208344.641,771,771,863,706,931,563,974,451,1000,366,855,378,854,197,852,86,847,0,811,377,855,229,891,292,899,377,768,395,820,259,859,313,868,390,725,430,771,324,816,326,839,363
1786208344.821,791,791,880,699,936,574,976,480,1000,392,861,378,861,188,871,83,870,0,812,393,839,241,909,296,941,374,768,425,800,290,875,337,909,407,728,476,775,384,840,400,875,447
1786208344.995,777,777,867,685,928,565,973,475,1000,388,845,364,851,183,863,80,865,0,796,379,830,237,900,290,936,363,752,414,796,291,875,334,916,398,714,468,766,385,836,395,881,435
1786208345.180,779,779,867,685,929,568,973,479,1000,393,849,368,857,187,870,82,873,0,800,384,835,238,905,296,938,369,757,418,802,291,878,341,914,408,719,469,776,379,842,397,879,443
1786208345.362,778,778,868,682,930,563,973,473,1000,388,851,364,860,186,874,82,877,0,801,380,838,240,905,299,937,373,758,414,803,292,878,343,913,410,720,466,775,378,841,396,880,441
1786208345.534,798,798,888,701,947,566,981,457,1000,366,873,380,874,193,884,84,881,0,825,394,843,231,907,281,932,361,778,425,807,282,877,325,904,398,731,476,772,378,836,388,869,436
1786208345.700,760,760,869,671,944,536,978,412,1000,316,869,359,884,191,887,86,885,0,823,352,868,201,885,256,886,335,783,366,831,226,853,275,858,347,748,394,793,267,828,258,845,283
1786208345.877,783,783,897,675,961,510,983,359,1000,239,882,366,879,202,879,94,878,0,828,362,834,180,878,159,920,190,780,377,790,195,847,206,893,270,732,411,770,278,826,248,872,266
1786208346.075,790,790,901,699,966,542,983,413,1000,314,900,383,907,201,911,90,912,0,847,387,863,226,891,215,917,244,796,408,816,258,854,245,888,272,739,449,775,331,822,299,863,304
1786208346.247,778,778,882,697,949,552,978,425,1000,326,891,386,902,201,908,89,908,0,841,387,856,205,904,222,938,283,790,408,811,244,868,267,903,328,736,453,774,336,834,330,877,362
1786208346.427,774,774,873,712,944,567,975,442,1000,343,888,381,906,200,920,91,922,0,833,381,852,192,898,242,921,325,780,404,805,233,862,286,887,366,726,449,769,333,831,347,866,398
1786208346.599,786,786,884,718,951,581,983,460,1000,358,904,386,922,198,937,89,941,0,848,388,855,204,902,244,931,322,793,412,813,254,868,293,897,361,736,458,777,347,835,356,871,400
1786208346.781,810,810,908,750,973,605,995,474,1000,368,931,407,948,209,964,92,965,0,869,409,861,209,916,245,949,328,810,434,815,261,877,295,909,365,752,482,787,366,848,373,883,419
1786208346.950,813,813,913,758,985,610,1000,468,973,364,945,396,956,204,973,89,975,0,876,397,862,202,917,223,952,303,813,426,809,258,874,284,908,352,751,482,780,367,841,367,878,409
1786208347.126,828,828,926,761,986,610,1000,470,992,356,950,411,962,212,974,92,974,0,881,412,860,212,912,226,952,302,818,440,810,268,867,285,901,350,756,491,776,372,831,363,869,401
1786208347.299,827,827,927,754,986,602,1000,460,998,346,938,409,949,211,961,91,961,0,870,413,849,208,904,221,946,292,807,443,802,267,865,285,901,350,746,497,769,374,828,368,867,409
1786208347.493,825,825,923,748,981,598,995,460,1000,353,926,409,931,216,938,96,933,0,862,415,840,222,890,238,930,304,803,444,793,271,853,292,893,354,745,498,771,379,829,373,870,408
1786208347.672,819,819,908,736,957,576,983,451,1000,346,849,404,830,209,831,90,827,0,802,420,810,232,887,256,935,331,760,456,775,289,863,310,912,375,721,514,759,391,838,381,893,419
1786208347.845,832,832,919,721,961,566,988,443,1000,334,847,399,822,204,821,87,814,0,801,419,803,221,876,237,923,303,759,458,773,277,858,297,908,364,720,514,763,375,841,364,893,404
1786208348.030,828,828,916,707,961,552,988,428,1000,320,846,380,825,188,823,81,814,0,801,402,809,215,878,238,925,299,760,441,784,276,862,304,907,369,723,497,772,368,842,363,888,402
1786208348.198,821,821,907,695,951,544,982,424,1000,323,838,372,817,184,816,80,808,0,793,396,805,218,879,242,929,303,752,437,782,280,861,309,906,372,716,494,769,370,840,370,887,409
1786208348.373,815,815,899,688,941,538,976,420,1000,321,826,371,799,186,797,81,788,0,783,396,792,221,867,242,919,297,746,436,773,276,854,303,903,361,712,492,767,368,839,370,885,408
1786208348.555,815,815,899,683,941,538,978,420,1000,320,824,372,795,185,793,81,785,0,783,396,802,221,875,248,924,305,746,436,782,280,862,304,910,358,713,492,767,371,838,368,886,400
1786208348.723,811,811,897,686,941,538,978,418,1000,314,825,371,800,186,799,82,792,0,783,394,806,218,879,249,925,309,747,433,786,275,866,303,912,359,714,487,772,365,842,365,888,400
1786208348.922,810,810,892,690,937,543,974,429,1000,329,825,365,801,186,797,81,788,0,782,389,807,224,878,256,923,319,745,429,783,278,863,305,909,360,714,488,770,375,840,372,885,403
1786208349.118,806,806,890,681,938,536,977,422,1000,323,826,361,803,181,797,80,784,0,782,385,809,219,879,253,922,314,744,426,785,275,862,307,906,364,710,485,770,374,839,372,884,402
1786208349.279,806,806,889,679,935,535,974,422,1000,322,824,361,804,181,798,80,785,0,780,386,805,218,876,248,921,304,743,428,784,277,863,304,908,356,711,486,770,372,839,368,885,397
1786208349.445,804,804,888,675,935,531,974,420,1000,322,822,358,801,180,795,80,783,0,778,382,805,219,876,249,922,304,742,424,782,275,859,304,905,357,710,482,770,372,839,368,885,394
1786208349.622,803,803,888,673,933,530,973,418,1000,320,821,357,801,180,797,80,786,0,778,381,803,216,875,246,922,302,741,422,781,273,861,302,909,355,711,479,770,369,839,366,886,393
1786208349.807,803,803,888,674,933,530,972,419,1000,323,822,357,802,180,797,80,786,0,778,381,805,217,877,249,922,307,742,422,785,275,862,307,907,364,710,479,769,370,838,370,884,402
1786208349.977,806,806,894,676,937,529,973,412,1000,316,834,358,812,179,809,79,797,0,790,381,811,204,880,241,919,306,753,423,784,265,859,298,900,358,720,483,772,368,840,364,883,393
1786208350.167,834,834,924,706,969,548,995,421,1000,313,858,366,840,192,836,85,828,0,813,387,807,203,868,192,924,221,773,428,783,267,858,248,922,262,741,490,794,372,862,338,916,331
1786208350.341,836,836,928,708,976,545,1000,407,995,298,859,369,844,198,846,88,842,0,815,387,805,193,863,169,917,186,775,426,786,258,864,241,928,261,743,486,797,360,867,330,922,330
1786208350.518,832,832,922,708,975,543,1000,400,991,287,857,370,846,194,851,86,851,0,812,385,800,177,850,125,900,117,772,424,785,246,863,242,924,272,737,485,792,354,861,328,914,333
1786208350.720,830,830,924,717,978,551,1000,408,989,290,871,378,861,201,871,89,876,0,822,394,820,202,873,200,924,238,778,429,785,255,854,249,914,274,735,484,793,357,861,336,916,342
1786208350.870,820,820,919,728,978,583,1000,456,980,361,895,393,892,196,904,85,907,0,845,406,849,214,905,226,947,285,796,438,811,270,876,275,922,320,748,493,798,375,862,360,908,380
1786208351.046,867,867,963,756,1000,617,972,497,923,444,944,381,962,184,983,70,994,0,860,401,834,229,871,255,907,331,790,460,767,334,819,334,865,387,735,543,746,453,791,422,830,429
1786208351.237,839,839,947,752,1000,612,977,484,928,415,948,377,960,190,973,79,974,0,861,386,849,228,889,264,916,340,786,434,783,314,841,331,877,384,721,510,752,431,805,423,840,446
1786208351.413,845,845,945,754,1000,614,982,485,938,418,940,376,947,190,958,79,957,0,856,390,835,231,878,254,912,325,783,441,773,318,834,328,877,378,718,519,743,433,798,420,838,443
1786208351.588,852,852,943,756,1000,611,985,486,937,433,929,379,935,198,951,82,950,0,851,402,826,244,878,265,915,333,783,460,771,333,838,340,880,389,723,543,747,446,807,431,850,456
1786208351.766,841,841,938,768,1000,629,993,503,950,431,935,398,943,198,953,87,951,0,864,414,849,247,899,280,933,354,800,465,792,325,856,352,894,410,740,544,762,448,821,445,863,473
1786208351.952,834,834,932,759,1000,619,1000,490,961,417,931,387,942,187,956,81,956,0,860,403,857,234,912,258,950,327,796,455,796,314,864,328,908,379,735,536,765,439,829,431,875,456
1786208352.118,840,840,937,774,1000,632,999,503,962,427,935,399,944,196,952,85,948,0,866,415,855,241,905,268,941,340,803,466,799,318,863,337,905,390,744,546,769,445,827,438,868,461
1786208352.297,832,832,932,767,999,628,1000,496,962,418,936,396,947,195,956,85,956,0,867,408,866,239,915,262,950,332,805,457,806,311,869,326,911,377,745,535,776,436,835,431,876,458
1786208352.470,838,838,937,767,1000,631,997,507,961,423,937,395,950,195,960,85,958,0,866,411,856,243,907,270,943,342,803,463,802,323,867,343,909,398,747,543,776,444,835,441,876,469
1786208352.658,836,836,933,755,999,616,1000,487,959,412,934,387,941,190,954,82,951,0,865,403,852,231,905,260,940,332,803,454,801,310,865,328,904,383,746,532,779,431,837,425,875,454
1786208352.839,838,838,935,764,1000,626,999,497,960,420,937,396,944,197,956,86,954,0,868,411,855,239,908,267,943,339,807,462,803,317,867,334,907,388,751,540,780,439,838,433,877,463
1786208353.014,845,845,938,766,1000,627,1000,504,961,420,937,399,944,198,954,85,950,0,869,418,854,240,903,266,938,337,808,469,800,317,862,329,904,378,751,545,783,440,839,432,878,456
1786208353.189,837,837,933,758,998,621,1000,495,961,419,931,387,940,192,953,83,952,0,862,405,851,233,900,268,931,343,800,458,797,313,860,335,899,392,745,539,776,436,836,433,877,465
1786208353.365,841,841,941,752,995,625,1000,522,987,438,925,393,949,190,976,77,986,0,855,411,863,235,928,257,970,332,794,469,808,327,886,335,935,386,739,559,778,460,849,446,896,470
1786208353.554,851,851,944,723,998,586,1000,475,972,396,889,374,905,187,937,72,952,0,820,405,821,234,889,248,940,316,760,468,773,337,853,326,912,368,706,559,742,463,814,435,873,453
1786208353.833,850,850,947,741,1000,602,991,490,962,412,909,384,911,191,933,77,940,0,835,411,825,234,886,248,928,317,772,472,776,328,849,324,898,370,715,560,756,458,823,437,868,459
1786208354.025,855,855,942,744,1000,606,997,489,958,412,908,388,909,197,927,81,928,0,839,416,827,239,889,254,932,321,778,475,779,326,851,323,898,367,723,561,763,451,827,431,870,451
1786208354.197,860,860,945,731,998,587,1000,478,966,406,882,380,884,190,908,72,918,0,810,417,810,252,876,269,924,339,748,486,761,353,836,353,892,403,696,582,736,479,803,457,858,481
1786208354.376,859,859,947,736,1000,595,997,486,964,409,896,383,895,190,918,75,927,0,825,416,823,243,885,263,927,335,763,479,774,341,847,342,897,393,708,571,748,467,815,447,867,472
1786208354.558,861,861,945,750,1000,611,993,494,958,420,913,391,908,199,922,83,919,0,844,421,834,253,893,277,932,346,783,481,789,337,854,347,895,399,728,565,763,459,822,446,862,472
1786208354.736,859,859,946,759,1000,617,993,499,956,428,917,405,913,209,922,88,916,0,850,430,835,253,895,271,936,339,790,485,788,331,855,338,897,387,733,565,765,456,825,443,864,467
1786208354.916,863,863,948,758,1000,620,995,502,961,424,920,405,915,208,925,88,920,0,854,433,835,255,892,273,931,338,795,486,790,334,856,340,898,387,739,564,767,455,826,438,867,460
1786208355.094,861,861,947,757,1000,620,995,504,960,425,919,397,916,203,926,86,922,0,854,426,848,259,905,283,945,347,795,482,801,336,866,345,909,392,739,562,773,452,833,439,876,463
1786208355.270,858,858,944,755,1000,620,997,501,962,421,923,400,919,201,928,86,922,0,858,425,844,245,898,271,934,340,799,477,799,324,862,337,903,387,744,553,776,443,833,432,873,456
1786208355.446,860,860,946,751,1000,615,994,502,962,426,915,392,913,196,926,82,923,0,847,424,838,255,897,281,936,348,787,482,792,338,860,348,903,397,731,564,768,457,831,446,873,472
1786208355.621,861,861,947,754,1000,615,994,498,958,425,922,394,918,199,927,85,921,0,856,422,841,251,896,278,933,346,797,477,796,330,859,340,901,388,742,556,773,448,830,436,870,460
1786208355.809,861,861,945,755,1000,620,996,503,958,425,925,398,920,201,927,87,920,0,860,425,844,254,897,285,933,353,802,480,800,332,865,347,907,394,748,558,779,453,837,441,877,460
1786208355.990,861,861,947,754,1000,618,996,506,963,428,920,391,917,197,928,84,922,0,853,421,845,251,902,280,940,349,793,477,797,328,864,343,906,394,736,557,771,450,832,443,874,469
1786208356.167,861,861,946,759,1000,623,998,508,965,429,921,397,919,199,929,85,924,0,856,425,848,255,906,283,943,351,797,481,800,331,866,346,907,398,740,560,775,452,836,445,876,473
1786208356.352,859,859,945,756,1000,620,997,503,962,424,924,401,919,202,929,87,923,0,858,427,843,249,901,274,938,341,798,480,796,326,862,338,903,388,742,558,772,447,830,434,870,456
1786208356.528,864,864,946,755,1000,615,994,499,959,424,914,394,913,200,928,83,925,0,846,425,838,256,898,276,938,341,786,484,792,340,861,345,905,391,731,569,767,459,829,446,871,471
1786208356.703,859,859,946,740,1000,609,998,500,964,421,907,388,905,194,926,80,929,0,838,419,829,239,890,264,929,337,778,481,782,336,853,342,898,394,723,570,761,462,825,447,870,472
1786208356.871,855,855,945,731,1000,594,994,489,958,415,895,385,900,192,922,76,927,0,824,416,826,248,892,271,936,343,761,479,781,344,855,347,904,397,706,572,751,469,818,449,870,471
1786208357.044,857,857,947,747,1000,609,999,497,966,414,899,402,898,196,917,78,922,0,834,430,827,249,892,264,939,334,774,485,783,335,857,333,907,380,718,568,756,456,826,436,876,459
1786208357.220,870,870,949,772,1000,627,993,511,955,433,906,425,902,216,914,88,912,0,842,455,834,270,900,289,946,361,783,511,785,350,861,362,909,421,726,593,754,468,818,452,863,483
1786208357.417,865,865,946,774,1000,633,997,517,962,433,912,420,909,215,920,89,914,0,848,448,834,262,900,288,944,365,790,502,788,340,863,359,907,421,735,581,765,459,829,449,870,483
1786208357.607,861,861,943,774,1000,634,995,516,957,436,923,411,919,207,924,87,916,0,855,436,844,259,903,288,946,359,795,489,787,328,858,351,905,412,738,568,769,452,829,442,869,471
1786208357.767,859,859,944,765,1000,626,994,505,955,428,928,410,926,206,930,87,923,0,860,434,849,260,901,288,941,355,800,485,793,325,859,348,905,406,744,559,775,448,833,438,873,465
1786208357.949,852,852,939,766,1000,631,1000,511,965,425,930,410,926,204,930,88,923,0,865,430,853,244,905,277,945,352,805,477,802,313,866,341,909,401,750,549,780,434,838,428,881,457
1786208358.131,858,858,942,767,1000,630,996,507,959,418,929,408,924,206,927,89,921,0,861,429,852,250,902,288,941,360,801,478,798,320,862,348,907,406,745,553,777,442,835,437,879,463
1786208358.295,861,861,944,766,1000,631,995,513,960,427,927,408,924,206,929,88,922,0,859,432,850,256,904,291,943,361,798,484,793,325,861,353,907,413,742,559,774,448,832,442,873,469
1786208358.474,856,856,941,774,999,640,1000,519,964,429,932,416,927,212,929,91,922,0,864,433,854,248,906,282,946,355,803,480,799,314,864,345,907,408,746,555,775,440,835,436,879,468
1786208358.665,854,854,939,775,997,640,1000,520,965,430,931,419,926,214,928,92,922,0,864,437,853,250,906,279,946,351,803,485,798,316,862,344,905,406,746,559,774,439,833,435,873,468
1786208358.841,858,858,940,780,1000,638,998,514,958,429,924,423,921,216,926,91,920,0,856,444,844,261,898,290,940,361,796,495,791,329,860,360,905,425,739,572,768,452,830,448,873,482
1786208359.068,854,854,939,781,1000,639,1000,514,964,429,930,420,928,217,930,93,925,0,862,439,855,261,908,291,950,360,802,489,799,325,864,355,909,415,747,567,776,448,836,445,879,478
1786208359.256,853,853,938,781,998,643,1000,520,966,430,932,421,930,215,931,92,923,0,864,438,856,253,909,288,948,362,804,486,799,318,866,350,910,411,747,561,777,443,838,441,881,472
1786208359.437,858,858,941,777,1000,639,998,516,965,428,928,414,924,207,928,87,921,0,860,437,850,253,909,289,950,363,799,488,793,322,865,354,912,417,742,564,774,446,834,444,873,478
1786208359.613,852,852,938,782,999,645,1000,523,966,430,930,418,929,215,931,92,924,0,862,436,855,254,909,289,949,363,802,485,799,319,866,353,910,415,746,562,776,443,838,444,881,478
1786208359.897,847,847,936,782,1000,643,996,518,963,428,925,430,923,226,925,95,920,0,858,448,849,267,906,292,948,361,798,495,794,330,864,359,909,421,743,569,771,450,837,450,882,489
1786208360.089,846,846,937,768,997,632,1000,509,964,419,932,417,931,214,932,92,923,0,866,434,856,261,903,284,941,349,807,480,800,319,862,342,904,397,752,552,779,439,837,431,879,457
1786208360.275,846,846,934,778,998,636,1000,507,968,420,929,417,928,216,931,92,924,0,862,435,855,259,907,284,946,350,802,484,798,323,863,347,906,403,747,560,773,445,835,439,878,469
1786208360.429,859,859,941,781,1000,640,998,516,964,430,925,427,922,222,924,94,918,0,858,446,851,266,907,288,950,351,799,496,793,331,862,354,909,412,745,572,773,453,833,444,875,473
1786208360.620,851,851,938,775,999,638,1000,515,972,424,933,418,931,214,932,91,926,0,866,435,857,258,908,285,947,351,805,484,802,322,866,348,907,404,750,559,779,447,837,440,878,468
1786208360.792,863,863,947,777,1000,637,992,519,961,435,923,422,920,214,925,89,918,0,855,446,841,270,902,292,947,359,794,497,785,336,859,354,909,412,737,572,767,458,829,448,871,479
1786208360.964,853,853,936,777,997,645,1000,527,969,435,930,419,928,215,932,92,924,0,863,438,854,258,910,287,948,354,803,487,801,325,868,352,910,411,748,562,777,447,839,442,880,474
1786208361.144,851,851,936,773,997,639,1000,518,969,428,928,416,926,213,930,91,924,0,862,434,853,254,910,287,951,361,802,480,801,320,869,346,913,405,746,552,778,436,840,432,882,464
1786208361.339,847,847,931,772,994,640,1000,519,967,427,926,415,924,214,926,92,919,0,859,433,850,256,906,283,948,350,799,480,799,324,866,347,911,401,744,554,776,443,837,435,878,461
1786208361.516,845,845,931,764,993,632,1000,511,969,418,928,413,927,212,930,92,923,0,862,430,853,251,906,278,946,345,802,476,803,318,868,343,911,400,748,547,782,434,843,429,884,458
1786208361.691,847,847,932,765,993,633,1000,513,972,417,928,411,928,212,930,92,923,0,861,429,851,250,901,273,943,339,801,475,801,316,865,342,909,400,747,546,778,432,837,425,878,455
1786208361.863,843,843,927,771,989,640,1000,519,971,423,927,418,928,215,929,93,922,0,863,434,856,256,907,277,947,340,804,479,803,319,868,346,911,403,750,550,779,435,838,431,880,460
1786208362.038,856,856,939,782,1000,637,1000,510,974,417,931,420,930,219,932,93,926,0,865,439,858,262,913,286,955,354,806,486,804,324,871,350,916,411,751,557,782,442,842,437,883,470
1786208362.202,851,851,935,770,995,637,1000,516,971,421,929,412,929,210,932,91,925,0,861,431,853,254,906,286,946,357,801,477,798,319,865,345,912,401,745,548,778,436,839,431,884,459
1786208362.420,851,851,938,768,996,635,1000,515,971,423,926,413,926,210,929,90,923,0,858,432,850,253,905,286,947,358,797,478,794,318,862,343,910,401,742,552,778,439,840,434,884,462
1786208362.594,853,853,940,771,998,637,1000,518,971,424,931,413,931,210,934,91,928,0,863,430,857,249,911,283,953,354,803,476,801,316,868,345,915,404,747,549,782,436,843,430,887,458
1786208362.755,859,859,941,772,1000,639,997,522,964,433,923,409,921,207,927,88,920,0,854,432,843,254,903,289,946,363,794,483,787,325,862,353,912,413,738,560,770,449,834,444,878,473
1786208363.209,845,845,933,771,992,644,1000,527,972,429,933,418,931,215,931,93,921,0,868,434,858,258,908,289,947,359,810,479,808,320,869,350,909,409,756,548,782,433,841,430,884,462
1786208363.413,846,846,932,762,992,637,1000,524,974,425,932,411,931,211,932,92,925,0,866,427,858,250,908,282,949,354,808,471,808,313,870,343,914,403,753,539,783,427,842,425,885,457
1786208363.593,851,851,935,769,994,642,1000,528,972,434,930,410,930,209,934,91,928,0,865,430,854,254,909,294,948,368,806,476,803,319,871,351,916,411,752,547,785,440,845,439,885,467
1786208363.766,849,849,934,772,994,646,1000,532,975,435,930,418,930,212,933,92,926,0,864,436,855,253,910,290,950,366,806,481,805,318,873,351,917,414,750,550,781,435,842,434,884,468
1786208363.940,849,849,934,769,993,643,1000,530,974,431,929,417,930,213,933,93,926,0,863,434,853,251,906,286,948,359,804,477,803,314,869,347,914,411,749,545,782,429,842,429,885,464
1786208364.125,842,842,928,768,990,642,1000,525,973,427,928,420,929,215,930,94,922,0,864,434,859,255,908,283,946,349,806,476,807,316,869,346,911,406,751,543,783,431,841,428,882,459
1786208364.294,846,846,935,773,994,647,1000,532,973,433,934,424,933,217,933,95,923,0,869,440,859,260,909,291,948,362,811,484,811,323,872,353,913,412,756,552,786,437,846,436,890,467
1786208364.471,846,846,933,770,992,642,1000,525,974,424,931,420,931,215,932,93,927,0,865,435,859,251,909,275,951,342,806,478,807,316,870,344,915,403,751,548,782,435,842,430,887,458
1786208364.768,850,850,932,770,995,639,1000,519,972,424,927,412,925,208,932,90,926,0,863,431,853,248,908,285,948,361,804,477,807,317,874,347,918,409,747,547,779,433,839,430,883,462
1786208365.000,854,854,938,769,997,638,1000,521,978,423,931,408,929,204,934,89,928,0,865,429,856,248,912,290,950,365,806,476,806,315,876,351,919,413,751,550,785,441,847,437,888,463
1786208365.215,845,845,931,773,993,643,1000,525,976,430,932,416,930,213,933,93,927,0,867,432,863,252,917,287,957,360,806,478,812,319,877,351,919,408,749,549,782,440,844,435,887,461
1786208365.418,850,850,933,773,994,643,1000,526,975,429,932,417,930,213,935,94,930,0,867,434,863,252,917,287,958,360,808,480,813,320,879,353,922,413,751,551,783,440,846,437,890,465
1786208365.609,846,846,931,771,991,646,1000,530,978,429,933,422,933,216,934,94,927,0,868,437,865,253,914,279,953,348,809,480,813,317,875,346,917,407,753,549,786,436,846,433,888,464
1786208365.783,848,848,934,774,993,647,1000,532,978,431,934,423,934,216,935,95,928,0,868,438,868,255,917,284,957,353,809,483,813,317,876,351,918,415,753,554,785,440,846,437,890,468
1786208365.971,848,848,934,767,992,641,1000,528,980,430,931,417,932,214,934,93,929,0,867,433,864,250,916,279,956,352,808,478,814,318,878,350,920,413,752,548,785,437,845,433,888,464
1786208366.150,845,845,930,769,990,645,1000,532,979,431,930,419,931,215,933,94,928,0,867,435,865,251,915,281,955,352,808,479,813,317,877,351,920,414,751,549,781,435,842,433,887,464
1786208366.329,849,849,932,772,992,645,1000,529,975,430,934,416,934,210,938,91,932,0,869,433,863,255,915,299,953,373,810,478,810,318,877,358,922,421,753,548,784,442,845,439,887,465
1786208366.498,852,852,935,776,993,649,1000,535,978,435,935,420,935,215,938,94,932,0,870,437,868,252,920,290,959,365,810,483,815,319,880,356,924,420,751,554,782,436,844,436,889,468
1786208366.675,845,845,931,776,993,648,1000,534,979,437,931,422,932,216,934,94,926,0,866,438,863,259,912,286,949,352,807,484,810,321,874,351,914,409,750,556,780,443,841,440,884,468
1786208366.851,857,857,937,777,997,645,1000,530,974,437,924,415,923,209,930,90,924,0,858,437,849,254,911,290,955,366,798,487,797,324,873,356,922,420,740,564,768,451,834,446,881,477
1786208367.199,854,854,939,773,995,644,1000,530,983,433,937,420,937,216,939,95,933,0,873,437,869,253,920,286,959,359,814,481,822,323,885,356,926,419,758,550,787,440,849,436,893,465
1786208367.393,851,851,934,767,994,640,1000,523,973,423,927,416,926,212,932,93,926,0,862,434,855,252,910,291,950,368,802,479,807,322,875,357,920,420,745,549,778,438,841,438,886,471
1786208367.555,850,850,934,767,993,640,1000,525,976,427,931,414,931,212,935,93,930,0,866,431,862,249,915,287,955,362,807,476,812,319,878,354,922,417,749,545,782,435,845,434,890,466
1786208367.756,850,850,932,773,991,648,1000,535,976,435,927,419,927,216,931,95,926,0,863,436,861,253,915,290,955,365,803,482,811,319,878,355,920,418,746,553,780,442,845,440,890,470
1786208367.925,847,847,933,770,992,643,1000,531,981,431,932,419,933,215,935,94,930,0,866,435,865,251,918,283,959,355,807,479,812,318,878,354,922,418,750,549,785,439,846,437,890,467
1786208368.108,842,842,929,769,991,644,1000,530,974,436,930,421,931,215,933,95,925,0,866,435,864,256,914,288,952,357,807,478,815,320,878,357,918,418,751,547,784,437,846,440,889,474
1786208368.278,845,845,930,768,990,644,1000,532,980,433,930,419,931,213,935,94,930,0,867,435,867,252,920,289,959,362,808,478,816,320,882,358,924,422,751,547,780,438,843,438,889,468
1786208368.463,845,845,930,765,990,641,1000,528,976,430,929,417,930,211,935,93,931,0,866,433,865,249,918,291,956,367,806,477,814,317,879,358,922,423,748,546,780,439,841,439,887,469
1786208368.630,847,847,931,770,990,644,1000,530,977,431,930,416,932,212,935,93,930,0,867,433,868,249,919,290,957,366,807,478,815,317,881,357,923,423,749,549,779,437,842,437,888,468
1786208368.858,853,853,934,763,991,636,1000,525,982,432,928,406,927,204,934,88,931,0,865,426,865,249,917,286,954,359,806,472,816,319,882,352,925,414,747,543,784,442,845,440,888,466
1786208369.047,840,840,926,762,989,637,1000,523,976,426,931,417,930,212,930,94,924,0,867,433,868,250,919,283,958,355,808,475,817,315,880,351,922,414,751,543,785,437,845,436,888,463
1786208369.223,837,837,923,775,989,649,1000,532,973,439,929,423,929,216,932,95,925,0,865,437,866,254,916,296,952,369,806,484,811,318,876,361,915,423,749,556,779,443,839,442,880,469
1786208369.418,846,846,930,775,990,648,1000,535,982,436,932,424,933,217,935,96,928,0,868,439,869,257,921,290,960,359,809,485,817,320,883,360,924,424,753,556,784,445,847,445,891,477
1786208369.589,847,847,934,766,992,640,1000,530,984,432,933,415,932,213,935,96,929,0,869,432,866,250,920,289,961,364,810,476,818,317,884,356,928,420,753,544,783,435,846,433,892,462
1786208369.764,841,841,932,771,991,648,1000,538,981,441,936,420,935,214,936,95,927,0,873,435,869,258,919,300,955,374,814,479,818,319,880,362,919,427,759,549,789,441,847,443,887,473
1786208369.929,843,843,932,774,991,652,1000,541,979,444,936,422,937,215,938,95,928,0,872,437,870,256,920,294,958,367,813,482,819,319,882,358,923,420,757,553,786,442,847,443,890,473
1786208370.464,838,838,922,772,984,651,1000,538,978,436,926,421,928,215,929,94,923,0,863,435,866,257,916,292,955,362,805,480,814,316,877,359,917,423,750,551,781,438,843,440,887,472
1786208370.668,837,837,923,765,986,646,1000,536,976,436,928,418,929,213,931,94,924,0,865,432,865,252,916,290,955,361,806,475,814,314,878,355,918,418,751,544,783,434,844,436,887,466
1786208370.837,838,838,928,769,989,648,1000,538,979,441,934,420,933,214,935,95,926,0,870,435,864,256,915,296,954,369,812,479,815,317,877,357,917,419,756,548,785,437,843,439,883,468
1786208371.024,840,840,929,769,988,648,1000,538,979,444,938,421,937,216,939,96,930,0,875,434,873,251,921,293,957,371,815,476,819,312,878,349,917,413,760,544,794,436,852,442,890,475
1786208371.188,829,829,920,772,983,651,1000,542,982,444,928,426,928,222,930,98,923,0,864,439,860,259,913,298,953,375,805,483,811,320,871,361,908,426,752,553,784,444,844,447,885,477
1786208371.364,826,826,913,768,976,650,1000,540,980,442,924,424,925,221,928,98,922,0,863,436,863,258,914,299,952,373,805,477,811,315,870,356,908,418,752,545,787,436,844,439,883,466
1786208371.539,836,836,925,771,988,651,1000,541,981,443,931,423,931,216,935,96,928,0,868,437,868,250,921,290,961,365,809,481,815,315,881,352,923,413,753,551,788,442,850,443,892,472
1786208371.729,832,832,921,774,984,655,1000,545,984,445,929,429,929,221,932,98,925,0,866,441,865,256,919,298,957,376,806,484,813,315,877,359,915,426,750,553,785,442,847,448,887,481
1786208371.898,833,833,924,767,984,646,1000,538,983,438,928,422,926,216,930,96,922,0,865,436,865,254,918,299,954,376,807,479,812,312,875,355,912,420,753,549,785,440,845,442,884,470
1786208372.049,831,831,921,769,985,646,1000,535,981,438,926,421,925,216,927,95,920,0,862,436,859,255,913,300,953,376,804,482,807,313,873,362,914,429,750,555,784,441,846,446,887,478
1786208372.209,843,843,926,767,988,642,1000,526,978,427,925,413,926,210,931,93,927,0,861,430,858,245,914,290,954,365,802,474,807,314,878,357,924,422,745,543,777,436,843,436,892,465
1786208372.389,836,836,923,762,985,640,1000,530,979,434,926,413,926,209,929,92,925,0,862,426,866,245,922,285,962,359,803,469,813,309,881,352,925,419,748,539,784,434,848,434,893,463
1786208372.556,846,846,931,769,991,642,1000,528,981,429,934,414,934,210,938,93,934,0,869,430,867,242,922,289,961,368,809,474,817,313,886,357,929,423,751,543,784,438,848,437,892,464
1786208372.745,843,843,929,766,990,641,1000,528,980,431,929,416,929,211,933,94,930,0,865,430,867,245,921,286,961,361,805,474,814,311,882,354,925,420,748,544,783,440,846,438,892,464
1786208372.924,837,837,921,770,984,648,1000,535,980,435,930,419,931,212,933,94,929,0,866,432,870,251,921,289,960,361,807,475,815,311,879,356,921,422,751,544,784,435,845,437,889,467
1786208373.096,842,842,929,762,990,636,1000,523,978,430,930,407,930,205,935,90,931,0,867,425,859,245,914,289,953,363,808,469,813,312,882,352,925,413,752,537,788,434,849,435,891,461
1786208373.271,839,839,927,755,987,633,1000,523,976,433,928,410,928,210,934,94,931,0,865,426,863,249,920,289,961,363,807,469,816,312,883,349,926,411,754,536,790,431,853,431,896,461
1786208373.454,837,837,925,756,986,634,1000,525,977,434,926,407,925,209,933,93,931,0,863,424,859,247,918,289,960,364,806,467,814,310,883,348,926,412,753,535,790,429,852,430,894,462
1786208373.627,834,834,923,756,985,637,1000,530,978,436,927,414,928,210,932,93,927,0,863,428,864,245,918,283,957,355,805,470,813,308,879,348,920,412,751,538,787,430,850,432,893,463
1786208373.799,834,834,923,755,985,635,1000,526,975,438,924,412,924,211,928,94,923,0,860,427,861,248,917,288,957,362,802,470,813,312,880,350,922,414,748,538,787,430,851,435,894,470
1786208373.983,834,834,922,760,984,642,1000,536,974,444,926,414,927,211,932,94,925,0,862,428,863,248,917,289,954,361,804,473,812,311,878,354,918,417,750,543,786,433,849,439,892,473
1786208374.165,833,833,922,754,985,635,1000,527,976,431,925,410,926,208,930,93,925,0,862,424,864,247,918,289,956,362,804,466,813,308,877,350,918,414,751,534,787,430,850,433,893,465
1786208374.349,835,835,923,749,985,631,1000,526,976,433,922,402,923,205,930,91,927,0,861,419,861,247,917,290,958,364,805,463,816,313,884,351,926,414,752,532,790,430,851,431,893,462
1786208374.524,837,837,925,753,987,634,1000,527,976,434,927,407,927,207,932,92,929,0,864,422,867,246,921,289,961,364,806,465,817,310,884,350,928,414,752,533,791,432,854,433,900,463
1786208374.699,835,835,921,753,984,633,1000,524,976,428,923,407,925,208,932,92,929,0,861,423,860,243,917,286,956,362,804,466,814,310,883,349,927,413,749,534,787,429,849,430,893,459
1786208374.879,837,837,926,757,985,639,1000,533,983,432,929,414,931,212,936,95,931,0,866,430,866,253,918,297,957,374,809,472,821,316,884,356,925,421,755,538,793,430,853,431,897,462
1786208375.063,837,837,926,756,985,638,1000,532,981,434,930,414,931,212,935,95,930,0,867,429,867,251,917,295,956,370,810,471,819,313,881,353,922,418,755,536,792,429,852,431,895,461
1786208375.226,832,832,919,753,983,638,1000,530,977,433,925,411,926,209,930,94,925,0,862,423,867,246,917,291,954,365,804,464,816,306,877,349,917,413,750,531,789,427,850,432,894,464
1786208375.413,835,835,923,749,984,632,1000,527,977,433,923,400,923,204,929,90,924,0,861,418,858,246,915,294,954,369,804,463,811,310,881,352,923,418,752,531,789,428,850,430,891,462
1786208375.589,835,835,925,751,985,632,1000,524,980,425,928,403,928,206,933,92,930,0,865,420,864,246,917,290,957,365,809,462,819,310,885,351,927,415,756,529,794,426,855,427,898,457
1786208375.797,840,840,927,749,987,628,1000,521,977,426,925,400,924,203,931,90,928,0,865,420,860,246,917,289,956,361,809,464,815,311,884,351,926,414,756,533,790,428,851,430,893,460
1786208375.941,839,839,930,758,988,636,1000,527,982,428,933,411,933,210,938,93,934,0,869,428,867,251,919,295,959,370,812,469,823,315,887,355,929,418,758,533,796,428,857,433,898,466
1786208376.127,836,836,923,756,985,634,1000,526,979,433,925,404,926,206,933,91,931,0,863,422,865,244,922,290,961,367,806,466,815,308,884,350,926,416,752,535,788,428,850,431,890,464
1786208376.311,826,826,913,777,982,652,1000,538,977,441,921,429,924,220,927,94,921,0,857,444,863,267,920,308,960,381,798,489,804,318,875,364,919,428,742,561,774,443,840,447,884,478
1786208376.492,823,823,910,781,979,658,1000,547,981,451,918,429,921,226,924,97,921,0,852,443,857,258,917,306,956,389,793,489,799,317,872,364,914,431,738,564,765,444,832,448,875,481
1786208376.668,831,831,920,768,982,648,1000,537,984,438,929,424,930,218,934,97,928,0,866,437,866,257,919,303,955,380,807,481,812,313,876,360,914,427,752,552,783,442,842,444,881,473
1786208376.860,824,824,916,766,981,646,1000,535,982,438,930,420,928,219,929,97,922,0,866,432,865,257,915,303,952,378,808,473,812,313,871,357,908,420,754,539,788,432,842,438,878,467
1786208377.015,829,829,920,766,981,645,1000,537,982,441,927,418,926,217,928,96,922,0,864,432,865,259,916,305,954,383,805,476,813,318,873,362,911,428,752,547,786,441,844,445,883,476
1786208377.198,826,826,915,765,977,650,1000,546,986,448,927,426,928,218,930,97,923,0,865,439,867,262,918,308,954,384,808,480,811,314,871,359,908,425,754,547,785,438,842,440,881,468
1786208377.365,827,827,916,771,978,656,1000,551,986,453,929,426,929,220,931,97,923,0,867,439,867,263,918,311,954,388,809,481,812,316,871,364,908,430,756,548,787,439,844,446,880,476
1786208377.548,831,831,919,765,980,651,1000,546,986,446,930,419,930,215,934,96,928,0,867,432,872,255,921,304,953,381,809,475,817,310,876,357,911,424,754,544,792,438,851,446,889,481
1786208377.731,833,833,922,768,981,653,1000,550,985,448,928,421,929,216,934,97,927,0,865,435,869,260,920,307,955,384,807,479,816,317,878,361,916,427,754,549,789,441,850,446,891,480
1786208377.922,831,831,920,769,979,653,1000,548,986,447,925,421,926,218,931,97,923,0,863,436,864,263,918,308,955,384,806,480,814,321,876,362,914,426,753,549,787,442,848,448,888,480
1786208378.093,830,830,919,770,980,655,1000,551,984,451,925,423,926,219,930,97,923,0,863,437,865,265,918,311,955,388,806,480,814,320,877,363,914,428,753,549,787,442,848,448,888,482
1786208378.270,824,824,913,773,977,658,1000,554,983,458,927,426,927,224,928,99,922,0,863,436,867,267,917,314,953,389,805,478,811,320,868,370,905,439,752,547,784,440,840,448,879,480
1786208378.441,828,828,918,769,979,656,1000,555,988,456,927,421,927,220,931,97,925,0,865,435,866,267,920,308,959,385,808,477,815,325,877,365,915,429,756,545,790,441,850,446,891,478
1786208378.622,818,818,906,770,972,657,1000,555,988,458,919,423,919,223,922,98,917,0,856,434,859,268,912,312,950,385,800,475,805,318,867,364,906,430,749,543,780,434,838,440,878,473
1786208378.801,824,824,913,767,976,652,1000,551,989,454,922,421,923,220,927,97,921,0,860,436,865,267,921,310,962,386,803,478,814,323,877,367,916,434,752,546,787,439,848,446,887,480
1786208378.978,825,825,915,767,978,650,1000,547,986,450,925,424,925,220,930,97,924,0,864,437,869,267,925,309,965,384,807,478,818,321,880,364,917,430,755,545,790,437,851,446,890,482
1786208379.167,824,824,911,771,975,654,1000,550,986,454,924,427,924,223,928,99,924,0,863,439,868,269,923,312,962,387,806,480,818,323,877,367,914,433,754,546,790,439,849,447,887,481
1786208379.337,822,822,908,774,974,659,1000,555,987,457,920,424,920,224,924,99,919,0,857,436,861,269,915,314,954,387,801,478,808,321,871,370,910,436,750,547,782,438,841,444,882,476
1786208379.518,822,822,909,773,974,656,1000,551,987,455,921,425,922,224,924,98,919,0,858,435,864,271,916,317,953,389,801,476,810,319,870,370,908,439,750,545,786,440,844,448,883,481
1786208379.699,824,824,912,776,977,661,1000,560,986,464,923,429,924,225,927,99,922,0,860,440,864,272,919,320,957,397,802,483,811,324,873,374,911,442,750,552,784,443,843,451,882,484
1786208379.871,826,826,914,778,978,662,1000,559,987,461,924,431,924,227,926,100,922,0,860,442,864,271,917,317,955,391,803,483,811,322,872,372,910,441,751,552,787,445,846,454,885,488
1786208380.048,821,821,905,779,973,663,1000,559,988,462,917,431,918,229,922,100,918,0,853,441,859,270,918,322,958,399,798,483,807,323,874,374,914,441,749,554,781,443,843,452,885,485
1786208380.229,822,822,907,781,973,667,1000,564,987,468,919,432,922,229,925,99,921,0,855,442,864,271,922,324,961,402,798,484,810,324,876,376,915,445,748,555,782,445,845,453,886,485
1786208380.405,820,820,906,776,972,663,1000,560,988,464,918,429,919,227,922,99,918,0,856,439,862,271,919,320,958,396,799,481,808,323,874,372,914,438,749,550,781,442,842,450,883,483
1786208380.592,823,823,909,776,976,662,1000,559,990,463,922,426,923,223,926,98,921,0,859,437,864,269,920,317,958,393,803,479,810,323,875,371,914,436,752,549,785,441,845,450,885,484
1786208380.778,820,820,905,776,974,660,1000,553,984,460,917,428,921,224,927,97,922,0,855,439,860,267,921,316,961,394,799,482,807,322,876,371,915,437,749,552,779,443,842,452,882,487
1786208380.934,820,820,908,773,975,658,1000,554,987,461,921,426,924,221,930,97,925,0,858,438,864,267,923,320,961,399,801,480,813,323,878,375,914,442,750,549,785,443,845,452,882,485
1786208381.111,822,822,909,774,975,658,1000,554,989,459,922,425,925,221,929,97,924,0,859,438,865,268,922,323,960,402,803,480,813,323,877,375,913,442,752,549,786,442,846,451,883,485
1786208381.288,819,819,905,775,974,657,1000,550,986,456,920,426,923,223,928,97,923,0,858,437,862,266,922,317,961,395,803,479,811,321,877,370,915,436,753,548,783,438,843,447,882,481
1786208381.468,824,824,913,765,977,653,1000,552,985,459,924,422,926,216,930,96,925,0,863,434,870,263,926,310,964,386,806,476,818,316,881,362,919,428,753,545,790,442,852,450,889,484
1786208381.642,819,819,908,771,976,654,1000,548,987,453,921,423,923,220,927,97,922,0,859,435,865,265,922,318,960,396,802,477,814,321,878,373,915,440,751,546,787,441,848,452,886,485
1786208381.841,825,825,914,771,979,652,1000,547,987,452,925,421,926,220,931,98,925,0,863,434,869,265,926,313,965,390,806,476,819,322,883,371,921,438,755,545,793,440,854,452,892,488
1786208382.014,823,823,913,774,980,660,1000,555,985,461,924,425,927,221,932,97,927,0,861,437,868,269,926,320,963,397,804,480,817,324,882,375,919,442,752,550,791,445,853,457,891,491
1786208382.187,817,817,906,775,974,662,1000,559,989,463,918,427,921,227,923,99,918,0,854,437,862,271,916,318,953,392,796,480,808,324,872,374,911,441,745,551,779,445,839,453,880,484
1786208382.358,824,824,913,771,977,656,1000,551,988,454,925,426,927,220,930,97,924,0,863,439,870,268,925,316,963,393,805,481,817,323,881,371,919,436,752,548,790,443,851,453,888,487
1786208382.535,823,823,911,773,976,658,1000,556,988,460,923,424,925,222,929,98,924,0,861,436,867,270,920,316,958,391,804,478,816,324,875,374,912,441,752,546,789,442,848,453,887,486
1786208382.715,826,826,913,777,978,663,1000,561,987,464,924,427,926,225,930,99,927,0,860,438,867,273,921,323,958,399,803,482,815,328,876,382,912,452,752,552,788,448,848,457,886,491
1786208382.888,823,823,911,776,978,660,1000,556,987,461,924,423,925,222,928,97,923,0,861,435,866,269,919,319,955,396,803,478,815,324,876,374,912,441,752,548,789,444,847,453,885,486
1786208383.093,820,820,907,774,975,658,1000,555,990,459,922,425,923,225,926,99,921,0,858,436,863,267,916,316,954,393,802,478,811,321,872,370,909,437,751,547,785,439,843,449,881,482
1786208383.253,823,823,910,776,976,662,1000,559,989,463,923,427,925,224,929,98,924,0,861,439,864,268,921,319,958,396,805,481,813,323,877,372,915,438,754,550,786,440,846,450,885,485
1786208383.435,822,822,909,775,975,662,1000,558,988,461,923,427,925,223,929,98,923,0,860,437,864,266,921,317,959,394,804,478,812,320,876,370,914,436,753,546,787,438,846,449,885,484
1786208383.621,821,821,912,767,976,651,1000,546,986,449,922,420,920,219,922,97,915,0,860,432,865,261,920,307,958,382,804,474,814,316,877,363,914,428,752,542,791,438,852,450,890,485
1786208383.782,823,823,913,767,978,654,1000,549,985,457,923,421,922,216,925,95,917,0,861,433,868,258,926,303,964,379,804,475,816,315,883,363,921,429,751,543,789,440,853,451,892,487
1786208383.956,824,824,915,769,979,656,1000,554,987,461,927,421,926,217,929,96,922,0,865,433,873,262,928,309,965,385,808,475,821,316,884,365,920,432,755,543,793,440,854,452,891,487
1786208384.110,822,822,914,769,979,654,1000,552,987,458,925,425,925,220,928,97,922,0,863,437,872,265,927,312,964,388,806,478,820,318,883,367,919,433,753,546,791,442,852,454,891,489
1786208384.264,822,822,911,769,976,655,1000,555,989,461,923,422,924,220,928,97,923,0,860,436,868,268,927,319,965,395,804,479,817,324,883,374,920,439,753,547,791,443,854,455,892,489
1786208384.438,818,818,907,767,974,651,1000,547,989,452,920,421,922,218,926,96,920,0,858,433,866,266,924,319,962,394,802,474,815,318,880,370,918,436,751,542,789,437,851,448,889,482
1786208384.616,821,821,910,765,975,648,1000,544,988,449,922,419,922,218,925,96,919,0,861,431,867,262,924,309,963,384,805,473,818,317,881,365,918,431,753,540,792,438,853,450,891,484
1786208384.797,822,822,911,769,976,652,1000,546,987,453,923,423,924,219,928,97,922,0,862,435,869,263,926,310,964,386,806,476,818,317,882,366,919,432,754,543,791,439,853,451,892,486
1786208384.970,818,818,907,768,976,651,1000,544,985,452,919,422,921,218,925,96,919,0,857,435,866,263,924,312,962,388,800,478,814,320,881,371,919,437,749,545,787,439,850,452,888,490
1786208385.163,822,822,911,767,977,653,1000,549,986,455,923,422,924,217,927,96,921,0,862,434,871,262,926,309,964,385,804,476,819,316,883,365,920,432,751,544,791,441,852,452,890,486
1786208385.331,826,826,916,764,979,651,1000,548,987,454,926,418,928,215,934,96,928,0,866,432,871,262,924,307,960,383,810,473,826,321,889,365,925,429,758,538,799,434,860,445,898,482
1786208385.525,825,825,914,765,977,652,1000,550,988,456,925,421,927,216,933,96,928,0,864,433,872,260,928,306,966,382,808,474,823,316,888,363,925,429,755,541,796,437,858,448,896,484
1786208385.690,821,821,910,766,975,652,1000,549,987,454,924,421,925,218,929,97,923,0,863,433,871,262,925,313,962,390,806,475,820,317,883,368,920,435,754,542,793,439,854,451,892,484
1786208385.862,820,820,909,767,974,655,1000,554,988,460,923,417,924,218,928,97,923,0,861,429,866,263,922,317,958,395,805,471,817,319,880,373,916,441,754,540,793,440,854,454,891,489
1786208386.038,819,819,909,768,976,652,1000,547,987,452,922,421,924,220,929,97,924,0,860,434,865,265,923,315,961,392,804,476,816,321,881,373,917,439,753,544,790,441,851,453,889,488
1786208386.183,821,821,910,768,976,653,1000,550,987,456,922,423,925,220,930,97,926,0,861,435,870,266,926,317,963,394,805,477,819,322,883,373,919,439,753,545,792,442,854,455,892,490
1786208386.340,819,819,908,765,973,651,1000,549,989,456,922,422,924,219,929,97,925,0,861,434,869,262,927,313,966,391,804,475,818,319,883,371,920,438,752,543,792,440,853,455,890,491
1786208386.535,821,821,911,771,976,656,1000,555,989,462,924,422,925,221,930,98,925,0,862,435,867,266,925,313,964,389,806,477,820,323,884,371,920,437,755,545,792,441,854,454,891,490
1786208386.694,821,821,913,766,977,656,1000,557,988,461,925,421,925,220,931,98,925,0,863,434,865,268,920,313,959,389,807,475,820,326,883,371,920,435,756,542,794,441,855,451,893,487
1786208386.875,821,821,912,770,978,654,1000,551,987,458,924,425,926,221,931,98,926,0,862,437,869,267,926,316,963,394,805,479,820,322,884,370,920,436,753,547,792,445,854,458,891,493
1786208387.054,823,823,913,765,977,652,1000,551,987,459,921,419,921,219,927,98,924,0,861,433,863,270,922,316,964,392,805,475,818,330,883,377,923,442,755,541,794,441,856,453,896,488
1786208387.222,817,817,906,765,973,652,1000,552,989,458,914,421,917,222,924,98,923,0,852,434,861,272,921,318,962,393,797,475,813,329,880,377,920,444,749,542,788,441,852,453,893,488
1786208387.414,818,818,908,766,974,654,1000,554,986,460,918,420,920,221,927,98,925,0,857,433,863,270,922,316,964,393,801,476,814,328,881,375,921,441,752,544,789,443,853,453,895,488
1786208387.598,818,818,907,770,975,655,1000,553,987,459,916,425,918,224,925,100,923,0,853,438,862,269,923,321,962,399,798,480,813,328,879,382,916,451,749,549,787,445,852,458,893,495
1786208387.768,819,819,909,762,973,652,1000,555,989,462,916,421,919,220,926,98,923,0,855,434,860,270,921,316,963,393,800,476,815,330,883,375,922,440,751,544,789,443,854,454,894,490
1786208387.940,817,817,907,766,973,653,1000,552,987,460,916,418,920,219,926,97,921,0,854,430,864,266,922,315,962,392,798,474,815,326,882,377,921,443,748,544,787,446,853,459,894,493
1786208388.084,821,821,910,765,975,657,1000,559,989,465,921,420,924,219,930,97,926,0,860,433,866,268,925,314,965,391,805,474,822,328,888,373,926,437,754,541,796,442,859,454,898,492
1786208388.253,822,822,912,763,974,653,1000,555,990,461,919,420,921,220,928,98,924,0,859,434,864,273,922,316,964,390,804,476,819,330,884,373,925,437,754,542,793,442,856,455,897,491
1786208388.424,817,817,905,772,974,656,1000,554,990,461,915,423,918,223,924,97,921,0,852,433,863,268,925,323,964,402,796,475,814,321,882,378,919,448,746,544,788,443,854,458,893,495
1786208388.600,819,819,907,770,973,656,1000,559,991,467,914,426,917,225,926,100,925,0,853,439,863,275,926,323,968,401,798,481,815,332,884,382,923,449,749,548,786,446,852,458,893,494
1786208388.773,819,819,909,769,974,657,1000,557,987,465,918,424,920,222,927,99,925,0,856,436,864,274,923,321,965,399,801,478,815,330,881,378,921,446,751,546,787,446,851,456,894,491
1786208388.968,815,815,904,772,975,656,1000,551,988,457,916,428,921,221,928,97,925,0,854,439,865,265,926,315,964,394,798,480,815,321,885,375,922,444,746,549,784,444,852,457,893,496
1786208389.136,817,817,908,765,975,649,1000,547,988,455,917,422,920,221,926,98,923,0,856,435,863,266,922,313,962,389,800,476,816,324,883,373,920,438,749,544,787,443,851,456,890,491
1786208389.304,818,818,908,768,975,652,1000,550,989,457,918,422,921,222,928,98,925,0,856,434,865,266,925,316,964,392,800,476,818,325,884,376,922,442,750,545,789,445,853,458,892,494
1786208389.500,821,821,910,766,976,655,1000,554,989,459,921,422,923,220,930,98,925,0,859,434,865,267,925,313,965,390,803,476,820,328,888,375,926,440,752,543,792,444,856,456,895,494
1786208389.680,818,818,908,766,975,652,1000,549,987,455,919,424,923,221,929,98,924,0,858,437,864,267,923,313,962,389,802,479,817,325,883,373,922,438,751,547,787,446,852,457,894,492
1786208389.853,818,818,908,766,974,651,1000,550,989,457,916,422,920,222,927,98,924,0,855,435,862,271,922,319,962,396,800,478,816,331,883,380,922,445,751,546,787,446,851,459,891,494
1786208390.031,825,825,914,763,976,654,1000,556,989,460,923,421,927,217,934,97,929,0,862,434,867,264,926,312,966,389,807,475,822,326,888,372,927,438,756,541,796,440,859,453,898,492
1786208390.202,821,821,912,761,974,651,1000,554,990,461,918,416,921,218,929,97,925,0,858,431,863,271,923,317,963,393,803,473,818,330,885,374,924,437,753,539,793,441,856,454,896,491
1786208390.350,818,818,908,766,973,655,1000,558,989,466,916,423,919,222,928,99,927,0,856,437,864,272,925,320,967,397,801,479,816,331,884,378,924,443,751,546,786,444,851,455,893,490
1786208390.509,815,815,906,767,973,652,1000,551,988,459,915,423,918,221,927,98,924,0,855,437,862,268,924,318,963,397,799,479,815,327,884,377,921,444,749,546,786,442,851,456,892,494
1786208390.695,818,818,908,767,975,651,1000,551,987,460,918,421,921,221,928,98,926,0,857,435,865,269,925,319,965,396,801,478,816,327,883,376,921,443,750,546,787,444,851,457,891,493
1786208390.868,825,825,914,765,976,653,1000,553,989,459,922,425,925,220,933,98,929,0,861,438,868,267,928,312,967,388,805,479,822,323,890,368,928,434,753,545,795,441,860,456,899,497
1786208391.036,822,822,912,763,974,653,1000,556,991,463,920,421,924,220,932,98,927,0,860,434,865,272,924,318,965,394,805,476,821,330,887,373,927,437,755,542,795,442,858,455,898,492
1786208391.182,821,821,911,768,977,655,1000,554,987,464,919,424,922,223,931,99,930,0,857,437,863,272,923,323,963,402,802,479,817,333,884,382,922,449,753,547,789,448,854,459,896,494
1786208391.333,822,822,912,762,975,652,1000,557,990,464,919,419,923,219,930,97,927,0,858,433,865,273,924,319,965,394,802,474,821,331,887,374,927,437,753,541,796,444,859,457,898,494
1786208391.522,821,821,912,761,977,653,1000,552,989,459,924,422,928,218,935,97,932,0,863,433,871,264,928,309,965,383,807,471,826,319,892,367,928,434,755,535,801,437,865,452,902,491
1786208391.687,821,821,912,760,975,650,1000,550,989,459,922,417,926,216,934,96,930,0,861,429,867,265,925,316,964,395,806,470,822,324,888,373,926,439,755,535,797,440,860,453,899,488
1786208391.862,824,824,913,764,975,658,1000,562,992,467,924,421,928,218,935,97,931,0,863,433,869,266,926,316,965,395,807,474,824,326,889,374,927,441,756,538,799,440,861,457,900,498
1786208392.043,824,824,912,762,974,654,1000,557,990,463,921,417,924,215,932,97,928,0,860,432,865,267,925,315,965,392,805,473,822,327,890,374,929,439,756,538,798,438,861,453,900,492
1786208392.212,822,822,913,763,976,655,1000,557,990,465,923,419,926,218,933,97,929,0,862,431,867,265,924,315,965,393,806,472,822,326,887,375,925,441,756,537,797,439,860,455,899,493
1786208392.414,820,820,911,762,975,654,1000,558,990,465,920,421,923,219,930,97,926,0,859,434,864,268,923,314,965,391,803,475,820,329,887,374,926,440,752,540,794,441,857,455,897,493
1786208392.587,818,818,910,761,975,650,1000,552,988,459,920,419,923,218,930,97,925,0,859,432,863,266,923,312,963,388,803,474,819,326,886,373,924,438,752,541,792,442,855,454,895,491
1786208392.760,818,818,910,764,976,652,1000,551,986,458,919,420,923,219,929,97,924,0,858,433,864,268,922,316,961,392,802,474,818,323,883,371,920,436,751,541,791,442,853,456,893,494
1786208392.940,822,822,912,765,977,657,1000,558,988,464,924,420,927,218,934,97,930,0,863,432,869,266,926,315,964,394,807,472,824,324,889,371,926,437,755,536,799,438,861,454,899,493
1786208393.124,822,822,911,763,975,653,1000,553,987,461,921,419,925,217,932,97,928,0,860,432,866,265,924,316,963,396,805,473,822,325,887,374,924,440,754,538,797,439,859,454,897,492
1786208393.293,823,823,912,763,975,655,1000,557,989,463,923,419,925,218,933,98,930,0,862,432,868,268,925,319,964,397,806,473,822,326,886,374,924,440,755,538,797,440,858,455,897,493
1786208393.474,822,822,911,760,974,651,1000,556,988,463,918,413,922,215,930,97,928,0,858,428,865,266,923,320,963,398,803,470,820,327,886,379,925,447,754,538,797,440,860,455,900,493
1786208393.642,822,822,911,762,974,654,1000,558,989,466,921,418,924,218,931,98,929,0,860,432,866,270,925,322,965,400,805,474,821,330,886,379,924,444,755,540,795,442,857,457,896,494
1786208393.828,819,819,911,763,974,653,1000,557,991,466,918,421,923,221,932,99,929,0,858,435,864,273,924,321,966,397,803,477,819,332,886,377,926,441,754,543,791,444,855,457,897,493
1786208394.005,817,817,908,765,974,653,1000,553,989,461,918,422,922,221,930,99,928,0,858,434,864,269,923,319,963,395,802,476,819,328,885,378,923,442,751,543,789,443,854,457,895,493
1786208394.181,819,819,909,766,974,657,1000,559,992,465,921,424,926,221,934,98,930,0,860,436,868,268,928,315,969,392,804,476,823,327,892,375,930,440,753,541,796,442,860,457,899,497
1786208394.388,819,819,909,765,973,657,1000,561,994,469,920,425,926,222,934,99,932,0,860,437,868,271,927,321,967,400,805,477,821,330,888,381,926,448,754,542,795,444,859,458,897,495
1786208394.557,818,818,908,761,974,653,1000,556,992,464,919,419,927,218,935,97,932,0,859,431,868,269,926,320,965,397,804,472,824,327,890,379,928,446,756,537,800,440,863,456,901,494
1786208394.710,821,821,911,767,975,659,1000,564,993,472,922,425,926,221,934,99,932,0,862,439,871,276,930,326,970,405,807,481,825,335,890,384,928,451,757,545,798,446,861,460,899,496
1786208394.895,819,819,907,766,974,658,1000,560,991,468,919,424,925,222,933,99,930,0,859,436,868,272,927,322,966,400,804,476,822,330,888,379,926,446,753,541,795,443,858,458,896,495
1786208395.088,820,820,909,764,975,654,1000,555,990,464,920,420,927,219,935,97,933,0,860,431,869,266,927,318,967,397,804,473,824,325,890,376,927,443,755,539,799,441,862,456,901,494
1786208395.253,822,822,911,767,975,660,1000,565,992,472,922,424,926,222,935,99,932,0,861,437,868,272,926,321,967,399,806,478,822,330,888,378,926,443,755,544,795,446,858,460,898,496
1786208395.429,820,820,910,768,973,659,1000,563,994,469,918,424,924,223,932,100,932,0,858,437,868,274,927,324,969,402,803,479,820,333,887,386,927,454,752,545,792,447,857,462,898,499
1786208395.606,818,818,907,764,971,656,1000,561,992,468,915,422,920,221,929,99,928,0,855,435,865,276,925,327,966,404,800,477,817,332,884,385,924,454,751,545,789,447,854,461,896,499
1786208395.781,816,816,906,762,971,651,1000,555,992,461,916,420,921,219,929,98,929,0,855,433,865,269,924,323,964,402,800,475,817,326,883,380,920,451,750,542,789,444,854,459,895,497
1786208395.926,816,816,905,764,970,655,1000,559,991,467,915,421,920,221,928,99,927,0,855,434,863,270,922,325,963,404,800,477,816,327,882,384,920,455,750,544,789,445,854,460,894,498
1786208396.094,818,818,907,763,972,655,1000,560,991,466,918,418,921,219,930,99,929,0,857,431,865,272,924,326,964,404,802,472,820,331,885,385,923,454,753,538,792,441,855,458,895,497
1786208396.270,819,819,909,761,973,653,1000,558,991,464,919,419,924,219,931,98,930,0,860,432,867,272,925,324,966,401,806,473,822,330,887,384,926,452,757,538,797,441,859,457,898,495
1786208396.438,821,821,911,769,975,660,1000,564,992,470,919,424,924,224,933,100,932,0,858,437,864,273,924,323,965,400,803,478,819,333,886,383,925,449,754,545,792,447,857,461,897,498
1786208396.625,818,818,908,763,973,653,1000,557,992,465,917,419,923,221,932,99,931,0,857,432,864,272,924,322,965,399,802,473,820,331,886,379,926,444,754,540,794,444,857,458,898,494
1786208396.790,821,821,911,765,974,656,1000,560,995,467,920,420,927,220,935,98,934,0,860,432,867,270,927,324,967,403,805,474,823,331,889,384,928,451,757,540,798,443,861,459,900,497
1786208396.963,819,819,907,766,973,655,1000,556,993,462,919,421,926,221,935,99,932,0,858,432,868,270,929,318,970,395,803,473,824,329,891,378,930,444,753,540,795,442,859,458,898,498
1786208397.166,821,821,910,764,975,653,1000,554,992,460,920,420,926,219,935,98,933,0,859,432,867,269,926,319,968,396,803,472,823,329,890,380,929,446,754,537,797,441,860,458,899,497
1786208397.341,819,819,908,761,973,651,1000,553,991,460,918,420,924,219,933,98,931,0,858,434,866,272,927,323,969,401,804,475,822,331,889,382,929,448,756,540,795,440,859,455,898,495
1786208397.538,820,820,909,761,973,651,1000,556,995,462,919,417,924,216,932,97,930,0,859,431,866,268,928,323,968,402,804,473,822,329,890,381,930,449,755,538,797,440,861,456,901,495
1786208397.696,819,819,907,759,971,651,1000,559,994,468,917,417,924,217,932,98,931,0,858,430,869,268,930,325,971,406,804,471,823,326,891,381,931,450,756,536,798,440,862,454,901,491
1786208397.871,820,820,908,763,973,653,1000,555,996,460,920,423,928,220,937,98,935,0,860,435,870,268,930,317,970,395,806,474,826,325,893,376,931,443,756,538,799,439,863,455,901,494
1786208398.052,822,822,909,762,973,653,1000,559,995,466,919,418,926,217,936,98,934,0,859,432,869,269,931,325,971,405,804,473,824,328,893,383,931,451,755,538,798,442,863,458,902,496
1786208398.220,820,820,908,766,972,658,1000,560,994,466,920,427,926,221,935,99,932,0,860,439,868,270,930,319,971,398,804,479,823,327,892,378,930,446,754,544,796,443,860,460,899,501
1786208398.415,817,817,906,763,972,651,1000,552,995,461,919,421,927,220,937,98,936,0,859,432,870,270,929,322,969,401,804,472,825,327,891,378,928,445,754,536,798,441,862,457,900,495
1786208398.593,819,819,908,759,973,650,1000,554,998,461,919,418,930,216,940,96,941,0,859,430,875,271,936,320,975,397,805,469,830,327,899,379,937,446,755,531,803,436,868,453,907,493
1786208398.759,816,816,906,760,973,649,1000,548,995,454,917,419,928,218,938,97,939,0,857,429,871,266,931,317,970,396,802,469,826,326,895,378,932,447,753,534,798,438,863,454,902,493
1786208398.962,816,816,905,764,973,653,1000,554,993,461,917,423,925,221,935,98,933,0,857,434,868,270,929,319,969,397,802,474,823,328,891,380,929,448,752,541,794,442,859,459,898,499
1786208399.122,819,819,908,759,973,650,1000,553,995,459,919,416,928,217,938,98,936,0,859,429,868,269,927,320,968,398,805,470,825,329,892,380,931,447,756,535,800,438,863,456,901,497
1786208399.300,822,822,911,762,975,650,1000,553,996,459,922,420,932,219,941,98,940,0,862,433,870,269,929,319,970,396,807,472,826,328,893,379,932,446,758,535,800,437,863,455,903,496
1786208399.463,822,822,911,761,974,649,1000,553,997,459,923,417,931,215,940,97,939,0,863,431,874,267,935,322,974,402,808,470,828,325,897,378,935,446,758,533,801,435,865,452,904,493
1786208399.648,820,820,909,763,973,652,1000,554,997,461,922,420,930,218,940,98,938,0,862,432,871,268,932,322,972,401,808,472,827,327,894,379,932,446,758,535,800,439,864,455,902,494
1786208399.833,819,819,909,761,974,651,1000,554,1000,463,923,418,932,217,942,97,942,0,862,430,875,268,936,321,976,399,807,470,827,325,896,377,935,445,758,533,802,438,866,454,905,492
1786208400.008,821,821,910,762,975,652,1000,556,997,464,922,417,931,217,941,98,939,0,862,429,872,269,931,327,970,408,807,471,827,328,894,384,932,452,758,536,800,441,864,458,903,496
1786208400.183,819,819,907,762,971,655,1000,561,999,469,918,421,928,220,938,98,939,0,858,434,871,272,935,326,976,405,804,474,824,329,895,385,934,455,755,539,797,441,862,459,902,498
1786208400.355,818,818,906,762,971,651,1000,552,999,460,918,421,929,219,939,97,940,0,859,432,873,267,935,320,976,399,805,471,824,325,894,382,934,453,755,535,798,438,863,454,903,492
1786208400.535,817,817,905,759,970,649,1000,552,998,457,919,420,930,217,939,97,940,0,860,431,875,267,934,322,974,401,806,470,827,324,896,381,935,451,756,534,801,438,865,453,905,489
1786208400.683,817,817,905,761,971,650,1000,554,999,461,917,420,928,218,937,97,937,0,858,432,872,266,934,322,974,403,804,473,823,325,894,383,933,455,755,538,796,439,862,455,902,493
1786208400.839,817,817,906,755,971,646,1000,551,997,458,917,415,928,214,937,96,937,0,858,428,873,267,932,324,971,404,805,469,826,325,894,384,933,456,755,533,799,436,863,454,901,493
1786208401.020,817,817,906,760,970,649,1000,552,1000,459,919,420,929,218,938,97,938,0,860,431,873,266,934,320,974,401,805,471,825,323,894,381,932,452,756,537,798,439,863,455,901,494
1786208401.207,817,817,907,757,971,648,999,556,1000,464,918,414,927,215,936,96,936,0,858,428,872,268,933,328,971,409,804,469,825,324,894,381,932,451,756,536,798,439,863,454,903,491
1786208401.369,817,817,907,755,972,646,1000,552,997,461,918,414,929,214,937,96,937,0,860,426,874,265,934,323,973,404,806,467,827,323,895,381,933,451,757,532,800,437,864,453,903,490
1786208401.541,818,818,908,760,973,648,1000,554,1000,463,919,418,927,218,935,98,935,0,860,432,872,269,932,325,972,405,806,474,825,326,893,383,931,455,757,540,797,441,862,456,902,493
1786208401.717,819,819,907,758,972,648,1000,554,997,462,920,416,930,215,939,96,939,0,861,429,875,266,934,322,973,402,808,470,827,323,895,382,933,453,759,535,800,439,863,454,901,492
1786208401.910,822,822,911,759,974,647,1000,553,998,460,922,416,931,215,940,97,940,0,863,430,877,268,938,328,978,409,810,471,830,326,900,383,940,453,761,536,802,439,867,453,907,489
1786208402.086,822,822,911,759,974,649,1000,556,999,465,921,415,931,216,939,97,940,0,862,429,876,270,936,328,977,408,809,470,829,327,898,385,939,455,760,536,802,441,866,456,907,492
1786208402.229,817,817,907,755,971,645,1000,551,997,459,919,413,930,214,939,96,939,0,860,427,876,267,936,325,976,404,808,469,828,324,899,382,939,452,759,534,802,436,866,451,906,487
1786208402.381,820,820,909,756,973,645,1000,552,1000,459,921,414,931,215,940,96,941,0,862,426,878,267,938,325,978,404,808,467,830,324,898,382,938,452,759,533,803,438,867,454,906,492
1786208402.549,821,821,910,758,973,647,1000,554,1000,463,922,416,933,215,942,97,943,0,862,429,879,268,941,328,982,410,808,470,831,325,901,382,942,453,759,535,803,439,868,453,909,491
1786208402.745,818,818,907,756,972,646,999,554,1000,463,919,413,930,214,939,96,940,0,860,426,877,267,938,325,979,404,806,467,828,324,898,382,937,452,757,533,802,438,866,455,905,492
1786208402.928,819,819,909,758,974,647,1000,554,1000,463,922,414,931,215,940,97,940,0,862,427,877,269,937,327,978,408,808,468,830,326,898,383,938,453,759,534,803,440,867,456,906,493
1786208403.095,820,820,909,758,973,647,999,554,1000,463,920,415,930,215,939,97,940,0,861,429,877,267,939,324,980,403,808,470,830,325,899,383,939,453,759,535,801,439,865,454,906,490
1786208403.278,821,821,909,757,972,647,1000,555,1000,462,921,413,930,212,940,96,941,0,862,428,881,267,943,329,982,410,809,469,832,324,902,382,941,453,760,533,804,436,869,450,909,487
1786208403.444,819,819,908,757,973,645,1000,550,998,460,921,412,931,213,940,96,942,0,862,427,879,266,941,327,981,409,808,469,831,326,902,386,942,458,760,534,802,436,868,453,907,491
1786208403.589,818,818,908,756,971,647,999,555,1000,462,918,416,928,215,937,97,938,0,859,430,873,267,935,325,976,405,806,471,827,326,897,383,937,453,758,536,800,437,866,453,906,490
1786208403.749,821,821,911,755,973,644,999,551,1000,459,921,412,932,213,941,96,941,0,862,426,879,266,939,327,979,409,809,467,832,324,901,382,940,452,760,531,805,436,870,452,910,490
1786208403.924,818,818,908,758,972,647,999,553,1000,462,920,415,931,215,940,97,941,0,861,428,876,267,939,325,979,407,808,468,829,324,899,381,938,452,759,533,804,437,868,455,907,493
1786208404.108,821,821,910,762,974,648,999,553,1000,464,922,416,931,215,940,97,941,0,862,430,877,267,940,330,981,414,809,472,829,326,901,387,940,460,761,537,803,439,868,458,908,498
1786208404.279,820,820,910,759,974,648,1000,554,999,465,921,415,931,215,940,97,941,0,861,429,876,266,938,326,979,408,807,470,829,325,900,383,940,455,759,534,804,438,869,455,908,494
1786208404.437,817,817,907,755,972,645,1000,550,999,459,919,414,930,214,940,96,940,0,860,426,875,264,936,320,977,401,807,466,830,323,898,380,936,451,758,530,803,434,867,452,904,492
1786208404.582,819,819,908,753,971,642,999,549,1000,458,918,413,930,213,939,96,940,0,859,426,876,263,938,319,978,399,806,467,830,322,900,379,939,450,757,531,803,434,867,450,907,488
1786208404.764,818,818,906,754,969,645,997,554,1000,463,919,413,929,213,939,96,939,0,860,427,878,267,941,326,981,408,807,468,830,323,900,379,940,450,758,532,803,437,868,452,907,489
1786208404.934,818,818,907,756,971,646,998,555,1000,465,918,414,927,215,936,97,937,0,858,429,873,268,936,328,977,409,805,471,826,326,897,385,937,455,756,536,800,442,866,457,906,493
1786208405.117,818,818,909,753,972,642,998,549,1000,457,920,412,930,213,939,96,940,0,860,425,878,265,939,322,979,402,806,466,830,323,900,380,940,450,757,530,803,437,867,452,907,488
1786208405.293,821,821,910,761,973,648,1000,554,1000,464,920,416,929,216,938,97,939,0,860,430,875,267,939,331,980,414,806,472,827,327,899,390,940,462,758,538,800,441,866,458,906,497
1786208405.476,820,820,909,759,972,648,1000,555,1000,465,920,415,930,214,940,97,941,0,862,429,878,266,941,328,981,410,809,471,829,326,902,386,942,458,760,537,802,437,867,453,907,492
1786208405.645,818,818,907,758,972,648,999,554,1000,462,920,417,932,215,941,97,941,0,862,429,877,265,937,324,976,405,808,469,830,324,899,383,937,454,759,532,803,436,867,453,907,491
1786208405.828,819,819,908,754,971,644,998,551,1000,459,920,415,931,215,941,96,941,0,861,428,877,264,936,318,976,398,808,468,830,323,899,379,938,450,759,531,803,434,867,451,907,491
1786208406.004,819,819,908,757,972,646,1000,553,999,463,919,414,928,215,938,97,938,0,859,427,872,267,934,325,974,406,806,468,827,325,897,383,936,454,757,532,802,437,867,455,906,495
1786208406.182,816,816,906,756,971,644,1000,548,997,456,917,414,927,215,937,96,936,0,857,426,869,265,931,320,972,400,802,466,824,324,894,379,933,448,753,531,798,436,863,452,902,491
1786208406.367,817,817,907,761,974,650,1000,552,995,459,921,421,930,219,940,98,939,0,860,431,872,266,930,313,970,390,805,469,829,324,893,373,930,441,754,533,799,437,862,454,899,495
1786208406.537,822,822,912,754,975,643,1000,549,998,456,923,412,932,213,941,96,941,0,863,426,877,264,935,319,974,400,808,466,831,322,897,374,935,443,757,531,802,436,865,449,905,486
1786208406.723,821,821,913,751,976,639,1000,542,993,451,928,408,935,210,942,95,942,0,868,422,879,261,931,310,969,386,814,462,833,320,894,371,933,439,764,526,806,437,865,449,905,483
1786208406.891,819,819,909,745,973,637,1000,542,989,453,922,405,931,208,939,94,939,0,863,421,875,260,929,309,968,384,809,461,827,321,890,370,931,436,759,526,800,436,861,448,903,483
1786208407.035,820,820,911,748,972,642,1000,551,993,461,922,408,930,209,938,95,937,0,863,424,875,264,931,317,969,393,809,466,827,322,892,375,932,444,759,532,798,436,860,449,902,485
1786208407.189,823,823,913,756,974,646,1000,552,992,461,925,412,934,211,943,95,943,0,865,427,881,265,941,320,983,401,811,467,832,324,901,374,942,442,760,531,805,439,869,450,910,484
1786208407.365,825,825,916,751,976,640,1000,543,991,453,926,408,935,210,944,95,943,0,868,423,882,264,937,317,975,394,815,463,834,322,900,372,941,439,764,526,809,434,870,445,911,480
1786208407.538,823,823,915,742,975,633,1000,543,992,456,925,404,932,208,941,94,941,0,868,422,882,264,936,316,973,391,815,462,834,322,898,366,938,431,764,525,805,434,865,439,907,470
1786208407.748,822,822,915,746,976,635,1000,541,992,452,926,405,934,207,942,93,942,0,867,422,880,263,936,312,975,387,814,462,833,322,897,365,938,429,763,525,806,435,866,442,907,473
1786208407.908,824,824,915,748,975,638,1000,546,991,458,925,405,934,208,943,94,942,0,867,421,881,265,935,314,974,388,814,461,833,323,897,365,939,429,763,525,805,435,866,442,908,473
1786208408.084,823,823,915,748,976,637,1000,544,990,457,924,405,931,208,939,94,939,0,865,421,876,262,930,308,969,382,811,461,830,319,894,365,934,430,760,524,802,434,863,443,903,477
1786208408.260,807,807,901,672,953,553,985,471,1000,398,833,344,827,180,829,82,831,0,783,378,860,259,940,307,985,370,752,433,830,326,914,355,968,404,738,508,821,439,890,439,938,461
1786208408.437,784,784,878,667,931,550,977,468,1000,391,800,359,790,185,790,84,789,0,754,391,841,251,931,298,976,360,730,444,817,310,907,347,956,403,726,514,814,425,887,421,933,441
1786208408.613,785,785,879,668,931,551,976,469,1000,392,801,360,792,184,792,82,791,0,757,392,837,250,927,296,972,359,733,443,814,310,906,347,957,404,728,512,813,423,888,419,936,441
1786208408.797,780,780,875,666,927,546,975,462,1000,380,786,357,782,188,785,85,785,0,740,391,827,253,921,300,967,359,717,446,809,316,903,353,954,405,717,516,803,428,880,425,931,445
1786208408.966,777,777,871,667,925,552,972,475,1000,396,781,355,780,190,782,85,782,0,734,391,829,258,924,303,970,360,714,450,810,322,906,356,957,407,717,523,805,433,883,428,934,447
1786208409.172,786,786,878,673,934,557,979,475,1000,393,790,361,787,189,790,84,790,0,744,395,835,259,927,305,973,364,722,450,815,320,909,355,960,407,721,520,811,432,889,425,939,440
1786208409.338,813,813,906,751,975,632,1000,522,978,437,917,403,916,211,922,95,921,0,859,412,875,255,932,291,971,361,806,447,829,312,896,344,939,401,758,508,803,422,868,427,914,458
1786208409.615,827,827,923,773,987,653,1000,537,982,439,962,423,976,221,983,97,985,0,891,427,885,247,923,287,956,364,826,464,823,298,874,341,909,408,763,527,784,419,833,416,872,441
1786208410.090,826,826,916,782,982,658,1000,546,983,452,931,434,936,227,942,100,940,0,865,444,869,262,923,300,963,372,806,485,814,311,880,353,921,419,751,555,783,437,845,439,888,471
1786208410.339,814,814,905,737,971,609,1000,491,977,403,901,407,898,210,900,93,895,0,843,419,856,246,918,280,962,345,789,458,806,303,879,339,926,397,740,523,789,422,856,430,901,460
1786208410.524,818,818,910,731,972,613,1000,511,991,417,897,400,891,205,896,92,891,0,845,417,865,246,932,282,976,354,797,456,822,304,894,335,939,397,752,517,799,417,867,419,914,453
1786208410.693,816,816,904,735,967,610,1000,503,996,404,888,405,882,207,888,92,885,0,833,423,856,255,924,286,970,352,786,464,815,314,891,344,937,401,742,527,792,423,862,424,907,455
1786208410.881,818,818,908,730,970,609,1000,505,990,411,895,400,888,205,891,90,888,0,841,417,860,247,927,280,974,350,793,456,819,306,896,341,943,404,749,519,801,417,870,416,916,446
1786208411.054,811,811,899,743,966,620,1000,514,992,415,889,412,886,212,888,92,883,0,833,423,858,247,926,282,969,351,783,461,811,299,888,335,932,394,737,524,790,418,862,417,909,445
1786208411.198,814,814,903,732,967,606,1000,501,993,406,884,395,877,202,880,88,876,0,832,409,863,245,934,279,979,349,785,447,818,298,897,329,944,388,743,511,801,415,873,412,920,439
1786208411.372,816,816,902,734,964,607,1000,503,998,403,882,396,871,202,873,89,869,0,832,412,861,248,932,281,976,347,789,452,818,300,897,330,941,388,748,517,804,413,876,409,922,436
1786208411.544,817,817,905,729,965,601,999,494,1000,393,880,394,870,202,873,89,869,0,830,410,858,248,933,278,979,341,787,449,821,304,904,334,951,389,750,512,807,412,879,407,926,433
1786208411.709,819,819,907,724,964,595,996,488,1000,388,877,388,866,200,868,89,862,0,826,405,855,243,929,275,974,338,784,444,820,303,901,333,948,389,748,506,808,409,879,406,925,432
1786208411.880,819,819,906,718,963,588,998,480,1000,385,873,385,860,201,862,89,855,0,823,403,858,243,929,273,972,335,781,443,821,300,901,326,948,378,744,508,810,411,880,408,925,434
1786208412.053,814,814,906,687,954,555,986,454,1000,364,845,363,827,184,828,84,822,0,800,388,845,235,918,274,958,338,765,434,821,300,898,326,941,379,741,499,810,404,881,398,927,424
1786208412.255,812,812,901,681,951,553,986,459,1000,367,828,358,813,182,817,81,817,0,782,388,841,244,921,276,967,333,751,437,815,308,897,333,945,383,732,504,808,412,879,408,926,433
1786208412.421,816,816,905,683,953,554,987,456,1000,362,830,359,816,182,820,81,820,0,784,389,841,242,920,273,965,329,752,438,817,309,898,332,946,381,733,506,808,412,879,408,927,432
1786208412.611,819,819,912,692,964,562,996,460,1000,369,850,363,835,185,837,82,833,0,800,390,851,245,927,273,973,327,763,437,823,306,904,331,952,380,737,505,812,411,885,407,934,432
1786208412.785,814,814,906,727,969,597,1000,488,984,397,892,393,889,202,895,89,892,0,840,404,866,235,936,270,977,343,792,439,820,289,898,318,941,380,746,501,801,403,873,397,921,426
1786208412.958,811,811,902,732,968,604,1000,491,988,390,894,399,890,204,896,90,894,0,841,410,860,232,927,261,971,331,792,443,817,285,892,314,937,374,746,501,798,395,869,391,917,420
1786208413.127,810,810,899,736,967,608,1000,497,995,397,895,402,892,207,897,90,894,0,840,412,861,233,926,261,971,326,790,446,814,285,888,314,933,372,741,505,797,401,867,398,913,423
1786208413.300,809,809,899,735,967,611,1000,503,992,402,892,400,890,206,896,90,895,0,838,410,858,236,926,263,972,330,789,446,815,290,890,317,936,375,744,505,798,401,868,397,915,423
1786208413.519,813,813,901,734,967,611,1000,503,991,403,895,399,890,206,896,91,894,0,841,410,857,236,926,263,973,330,792,444,816,290,892,317,938,374,746,504,800,403,871,400,917,426
1786208413.669,813,813,901,732,967,607,1000,498,987,398,892,399,887,204,895,90,895,0,838,410,862,237,932,269,977,340,790,446,816,289,893,320,939,382,744,507,799,402,869,400,915,430
1786208413.845,810,810,898,741,966,617,1000,506,989,410,894,406,889,211,896,92,893,0,838,416,863,246,932,283,972,352,788,452,814,295,891,332,932,394,740,513,793,412,864,414,907,445
1786208414.042,810,810,900,727,966,610,1000,505,989,413,886,397,885,204,895,89,896,0,834,410,860,240,931,275,974,346,787,445,817,295,898,326,944,388,740,506,796,405,869,407,916,442
1786208414.198,807,807,897,732,964,611,1000,504,994,408,888,402,887,204,895,90,896,0,835,414,862,249,930,279,973,340,786,450,817,296,895,333,941,393,741,511,794,410,866,417,914,453
1786208414.375,807,807,894,734,966,610,1000,498,993,405,884,398,885,202,894,88,895,0,828,409,857,249,928,283,971,349,778,448,815,297,897,334,941,398,734,514,794,415,869,423,915,462
1786208414.565,808,808,898,728,967,607,1000,499,987,404,891,396,891,201,899,89,900,0,837,409,865,251,931,285,974,349,787,445,822,301,897,336,943,394,741,506,800,411,870,418,917,451
1786208414.744,808,808,898,726,966,609,1000,504,990,407,895,391,892,202,901,90,901,0,840,402,869,242,935,284,977,355,791,437,824,295,898,332,943,391,745,496,806,408,876,412,922,441
1786208414.933,813,813,902,722,967,606,1000,503,992,405,893,390,891,199,902,89,903,0,840,404,866,239,934,278,976,347,792,440,824,296,900,330,946,389,747,500,806,407,877,409,923,438
1786208415.095,809,809,899,726,966,608,1000,504,991,406,893,392,891,201,901,90,903,0,839,404,866,241,933,279,976,345,790,440,822,296,898,331,943,389,744,499,805,406,876,407,923,435
1786208415.274,806,806,897,728,965,610,1000,502,992,402,892,396,891,205,901,92,902,0,837,406,864,243,933,279,977,344,788,439,820,296,898,332,945,389,743,497,801,404,873,409,921,440
1786208415.453,806,806,896,730,966,613,1000,507,989,408,890,397,890,205,899,91,899,0,835,408,864,243,933,279,977,348,786,442,820,296,898,330,944,389,740,501,802,407,875,410,921,441
1786208415.627,814,814,904,730,969,615,1000,512,993,416,897,397,894,204,903,92,903,0,843,409,870,246,939,287,980,356,794,444,827,299,903,334,948,394,747,503,804,411,876,412,923,441
1786208415.800,816,816,906,739,971,617,1000,508,990,408,898,409,894,211,902,93,900,0,844,419,864,245,934,278,976,344,794,453,817,299,895,333,937,393,746,511,796,409,868,410,914,441
1786208415.990,813,813,904,738,969,615,1000,506,993,407,896,411,893,206,900,90,898,0,844,421,868,248,936,278,978,342,795,454,821,294,896,329,940,389,746,512,796,409,866,413,913,448
1786208416.183,812,812,903,736,970,611,1000,498,990,399,895,402,894,205,902,91,902,0,840,414,863,246,931,274,976,337,790,449,820,299,896,329,942,387,742,508,797,408,869,413,916,448
1786208416.343,809,809,898,740,968,614,1000,500,993,400,892,406,891,208,899,92,899,0,838,416,863,248,931,279,976,342,788,451,817,298,894,332,939,390,740,510,796,410,866,412,911,442
1786208416.526,812,812,901,731,968,610,1000,503,991,404,898,395,895,203,903,91,902,0,843,405,867,239,933,279,975,351,793,440,823,293,898,329,942,390,747,498,805,404,876,404,922,434
1786208416.716,815,815,904,730,968,610,1000,505,993,405,896,394,893,202,902,91,902,0,841,409,860,239,927,272,971,339,792,446,822,298,898,327,945,382,746,506,801,407,871,409,919,439
1786208416.878,815,815,903,728,968,608,1000,501,995,400,897,392,895,203,904,91,905,0,843,405,866,238,932,275,975,344,794,441,822,293,897,325,944,383,748,500,804,404,874,404,922,431
1786208417.053,815,815,906,731,969,608,1000,496,990,396,898,396,896,202,903,90,903,0,843,411,863,245,929,273,976,335,793,447,822,300,896,328,943,381,747,508,802,407,871,412,918,445
1786208417.236,805,805,896,735,966,610,1000,499,994,402,891,400,893,204,900,89,901,0,836,411,863,248,930,280,972,343,787,449,816,295,893,332,938,391,742,513,797,412,866,415,912,445
1786208417.416,806,806,896,734,965,611,1000,502,996,403,893,400,893,203,900,89,900,0,839,410,865,243,934,275,977,338,790,446,819,293,896,329,942,387,745,507,800,409,869,412,916,442
1786208417.589,813,813,901,728,966,607,1000,500,991,404,895,394,894,199,902,88,903,0,842,409,866,242,932,270,978,331,792,446,823,297,898,325,944,379,746,507,802,406,871,409,917,440
1786208417.770,810,810,899,732,965,612,1000,503,991,404,895,401,895,203,902,90,902,0,842,412,867,248,932,280,974,343,793,446,823,296,896,330,941,388,746,505,802,406,871,413,918,446
1786208417.948,802,802,894,734,964,612,1000,502,999,401,891,405,891,204,898,89,898,0,838,415,865,246,935,279,978,343,790,450,817,294,895,331,941,390,744,510,797,407,867,411,915,442
1786208418.101,803,803,893,733,962,609,997,498,1000,395,890,403,889,204,896,88,896,0,837,415,866,248,934,280,978,341,788,451,816,294,891,331,936,389,742,511,794,407,862,409,909,437
1786208418.276,802,802,892,738,964,614,1000,503,997,403,888,407,889,206,897,89,897,0,836,417,863,248,934,278,979,340,787,452,815,294,894,329,942,387,741,512,793,407,864,408,912,437
1786208418.420,806,806,896,742,967,617,1000,505,998,403,891,411,889,207,896,89,897,0,838,424,864,252,935,284,979,348,790,462,814,296,893,334,939,395,744,525,793,415,863,414,911,443
1786208418.610,800,800,892,740,965,613,1000,500,997,399,884,409,885,207,893,89,895,0,831,422,861,253,933,283,977,346,783,460,811,296,892,331,939,389,738,523,791,414,863,414,910,442
1786208418.775,805,805,894,738,965,612,1000,500,997,398,888,407,891,208,899,90,900,0,836,416,862,247,930,276,974,338,788,451,817,294,896,329,942,387,743,511,796,407,866,410,913,441
1786208418.958,813,813,900,736,967,615,999,507,1000,408,893,402,895,204,903,90,905,0,837,413,864,247,931,278,976,340,787,451,818,295,897,332,944,392,739,516,795,416,867,420,916,450
1786208419.124,805,805,895,740,966,620,1000,514,994,416,893,406,894,210,901,91,901,0,838,416,865,248,932,285,972,352,787,452,816,297,890,335,932,395,739,513,794,412,863,415,907,441
1786208419.302,809,809,901,731,968,613,1000,507,993,410,894,403,894,206,900,91,898,0,840,415,866,252,929,286,971,353,792,451,821,303,892,338,937,396,745,511,800,415,869,417,916,444
1786208419.453,814,814,904,736,968,615,1000,509,997,413,893,404,895,207,903,91,904,0,839,416,871,255,940,294,983,361,791,453,823,306,902,342,949,402,745,515,803,418,876,418,923,445
1786208419.618,814,814,905,728,968,608,1000,505,993,408,896,389,895,200,903,90,902,0,844,404,872,242,939,280,983,350,797,442,830,299,906,338,950,401,754,504,809,407,878,411,924,443
1786208419.782,814,814,904,735,969,617,1000,515,995,421,892,399,892,204,901,90,902,0,837,413,865,251,936,290,980,358,790,451,822,310,904,347,951,408,750,512,807,417,879,417,924,443
1786208419.966,815,815,905,728,969,611,1000,510,998,414,897,393,894,200,901,90,900,0,843,409,870,249,938,289,982,359,796,449,828,306,904,345,949,408,751,512,807,416,877,417,922,447
1786208420.140,812,812,903,731,968,614,1000,511,994,414,895,396,894,203,900,90,900,0,842,411,872,251,936,290,979,359,794,448,830,306,903,345,947,408,749,507,806,412,876,413,922,443
1786208420.337,811,811,901,737,968,618,1000,516,996,418,892,399,894,204,901,90,902,0,839,413,872,253,938,291,980,359,791,450,828,305,902,347,945,411,747,511,805,413,875,414,921,443
1786208420.501,809,809,900,732,965,616,1000,514,997,415,893,397,893,203,899,89,899,0,839,412,868,250,931,285,974,352,791,450,825,304,897,342,941,404,747,511,803,412,872,412,918,441
1786208420.676,808,808,898,733,967,615,1000,509,993,410,893,399,894,203,899,90,897,0,839,410,869,249,933,290,974,361,790,445,822,299,895,340,938,404,744,505,801,412,870,415,917,444
1786208420.850,812,812,900,738,969,612,1000,502,994,407,893,401,894,203,902,89,904,0,839,412,872,254,938,298,979,368,790,449,826,305,902,349,945,414,746,511,805,418,875,421,919,450
1786208421.032,814,814,906,734,969,615,999,512,1000,415,895,401,896,204,906,89,909,0,841,415,870,254,940,289,984,353,794,453,826,311,906,346,953,405,751,513,806,417,876,416,921,443
1786208421.205,811,811,900,741,967,622,1000,517,997,419,893,404,895,206,903,90,904,0,839,415,872,255,941,295,984,363,791,452,826,304,904,346,949,411,746,513,805,417,875,418,920,447
1786208421.389,810,810,898,751,970,624,1000,511,993,416,888,405,893,208,901,90,903,0,833,417,871,259,942,301,985,373,784,457,820,309,901,352,946,418,739,523,800,424,874,426,919,455
1786208421.572,820,820,909,735,973,611,1000,501,994,403,890,401,889,203,899,89,903,0,835,414,865,248,937,288,982,357,786,453,820,301,902,340,950,402,740,517,801,419,873,421,920,452
1786208421.757,815,815,906,727,970,605,1000,497,991,402,893,385,894,196,903,87,905,0,840,400,873,244,940,281,983,346,792,437,831,305,908,338,954,393,751,498,811,407,880,410,925,439
1786208421.931,818,818,909,734,971,612,1000,504,995,408,896,397,895,202,905,88,908,0,842,411,868,251,940,287,986,352,794,447,826,308,906,344,954,402,751,508,808,414,879,415,923,443
1786208422.107,811,811,900,731,966,616,1000,515,996,419,892,393,892,200,903,88,904,0,838,405,871,246,939,287,980,356,790,442,825,298,902,336,947,398,746,504,806,412,876,415,920,444
1786208422.276,808,808,897,738,965,619,1000,511,994,412,892,408,893,209,901,91,902,0,838,418,866,253,934,290,978,358,788,453,820,305,898,343,944,401,740,513,797,416,871,422,920,453
1786208422.454,811,811,901,729,966,608,1000,501,996,404,889,398,892,203,901,90,904,0,835,412,861,249,931,280,977,343,786,449,818,301,898,335,947,394,742,511,800,411,873,420,921,458
1786208422.629,800,800,892,739,965,615,1000,503,997,406,885,404,886,206,894,88,897,0,830,416,858,249,930,285,977,351,781,454,813,298,894,338,943,397,739,517,795,413,866,418,915,449
1786208422.822,803,803,893,733,964,611,1000,501,998,402,885,401,888,203,897,90,900,0,830,411,860,245,928,278,973,341,780,447,815,294,897,334,945,396,733,509,792,411,867,422,917,458
1786208423.002,808,808,898,735,966,611,1000,500,994,403,888,401,891,204,900,90,903,0,833,413,860,243,930,279,976,345,783,448,818,296,898,336,946,399,736,508,798,408,870,417,917,453
1786208423.173,806,806,896,731,965,614,1000,506,992,409,887,400,890,206,900,91,904,0,832,411,861,246,929,281,975,344,783,447,819,300,898,336,947,394,736,507,798,409,871,416,920,449
1786208423.349,811,811,900,728,966,612,1000,508,991,413,890,393,890,202,902,90,905,0,836,406,863,244,932,286,975,356,787,443,821,299,899,336,944,397,741,503,802,408,873,413,918,446
1786208423.535,806,806,897,729,965,612,1000,508,992,410,890,395,892,201,902,89,904,0,837,407,870,245,937,285,980,354,789,441,823,296,899,335,944,397,744,500,804,406,876,408,922,438
1786208423.707,805,805,895,738,966,618,1000,507,993,409,891,408,893,210,900,92,902,0,835,416,865,246,931,287,973,357,783,449,821,298,896,344,940,408,735,508,798,414,872,421,919,451
1786208423.885,802,802,895,726,964,604,1000,495,993,395,886,395,890,203,899,90,900,0,831,406,863,243,931,281,975,348,782,441,819,293,895,335,939,398,736,500,798,404,870,408,916,438
1786208424.072,809,809,900,727,966,608,1000,505,995,409,888,398,891,202,902,90,905,0,835,410,868,244,937,287,979,357,787,446,822,294,900,335,944,401,742,505,803,406,874,409,919,440
1786208424.254,806,806,897,725,965,606,1000,503,995,406,885,395,888,201,899,89,902,0,831,407,868,245,937,287,979,357,784,443,820,294,898,336,944,401,739,504,801,408,873,411,919,442
1786208424.427,802,802,893,728,963,610,1000,504,992,405,887,397,890,204,898,91,897,0,832,409,861,241,929,279,972,345,783,445,815,294,893,335,938,395,739,506,797,407,868,414,914,446
1786208424.628,804,804,894,730,964,612,1000,509,994,411,886,399,890,204,898,91,899,0,832,411,865,247,934,285,979,352,784,447,819,296,897,336,943,398,738,507,798,409,870,413,917,443
1786208424.778,802,802,892,732,960,614,1000,509,1000,409,888,402,889,206,896,91,895,0,833,413,864,248,933,287,977,352,783,448,818,297,894,340,939,400,738,507,796,410,867,417,912,446
1786208424.956,808,808,898,729,965,610,1000,506,999,407,887,399,891,203,901,90,904,0,834,412,870,250,938,288,981,357,787,448,824,298,902,338,948,402,742,508,801,410,874,412,922,443
1786208425.136,806,806,898,728,965,608,1000,502,998,401,887,396,891,202,900,90,902,0,834,408,870,244,938,282,980,349,787,444,825,293,900,336,944,401,741,502,803,405,874,408,920,439
1786208425.309,808,808,898,730,964,614,1000,510,991,415,891,402,892,207,901,92,905,0,836,413,864,250,931,289,975,356,787,448,822,300,898,339,944,400,740,507,802,410,874,416,920,448
1786208425.452,801,801,891,736,963,620,1000,513,991,414,886,402,890,207,899,91,901,0,829,412,865,247,931,290,972,359,779,448,819,300,896,344,940,404,732,509,795,413,867,420,915,449
1786208425.612,809,809,902,729,968,607,1000,498,992,401,891,395,891,203,901,90,903,0,838,406,869,242,938,277,982,345,790,441,826,294,903,335,947,399,744,500,803,402,875,405,920,438
1786208425.796,802,802,894,733,962,613,1000,507,995,408,889,402,891,206,899,90,899,0,835,412,866,247,934,283,976,350,786,446,820,297,895,335,938,395,739,503,795,406,867,410,913,439
1786208425.958,806,806,899,727,965,609,1000,505,997,406,892,397,892,205,902,91,904,0,839,409,869,242,936,278,980,348,791,445,827,297,902,333,946,395,746,503,803,404,874,406,921,436
1786208426.112,807,807,899,729,965,606,1000,499,996,401,892,397,893,205,903,91,905,0,839,410,869,240,939,276,985,346,792,444,825,294,903,334,948,399,749,502,804,401,876,402,921,434
1786208426.262,819,819,913,719,974,595,1000,491,994,396,901,378,896,192,909,87,910,0,848,397,868,234,940,272,982,340,801,436,829,294,908,329,952,387,758,498,809,403,877,403,921,431
1786208426.436,814,814,904,730,969,611,1000,502,989,404,898,398,898,202,908,90,910,0,844,412,863,237,931,270,975,336,794,447,823,296,899,326,945,383,747,506,798,405,868,409,916,442
1786208426.625,809,809,899,733,966,616,1000,508,988,410,895,402,894,206,904,91,907,0,841,414,864,246,934,279,979,345,792,449,820,300,898,332,944,389,744,508,797,408,869,414,917,447
1786208426.769,803,803,894,728,965,608,1000,502,994,411,886,401,889,204,898,90,900,0,832,410,860,249,931,280,976,343,782,445,817,297,899,335,945,398,735,507,793,412,867,421,914,459
1786208426.916,814,814,906,714,970,597,1000,496,992,412,879,383,879,192,892,84,894,0,824,403,851,244,924,282,966,351,775,446,813,303,893,334,940,395,733,511,791,419,860,422,906,456
1786208427.104,811,811,904,728,967,608,997,503,1000,410,890,395,891,200,906,88,911,0,838,409,866,243,942,281,986,353,791,444,824,300,907,338,953,402,748,503,801,411,872,416,916,453
1786208427.268,801,801,893,749,968,623,1000,506,992,409,895,424,899,216,909,95,912,0,839,430,865,247,939,292,978,368,788,462,820,296,903,347,942,420,737,519,791,414,871,426,917,470
1786208427.681,793,793,884,749,963,628,1000,522,999,432,895,415,904,214,917,93,921,0,839,419,880,255,959,305,1000,384,789,454,830,300,915,353,955,425,741,515,799,417,879,428,923,466
1786208427.862,792,792,883,741,957,624,1000,524,1000,434,890,408,896,210,911,91,916,0,836,417,867,252,942,298,985,374,787,452,820,303,904,350,946,416,742,513,795,412,872,422,917,460
1786208428.047,792,792,885,755,961,639,1000,536,998,443,893,422,901,216,916,93,920,0,838,429,867,255,946,294,990,370,788,463,818,303,904,344,947,409,740,523,792,415,870,421,917,457
1786208428.220,787,787,876,750,956,630,1000,525,1000,433,885,413,894,217,908,92,913,0,829,419,868,254,945,303,986,380,778,455,816,302,899,352,940,422,731,519,789,420,866,431,911,470
1786208428.405,788,788,879,755,958,633,1000,524,999,428,889,418,897,220,911,93,916,0,835,423,870,256,944,299,987,374,784,457,818,299,898,347,941,414,736,518,790,413,865,425,910,462
1786208428.579,803,803,891,739,960,625,999,531,1000,444,903,401,911,206,926,92,932,0,849,410,882,254,956,312,995,394,802,446,837,309,920,361,961,431,759,505,809,415,882,424,924,459
1786208428.757,798,798,888,734,957,617,996,517,1000,429,896,399,907,206,919,92,922,0,840,407,873,251,943,306,983,387,791,444,826,305,907,357,950,428,747,505,800,418,872,426,916,459
1786208428.941,794,794,884,740,955,625,997,530,1000,440,889,409,900,209,913,92,919,0,836,421,867,262,939,310,982,385,789,460,821,314,902,362,944,427,746,522,792,419,865,426,910,460
1786208429.109,797,797,886,731,953,619,995,526,1000,439,893,400,902,205,914,90,918,0,840,412,874,262,943,317,983,394,792,450,827,311,907,364,950,432,750,512,800,420,871,429,915,462
1786208429.285,793,793,883,731,954,614,995,518,1000,434,891,400,900,206,911,91,916,0,837,409,871,260,940,314,982,393,790,446,826,308,905,359,949,428,748,507,800,419,872,429,917,465
1786208429.473,789,789,879,731,950,616,989,520,1000,433,889,398,898,205,909,91,914,0,835,408,871,258,942,310,983,387,787,445,826,309,904,361,946,429,745,507,799,418,869,429,911,464
1786208429.654,790,790,879,730,949,616,989,521,1000,435,883,394,898,204,912,91,917,0,829,403,870,259,943,315,985,393,782,441,826,314,909,366,953,434,744,503,804,423,877,435,920,471
1786208429.831,791,791,880,731,951,616,992,524,1000,437,886,394,898,204,911,90,917,0,833,403,873,256,944,312,984,391,786,441,829,309,910,362,953,431,747,502,805,417,877,430,921,466
1786208430.004,788,788,876,731,948,615,992,522,1000,435,883,396,895,206,907,91,914,0,829,406,870,259,940,312,983,388,781,444,824,311,904,362,948,430,742,508,798,421,871,432,917,466
1786208430.195,787,787,876,729,947,616,992,525,1000,438,884,398,896,206,909,90,914,0,831,407,871,259,942,313,981,390,784,445,825,309,905,362,946,430,743,507,799,419,870,429,912,464
1786208430.359,786,786,874,728,944,616,988,525,1000,440,880,395,894,204,907,90,912,0,826,404,869,259,941,317,980,396,779,442,821,308,902,363,944,434,739,503,796,418,868,431,910,467
1786208430.539,785,785,873,727,944,614,987,523,1000,437,878,393,892,204,905,90,912,0,825,403,868,256,939,311,980,389,778,440,821,307,901,361,943,431,738,502,796,415,868,427,911,461
1786208430.711,788,788,876,737,949,622,993,528,1000,441,882,402,895,207,908,91,916,0,830,412,870,261,943,314,986,391,783,450,823,311,904,367,947,436,742,512,796,421,870,434,916,471
1786208430.919,787,787,876,733,949,620,991,522,1000,434,884,397,899,205,912,90,918,0,831,405,871,257,942,313,981,391,783,442,824,309,906,362,949,430,743,504,801,419,874,431,919,464
1786208431.084,786,786,873,731,945,620,987,527,1000,441,880,395,894,204,908,90,914,0,826,404,868,256,941,314,981,392,780,441,821,309,903,365,946,434,740,503,799,420,872,432,916,466
1786208431.279,806,806,896,752,968,632,1000,523,997,434,905,409,911,211,925,93,929,0,851,419,876,258,952,299,996,372,802,458,828,315,914,358,959,421,758,523,806,432,881,434,925,463
1786208431.433,808,808,898,743,969,624,1000,519,995,426,904,408,913,205,924,90,928,0,851,420,882,255,947,298,988,369,801,455,834,304,909,349,950,415,753,514,808,415,876,422,917,455
1786208431.605,804,804,896,734,964,621,1000,522,999,431,903,404,911,204,923,91,927,0,849,416,877,251,944,294,986,366,799,453,831,307,907,354,949,420,753,513,805,419,876,425,921,457
1786208431.783,808,808,901,736,969,616,1000,507,992,413,907,406,912,207,922,92,925,0,851,417,875,248,939,289,981,361,801,453,832,306,905,353,945,419,753,513,806,419,874,425,917,458
1786208431.967,807,807,901,735,968,619,1000,515,997,419,906,405,912,208,922,93,923,0,848,416,867,252,933,286,981,356,797,453,827,309,901,346,944,407,751,512,804,415,873,422,916,457
1786208432.145,811,811,904,741,972,622,1000,518,989,427,909,408,914,207,923,93,926,0,854,421,878,250,942,293,983,368,804,459,832,307,905,350,946,416,757,520,806,420,875,423,919,454
1786208432.335,807,807,900,745,969,628,1000,525,994,430,904,416,909,211,918,93,920,0,848,427,869,256,935,296,977,371,798,464,823,310,897,351,939,415,749,524,794,421,864,426,909,459
1786208432.501,808,808,900,740,969,624,1000,521,993,425,905,409,911,208,920,93,921,0,849,421,874,253,935,295,977,369,798,459,828,308,898,352,940,417,750,521,800,422,868,426,913,456
1786208432.676,809,809,900,735,966,623,1000,525,994,431,903,404,909,205,919,92,920,0,848,416,871,249,932,294,971,369,797,454,827,305,898,353,940,420,751,516,802,420,870,426,915,456
1786208432.857,811,811,901,741,965,631,1000,536,998,439,903,408,908,208,918,92,921,0,847,422,870,258,936,297,979,370,797,461,827,314,900,354,943,417,750,522,799,423,868,430,912,465
1786208433.030,808,808,899,741,967,625,1000,523,994,427,902,408,908,209,918,93,920,0,845,420,867,257,931,295,974,365,794,458,825,313,897,350,938,410,748,519,797,421,864,427,908,461
1786208433.218,804,804,898,740,966,621,1000,517,997,420,900,410,905,209,915,93,917,0,844,423,865,260,931,300,975,370,792,462,819,311,893,351,936,412,745,525,792,425,862,435,907,468
1786208433.387,803,803,892,747,962,630,1000,528,996,434,896,418,902,216,913,95,916,0,841,429,867,266,936,304,981,377,790,466,819,312,894,352,935,416,742,528,790,426,860,433,903,467
1786208433.538,808,808,901,740,968,625,1000,526,995,430,900,408,907,209,917,93,919,0,843,421,868,260,933,298,977,367,792,459,825,314,899,353,941,414,746,522,797,422,866,430,910,464
1786208433.683,805,805,897,738,963,622,1000,520,996,423,900,410,905,210,915,93,916,0,844,421,866,260,931,298,973,365,794,459,820,308,893,349,936,409,746,522,793,424,861,429,905,458
1786208433.859,803,803,895,743,965,627,1000,522,998,426,900,411,909,211,919,93,920,0,844,420,871,256,933,292,974,361,792,455,823,304,894,345,935,407,744,516,796,418,864,424,907,456
1786208434.039,812,812,903,746,974,625,1000,514,987,417,907,417,910,211,919,94,919,0,849,429,869,252,933,295,972,368,796,467,821,306,896,350,936,415,744,530,791,420,862,429,908,467
1786208434.224,805,805,895,757,974,628,1000,507,984,413,903,424,906,217,912,93,910,0,842,432,868,262,933,301,971,369,786,471,813,311,888,352,929,413,734,537,785,435,853,438,895,468
1786208434.403,808,808,898,760,970,637,1000,525,990,429,903,425,909,220,916,95,915,0,845,434,866,266,931,300,972,367,792,474,811,313,885,349,928,408,741,541,782,434,852,433,898,458
1786208434.581,803,803,892,758,968,633,1000,518,987,423,900,422,904,218,909,92,909,0,841,432,864,257,928,296,967,367,786,472,810,303,884,344,926,405,735,539,780,429,847,431,890,460
1786208434.756,803,803,892,753,966,630,1000,518,990,423,896,418,902,217,910,93,912,0,838,428,865,261,931,299,971,368,785,467,810,307,885,347,926,408,737,533,786,428,855,429,897,457
1786208434.934,798,798,888,756,965,633,1000,521,991,426,893,421,900,220,910,94,911,0,835,429,864,264,932,300,972,368,782,467,807,307,884,345,928,404,733,533,780,428,850,429,895,454
1786208435.117,801,801,892,758,968,635,1000,525,995,428,896,424,904,222,912,95,914,0,838,433,865,264,932,297,974,362,786,471,811,309,887,346,932,405,737,535,783,427,852,428,896,453
1786208435.293,803,803,892,753,967,634,1000,527,994,429,898,420,903,217,912,93,914,0,840,431,868,262,935,302,973,370,788,470,814,305,889,348,928,411,740,536,791,430,860,431,899,458
1786208435.461,803,803,894,752,968,628,1000,517,995,421,900,419,905,216,913,93,914,0,840,429,868,260,936,302,976,370,787,468,814,306,889,351,929,414,738,535,791,430,861,431,902,457
1786208435.615,804,804,893,757,968,631,1000,517,991,419,901,423,907,219,915,95,915,0,842,431,867,261,931,302,970,371,789,470,813,305,886,352,926,416,739,536,788,430,856,432,898,459
1786208435.764,801,801,891,751,966,631,1000,522,994,424,898,418,905,216,914,93,917,0,839,427,868,262,937,301,978,369,786,466,814,307,889,351,930,413,737,531,788,428,857,430,900,456
1786208435.946,803,803,893,748,967,628,1000,518,991,421,899,416,907,214,916,94,917,0,841,426,869,257,933,297,972,365,787,465,816,306,888,351,928,414,737,530,786,427,855,429,899,455
1786208436.129,800,800,890,747,966,628,1000,518,989,423,897,415,902,216,911,94,913,0,837,423,866,258,936,302,977,372,783,462,812,306,888,354,928,418,734,529,788,428,858,434,901,463
1786208436.300,806,806,894,741,966,626,1000,521,992,425,902,413,909,211,917,93,920,0,844,421,870,254,934,296,975,366,791,457,822,306,894,351,936,415,741,518,796,422,866,430,912,462
1786208436.483,802,802,893,742,964,627,1000,525,994,428,898,409,906,211,917,93,919,0,840,418,869,256,933,295,973,364,789,454,822,305,894,345,934,407,742,516,795,419,866,424,910,453
1786208436.664,802,802,891,742,962,627,1000,524,996,428,896,410,906,211,917,93,920,0,839,418,873,256,941,295,984,365,787,455,824,308,900,350,943,413,739,517,795,419,868,423,915,453
1786208436.838,804,804,894,736,964,622,1000,521,995,426,897,402,907,207,917,91,920,0,842,412,876,257,942,297,984,365,791,448,829,306,903,349,946,412,744,509,800,416,871,419,918,449
1786208437.011,797,797,887,744,963,624,1000,514,992,418,897,410,905,213,915,93,918,0,838,416,870,252,932,295,969,368,785,451,820,301,891,347,929,411,735,514,792,420,862,425,906,452
1786208437.196,804,804,894,744,966,625,1000,518,998,421,897,411,907,211,917,92,923,0,840,420,878,257,945,300,987,371,789,457,827,306,903,354,946,421,741,519,802,422,874,427,919,458
1786208437.348,806,806,896,742,967,619,1000,512,1000,415,900,408,908,208,918,92,923,0,844,418,882,254,947,299,987,370,793,454,830,301,905,349,948,416,745,515,803,418,874,423,919,454
1786208437.498,808,808,899,743,969,628,1000,529,1000,434,900,408,910,208,922,92,927,0,846,419,882,256,951,299,992,371,796,455,834,305,910,353,952,421,749,516,806,419,877,425,921,458
1786208437.671,807,807,903,732,970,615,1000,514,991,421,904,399,909,204,919,91,922,0,849,411,876,250,939,290,980,362,800,448,835,307,906,347,947,409,754,507,807,413,875,416,920,447
1786208437.853,806,806,900,732,966,617,999,516,1000,420,905,398,906,203,917,92,918,0,849,411,872,245,939,284,983,358,799,448,830,303,905,339,947,401,754,506,804,411,874,418,918,454
1786208438.028,806,806,900,730,966,616,1000,517,995,423,903,399,907,204,919,91,921,0,848,412,873,248,938,290,980,364,798,448,831,307,904,348,945,412,751,508,801,413,871,420,916,454
1786208438.206,809,809,904,726,968,613,1000,514,995,418,906,396,910,203,920,91,922,0,852,410,876,245,936,288,977,364,803,446,836,305,905,344,947,408,757,504,810,412,876,417,921,450
1786208438.385,808,808,902,728,967,615,1000,517,997,420,906,397,910,203,920,91,922,0,851,411,877,249,938,293,977,370,802,448,836,307,905,349,945,414,756,506,808,412,874,419,918,452
1786208438.550,809,809,900,733,966,622,1000,526,998,429,908,403,911,205,920,92,922,0,855,416,880,249,940,291,980,366,806,452,837,305,904,348,945,415,759,510,810,414,876,420,921,452
1786208438.752,806,806,898,728,965,617,1000,519,997,423,905,398,910,204,920,91,923,0,850,410,877,247,937,291,978,367,802,446,835,306,905,350,946,416,756,504,810,412,876,419,921,451
1786208438.919,807,807,898,737,963,622,999,524,1000,426,904,405,909,206,919,93,922,0,851,418,875,248,941,292,983,369,802,455,834,307,906,351,946,417,757,515,805,415,874,421,918,455
1786208439.106,807,807,899,732,964,619,999,523,1000,426,903,402,910,204,920,92,922,0,850,416,878,252,942,294,984,367,801,453,836,310,908,351,949,415,756,512,806,416,875,420,920,453
1786208439.281,808,808,900,730,966,619,1000,522,996,427,907,402,911,204,920,92,922,0,854,414,877,248,938,292,980,366,806,450,836,305,907,348,950,413,761,508,813,413,879,419,924,450
1786208439.446,808,808,900,728,967,616,1000,519,994,427,906,397,911,202,921,91,924,0,852,410,878,246,940,290,981,366,803,446,837,305,907,347,949,412,757,505,812,414,879,419,923,450
1786208439.631,825,825,919,741,979,618,1000,513,993,429,914,408,913,210,923,95,925,0,860,422,882,250,950,296,992,371,812,458,840,311,921,353,967,418,766,517,814,423,886,423,934,450
1786208439.805,814,814,908,736,974,613,1000,510,990,423,910,403,911,206,918,91,918,0,855,415,873,243,933,286,972,364,805,453,830,302,901,343,943,409,758,514,807,421,873,420,915,445
1786208516.033,691,691,790,649,853,546,843,430,809,351,885,348,946,183,980,79,1000,0,806,326,818,153,824,192,829,274,731,343,736,191,757,248,771,328,661,388,690,323,717,345,734,391
1786208516.201,686,686,787,643,845,544,828,440,798,361,878,347,942,182,980,80,1000,0,796,328,804,168,810,219,814,301,719,348,722,202,740,271,750,352,649,395,675,329,702,361,717,411
1786208516.378,696,696,794,650,853,538,838,422,803,341,885,342,944,180,979,78,1000,0,807,326,815,153,817,186,822,261,733,345,737,189,750,246,759,328,665,391,690,314,710,336,724,386
1786208516.571,699,699,797,645,853,534,830,424,783,352,877,347,941,186,979,80,1000,0,799,331,804,157,805,205,808,287,725,350,728,202,741,268,748,349,656,393,676,314,694,347,705,403
1786208516.741,757,757,854,699,903,574,867,456,819,384,923,381,964,209,986,89,1000,0,846,373,852,212,847,216,849,264,774,399,768,242,778,283,788,362,707,448,722,356,742,373,757,426
1786208517.322,821,821,901,699,938,567,901,448,863,374,937,371,969,198,994,83,1000,0,852,371,845,184,860,229,871,317,775,408,772,244,803,292,822,375,701,473,729,379,764,390,787,439
1786208517.560,754,754,848,696,897,579,877,462,855,374,917,383,957,211,984,91,1000,0,840,376,839,199,852,230,867,306,769,400,767,239,792,291,807,372,703,448,724,365,753,384,769,432
1786208517.749,680,680,772,636,831,532,816,423,787,343,858,338,929,181,975,78,1000,0,779,323,779,141,789,190,795,278,705,343,711,185,734,253,740,339,633,388,665,317,693,346,704,397
1786208517.935,680,680,772,629,831,528,815,417,783,337,860,332,929,179,974,78,1000,0,780,318,782,144,788,205,791,297,704,339,707,189,729,259,737,342,629,384,655,311,685,340,702,391
1786208518.106,685,685,776,631,837,527,821,415,788,332,863,329,930,177,973,79,1000,0,783,314,786,138,791,203,795,296,707,336,713,188,732,255,743,336,633,382,661,309,689,335,707,385
1786208518.278,692,692,786,637,841,527,827,410,792,331,868,339,935,180,975,77,1000,0,791,326,797,144,799,193,802,278,718,345,718,188,736,245,747,326,648,388,672,309,697,328,714,375
1786208518.459,696,696,786,641,844,533,827,417,791,334,869,339,934,182,975,80,1000,0,792,326,797,144,799,197,801,284,717,346,720,188,738,251,747,334,645,390,671,311,696,335,711,387
1786208518.643,693,693,785,636,845,529,829,413,790,339,871,339,935,180,975,78,1000,0,794,324,798,145,799,199,800,288,719,344,722,191,737,253,746,333,646,387,673,310,695,336,709,387
1786208518.827,695,695,788,636,846,525,827,410,788,342,872,337,937,180,975,78,1000,0,795,323,802,146,802,196,804,282,720,343,724,190,740,249,749,328,647,388,673,312,697,336,712,383
1786208519.009,692,692,790,646,849,533,831,415,793,341,878,347,942,183,976,79,1000,0,802,325,814,153,816,178,822,250,730,341,738,191,753,244,762,325,661,383,687,306,709,328,721,380
1786208519.173,700,700,796,649,852,537,841,422,805,345,878,345,941,182,975,78,1000,0,803,326,812,154,813,192,819,272,731,344,737,191,754,244,767,326,663,387,689,313,715,332,734,382
1786208519.351,704,704,798,654,852,539,835,419,803,340,883,352,943,189,976,81,1000,0,809,333,819,167,821,189,828,257,739,351,743,192,756,238,766,316,674,395,696,316,715,330,728,376
1786208519.530,696,696,788,656,845,552,831,443,802,359,876,354,939,189,976,83,1000,0,799,338,803,170,801,225,803,309,727,358,731,205,744,274,749,356,660,401,687,313,707,346,717,405
1786208519.766,705,705,801,647,859,541,840,436,802,365,881,344,942,183,979,80,1000,0,804,332,803,164,805,230,809,321,729,358,729,211,746,282,758,364,656,410,681,341,707,366,727,410
1786208519.942,716,716,807,675,862,562,846,445,812,363,890,368,946,199,978,87,1000,0,818,350,814,179,819,223,830,306,749,370,742,215,757,272,769,350,685,418,699,332,719,353,732,402
1786208520.090,719,719,815,665,868,554,848,440,814,358,892,365,946,198,979,85,1000,0,819,347,818,176,823,219,832,305,750,367,746,216,761,271,769,353,684,414,702,330,724,351,735,405
1786208520.248,734,734,827,666,879,547,855,431,809,358,898,357,950,193,979,84,1000,0,823,347,820,171,817,221,824,307,753,372,744,212,759,271,773,356,686,422,701,339,722,354,738,400
1786208520.434,728,728,823,664,878,543,857,422,817,343,895,353,947,191,978,84,1000,0,821,341,822,171,815,218,819,300,751,363,748,206,759,262,770,344,684,410,704,326,723,342,738,389
1786208520.763,708,708,792,648,842,569,815,494,775,445,860,365,937,205,976,89,1000,0,776,360,775,171,777,246,781,353,690,388,680,235,703,324,716,421,605,436,613,350,636,396,647,458
1786208520.951,705,705,806,631,860,528,834,434,788,369,875,348,946,181,979,76,1000,0,791,328,800,140,796,218,788,314,710,343,708,190,723,269,730,350,636,382,651,296,671,342,681,397
1786208521.194,712,712,802,657,863,551,843,430,808,332,887,349,944,188,979,79,1000,0,803,329,821,181,821,265,808,349,723,347,736,217,758,299,758,367,648,386,684,303,712,351,717,401
1786208521.365,714,714,819,630,885,479,846,327,785,267,898,344,957,188,986,83,1000,0,818,317,830,148,815,225,800,304,739,316,741,170,747,238,746,308,664,335,679,228,688,271,688,329
1786208521.844,783,783,875,733,920,624,901,516,866,427,916,432,963,248,989,135,1000,56,829,407,838,192,840,79,826,0,751,436,758,292,782,357,787,421,681,495,705,414,734,453,744,501
1786208522.019,759,759,855,692,912,579,898,460,862,373,905,369,950,193,981,83,1000,0,823,358,826,176,843,189,850,237,746,387,748,234,788,289,808,364,675,446,707,361,753,376,778,415
1786208522.197,790,790,853,708,884,608,873,527,863,468,906,384,951,205,980,85,1000,0,840,377,836,184,839,101,837,56,777,418,773,302,820,334,852,382,718,496,738,439,788,445,827,469
1786208522.425,759,759,870,701,947,583,926,458,862,382,905,334,952,172,985,70,1000,0,820,319,808,122,840,162,857,249,739,352,735,197,792,268,817,365,663,419,697,322,751,353,776,418
1786208522.616,768,768,877,708,964,570,956,431,887,361,915,339,954,171,986,74,1000,0,837,327,830,112,861,138,876,215,763,352,764,163,813,224,835,324,685,409,727,281,776,312,799,388
1786208522.789,767,767,881,697,963,559,960,416,894,338,918,342,955,170,987,72,1000,0,840,333,835,121,866,140,884,216,767,357,767,167,814,209,837,304,691,409,733,287,780,304,804,372
1786208522.995,761,761,869,699,951,569,960,432,901,343,913,338,951,167,986,70,1000,0,837,329,831,115,866,139,885,224,765,355,761,166,812,205,836,298,691,410,726,289,775,303,802,369
1786208523.156,766,766,879,693,956,560,952,421,894,324,921,342,960,170,988,72,1000,0,842,331,837,117,863,127,881,198,769,353,770,160,813,197,838,290,693,403,737,284,780,296,803,358
1786208523.347,757,757,873,687,959,560,959,420,905,338,910,328,950,161,984,69,1000,0,833,316,830,107,862,134,878,206,759,342,755,165,808,209,840,290,684,401,727,297,780,314,813,366
1786208523.515,752,752,861,677,949,554,960,415,902,339,906,329,947,169,986,75,1000,0,830,317,831,114,879,168,900,261,757,337,750,154,814,206,847,294,683,390,725,286,784,307,817,364
1786208523.685,762,762,869,690,945,568,955,427,908,333,917,349,953,180,985,79,1000,0,844,334,843,128,873,157,892,232,775,352,765,166,813,204,844,282,704,401,734,294,783,303,816,349
1786208523.860,757,757,861,672,936,552,947,416,898,323,912,334,948,172,983,77,1000,0,839,323,835,114,868,147,890,222,770,341,760,159,809,198,841,278,701,388,732,283,778,292,808,340
1786208524.054,759,759,862,680,935,562,945,430,900,340,912,346,947,182,981,81,1000,0,839,333,837,131,868,159,889,231,771,352,759,168,807,203,838,280,704,403,733,300,778,304,807,346
1786208524.231,757,757,867,674,939,552,935,419,885,325,913,338,951,174,983,78,1000,0,838,329,830,121,857,145,877,214,768,350,762,167,807,208,837,294,696,398,729,290,775,301,807,354
1786208524.410,764,764,873,684,944,564,940,437,892,349,917,344,954,176,984,78,1000,0,841,338,833,142,860,165,881,230,770,361,765,186,810,224,842,305,700,411,735,312,781,324,811,372
1786208524.581,775,775,879,697,951,581,958,457,914,370,927,365,962,192,990,86,1000,0,856,359,848,155,881,192,900,268,788,381,784,206,829,244,855,324,720,429,753,322,798,333,824,387
1786208524.757,774,774,877,694,950,581,965,459,922,372,926,366,960,194,988,88,1000,0,855,359,848,160,879,198,897,273,788,380,784,207,827,244,854,324,721,426,752,320,796,329,825,380
1786208524.940,775,775,882,696,953,576,953,450,911,366,927,368,965,192,989,86,1000,0,854,359,851,166,874,190,891,257,785,380,781,206,821,247,848,328,718,429,750,333,794,341,824,387
1786208525.115,773,773,882,699,957,571,954,442,901,362,925,352,962,178,991,78,1000,0,849,344,833,142,866,174,887,255,777,367,771,188,821,229,849,311,708,418,747,316,792,329,817,380
1786208525.284,769,769,874,695,948,573,948,450,901,366,919,350,958,178,988,78,1000,0,843,344,827,142,859,178,880,256,772,369,768,196,816,243,842,325,704,422,740,323,786,342,810,394
1786208525.477,772,772,880,696,951,576,950,451,904,367,920,360,957,188,987,82,1000,0,846,354,830,151,858,176,879,251,778,376,771,204,817,237,846,317,709,426,739,328,785,339,815,390
1786208525.654,771,771,876,700,950,578,950,452,901,365,920,360,958,185,987,81,1000,0,846,352,834,151,864,185,883,261,776,375,774,202,819,244,846,325,708,426,746,336,791,350,817,398
1786208525.842,772,772,877,693,949,579,953,455,905,371,920,362,959,193,989,86,1000,0,848,356,835,152,866,185,886,260,780,377,777,206,821,243,848,323,713,426,746,325,789,333,818,383
1786208526.002,767,767,877,695,947,571,942,449,896,363,914,357,956,182,987,80,1000,0,838,351,831,157,858,182,875,248,769,373,767,201,813,242,840,323,700,423,741,328,783,342,808,391
1786208526.190,766,766,869,702,943,582,948,457,905,364,914,360,956,183,988,80,1000,0,837,352,831,155,861,180,877,250,767,375,764,200,811,238,839,320,699,426,740,328,783,344,807,396
1786208526.370,767,767,871,698,943,578,945,453,900,361,914,361,955,185,988,81,1000,0,837,353,832,155,862,186,879,261,767,376,764,201,810,240,838,321,698,427,736,327,780,340,806,392
1786208526.535,766,766,873,688,944,567,935,440,887,350,915,352,954,182,985,80,1000,0,838,346,826,149,852,170,871,237,768,370,765,199,807,233,836,311,700,421,736,325,778,333,805,380
1786208526.722,768,768,872,695,945,574,948,450,898,369,914,359,955,187,988,82,1000,0,837,352,829,152,861,180,878,251,766,376,765,202,812,242,839,324,697,428,739,328,783,342,808,394
1786208526.919,763,763,872,691,947,568,945,442,895,370,912,353,954,179,987,78,1000,0,836,344,831,147,863,178,880,251,766,369,763,195,812,238,839,318,697,422,737,330,782,345,806,395
1786208527.076,766,766,872,696,945,579,949,447,902,365,919,367,959,192,987,84,1000,0,848,357,847,159,872,184,891,253,781,375,775,204,818,240,848,315,715,421,746,326,788,331,817,370
1786208527.253,760,760,864,685,937,573,944,444,902,353,914,358,955,190,985,85,1000,0,843,349,839,151,866,175,888,242,776,369,770,202,815,234,848,304,709,415,738,318,781,321,811,360
1786208527.428,747,747,850,683,931,565,940,433,889,354,900,347,944,175,983,76,1000,0,825,337,824,141,858,172,876,250,755,359,749,183,800,217,830,296,685,409,719,311,767,319,796,365
1786208527.607,749,749,852,681,930,562,937,433,892,347,904,345,948,176,984,76,1000,0,827,335,825,140,857,167,875,241,756,357,754,184,802,216,829,293,685,408,727,314,769,321,790,366
1786208527.781,746,746,849,679,930,563,937,434,886,353,902,339,946,175,983,76,1000,0,826,328,825,130,858,166,873,247,755,349,753,183,800,221,827,299,686,399,725,311,769,322,794,367
1786208527.958,752,752,853,678,932,564,939,436,887,354,900,339,947,174,983,77,1000,0,825,330,827,135,859,169,875,243,755,355,753,188,799,230,827,311,686,408,723,319,767,332,794,382
1786208528.148,755,755,856,677,932,563,939,438,888,357,902,341,946,176,983,77,1000,0,826,335,823,138,856,172,874,246,756,359,752,190,798,232,825,315,686,413,719,316,761,326,787,376
1786208528.334,753,753,850,675,929,562,940,434,891,351,895,338,944,173,982,75,1000,0,821,332,821,133,858,172,875,249,750,358,749,184,800,232,827,316,680,414,718,316,764,328,790,377
1786208528.510,750,750,850,672,925,553,930,424,884,336,897,344,943,177,982,79,1000,0,823,335,820,134,854,165,873,239,752,355,749,176,797,214,827,296,681,404,719,307,767,314,798,362
1786208528.693,757,757,859,675,930,557,931,434,882,353,899,340,946,172,983,76,1000,0,824,333,825,133,859,176,875,252,754,358,751,185,800,233,828,316,685,411,721,315,765,328,792,376
1786208528.861,748,748,847,674,925,562,935,436,886,352,897,337,945,173,982,76,1000,0,823,331,823,141,855,176,873,249,753,356,749,188,796,231,825,313,684,410,718,318,762,331,789,378
1786208529.039,741,741,839,676,920,566,933,441,883,360,892,341,942,174,981,76,1000,0,818,333,821,140,853,177,868,253,748,359,747,186,797,235,824,317,678,414,717,319,765,336,792,384
1786208529.234,741,741,836,681,919,564,936,436,885,361,888,350,939,180,983,79,1000,0,814,341,817,147,858,194,874,278,743,364,742,186,802,238,829,321,674,415,717,310,773,328,801,380
1786208529.401,748,748,847,683,922,564,930,433,886,341,901,355,946,186,984,80,1000,0,829,345,828,150,858,193,874,272,760,366,753,189,805,236,834,313,693,415,726,310,778,326,810,377
1786208529.586,752,752,851,678,927,567,949,440,906,349,906,350,950,183,985,80,1000,0,838,340,838,149,867,185,884,256,772,360,763,187,811,228,841,302,707,409,735,310,784,318,816,360
1786208529.752,751,751,851,675,927,564,947,435,904,344,905,347,950,182,984,80,1000,0,836,338,834,149,860,174,879,240,771,358,761,188,808,225,842,297,708,407,735,309,783,316,818,358
1786208529.942,746,746,847,678,925,564,944,437,903,346,903,348,945,179,983,80,1000,0,833,338,829,141,864,181,884,262,768,359,757,183,809,224,840,301,704,409,729,301,780,308,813,354
1786208530.100,748,748,850,677,926,563,946,436,905,344,903,350,945,180,984,79,1000,0,833,340,823,138,860,177,881,256,768,359,757,181,810,222,841,297,705,408,728,302,779,309,814,353
1786208530.277,750,750,851,678,927,563,949,435,907,343,903,349,946,180,984,79,1000,0,834,338,827,138,864,180,884,260,770,357,759,180,813,222,844,297,706,405,731,302,783,309,817,353
1786208530.453,754,754,852,680,925,567,946,443,909,348,903,351,946,183,984,80,1000,0,835,341,821,138,858,174,881,254,771,361,761,190,814,227,845,300,709,409,728,299,779,306,813,354
1786208530.648,750,750,850,679,927,568,946,441,901,351,907,352,946,184,984,81,1000,0,836,342,828,145,867,190,889,271,770,362,764,192,818,235,848,308,708,411,735,310,787,321,818,366
1786208530.832,745,745,850,673,925,558,935,431,894,344,898,347,939,177,980,79,1000,0,828,338,820,138,856,183,876,263,762,358,759,188,811,229,840,302,697,405,728,304,778,314,809,360
1786208531.004,748,748,848,683,924,575,949,452,911,360,906,355,946,181,984,80,1000,0,838,344,830,145,862,184,881,260,774,362,763,188,813,230,842,304,712,407,735,304,782,314,814,360
1786208531.174,748,748,849,677,926,568,947,441,903,353,904,352,947,181,984,80,1000,0,835,341,832,146,862,184,879,260,771,360,763,188,809,229,837,303,710,407,734,307,782,317,815,363
1786208531.350,749,749,851,673,927,562,944,437,900,352,901,349,942,182,981,81,1000,0,833,340,830,139,866,183,884,262,769,361,766,189,815,233,840,308,705,410,730,305,779,314,809,359
1786208531.537,738,738,841,669,916,557,937,428,896,333,903,350,945,182,982,83,1000,0,835,336,828,146,859,183,879,259,771,353,765,188,811,224,838,299,708,397,730,294,778,301,811,348
1786208531.701,742,742,846,674,921,561,941,438,904,346,902,353,944,183,982,82,1000,0,833,342,827,148,862,186,882,264,768,360,762,190,810,223,838,297,704,406,724,301,773,305,808,351
1786208531.895,743,743,847,676,921,562,939,437,901,341,903,350,945,179,983,81,1000,0,832,338,826,144,860,181,880,256,768,356,759,185,808,219,837,293,706,402,727,299,776,305,810,351
1786208532.071,745,745,845,673,918,562,940,440,906,344,900,348,943,179,981,79,1000,0,831,339,825,142,859,178,879,252,767,358,759,186,808,223,839,299,704,406,723,299,771,305,805,352
1786208532.260,746,746,849,677,924,563,943,441,904,347,902,349,945,180,983,81,1000,0,832,339,825,142,860,183,880,261,768,358,760,189,811,226,842,299,705,405,724,301,774,307,810,352
1786208532.423,742,742,844,671,919,559,941,436,905,341,903,347,946,179,982,81,1000,0,834,336,831,147,863,187,882,264,769,355,765,192,812,227,841,300,705,402,726,300,774,306,809,352
1786208532.610,742,742,843,673,918,564,942,446,908,351,898,348,941,178,981,80,1000,0,829,338,822,142,860,194,879,275,765,358,758,188,811,234,839,311,703,407,722,305,772,315,804,362
1786208532.785,736,736,837,668,916,561,939,441,901,346,899,345,943,179,981,83,1000,0,831,335,824,146,855,190,874,268,766,356,761,192,807,234,833,310,703,404,724,302,771,311,805,359
1786208532.947,733,733,831,665,911,560,934,439,896,342,900,343,943,180,980,82,1000,0,831,331,828,150,857,186,876,262,766,352,762,192,808,231,834,308,701,399,726,300,773,309,806,358
1786208533.140,736,736,836,671,914,563,938,444,903,350,901,348,944,180,981,82,1000,0,833,338,831,148,863,192,882,272,770,357,767,193,812,233,837,309,707,405,728,304,774,312,807,358
1786208533.322,739,739,840,673,917,563,939,443,902,349,902,347,944,180,981,82,1000,0,834,338,830,143,863,188,883,267,770,359,764,191,811,232,839,306,707,409,727,306,774,314,807,359
1786208533.495,737,737,838,672,916,563,940,444,903,351,899,347,942,178,981,79,1000,0,831,337,829,141,864,181,885,260,767,358,766,189,814,228,840,303,703,407,725,304,772,311,803,356
1786208533.669,738,738,838,671,916,563,939,442,902,347,902,349,944,180,981,82,1000,0,834,339,833,147,867,192,886,272,769,360,766,193,813,234,839,310,704,409,726,306,773,313,807,357
1786208533.854,737,737,837,676,915,567,939,447,902,353,899,348,942,179,981,80,1000,0,832,337,830,140,865,182,885,264,767,357,766,186,814,228,839,305,704,406,729,303,776,312,806,359
1786208534.026,740,740,840,672,918,566,940,448,901,356,898,347,943,179,981,79,1000,0,830,339,829,143,862,185,882,265,766,360,764,191,811,235,837,312,702,410,726,307,774,318,807,365
1786208534.204,741,741,842,670,920,561,940,440,902,346,900,344,944,176,981,79,1000,0,831,336,833,143,864,183,884,261,767,358,766,192,814,233,841,308,702,408,726,307,775,314,810,357
1786208534.377,737,737,839,671,917,564,940,446,906,351,901,345,944,179,981,80,1000,0,832,335,829,142,864,181,886,259,767,356,767,189,815,230,842,307,702,405,728,304,777,312,809,358
1786208534.569,739,739,842,674,919,562,942,441,905,346,903,348,945,180,982,81,1000,0,835,338,831,140,866,181,887,261,770,357,768,188,817,230,843,307,706,406,729,302,778,312,810,359
1786208534.751,737,737,838,671,918,562,942,441,904,347,899,343,943,177,981,79,1000,0,831,334,830,139,865,178,887,258,766,356,764,189,813,229,841,305,700,406,725,303,774,309,807,355
1786208534.917,736,736,835,665,915,558,938,435,901,336,902,337,944,177,980,80,1000,0,833,325,837,141,865,175,885,249,768,346,767,182,812,220,839,297,702,396,731,296,779,305,812,353
1786208535.093,738,738,840,667,919,558,940,437,907,339,902,340,945,176,980,79,1000,0,833,330,833,139,864,173,886,249,768,352,767,187,814,226,843,303,702,403,727,302,775,309,809,354
1786208535.268,734,734,836,670,916,560,942,438,907,341,900,344,943,179,980,80,1000,0,832,332,833,140,867,179,888,257,767,351,768,183,816,225,842,303,702,399,732,299,780,309,813,356
1786208535.447,736,736,836,668,917,560,942,440,905,343,900,344,943,179,980,81,1000,0,832,334,834,144,865,182,885,259,767,354,766,186,813,228,841,305,702,403,729,301,777,311,811,358
1786208535.624,735,735,836,667,916,560,939,440,903,341,898,341,943,177,979,81,1000,0,830,329,832,141,860,179,879,255,765,349,767,185,811,225,838,301,702,399,732,299,779,309,813,355
1786208535.819,735,735,834,667,914,559,939,435,901,334,899,339,943,177,979,81,1000,0,830,327,832,141,860,180,879,254,765,348,767,183,812,225,839,300,703,397,733,298,781,310,813,356
1786208535.994,736,736,836,667,916,560,940,437,900,337,900,340,944,177,980,81,1000,0,831,329,833,143,861,181,880,254,767,349,768,185,813,226,840,301,704,398,734,298,781,309,814,357
1786208536.171,735,735,835,671,915,564,941,442,903,345,897,343,942,179,979,81,1000,0,829,331,831,145,860,182,880,256,764,349,767,184,811,226,837,302,701,397,733,299,780,311,811,359
1786208536.353,733,733,833,667,914,562,939,440,901,341,897,340,942,177,979,80,1000,0,829,329,828,143,856,180,876,257,764,349,765,186,809,228,835,306,701,397,733,299,779,312,810,360
1786208536.517,737,737,836,670,915,564,938,445,902,349,898,343,942,178,979,80,1000,0,829,332,834,140,865,185,883,265,764,353,766,184,812,229,839,306,700,404,731,304,779,316,811,362
1786208536.661,739,739,838,672,917,564,941,446,907,350,900,345,943,180,980,81,1000,0,832,335,833,140,867,182,886,262,768,356,767,186,816,231,843,309,705,406,732,302,781,313,814,362
1786208536.823,737,737,838,670,917,558,936,438,897,342,899,340,942,178,979,81,1000,0,830,330,829,140,860,181,878,261,765,353,766,185,812,229,837,306,703,405,733,301,780,315,809,364
1786208536.995,740,740,842,677,922,569,942,452,905,360,900,341,943,176,980,79,1000,0,830,331,834,134,867,181,886,262,765,353,768,183,815,233,838,311,702,406,734,305,781,321,810,369
1786208537.181,736,736,835,672,913,568,939,453,905,358,896,344,941,179,979,81,1000,0,827,334,830,146,856,185,874,262,762,356,765,189,808,235,832,313,699,405,731,303,777,318,808,368
1786208537.354,736,736,835,672,914,563,937,443,903,344,897,341,941,178,979,81,1000,0,828,331,830,143,862,186,882,265,763,353,767,188,813,232,837,309,701,404,733,301,781,315,810,363
1786208537.533,731,731,831,667,912,559,932,440,899,339,894,340,939,177,977,81,1000,0,825,329,822,137,854,182,876,262,760,350,764,186,809,233,833,312,698,401,730,299,778,313,807,363
1786208537.708,731,731,831,673,911,565,935,444,900,343,892,342,939,177,977,80,1000,0,823,330,822,137,853,180,873,262,758,352,764,186,809,233,833,310,695,403,730,303,778,316,809,365
1786208537.896,733,733,834,671,914,564,935,445,901,347,894,342,940,177,978,80,1000,0,826,332,828,143,858,186,876,266,761,355,765,190,808,236,832,313,698,406,732,305,778,319,808,367
1786208538.069,732,732,833,667,912,560,936,441,905,339,895,344,942,180,979,81,1000,0,827,333,828,144,856,177,875,252,764,352,767,189,811,230,835,308,702,399,734,301,781,313,812,362
1786208538.249,737,737,838,677,917,569,938,453,900,360,896,343,940,177,980,80,1000,0,827,332,830,135,865,183,882,267,762,355,766,185,814,234,837,312,699,408,733,307,782,325,811,374
1786208538.421,736,736,838,675,918,569,939,452,900,359,896,345,941,178,980,80,1000,0,827,334,832,135,867,183,884,267,762,357,767,185,815,235,839,313,699,411,732,311,783,326,813,375
1786208538.596,734,734,834,674,915,567,936,449,900,355,894,343,939,178,978,80,1000,0,825,332,829,139,862,187,881,272,759,354,764,187,809,236,832,314,695,405,730,306,777,324,806,372
1786208538.781,735,735,836,674,916,564,937,445,903,349,897,343,942,177,980,80,1000,0,828,333,831,135,864,183,883,266,763,354,769,185,816,234,841,312,700,405,734,307,782,324,813,373
1786208538.949,732,732,832,673,912,565,935,446,900,348,894,341,940,176,978,80,1000,0,825,330,829,141,861,190,881,271,760,352,765,186,811,235,835,311,698,403,734,306,782,323,812,372
1786208539.142,735,735,834,676,913,568,937,451,901,357,892,343,937,176,978,79,1000,0,823,332,827,140,860,188,879,271,757,355,763,187,810,237,833,314,694,409,732,310,782,329,810,377
1786208539.320,735,735,835,674,916,569,939,454,903,360,896,340,941,175,979,80,1000,0,826,330,832,139,864,190,881,272,760,353,766,187,811,239,834,316,697,407,733,310,781,329,809,377
1786208539.493,737,737,837,676,917,570,938,453,901,357,895,341,940,175,979,79,1000,0,825,331,830,137,864,184,881,266,758,355,763,184,811,235,835,313,695,410,731,312,782,330,813,378
1786208539.680,736,736,836,675,917,569,940,453,901,361,894,345,939,178,979,80,1000,0,826,333,831,134,867,186,884,270,760,355,766,183,816,234,839,313,698,409,733,309,785,328,816,379
1786208539.846,734,734,837,673,919,568,941,451,901,359,897,339,941,175,979,80,1000,0,828,328,834,135,866,184,882,265,763,350,770,184,816,235,839,312,701,402,738,306,787,325,816,375
1786208540.026,733,733,835,676,916,571,937,454,898,361,895,341,941,176,979,80,1000,0,826,330,832,142,864,190,881,271,760,352,766,186,811,236,836,313,698,405,737,307,785,329,813,380
1786208540.214,734,734,836,675,917,570,938,452,899,358,896,343,941,176,979,80,1000,0,827,332,832,138,864,188,882,271,762,354,769,188,814,241,836,320,699,406,735,312,784,332,812,382
1786208540.376,733,733,833,673,914,568,935,452,899,359,893,343,940,176,979,79,1000,0,824,333,831,139,863,189,878,272,759,356,767,187,812,241,834,320,695,410,731,315,780,336,809,386
1786208540.564,734,734,835,668,915,562,936,442,900,347,893,342,941,175,979,78,1000,0,826,332,833,140,863,184,882,264,761,354,767,188,813,238,839,316,696,405,732,308,779,326,810,376
1786208540.741,735,735,836,672,916,569,939,455,902,363,894,340,940,175,979,79,1000,0,825,330,829,140,859,189,876,270,760,353,765,190,810,241,833,319,697,406,733,311,781,331,810,379
1786208540.918,734,734,833,674,913,567,937,450,904,355,895,341,940,176,979,80,1000,0,826,330,828,139,861,186,881,270,761,352,766,187,812,237,834,315,700,403,737,307,784,327,810,377
1786208541.095,734,734,834,676,914,571,939,455,903,364,893,342,938,176,978,79,1000,0,823,332,826,139,860,188,880,272,757,356,762,189,809,239,834,316,695,409,731,309,780,329,810,378
1786208541.274,732,732,831,676,911,565,932,444,897,348,892,343,939,177,979,80,1000,0,823,331,827,141,861,192,880,277,757,354,763,191,809,242,832,319,695,405,732,311,781,331,809,379
1786208541.445,730,730,830,676,912,570,937,453,901,362,891,343,938,176,978,79,1000,0,822,332,829,140,864,189,883,273,757,354,765,186,811,238,833,316,693,406,734,310,783,331,810,380
1786208541.629,730,730,829,674,910,569,934,454,898,360,891,340,938,176,978,79,1000,0,822,330,827,141,859,188,878,270,756,354,763,187,808,239,832,317,693,407,733,310,781,332,810,382
1786208541.829,729,729,828,674,910,569,938,454,904,360,889,342,936,176,977,79,1000,0,821,331,828,142,863,188,883,270,756,353,764,184,811,236,834,315,695,405,734,308,784,330,812,380
1786208541.995,729,729,826,674,909,568,937,452,904,356,888,342,936,177,976,80,1000,0,821,331,826,145,858,189,878,269,756,353,763,189,809,237,833,314,694,403,734,308,782,328,811,377
1786208542.166,728,728,827,675,910,568,936,451,903,354,890,343,937,179,977,80,1000,0,821,331,823,142,856,184,876,263,757,352,764,187,811,237,833,314,695,403,736,309,783,328,808,378
1786208542.341,732,732,831,677,912,568,936,450,903,354,892,342,938,176,978,80,1000,0,823,330,828,141,862,188,881,269,758,352,767,185,813,239,835,318,697,405,738,311,787,334,812,384
1786208542.517,732,732,833,674,915,568,936,452,899,360,894,339,939,174,978,79,1000,0,824,329,829,137,862,185,881,267,760,351,765,182,812,237,836,317,698,404,736,310,786,333,814,384
1786208542.697,734,734,834,675,915,570,936,455,898,362,893,340,939,175,979,80,1000,0,824,330,826,138,862,189,881,271,759,353,764,186,813,241,836,321,698,407,734,312,784,334,812,384
1786208542.867,735,735,833,676,913,570,937,455,903,358,894,344,940,178,979,81,1000,0,825,332,828,136,864,186,884,271,760,354,767,185,814,241,837,322,699,407,735,313,784,334,813,384
1786208543.061,733,733,830,677,909,571,936,458,905,362,891,346,938,178,978,81,1000,0,822,334,828,141,863,189,882,272,758,356,764,185,812,237,835,317,697,409,734,313,785,334,814,385
1786208543.235,733,733,830,672,911,564,936,446,905,347,893,341,940,176,978,80,1000,0,825,330,833,141,867,189,887,268,760,353,765,181,815,238,841,318,699,406,737,311,787,334,817,385
1786208543.415,728,728,825,675,907,570,936,455,905,360,889,339,938,175,977,79,1000,0,821,328,827,141,860,189,879,270,757,350,763,185,809,238,833,316,695,402,736,310,784,333,812,383
1786208543.599,727,727,823,675,905,565,931,444,902,340,889,344,937,178,976,80,1000,0,821,331,828,144,859,187,879,266,757,351,765,185,810,235,834,311,695,401,736,309,783,331,809,379
1786208543.767,729,729,827,675,911,569,938,453,900,358,892,344,938,176,978,80,1000,0,824,331,832,140,866,188,885,272,759,353,767,183,813,235,836,314,698,406,735,310,784,331,811,381
1786208543.944,730,730,828,676,911,570,940,453,904,358,893,343,939,177,978,80,1000,0,825,330,832,139,866,188,885,272,760,351,767,183,814,234,838,311,699,404,738,309,786,329,814,378
1786208544.116,728,728,826,673,909,563,933,441,897,344,890,340,937,177,976,81,1000,0,822,328,825,138,859,188,881,271,757,349,763,184,810,235,835,312,696,401,735,305,784,326,811,375
1786208544.322,732,732,830,675,911,568,937,453,901,360,894,343,939,177,978,81,1000,0,826,332,832,138,868,190,888,275,761,353,768,183,816,237,840,317,700,406,738,310,788,331,816,380
1786208544.494,732,732,831,679,911,572,939,458,903,364,891,346,938,178,978,81,1000,0,823,335,829,137,868,190,889,275,760,356,767,182,817,237,840,318,699,408,738,309,789,332,816,385
1786208544.661,731,731,828,679,910,575,934,461,894,369,891,347,937,180,977,82,1000,0,822,334,827,139,862,193,882,278,757,357,765,188,812,248,833,327,696,411,734,320,784,344,810,392
1786208544.851,728,728,825,676,908,571,935,456,899,364,889,346,937,179,976,82,1000,0,822,332,829,138,864,190,884,273,758,352,767,183,813,240,836,319,698,403,739,311,787,335,812,384
1786208545.013,730,730,829,674,911,570,937,454,899,364,890,342,937,176,977,80,1000,0,822,329,831,146,864,198,882,279,757,351,765,187,812,243,836,320,696,403,738,313,787,338,814,389
1786208545.190,728,728,826,675,910,569,937,450,902,352,888,341,935,178,975,81,1000,0,820,327,829,145,861,193,881,271,755,349,765,187,810,240,834,317,695,401,737,310,784,334,811,385
1786208545.364,731,731,829,675,910,569,935,452,902,354,891,343,938,177,977,81,1000,0,823,330,835,144,867,193,884,274,759,352,767,184,813,238,836,315,697,405,739,314,788,337,815,387
1786208545.512,728,728,826,675,910,568,933,448,900,347,890,342,937,177,976,80,1000,0,822,329,833,144,864,190,882,269,757,351,766,184,811,237,834,315,695,403,737,311,785,334,811,384
1786208552.344,736,736,834,695,912,583,932,465,894,374,892,364,940,186,979,81,1000,0,822,354,820,147,859,187,881,276,754,378,759,197,810,247,831,327,689,431,718,324,771,343,801,398
1786208552.564,747,747,844,693,922,579,936,464,899,376,899,359,948,188,984,82,1000,0,829,353,833,154,872,200,892,288,762,379,768,208,824,257,850,336,695,432,728,325,784,346,817,403
1786208552.721,753,753,853,706,936,590,949,468,903,381,912,369,955,189,987,84,1000,0,841,361,842,164,881,211,902,296,774,386,778,217,830,267,852,342,710,439,741,334,795,352,827,403
1786208552.903,761,761,861,714,942,596,953,477,911,397,912,369,955,191,990,82,1000,0,839,366,828,172,873,221,894,310,770,397,766,232,829,281,855,358,704,457,732,352,790,365,821,413
1786208553.072,770,770,870,709,950,593,973,472,933,382,921,371,956,190,988,85,1000,0,850,365,839,167,879,208,904,293,784,391,780,217,831,259,856,336,721,446,746,337,796,345,825,390
1786208553.265,776,776,879,707,957,590,973,466,926,383,925,366,958,188,989,84,1000,0,852,360,839,159,879,203,903,286,786,387,778,213,830,259,856,336,723,443,747,338,797,347,828,393
1786208553.429,778,778,879,714,959,597,974,472,927,387,931,374,965,198,990,88,1000,0,859,368,843,179,874,209,898,286,792,394,783,229,829,261,859,334,727,450,747,344,793,348,827,393
1786208553.598,779,779,883,709,961,590,973,461,923,372,931,368,962,191,990,86,1000,0,860,362,846,169,878,204,901,285,794,388,780,219,830,254,860,329,729,444,750,337,797,342,831,388
1786208553.744,781,781,887,710,966,589,976,462,930,373,934,365,963,188,990,83,1000,0,862,361,844,166,879,195,905,275,795,388,784,224,833,255,863,328,729,444,751,340,798,342,832,384
1786208553.906,778,778,881,710,956,590,971,464,932,374,931,368,963,191,989,86,1000,0,858,361,841,165,873,203,898,283,792,385,781,216,827,251,856,325,728,440,749,338,795,342,828,383
1786208554.094,780,780,885,710,961,583,973,453,930,373,932,369,963,190,991,84,1000,0,860,363,839,169,877,197,905,277,794,388,776,218,827,243,860,316,730,442,745,339,793,336,827,377
1786208554.255,788,788,894,713,970,591,984,463,939,376,938,372,966,192,992,86,1000,0,865,366,846,164,885,198,912,276,799,390,785,218,835,248,867,321,736,444,753,341,800,340,835,381
1786208554.437,785,785,890,706,964,580,964,446,912,361,935,363,966,191,991,85,1000,0,863,356,847,170,877,196,902,272,796,381,777,215,826,238,862,309,731,437,744,334,791,332,829,375
1786208554.625,789,789,895,705,964,581,965,452,923,366,931,370,963,193,991,85,1000,0,858,365,840,162,874,202,896,282,790,390,775,218,826,254,858,324,727,445,750,344,799,347,833,386
1786208554.811,793,793,894,714,964,591,972,459,928,368,936,374,968,194,991,85,1000,0,864,368,853,166,878,195,898,269,797,393,781,216,825,249,858,320,734,446,756,343,800,346,834,387
1786208554.974,791,791,897,717,968,588,974,456,935,365,938,374,967,193,992,85,1000,0,863,370,840,171,873,194,900,266,796,395,773,220,822,240,858,306,733,449,750,342,797,337,834,374
1786208555.156,789,789,893,717,968,586,978,453,933,363,935,370,965,192,991,86,1000,0,863,363,847,164,878,192,900,269,796,386,779,210,830,238,863,314,732,438,751,327,798,330,832,379
1786208555.328,790,790,891,714,966,589,980,454,933,368,938,371,965,195,990,87,1000,0,867,364,851,172,882,196,906,268,801,388,784,218,831,236,865,305,737,439,753,328,800,325,836,369
1786208555.508,789,789,894,710,965,582,973,450,933,359,936,371,966,191,991,86,1000,0,863,365,848,169,878,194,900,265,797,387,779,213,827,237,862,307,731,437,750,326,797,327,834,373
1786208555.679,785,785,889,706,964,580,974,449,931,360,933,368,964,192,990,86,1000,0,861,361,845,167,875,191,898,264,795,383,779,214,827,234,861,306,730,434,747,327,795,328,832,376
1786208555.894,790,790,890,708,961,581,973,445,926,354,937,372,966,197,990,89,1000,0,866,364,850,170,879,188,902,254,801,385,784,213,830,230,864,302,736,435,752,329,798,325,835,370
1786208556.046,789,789,892,709,964,581,976,446,927,359,937,377,967,199,993,88,1000,0,866,370,848,175,878,197,902,272,800,391,779,217,826,235,859,308,736,443,750,334,797,332,833,379
1786208556.225,789,789,891,705,963,578,974,444,928,353,938,367,966,190,991,87,1000,0,866,358,848,164,880,189,904,256,800,379,783,210,831,230,866,300,734,429,753,326,801,324,840,367
1786208556.400,786,786,889,707,962,580,973,446,927,361,936,367,965,193,990,87,1000,0,864,360,845,167,876,192,901,263,797,383,779,216,827,235,862,305,732,435,750,330,796,327,833,369
1786208556.578,789,789,889,721,964,597,978,470,934,383,936,385,968,203,994,88,1000,0,864,378,848,180,887,207,914,288,795,400,780,224,830,244,861,316,729,452,753,347,801,346,834,388
1786208556.759,788,788,889,710,961,585,979,458,936,368,932,366,964,194,991,86,1000,0,859,361,844,168,880,198,905,276,792,386,778,216,829,240,863,313,726,441,750,338,801,337,837,380
1786208556.927,785,785,888,714,964,586,978,455,932,362,936,379,966,201,993,89,1000,0,865,371,849,172,884,204,904,285,799,392,784,214,833,240,860,317,735,442,754,332,800,331,828,378
1786208557.079,783,783,884,718,961,592,979,457,930,361,933,385,964,201,993,88,1000,0,862,376,847,175,883,202,905,282,796,396,780,219,832,246,860,321,732,445,749,332,798,333,830,381
1786208557.230,789,789,889,717,965,592,981,459,933,368,933,383,965,201,993,88,1000,0,860,375,842,174,879,201,903,280,793,398,777,218,829,246,858,322,728,451,750,341,799,341,831,387
1786208557.415,784,784,885,715,960,590,980,463,933,371,932,371,963,196,991,88,1000,0,860,365,844,164,879,204,900,287,794,388,779,210,830,241,860,321,729,441,752,331,800,335,831,387
1786208557.558,782,782,883,712,957,590,977,463,934,369,931,372,964,197,992,88,1000,0,859,364,844,166,880,203,903,284,793,386,778,212,830,243,862,321,730,438,753,333,802,338,836,387
1786208557.723,785,785,890,721,964,596,971,462,921,377,933,385,967,202,993,88,1000,0,860,375,846,180,877,207,902,286,792,398,775,221,821,249,852,323,727,451,749,347,797,351,831,398
1786208557.887,783,783,881,723,956,602,974,474,927,380,929,388,961,204,990,89,1000,0,855,380,837,182,873,214,897,298,786,405,771,227,822,261,849,337,721,459,743,351,793,357,822,407
1786208558.072,781,781,883,733,957,604,974,471,921,385,930,395,962,208,990,86,1000,0,854,387,842,191,875,210,901,291,785,412,771,231,821,263,850,342,720,467,740,354,789,356,821,405
1786208558.239,781,781,887,749,967,621,987,487,932,400,932,412,967,218,991,90,1000,0,855,402,843,210,880,216,912,292,785,426,771,243,821,274,850,353,719,480,736,363,790,373,823,430
1786208558.415,786,786,885,745,963,617,980,484,926,393,933,404,964,210,992,89,1000,0,855,397,838,198,880,220,911,302,786,425,768,241,825,275,854,353,721,483,736,366,789,370,822,419
1786208558.603,785,785,884,741,960,615,976,485,924,396,933,398,965,209,991,86,1000,0,858,391,844,198,880,217,910,298,788,419,772,238,824,269,854,348,722,478,738,362,789,368,823,421
1786208558.773,788,788,890,753,970,622,988,486,928,401,935,409,967,218,991,91,1000,0,857,399,846,205,885,219,916,299,786,425,771,241,822,273,851,353,721,482,740,367,794,377,826,432
1786208558.959,789,789,890,747,966,617,987,483,934,395,933,404,967,209,993,90,1000,0,857,396,845,195,884,222,913,303,789,422,773,236,825,270,854,348,727,478,743,356,796,365,829,418
1786208559.136,783,783,885,741,962,612,983,476,928,382,932,400,965,210,992,88,1000,0,854,392,841,198,882,218,915,300,785,418,768,235,823,272,853,352,721,475,739,358,793,367,827,421
1786208559.311,781,781,883,731,958,605,977,470,925,376,933,395,965,207,992,87,1000,0,859,387,848,193,880,209,905,285,791,412,779,234,827,262,855,341,726,465,745,351,793,352,826,404
1786208559.490,782,782,883,740,960,612,980,478,927,381,933,400,964,211,992,88,1000,0,857,393,844,200,885,219,915,301,788,420,770,237,826,272,856,353,722,476,739,358,793,368,826,424
1786208559.681,785,785,886,738,965,610,979,474,924,385,936,394,966,206,992,87,1000,0,858,388,844,192,880,211,908,289,788,417,772,237,825,267,856,344,722,476,740,360,791,363,826,414
1786208559.847,782,782,882,742,962,613,980,479,918,392,931,398,963,210,989,87,1000,0,853,392,839,204,879,221,913,302,782,422,765,242,820,277,851,358,717,482,736,366,790,376,824,431
1786208560.030,786,786,883,740,961,611,981,476,929,382,934,398,965,207,992,88,1000,0,857,390,844,192,882,210,911,287,787,418,772,233,825,267,857,346,721,476,741,358,793,362,828,412
1786208560.207,786,786,885,738,963,613,984,479,931,384,935,397,964,208,992,88,1000,0,859,389,844,193,883,214,913,296,789,416,773,235,828,266,859,346,723,473,744,359,797,366,831,420
1786208560.392,785,785,883,732,960,611,979,483,931,387,931,392,962,207,990,88,1000,0,857,385,841,190,878,209,905,286,790,412,777,234,828,263,855,338,725,467,747,355,797,360,828,411
1786208560.560,786,786,885,733,962,606,982,472,934,374,936,391,965,203,992,89,1000,0,862,385,847,186,883,214,909,294,795,411,781,229,833,266,861,343,730,466,750,349,803,355,837,404
1786208560.733,785,785,884,738,962,610,983,479,934,385,934,400,966,208,992,89,1000,0,860,393,847,193,884,215,912,294,791,420,782,237,833,271,862,349,725,476,744,355,797,358,833,408
1786208560.918,789,789,888,725,966,603,991,472,941,382,937,393,969,205,993,91,1000,0,864,386,854,190,886,208,912,278,797,410,785,229,833,259,866,336,732,463,753,352,803,355,842,399
1786208561.087,786,786,882,713,957,589,975,461,933,376,934,374,963,198,988,90,1000,0,864,367,855,175,882,213,901,290,798,391,791,222,838,254,867,329,733,444,756,339,802,344,835,392
1786208561.268,789,789,890,718,967,599,986,477,942,389,936,378,963,196,990,89,1000,0,865,374,853,174,891,216,915,299,798,401,792,229,841,265,867,337,733,456,757,352,806,356,837,396
1786208561.454,790,790,890,713,965,596,981,481,945,397,933,363,960,190,990,88,1000,0,863,364,843,157,880,204,903,284,798,392,786,225,835,261,865,333,736,449,753,340,799,342,833,382
1786208561.641,791,791,890,723,965,603,972,479,931,386,940,377,968,198,991,90,1000,0,867,374,853,169,882,209,904,288,800,399,795,230,838,267,866,340,735,454,758,350,800,359,830,400
1786208561.809,790,790,890,715,965,588,969,459,924,375,940,371,969,194,991,88,1000,0,870,368,853,169,881,205,902,277,805,392,793,220,839,251,872,324,743,445,760,340,804,344,837,387
1786208561.981,783,783,884,715,961,591,966,461,920,371,935,374,963,197,988,90,1000,0,864,370,845,168,877,202,902,275,801,394,789,226,835,257,868,327,738,446,755,341,799,345,832,388
1786208562.174,784,784,885,713,961,586,965,458,919,363,935,364,965,191,988,87,1000,0,864,363,849,165,876,199,901,272,798,391,791,224,833,254,865,323,734,449,757,347,800,351,835,392
1786208562.337,787,787,887,713,964,590,973,463,930,367,939,372,968,195,990,90,1000,0,868,368,852,169,882,209,906,282,804,394,796,225,842,265,872,340,741,450,762,347,807,352,841,394
1786208562.511,785,785,888,714,965,591,968,467,921,375,936,368,965,193,988,88,1000,0,864,366,850,168,881,206,906,280,798,394,794,229,839,268,868,342,734,452,759,349,802,357,833,399
1786208562.700,785,785,888,715,965,592,964,468,914,376,939,364,968,191,990,88,1000,0,867,362,853,164,884,207,908,284,802,390,797,228,841,269,868,343,738,448,762,347,806,356,836,397
1786208562.878,781,781,882,713,960,590,967,464,922,365,936,369,966,195,989,90,1000,0,866,367,851,167,883,210,910,288,802,393,799,229,843,272,871,347,740,449,762,346,805,353,836,395
1786208563.055,783,783,886,715,964,593,969,469,922,380,936,365,965,192,988,88,1000,0,866,364,849,165,881,205,906,278,802,390,795,226,841,267,870,341,739,447,762,347,805,356,835,399
1786208563.245,782,782,885,714,962,592,968,469,923,377,935,366,964,192,988,89,1000,0,866,364,850,166,880,207,904,281,802,391,796,225,840,265,869,339,741,448,763,347,806,355,836,399
1786208563.426,785,785,886,717,963,591,972,468,928,380,937,368,965,194,987,90,1000,0,868,367,854,172,884,210,910,281,803,395,798,226,842,268,873,344,742,453,764,347,809,355,842,398
1786208563.582,783,783,886,713,963,589,972,465,925,382,937,368,964,194,987,90,1000,0,867,366,852,169,883,206,909,279,804,393,798,224,842,264,872,340,742,449,763,344,808,351,842,395
1786208563.762,783,783,886,712,964,586,970,459,924,375,935,367,963,193,987,89,1000,0,866,365,847,167,879,201,906,273,802,391,794,223,840,262,870,338,740,447,762,344,807,352,838,398
1786208563.907,783,783,885,713,961,588,970,462,927,370,934,370,963,194,988,89,1000,0,865,367,848,168,880,203,906,275,801,392,793,223,840,260,871,335,739,448,761,343,806,351,839,397
1786208564.079,787,787,888,717,965,596,970,472,925,380,939,371,967,195,990,90,1000,0,868,368,854,171,885,208,910,279,804,394,798,226,845,263,876,337,741,449,766,349,810,357,840,400
1786208564.247,787,787,888,718,964,599,973,479,932,383,937,371,966,193,990,89,1000,0,868,368,857,170,890,212,914,288,803,395,800,226,847,265,876,340,741,452,765,350,810,358,840,402
1786208564.449,788,788,888,720,964,599,972,477,931,380,938,373,966,195,990,90,1000,0,868,370,858,173,890,215,913,289,804,397,800,227,846,268,874,344,741,454,765,351,809,359,840,404
1786208564.592,789,789,889,722,966,605,976,490,934,402,937,370,962,196,990,90,1000,0,868,367,856,162,896,209,919,293,804,394,801,224,848,261,873,336,741,451,765,342,811,350,840,398
1786208564.769,785,785,886,719,963,603,971,488,933,394,938,376,967,196,991,90,1000,0,867,373,853,171,890,215,916,293,802,399,800,231,847,274,874,350,741,456,765,351,811,358,840,400
1786208564.958,781,781,884,718,962,600,967,482,926,388,937,366,966,193,988,89,1000,0,865,365,850,168,883,208,911,279,800,393,800,229,844,276,873,352,738,452,768,353,812,365,841,406
1786208565.135,783,783,883,719,961,606,971,495,931,406,938,371,967,194,991,90,1000,0,867,369,854,168,889,215,914,294,802,396,800,231,845,274,872,349,740,454,766,351,810,357,840,397
1786208565.312,783,783,883,719,960,603,972,486,934,389,937,376,967,196,990,90,1000,0,866,372,854,171,889,213,915,289,802,397,801,229,847,271,874,347,741,453,769,351,813,360,840,402
1786208565.487,781,781,883,721,961,607,971,494,934,403,934,374,964,195,988,90,1000,0,864,372,851,172,884,213,910,288,800,398,799,231,844,275,871,350,738,455,767,354,813,363,842,403
1786208565.663,785,785,885,727,961,604,971,484,932,386,935,374,966,195,989,89,1000,0,866,371,851,172,886,212,915,291,802,399,800,230,845,276,871,354,742,455,772,353,817,366,845,410
1786209740.636,825,796,921,787,948,598,1000,538,944,449,878,376,925,167,821,84,862,17,797,344,905,216,886,121,866,304,733,453,763,273,806,466,879,260,758,433,775,291,719,419,917,449
1786209740.736,797,788,831,698,940,647,989,423,981,399,868,407,966,225,874,89,948,35,815,391,793,171,932,359,903,429,792,406,809,374,845,443,665,465,730,483,769,289,801,431,982,387
1786209740.836,765,779,932,739,937,626,980,547,933,402,881,347,927,211,924,91,836,0,821,367,834,246,998,258,928,278,704,434,795,425,834,344,877,248,770,540,808,351,922,308,904,630
1786209740.936,757,776,898,706,899,609,941,524,923,502,864,380,955,181,937,124,823,14,846,427,788,165,914,268,927,337,752,446,806,250,975,358,782,447,690,542,828,356,889,435,924,603
1786209741.036,791,768,856,694,954,620,986,540,966,497,887,469,945,189,860,106,912,28,855,395,805,156,854,316,924,115,785,453,749,298,851,232,909,436,768,556,688,350,856,442,898,779
1786209741.136,828,854,934,752,945,635,951,492,943,424,1000,335,948,173,896,120,931,0,805,423,810,237,885,187,1000,377,700,444,760,336,793,312,921,470,681,481,738,366,949,434,743,516
1786209741.236,898,849,829,707,1000,580,992,538,923,416,752,359,899,181,1000,65,898,12,895,344,892,227,821,283,923,205,781,418,797,326,956,224,1000,162,721,531,779,368,802,371,801,510
1786209741.336,818,771,932,739,987,631,949,478,1000,452,898,393,979,194,956,91,912,39,870,428,898,228,924,216,933,271,782,463,752,405,778,226,975,462,750,533,763,352,823,358,938,420
1786209741.436,765,787,911,704,926,616,985,480,944,432,833,348,874,202,942,128,981,5,834,360,841,214,902,172,948,503,774,454,825,267,862,322,888,291,728,526,844,458,978,352,929,450
1786209741.536,901,765,858,702,878,587,951,510,981,520,942,373,865,216,845,136,1000,0,764,449,836,285,783,192,908,295,761,464,740,281,855,361,938,252,668,568,782,360,933,414,955,440
1786209741.636,896,882,883,765,981,658,944,534,1000,326,845,330,898,221,1000,97,1000,0,764,396,858,225,754,235,808,382,792,392,767,230,843,396,799,430,707,456,758,344,776,322,1000,437
1786209741.736,770,812,889,717,980,635,959,477,953,297,830,429,998,201,958,103,1000,39,830,362,772,237,835,121,859,138,843,476,792,371,852,254,1000,434,687,489,716,324,886,539,731,484
1786209741.836,773,780,868,692,959,575,986,501,955,371,873,411,938,186,930,112,819,24,808,419,808,143,781,247,928,163,803,359,789,222,802,325,809,333,765,468,810,339,857,506,637,362
1786209741.936,828,793,909,702,960,601,1000,514,981,398,877,377,933,197,941,141,982,0,885,382,753,180,766,213,910,523,791,426,832,167,863,381,759,500,740,476,799,533,831,423,813,357
1786209742.036,840,763,896,707,975,619,1000,480,953,367,879,400,952,187,975,126,953,60,803,351,764,297,922,238,930,132,873,442,797,329,880,338,815,427,798,572,852,374,744,397,857,532
1786209742.136,725,871,887,709,919,544,1000,506,906,351,884,438,898,175,909,90,754,7,826,424,922,280,865,148,1000,297,779,434,802,281,808,278,877,316,700,505,750,489,620,482,961,248
1786209742.236,787,785,834,695,916,673,1000,560,999,359,875,404,848,221,909,88,972,21,820,441,794,256,918,216,933,114,814,427,767,347,799,211,752,441,678,594,649,500,833,399,805,469
1786209742.336,800,852,898,732,943,605,987,426,904,459,907,384,913,213,892,79,939,0,852,334,886,249,898,327,1000,430,707,377,762,290,883,264,895,293,703,423,713,326,745,479,770,669
1786209742.436,824,810,857,754,935,611,1000,499,1000,382,898,441,879,243,966,84,967,35,861,339,810,215,877,296,922,102,793,464,819,349,904,357,874,194,743,510,779,330,737,479,849,495
1786209742.536,803,803,933,706,960,589,962,489,976,394,956,363,902,197,1000,100,993,0,846,431,845,277,850,364,1000,238,761,503,868,260,818,299,770,275,688,457,762,417,933,336,938,414
1786209742.636,800,833,846,742,963,625,987,614,936,391,871,373,878,230,1000,83,873,22,812,421,850,156,977,397,861,235,789,451,824,400,835,259,767,295,725,596,735,416,816,489,1000,386
1786209742.736,780,849,922,800,978,593,997,553,1000,447,948,424,984,219,914,99,1000,0,851,383,843,287,894,247,804,393,803,535,777,301,864,444,872,406,750,509,739,414,897,334,864,371
1786209742.836,856,733,870,741,1000,604,958,588,899,302,919,375,858,221,938,83,844,33,862,394,922,177,788,184,905,323,769,452,732,369,841,408,908,425,748,523,799,479,832,455,845,563
1786209742.936,771,884,892,669,962,581,1000,473,945,319,879,319,829,222,970,105,864,8,835,354,907,268,868,245,924,4,768,404,744,273,970,371,833,438,780,549,767,366,870,433,931,490
1786209743.036,850,778,949,734,1000,581,1000,512,936,394,885,402,939,194,922,143,1000,21,837,402,868,179,866,100,939,379,759,508,733,208,862,403,1000,325,768,497,754,454,866,295,981,557
1786209743.136,774,820,914,737,936,581,976,556,991,400,934,306,972,170,902,71,843,40,816,411,839,249,887,133,984,220,718,416,864,336,823,294,853,602,741,522,821,417,798,392,846,430
1786209743.236,835,804,924,723,960,531,1000,519,1000,265,994,385,970,185,960,73,886,61,827,406,879,250,891,274,1000,281,786,484,845,355,891,232,1000,250,738,458,760,422,841,435,993,474
1786209743.336,791,846,944,677,979,633,967,565,959,426,891,390,854,177,1000,77,863,0,809,348,913,274,839,436,983,243,681,541,725,198,917,512,993,437,749,545,806,419,825,401,787,408
1786209743.436,725,798,852,682,963,659,1000,432,920,470,854,383,941,186,930,67,888,18,769,414,841,253,896,360,918,229,783,461,794,291,799,269,765,566,679,461,724,454,796,493,794,459
1786209743.536,764,899,843,739,980,622,971,497,968,412,943,454,883,178,918,152,875,53,905,377,866,303,858,225,864,147,753,379,794,246,863,199,907,466,651,519,832,334,942,435,791,429
1786209743.636,827,805,916,690,963,553,973,462,932,485,949,407,855,200,996,99,1000,20,843,386,847,220,926,325,848,103,707,459,739,170,874,516,879,467,730,493,815,387,837,428,794,522
1786209743.736,794,768,916,690,958,606,1000,524,965,463,962,406,912,179,860,89,887,4,838,418,838,250,886,74,836,269,731,463,866,357,832,437,892,338,703,482,743,413,829,406,891,540
1786209743.836,845,735,785,764,906,598,937,421,991,460,873,314,883,214,836,100,925,25,840,361,894,220,880,163,874,165,771,515,726,200,948,305,825,489,704,598,801,375,978,363,917,460
1786209743.936,861,873,895,696,974,581,1000,509,949,429,838,361,975,193,861,108,1000,28,877,369,780,297,862,221,1000,366,796,535,761,340,851,342,1000,431,747,557,744,355,740,268,1000,335
1786209744.036,792,789,906,759,989,585,971,516,954,505,922,411,947,230,934,67,952,0,813,420,895,228,901,389,927,652,800,354,828,310,936,373,868,242,719,453,732,437,942,433,748,473
1786209744.136,856,774,888,727,928,631,973,522,925,396,932,379,1000,198,937,116,836,0,772,445,817,347,847,259,1000,569,858,491,841,322,900,278,813,375,720,474,802,458,824,509,753,416
1786209744.236,770,717,890,721,1000,631,942,587,1000,451,889,361,892,228,1000,130,895,0,841,331,856,220,853,106,947,214,733,303,791,387,961,285,830,426,689,515,806,474,810,391,776,360
1786209744.336,792,819,932,694,1000,596,976,469,854,467,933,381,915,217,831,84,977,0,847,347,862,225,782,343,852,176,786,489,743,292,876,375,894,335,695,504,705,236,850,469,646,343
1786209744.436,830,895,894,697,950,659,955,467,943,369,905,437,929,201,906,62,983,7,828,518,854,192,856,341,917,88,814,405,882,349,816,421,885,468,745,453,728,462,793,377,769,472
1786209744.536,896,754,894,783,954,624,941,522,957,472,953,465,942,213,935,88,948,1,842,447,798,280,963,233,746,204,828,435,744,261,905,364,860,335,712,449,853,385,908,512,940,395
1786209744.636,820,801,855,739,913,652,961,512,979,406,926,376,958,179,931,138,862,0,857,404,857,250,921,338,939,255,804,523,786,235,923,311,702,468,706,494,782,414,870,375,897,410
1786209744.736,836,830,854,770,937,637,989,586,955,401,898,381,954,173,861,72,987,55,831,391,844,281,825,263,983,359,785,482,661,327,802,178,922,525,721,551,853,479,940,458,859,290
1786209744.836,791,764,985,719,961,628,978,580,937,430,865,351,880,205,898,81,836,7,773,426,845,159,863,178,933,476,705,441,784,326,862,262,854,288,768,500,869,400,765,300,695,292
1786209744.936,814,825,826,762,939,612,1000,543,953,372,801,368,901,186,916,98,912,0,842,414,794,293,876,245,962,321,815,449,762,309,768,329,877,352,722,397,734,409,829,334,963,356
1786209745.036,846,821,866,797,913,642,1000,473,1000,406,912,397,905,223,971,58,1000,0,878,440,794,208,814,224,885,398,829,500,765,277,731,258,959,552,680,467,762,419,757,435,811,432
1786209745.136,827,802,875,722,954,593,968,575,992,404,931,380,973,214,917,106,826,0,786,403,917,331,921,286,770,213,747,407,784,263,711,379,792,401,806,449,624,387,900,543,745,478
1786209745.236,781,797,1000,666,966,624,1000,507,980,399,911,379,945,199,946,95,999,8,761,445,802,196,845,361,745,727,819,446,789,305,883,371,925,385,719,491,753,468,862,200,910,451
1786209745.336,801,784,941,764,928,622,944,440,937,466,943,404,950,217,885,105,978,29,885,424,857,277,880,167,896,185,752,429,754,272,717,338,880,286,752,550,675,360,760,340,925,416
1786209745.436,790,711,920,677,959,617,1000,444,827,429,981,426,923,196,972,75,957,23,879,502,859,203,880,91,855,232,758,443,752,351,847,320,853,392,758,452,728,386,717,348,811,512
1786209745.536,814,811,929,721,971,603,986,477,853,412,964,416,963,231,929,100,887,0,861,443,835,206,882,294,798,0,757,379,767,281,816,434,906,408,750,437,821,399,867,331,717,507
1786209745.636,819,761,857,771,913,669,946,532,951,452,874,385,914,186,968,85,912,0,729,390,946,264,881,220,910,365,732,487,826,329,877,322,935,440,713,468,770,492,725,303,867,438
1786209745.736,810,813,884,786,898,575,973,429,958,508,900,396,846,193,901,89,1000,24,789,407,863,280,979,156,846,113,769,457,840,285,825,333,811,603,666,509,876,404,803,381,837,557
1786209745.836,702,872,833,716,941,629,923,524,1000,347,908,370,934,206,885,107,1000,4,865,349,800,249,974,273,884,289,730,463,835,264,815,342,844,368,806,485,744,366,873,393,796,552
1786209745.936,866,775,814,767,931,637,910,543,910,459,900,362,891,220,930,109,1000,0,903,402,802,165,870,322,898,500,722,435,731,309,908,288,666,397,743,521,832,342,868,489,697,462
1786209746.036,779,798,908,707,932,608,940,454,997,358,929,403,821,192,995,74,897,21,868,388,815,294,989,327,915,176,746,460,812,367,892,203,966,266,712,512,874,581,863,393,899,513
1786209746.136,788,883,903,746,981,623,1000,475,940,361,919,412,936,240,923,111,856,0,864,430,829,224,788,212,976,369,797,438,792,252,895,354,920,318,645,558,738,354,869,378,945,489
1786209746.236,833,740,945,737,943,612,916,521,918,348,830,422,879,238,892,58,855,43,829,377,848,250,951,367,881,104,762,448,745,236,871,317,882,292,718,449,813,463,680,341,722,375
1786209746.336,798,736,854,686,964,609,952,511,940,405,975,429,844,223,972,71,979,51,789,363,886,240,916,272,938,104,819,490,781,287,742,361,927,368,769,481,795,345,816,393,872,401
1786209746.436,796,840,875,662,1000,659,933,534,942,434,913,383,871,192,869,78,922,0,864,454,816,238,913,283,914,393,797,379,834,338,795,324,936,352,767,627,721,324,840,456,832,564
1786209746.536,741,833,868,795,1000,578,958,542,948,417,900,333,911,192,894,127,846,31,824,387,876,243,917,326,883,203,736,398,934,358,754,218,919,435,748,485,757,422,824,251,833,357
1786209746.636,810,937,909,714,991,625,991,530,1000,359,921,362,941,187,899,89,989,34,783,400,811,168,868,216,1000,349,725,410,841,405,738,174,1000,418,694,528,619,403,842,470,764,441
1786209746.736,760,814,856,710,920,631,1000,492,967,342,886,388,1000,183,1000,118,944,57,851,412,839,284,950,189,807,260,747,433,852,264,844,325,949,130,704,510,830,375,678,449,797,327
1786209746.836,774,794,868,638,990,655,999,451,956,419,926,409,873,208,951,128,972,30,839,451,859,187,969,303,874,222,790,457,801,306,964,405,895,478,687,520,864,391,754,360,758,363
1786209746.936,785,738,894,762,923,664,994,550,935,465,849,415,921,217,854,76,965,0,855,346,878,169,916,297,855,370,788,411,743,180,871,199,888,346,752,482,746,445,842,428,894,296
1786209747.036,836,830,850,717,955,602,988,568,1000,350,927,428,932,228,1000,118,942,37,841,399,826,300,831,374,946,93,792,339,822,338,806,331,1000,320,686,579,872,403,893,499,788,390
1786209747.136,858,879,917,691,1000,587,965,518,1000,465,918,403,914,218,773,89,942,0,851,390,918,301,853,230,902,226,786,401,737,324,890,258,953,306,736,543,762,429,779,392,835,367
1786209747.236,794,732,873,715,947,598,975,525,1000,385,844,359,886,199,878,67,897,14,860,377,823,184,880,170,952,39,764,449,801,438,871,242,872,181,724,454,814,372,809,361,1000,405
1786209747.336,885,839,914,741,971,534,967,541,963,345,897,439,977,205,980,88,817,0,900,387,831,213,999,382,1000,267,789,366,863,224,862,235,832,284,704,470,734,451,735,421,959,388
1786209747.436,769,792,943,734,937,625,939,534,985,403,861,363,940,231,886,106,793,0,834,363,801,196,900,227,737,0,754,457,659,261,811,429,848,417,732,383,806,416,855,680,671,588
1786209747.536,789,815,892,709,936,619,925,537,946,359,879,426,884,213,880,112,970,59,828,423,846,288,837,307,893,280,782,447,786,301,955,398,951,325,693,551,812,488,773,390,710,398
1786209747.636,847,781,921,719,969,563,980,368,957,333,954,412,936,237,867,134,986,2,883,356,806,199,849,152,1000,253,792,409,704,304,716,316,768,592,761,505,834,355,858,420,876,548
1786209747.736,835,815,823,688,952,610,938,612,1000,452,902,383,862,208,939,69,948,5,756,365,823,315,916,128,945,73,820,414,787,362,759,212,832,489,669,345,739,435,907,373,817,537
1786209747.836,717,784,902,744,938,608,892,473,987,367,902,402,894,210,866,91,966,13,811,406,873,131,953,214,941,456,725,403,778,246,966,254,834,397,681,477,781,384,811,369,720,462
1786209747.936,882,803,903,754,910,671,984,577,932,517,934,406,924,201,995,99,800,0,828,409,839,284,761,255,769,395,774,455,750,360,919,366,869,438,700,545,855,465,763,431,740,485
1786209748.036,822,717,844,715,946,561,990,514,957,379,947,438,887,194,953,88,918,29,756,447,845,208,876,240,776,498,780,456,838,233,879,300,949,143,723,466,788,430,765,356,843,353
1786209748.136,840,785,770,711,918,545,935,508,1000,436,872,403,888,192,855,57,901,13,831,382,800,255,800,309,831,184,721,412,839,318,914,362,789,339,697,571,698,454,884,534,817,497
1786209748.236,906,774,828,651,983,536,964,523,974,442,909,427,862,192,878,114,984,21,885,353,914,298,927,396,781,216,750,469,741,331,941,375,903,267,694,567,807,401,786,264,759,605
1786209748.336,744,811,936,676,964,642,977,633,889,476,891,412,935,191,937,55,965,17,862,437,857,234,827,182,999,489,769,438,748,354,893,473,808,334,735,534,752,353,883,456,773,555
1786209748.436,855,808,897,748,925,608,904,543,894,500,884,383,879,200,1000,41,1000,18,785,357,914,183,811,340,934,158,786,388,845,348,884,349,1000,375,682,523,879,345,791,435,848,346
1786209748.536,853,907,902,690,899,616,1000,524,966,388,849,414,960,174,1000,108,1000,0,778,392,863,311,925,222,830,461,741,511,778,377,894,310,837,338,743,503,731,394,823,257,893,346
1786209748.636,750,725,817,672,931,681,959,511,984,427,896,354,988,243,824,73,909,0,856,370,936,283,895,331,993,210,746,439,834,297,739,258,874,367,802,424,792,489,987,377,895,485
1786209748.736,811,798,912,625,982,612,969,595,935,398,990,365,883,203,974,100,844,0,810,395,860,247,772,334,927,482,795,486,814,364,883,313,1000,472,748,430,693,420,828,363,865,576
1786209748.836,834,750,889,694,942,591,961,446,960,390,766,449,969,198,925,70,1000,61,842,436,849,164,856,254,873,258,774,432,794,230,798,221,960,145,771,574,747,254,791,401,764,387
1786209748.936,871,832,854,663,945,599,994,479,989,523,936,388,902,199,994,82,929,10,814,346,855,224,913,197,1000,166,844,355,813,315,792,354,985,133,746,364,711,497,774,324,835,619
1786209749.036,719,754,957,800,953,560,1000,575,997,376,897,385,929,236,976,72,1000,17,864,453,793,225,849,109,935,640,707,434,823,296,839,219,899,293,643,564,817,406,835,481,872,515
1786209749.136,789,862,907,734,910,618,949,474,928,363,996,428,1000,181,928,68,882,0,887,383,888,255,1000,116,1000,449,740,482,808,276,790,265,1000,375,756,456,721,465,717,377,856,444
1786209749.236,794,820,923,756,920,596,1000,543,902,438,809,391,1000,187,874,113,828,0,860,374,831,262,908,266,882,340,773,457,768,279,779,318,813,254,736,510,807,379,848,444,891,360
1786209749.336,809,819,894,643,963,690,965,470,983,436,953,353,950,218,915,103,992,33,788,429,839,230,886,230,999,277,735,417,801,357,888,254,1000,404,775,491,793,451,908,480,929,405
1786209749.436,776,817,933,717,996,662,946,465,959,436,875,429,934,207,838,67,944,0,877,392,983,335,871,234,984,527,715,353,762,321,881,404,781,122,759,454,653,412,877,397,813,419
1786209749.536,785,741,863,747,969,613,943,495,865,429,964,346,881,213,998,86,882,0,840,475,854,226,902,242,846,404,787,436,745,361,893,278,962,321,697,458,666,430,681,320,672,426
1786209749.636,795,787,849,680,974,586,988,463,974,489,926,377,925,201,924,89,916,15,794,359,781,152,807,257,840,361,779,345,824,334,779,354,810,386,679,402,743,396,788,323,818,458
1786209749.736,800,810,865,773,913,625,1000,525,956,391,946,348,861,198,997,104,864,0,810,371,884,163,981,314,992,224,772,370,767,316,936,234,850,359,674,531,724,392,784,351,852,414
1786209749.836,785,769,907,792,962,644,930,510,915,341,866,424,962,211,833,92,946,14,758,364,839,252,746,229,919,407,805,462,753,183,820,399,994,453,743,519,733,396,942,340,993,405
1786209749.936,862,738,918,697,904,615,1000,465,897,415,895,405,962,205,1000,101,904,0,824,385,883,249,809,258,959,502,812,471,795,311,933,217,851,291,741,566,731,266,787,470,900,472
1786209750.036,789,744,915,693,1000,628,957,475,961,407,950,395,874,245,927,113,887,19,848,327,929,287,857,148,935,301,792,444,816,369,886,239,991,554,846,438,777,284,859,367,1000,364
1786209750.136,725,781,810,756,880,608,906,488,1000,439,860,388,913,216,842,109,753,0,815,422,842,161,821,260,902,208,759,468,767,284,996,210,728,461,701,482,721,388,937,462,928,307
1786209750.236,750,673,859,764,976,598,976,472,975,460,826,398,961,198,965,158,920,20,805,404,861,236,819,261,1000,351,815,425,828,305,782,346,799,306,734,515,698,464,860,356,718,421
1786209750.336,782,807,878,646,942,595,998,471,1000,318,959,383,957,208,991,87,856,48,831,406,895,179,919,192,898,299,720,400,857,338,843,340,856,523,719,511,827,359,934,299,995,400
1786209750.436,791,716,874,685,934,602,1000,512,980,361,859,442,873,240,909,96,995,43,831,383,839,243,937,243,955,518,793,450,719,143,874,313,838,402,724,560,769,360,891,391,899,391
1786209750.536,773,806,894,745,947,537,962,539,952,406,944,369,831,203,895,75,915,22,835,409,920,211,899,199,843,207,759,452,905,249,818,316,912,404,775,367,632,375,899,296,590,485
1786209750.636,813,753,852,688,961,583,994,374,926,360,888,374,954,168,926,108,1000,0,849,330,737,267,882,344,803,361,851,455,805,290,739,427,830,430,667,435,843,383,926,400,692,513
1786209750.736,775,834,895,665,963,690,994,500,1000,431,909,358,924,227,874,127,921,0,877,387,874,213,878,285,930,10,735,478,786,260,754,237,714,364,704,446,760,424,973,300,954,521
1786209750.836,767,811,874,734,1000,630,994,483,897,408,954,345,857,209,865,78,899,0,795,424,785,152,843,306,893,224,780,355,816,310,819,399,787,498,733,481,763,397,908,330,786,526
1786209750.936,775,843,965,710,982,563,1000,512,987,385,824,404,804,200,980,100,1000,37,808,399,839,153,824,195,752,295,768,358,811,329,863,296,928,449,738,454,779,472,773,552,807,436
1786209751.036,772,812,820,705,916,612,1000,532,856,528,913,367,920,210,884,100,888,0,807,344,848,254,914,313,933,214,811,373,748,236,921,395,920,492,693,518,757,452,809,379,900,512
1786209751.136,772,799,849,627,964,630,986,415,950,301,962,358,978,225,870,71,949,0,840,379,764,123,896,195,866,386,824,423,775,317,754,338,925,449,653,458,715,409,853,510,809,389
1786209751.236,854,816,947,738,914,556,924,533,1000,518,938,423,881,182,974,105,933,19,849,446,898,252,934,287,873,394,724,484,734,305,789,364,877,201,743,468,813,403,847,339,801,393
1786209751.336,841,878,859,769,876,562,944,442,893,442,889,400,948,212,963,94,850,38,811,362,834,184,856,272,935,163,759,485,816,404,928,410,766,459,725,469,773,457,855,344,917,376
1786209751.436,812,788,884,757,918,680,915,476,983,451,895,388,933,201,1000,114,982,0,832,386,798,244,849,299,826,529,743,446,830,257,906,225,999,377,704,483,809,370,762,390,750,597
1786209751.536,776,840,902,687,957,636,970,557,1000,469,878,358,880,210,956,48,926,13,824,446,860,288,869,323,1000,472,736,424,775,316,894,255,885,155,781,471,767,386,903,207,851,424
1786209751.636,781,880,856,757,970,654,954,470,1000,442,829,374,932,223,883,32,960,0,751,291,877,233,868,362,957,515,724,434,714,276,830,370,883,443,753,616,747,349,836,350,982,408
1786209751.736,776,781,924,720,933,670,948,504,996,333,921,359,955,186,965,120,982,16,826,376,905,194,818,300,847,156,722,413,788,302,912,362,864,354,746,568,771,376,744,305,911,485
1786209751.836,828,796,953,707,992,605,956,530,985,439,903,388,1000,230,967,98,991,23,836,386,838,79,895,201,1000,292,732,433,741,315,867,396,815,379,675,537,793,432,818,435,993,408
1786209751.936,808,753,857,730,998,597,969,484,941,435,831,427,877,221,848,111,970,19,794,407,790,215,945,311,909,153,803,437,680,332,845,415,790,28,737,515,671,347,1000,384,916,375
1786209752.036,707,794,882,710,953,617,972,446,988,316,806,411,939,205,841,80,910,0,804,422,904,207,929,79,959,177,790,424,856,241,890,299,867,355,695,498,760,417,824,461,933,340
1786209752.136,841,748,918,751,886,610,961,469,1000,385,862,392,948,203,993,107,787,0,812,416,727,346,915,256,998,616,812,479,798,281,814,256,823,228,724,408,774,401,828,369,1000,555
1786209752.236,746,813,868,686,907,623,954,547,1000,493,860,403,945,196,878,131,941,26,801,352,817,221,816,242,779,132,804,463,773,233,776,292,933,477,708,436,779,356,779,498,925,448
1786209752.336,744,812,938,711,1000,656,1000,517,993,495,920,375,888,211,847,93,997,0,899,440,821,252,882,348,983,93,801,426,796,249,967,402,819,229,712,522,777,475,876,473,881,309
1786209752.436,793,850,891,746,945,568,973,517,935,407,856,422,896,236,1000,94,862,0,774,346,901,232,906,53,816,413,789,429,819,380,832,326,895,636,647,536,758,436,769,402,915,712
1786209752.536,839,764,875,708,890,594,1000,445,1000,446,866,385,996,221,924,91,931,0,748,475,848,246,878,180,894,65,866,379,742,265,935,322,779,512,754,528,803,540,980,358,994,468
1786209752.636,825,725,886,694,987,647,906,502,1000,410,932,400,930,201,851,71,972,9,829,382,828,276,861,128,965,260,779,510,791,305,766,304,930,205,734,504,766,463,842,509,766,446
1786209752.736,806,754,934,819,956,626,980,471,882,382,836,439,906,199,976,71,877,11,878,417,852,231,907,260,829,295,736,439,769,430,844,211,869,432,790,467,677,450,715,375,830,427
1786209752.836,833,771,882,726,962,610,992,541,984,444,827,391,937,221,882,81,890,23,878,382,881,233,874,225,965,334,866,396,817,260,787,320,891,694,720,438,779,284,811,407,922,521
1786209752.936,779,795,861,681,968,559,963,458,991,516,840,335,905,206,937,86,914,19,879,324,825,237,825,391,859,283,800,408,703,265,918,295,810,476,714,471,772,447,995,464,954,388
1786209753.036,756,805,898,683,950,622,989,526,979,393,876,354,1000,206,910,76,1000,0,817,413,868,272,994,286,827,253,790,531,724,356,859,386,871,283,755,534,818,402,773,297,924,472
1786209753.136,758,778,874,667,927,564,963,469,891,527,956,367,926,215,994,78,996,0,780,425,898,348,808,303,877,398,721,377,754,293,803,372,964,441,788,521,697,481,772,469,990,474
1786209753.236,734,760,949,720,960,635,1000,515,956,403,938,406,898,228,916,77,878,0,824,444,806,236,841,221,793,258,771,461,803,223,921,337,896,374,707,511,790,303,777,388,875,540
1786209753.336,767,779,872,694,944,636,941,522,887,390,884,438,897,161,805,97,966,19,842,441,818,269,781,165,770,250,776,441,795,238,834,204,991,342,708,585,695,339,736,401,890,500
1786209753.436,919,700,919,704,935,583,946,579,1000,421,961,345,842,161,882,99,933,13,777,428,852,261,765,270,817,233,799,440,751,289,742,411,863,497,707,470,722,453,765,451,819,257
1786209753.536,776,749,895,679,991,603,971,533,1000,419,864,338,876,193,930,88,971,0,833,442,856,224,845,189,843,213,807,425,727,387,869,211,844,387,791,439,818,483,771,386,762,415
1786209753.636,800,832,940,696,884,606,987,514,951,426,968,401,892,196,914,132,915,8,815,439,927,248,887,246,726,393,783,455,758,268,819,401,849,603,743,430,757,366,654,518,914,481
1786209753.736,810,739,873,760,918,511,969,496,972,458,928,397,975,175,954,110,847,0,804,373,874,198,829,190,994,291,771,431,854,248,937,337,867,648,687,480,696,458,943,522,959,416
1786209753.836,785,726,980,745,939,657,944,521,958,454,896,347,916,228,922,113,859,8,809,426,843,259,949,302,929,149,778,411,775,268,780,168,825,396,675,500,869,462,940,433,954,369
1786209753.936,773,678,944,788,936,597,951,520,1000,327,918,381,918,215,912,94,913,35,853,406,786,209,937,246,959,536,818,440,767,148,835,295,912,358,714,402,712,431,945,399,881,519
1786209754.036,765,819,862,761,962,618,950,535,1000,366,884,396,953,195,755,126,975,0,810,457,904,271,871,250,898,446,744,398,841,287,942,268,875,274,727,419,737,321,869,456,702,553
1786209754.136,915,804,866,839,908,608,983,564,982,393,856,379,859,207,890,63,1000,0,782,391,844,145,902,153,1000,362,763,401,787,323,845,304,885,309,714,386,818,420,760,538,860,341
1786209754.236,841,820,910,709,973,597,996,417,946,511,864,372,888,181,792,91,935,7,829,399,886,218,846,219,952,486,754,440,808,234,848,206,735,415,712,510,763,347,814,319,974,312
1786209754.336,793,755,918,713,938,639,978,526,920,345,904,380,945,204,936,60,1000,4,864,366,855,166,910,212,910,386,730,404,814,405,837,367,871,587,660,504,674,260,840,415,828,424
1786209754.436,943,790,915,700,968,598,963,585,1000,427,794,379,1000,201,989,127,940,0,734,423,806,235,805,220,911,326,735,491,763,196,839,324,893,524,718,492,703,450,831,376,686,563
1786209754.536,746,775,909,679,901,526,1000,478,1000,367,857,373,925,196,960,74,838,0,743,378,828,197,959,348,882,38,756,408,760,250,802,291,828,398,740,449,834,347,697,432,781,462
1786209754.636,693,865,922,666,902,670,952,465,861,401,889,410,839,175,950,118,826,38,837,439,838,109,872,334,840,235,771,302,873,239,882,314,983,420,718,450,808,296,866,329,962,448
1786209754.736,831,806,819,692,982,613,1000,521,921,377,904,322,1000,215,997,61,1000,70,780,427,841,155,912,314,862,452,713,367,799,290,798,384,923,469,722,532,739,521,757,553,856,310
1786209754.836,864,808,929,775,969,584,1000,503,997,305,920,371,999,219,938,107,862,53,918,412,911,200,833,246,941,234,799,450,744,318,906,334,974,242,744,435,702,367,747,367,834,509
1786209754.936,787,730,942,693,955,624,984,552,988,374,998,395,904,226,938,105,1000,1,822,402,888,157,760,193,783,229,798,395,723,293,906,188,947,464,763,565,885,383,826,377,853,571
1786209755.036,741,763,952,767,943,639,988,571,969,474,1000,407,914,221,902,148,938,1,800,439,879,204,917,114,922,352,844,400,730,239,755,425,1000,410,773,506,759,384,794,297,876,430
1786209755.136,836,806,887,692,959,635,938,507,976,381,872,396,852,213,870,119,1000,0,857,370,887,168,912,168,892,145,810,397,819,270,839,332,817,398,785,457,829,489,757,304,879,385
1786209755.236,887,804,859,681,997,585,978,546,943,417,898,409,943,202,927,88,832,16,914,364,808,186,927,281,896,161,782,363,799,337,761,201,1000,308,770,491,755,428,752,415,819,315
1786209755.336,817,790,887,678,1000,640,1000,489,886,524,896,368,934,230,922,124,996,0,807,434,723,220,793,202,885,239,757,385,903,392,767,445,847,389,724,463,818,410,782,314,775,287
1786209755.436,803,748,882,781,1000,606,974,588,990,402,834,401,955,193,941,88,915,0,826,434,814,229,835,274,892,158,830,478,763,317,884,371,741,485,705,479,909,421,789,252,974,313
1786209755.536,757,787,953,757,951,618,956,509,969,471,943,404,893,221,918,72,901,11,873,391,789,230,889,259,978,431,755,407,742,328,946,296,860,535,746,522,698,442,748,326,822,381
1786209755.636,792,737,934,771,885,644,949,542,963,421,891,425,847,219,989,112,1000,0,875,394,895,227,858,355,870,92,758,464,859,295,938,215,843,344,722,503,802,378,828,403,772,423
1786209755.736,796,795,895,729,941,655,937,470,1000,364,838,411,803,201,1000,62,799,0,873,440,819,259,968,396,889,0,746,416,779,279,924,420,866,495,740,502,814,407,971,305,808,422
1786209755.836,822,860,892,670,988,635,911,503,892,384,858,413,918,180,976,64,948,0,820,417,864,290,877,269,875,314,795,431,705,307,872,268,775,536,745,486,701,356,915,415,805,479
1786209755.936,765,870,951,708,934,508,926,442,972,402,838,381,938,217,811,93,838,33,868,364,808,205,743,272,887,424,735,407,719,233,766,399,823,389,712,430,755,438,728,462,778,390
1786209756.036,826,772,895,714,962,517,915,531,1000,371,888,398,948,165,871,89,972,77,826,345,859,289,889,165,981,381,738,453,840,354,842,293,980,243,743,425,823,388,912,440,746,561
1786209756.136,872,842,861,714,962,580,1000,509,841,438,883,387,893,223,990,102,905,8,836,367,867,249,977,351,856,403,741,468,767,232,866,112,736,356,730,479,677,356,847,446,851,537
1786209756.236,820,768,882,670,953,649,1000,566,952,491,890,432,911,221,1000,92,940,44,830,348,935,205,892,342,862,148,788,353,778,303,828,200,1000,386,781,485,715,419,801,323,981,378
1786209756.336,719,862,872,702,891,673,933,506,1000,442,896,340,869,210,877,100,970,35,784,480,875,227,949,446,798,257,686,444,810,287,802,161,910,534,704,523,677,429,788,352,786,398
1786209756.436,819,743,877,725,916,675,948,473,921,515,924,362,970,210,939,88,878,18,813,466,786,299,875,269,972,201,812,311,757,238,761,304,911,452,736,463,784,410,887,460,855,353
1786209756.536,772,777,880,737,983,605,977,509,942,370,819,369,937,192,909,106,960,0,877,440,792,188,955,230,738,93,768,382,772,291,947,298,968,531,781,514,656,430,896,400,1000,511
1786209756.636,828,851,908,627,938,652,949,493,918,515,976,364,920,192,960,107,978,18,957,359,767,209,785,115,832,160,741,460,768,279,908,261,858,415,653,370,783,431,971,417,924,416
1786209756.736,816,878,803,743,1000,617,1000,474,964,421,798,355,854,223,975,103,979,4,885,398,844,215,924,207,983,131,735,467,788,264,908,273,863,528,785,584,748,474,747,342,648,583
1786209756.836,763,796,855,754,943,557,992,438,927,307,834,395,809,176,923,84,1000,59,799,419,874,199,789,242,895,228,795,401,736,295,873,229,956,182,705,485,729,371,957,346,1000,473
1786209756.936,806,824,1000,687,915,578,978,425,967,510,906,381,879,225,875,136,1000,16,835,436,889,189,849,130,939,382,726,415,727,239,885,264,855,198,734,496,724,392,831,349,724,595
1786209757.036,773,798,936,867,911,624,953,479,932,360,897,346,962,207,949,86,903,17,787,384,804,185,752,358,856,451,819,376,739,431,967,318,901,306,743,460,652,328,819,327,847,337
1786209757.136,767,841,904,726,989,625,1000,482,946,350,880,418,980,226,817,120,809,33,820,424,783,282,791,186,832,44,782,519,921,294,924,339,921,338,734,528,732,399,813,463,760,429
1786209757.236,889,855,951,727,969,645,1000,415,905,489,887,370,846,195,840,142,925,7,860,434,883,277,843,217,967,215,778,454,830,191,896,303,938,460,788,572,838,486,839,408,929,499
1786209757.336,788,820,892,692,1000,609,1000,429,940,421,951,401,928,183,855,103,839,0,856,361,911,284,785,163,733,180,808,417,814,205,902,278,881,365,678,436,817,426,896,428,865,279
1786209757.436,790,801,976,754,1000,629,953,508,977,370,882,383,996,163,995,75,839,41,866,445,876,323,916,230,934,462,748,406,777,173,856,174,884,470,709,590,683,471,868,286,1000,428
1786209757.536,762,738,884,721,961,595,998,485,877,412,791,400,861,209,1000,75,994,0,908,384,805,259,855,171,872,283,830,346,793,324,860,423,874,355,749,504,742,433,769,363,807,555
1786209757.636,656,820,895,659,968,625,997,383,1000,380,930,411,866,220,901,50,1000,0,800,382,853,224,916,128,851,273,852,430,844,291,814,302,866,441,779,518,829,348,787,355,880,401
1786209757.736,835,760,895,754,880,687,967,411,973,421,895,418,951,212,950,94,1000,0,841,400,877,188,774,256,930,497,729,489,906,268,758,289,881,437,704,583,702,304,900,247,835,713
1786209757.836,802,751,891,724,963,632,942,579,977,458,871,427,898,212,868,74,971,0,800,373,872,198,875,244,761,83,791,402,843,343,896,463,873,446,704,632,873,404,846,501,840,375
1786209757.936,842,806,901,693,893,616,1000,493,1000,382,851,387,908,222,878,126,1000,8,887,358,888,276,935,242,682,199,754,390,798,266,790,238,821,498,702,471,739,423,851,193,942,562
1786209758.036,754,758,874,696,965,533,939,573,923,486,915,337,945,204,897,101,957,28,884,413,782,205,1000,305,1000,484,787,450,790,193,848,415,831,420,759,450,739,345,756,316,774,561
1786209758.136,761,808,872,773,1000,639,987,492,911,523,865,409,967,195,985,113,1000,0,782,379,851,230,858,79,944,564,796,464,820,311,911,352,854,288,717,516,746,421,850,464,965,441
1786209758.236,743,786,895,653,1000,612,990,565,937,450,894,384,871,240,901,111,806,41,879,401,832,246,1000,92,968,162,777,424,771,288,769,401,733,434,714,435,775,314,820,306,893,351
1786209758.336,782,815,861,724,901,631,1000,629,970,462,818,433,953,196,997,90,897,22,791,436,795,178,826,308,861,101,755,434,735,225,992,254,853,335,711,533,816,386,725,495,844,589
1786209758.436,700,811,975,712,948,618,958,489,950,386,955,403,925,223,908,79,888,9,791,379,819,326,710,228,1000,306,807,440,760,165,861,260,814,321,793,629,776,377,730,438,1000,411
1786209758.536,694,832,935,663,963,624,974,467,1000,398,832,330,978,219,929,86,893,0,817,318,809,212,920,239,969,477,819,457,793,235,898,452,908,584,669,436,811,418,915,405,777,414
1786209758.636,733,751,935,761,970,542,965,447,1000,388,850,390,878,236,880,65,788,8,812,344,893,258,880,360,959,174,738,473,811,298,789,368,818,364,782,463,677,343,892,423,841,388
1786209758.736,824,764,906,697,924,583,964,501,977,223,862,378,991,184,933,129,842,20,802,379,807,193,1000,315,992,358,716,454,844,242,913,376,1000,330,685,479,843,299,663,412,814,434
1786209758.836,845,777,814,808,920,567,1000,485,963,445,948,380,992,162,969,77,1000,13,807,423,880,257,818,201,908,283,807,343,808,273,789,263,862,0,700,451,793,357,801,514,939,514
1786209758.936,779,827,884,718,972,584,1000,496,994,497,946,348,935,224,977,71,884,36,804,386,910,225,837,168,934,103,768,451,855,326,798,413,855,240,720,577,773,404,939,306,740,289
1786209759.036,819,810,959,736,942,607,981,427,1000,447,909,407,949,203,886,109,951,0,894,409,873,292,883,270,970,188,780,441,746,417,750,219,987,453,688,532,845,402,1000,285,913,538
1786209759.136,842,793,881,744,987,630,1000,457,955,370,882,419,918,259,935,97,933,0,833,440,846,190,825,204,914,455,726,421,799,188,790,268,815,396,721,469,788,502,940,271,903,418
1786209759.236,809,784,898,732,935,573,962,513,993,465,877,398,962,230,920,91,939,0,827,426,869,214,895,172,962,278,767,419,789,264,892,290,1000,535,693,503,728,385,967,384,884,482
1786209759.336,757,763,842,691,851,627,1000,510,900,385,878,360,957,223,855,112,1000,61,955,364,964,210,845,271,864,345,727,425,854,286,857,358,976,194,749,484,773,464,729,335,684,384
1786209759.436,862,797,837,707,902,564,990,450,1000,416,903,381,952,222,944,108,913,24,821,398,829,206,839,283,1000,452,729,495,777,322,785,332,905,213,750,572,754,481,803,465,659,650
1786209759.536,870,789,810,738,903,624,991,460,1000,463,944,390,838,226,908,65,1000,66,834,479,845,209,843,383,848,391,756,414,842,268,819,409,1000,446,702,471,768,422,744,456,860,280
1786209759.636,760,779,890,802,966,575,984,487,981,451,954,389,998,225,882,144,947,0,904,476,840,203,871,304,1000,368,782,505,777,346,827,355,870,369,712,572,724,361,975,474,645,383
1786209759.736,720,759,761,721,915,609,922,507,947,500,963,412,895,247,831,65,921,70,827,391,779,271,941,311,860,190,728,439,740,224,818,283,836,426,730,483,774,346,825,416,721,523
1786209759.836,762,806,943,763,958,593,1000,533,937,377,805,394,908,229,945,125,882,40,813,427,778,238,759,220,942,216,737,475,787,262,850,527,974,502,743,508,632,364,782,275,752,256
1786209759.936,800,839,940,743,921,534,917,445,925,411,853,399,900,206,991,70,953,9,821,431,880,183,871,267,887,371,789,520,718,282,785,368,747,413,703,459,684,377,898,404,907,583
1786209760.036,814,777,913,705,938,549,1000,485,974,364,919,367,904,224,971,95,813,90,908,425,809,222,848,351,928,179,760,487,869,374,899,301,614,408,727,506,767,327,859,450,912,518
1786209760.136,829,783,890,730,961,644,999,597,1000,424,725,426,884,190,900,86,966,0,790,411,869,257,833,159,869,322,836,341,781,215,733,396,924,424,762,473,740,528,799,457,853,268
1786209760.236,709,776,938,758,991,569,1000,459,975,419,891,429,875,178,925,87,1000,27,818,358,760,179,889,365,994,321,766,448,767,384,834,314,698,354,758,441,723,449,708,480,806,399
1786209760.336,751,819,998,757,925,650,966,565,1000,263,853,417,920,185,886,54,921,69,869,480,880,275,1000,275,894,433,834,413,757,297,904,383,763,584,702,484,714,558,836,346,928,502
1786209760.436,794,840,858,707,882,557,1000,577,969,508,892,382,915,204,911,121,936,28,878,412,799,164,891,228,915,287,878,374,696,307,821,346,928,515,669,469,788,447,981,473,848,354
1786209760.536,776,775,921,737,908,590,1000,519,992,440,973,396,892,187,938,42,915,3,778,363,877,238,888,269,915,462,783,368,871,310,806,223,912,362,787,480,718,455,886,417,912,430
1786209760.636,813,855,920,720,1000,517,1000,426,937,417,893,419,856,211,889,102,922,11,812,378,854,271,845,168,955,284,810,394,706,260,794,315,828,456,716,507,773,414,816,441,783,559
1786209760.736,791,743,901,692,981,690,950,518,885,444,859,371,854,221,983,96,871,52,804,316,861,175,943,210,954,485,731,410,788,374,802,274,919,312,732,415,886,326,794,403,1000,315
1786209760.836,892,836,911,687,978,579,1000,459,960,390,854,411,940,231,818,119,1000,0,914,388,782,213,947,171,862,372,778,463,803,316,817,339,804,516,703,560,751,415,781,335,700,339
1786209760.936,787,812,936,709,924,552,993,565,1000,457,928,439,929,219,905,66,883,9,838,470,845,282,855,216,806,185,798,436,837,299,823,489,872,502,711,537,815,415,642,407,960,481
1786209761.036,822,724,863,743,972,653,972,521,966,367,797,402,921,193,827,110,909,24,913,317,811,217,972,103,1000,308,774,426,771,347,774,348,848,292,825,522,798,468,712,528,634,365
1786209761.136,781,828,903,720,956,570,926,536,998,504,863,410,897,230,984,100,905,35,862,372,784,214,975,341,823,126,827,383,817,255,958,261,973,395,736,392,642,391,836,327,758,484
1786209761.236,828,796,926,679,944,669,979,509,1000,345,935,438,895,224,865,81,951,31,882,457,839,283,861,320,924,351,794,362,738,295,731,386,951,411,684,574,876,412,856,420,899,423
1786209761.336,800,843,993,670,953,562,1000,476,899,454,979,409,923,214,1000,77,919,0,787,385,890,254,922,255,948,177,766,444,805,307,837,291,1000,474,742,486,739,396,839,274,716,377
1786209761.436,811,791,956,667,929,664,981,543,1000,383,895,381,809,200,976,108,966,0,808,445,820,241,892,368,982,108,732,462,789,264,917,336,884,460,712,584,720,441,924,309,823,536
1786209761.536,855,794,862,764,1000,563,936,513,995,404,930,369,801,197,927,90,852,0,814,431,896,283,831,144,946,378,794,343,750,287,880,381,892,411,730,536,781,407,798,411,895,458
1786209761.636,819,863,905,700,989,555,940,518,989,353,882,372,886,225,966,95,891,0,894,420,811,261,878,218,941,185,765,441,768,326,975,262,743,157,721,463,775,411,698,279,878,446
1786209761.736,783,727,913,777,967,575,978,441,1000,424,819,381,936,199,907,69,963,0,745,384,884,209,989,280,934,271,775,423,777,318,783,237,788,598,747,515,706,439,809,421,767,448
1786209761.836,783,767,925,665,978,633,947,466,955,435,892,402,1000,196,822,114,1000,20,790,393,793,257,798,217,831,307,764,444,793,234,890,317,799,620,745,491,842,509,807,430,766,420
1786209761.936,793,810,908,749,966,561,945,478,953,476,846,379,962,200,951,93,943,3,863,339,826,241,915,371,878,495,752,497,831,238,868,317,931,351,715,573,758,451,801,522,793,379
1786209762.036,871,782,961,762,951,538,976,507,1000,504,868,413,952,228,953,53,916,0,827,435,855,281,903,132,715,310,770,391,710,248,834,373,895,551,687,547,767,443,785,481,878,373
1786209762.136,802,791,914,679,956,622,978,564,1000,419,909,398,933,169,906,63,1000,7,827,431,860,174,877,214,775,192,771,430,720,353,840,324,913,289,744,479,714,436,929,456,933,387
1786209762.236,730,870,980,788,944,563,941,427,961,505,893,398,984,198,1000,140,918,0,864,385,791,287,957,256,812,117,782,413,775,346,897,429,799,338,756,523,848,427,955,443,945,405
1786209762.336,803,843,962,755,954,659,902,439,997,420,927,391,942,189,958,118,1000,64,845,408,775,202,870,333,861,400,778,427,804,267,817,188,859,323,707,521,800,417,892,446,827,392
1786209762.436,816,828,953,774,937,603,1000,551,1000,416,842,360,926,213,858,97,967,0,881,383,896,202,818,204,901,235,770,451,784,285,730,352,872,551,691,401,798,423,742,299,987,560
1786209762.536,689,781,964,707,939,596,939,426,1000,321,910,415,836,187,996,108,887,42,885,408,802,208,900,227,980,75,720,444,768,254,726,322,875,447,729,492,829,328,857,289,779,325
1786209762.636,838,799,893,682,946,578,990,458,1000,330,862,438,889,179,937,85,873,0,951,388,758,297,920,177,837,383,768,347,878,265,950,421,798,488,702,398,741,426,783,384,952,443
1786209762.736,764,834,902,626,973,622,978,543,935,438,828,401,1000,186,878,80,935,0,853,430,865,144,943,323,972,341,787,483,885,236,921,314,869,207,716,445,738,340,784,377,861,289
1786209762.836,736,818,860,769,965,630,1000,489,939,466,922,384,985,202,926,96,867,11,893,414,843,219,902,307,955,242,791,458,743,298,699,359,934,457,712,516,842,484,815,415,950,299
1786209762.936,787,863,935,741,901,605,957,518,928,365,805,425,891,209,923,72,846,0,805,411,807,309,945,312,899,500,770,434,800,328,891,284,836,445,754,478,676,391,864,532,748,395
1786209763.036,784,864,892,690,977,591,935,463,1000,440,904,382,927,212,941,98,982,10,795,375,755,322,935,172,887,200,838,370,797,283,904,313,736,348,690,503,843,304,758,367,819,500
1786209763.136,794,821,867,735,986,579,1000,505,1000,409,917,388,907,211,956,68,1000,0,807,394,859,301,767,199,745,293,789,509,798,347,887,287,764,405,670,569,755,472,782,424,871,430
1786209763.236,782,820,854,678,1000,634,979,578,953,490,907,359,1000,226,916,112,901,31,736,359,884,215,895,127,1000,455,770,417,842,399,912,491,804,286,681,523,774,395,878,492,720,380
1786209763.336,839,781,860,767,909,595,988,477,1000,389,963,386,947,221,886,51,950,11,858,389,823,321,791,306,864,242,766,399,820,366,879,329,799,432,809,478,743,371,781,214,888,358
1786209763.436,729,836,848,713,1000,553,925,515,1000,336,918,406,804,222,976,89,1000,40,840,381,799,225,917,215,740,466,785,418,833,373,654,355,763,430,732,533,736,296,784,434,941,329
1786209763.536,849,773,909,706,964,640,935,472,974,548,860,449,1000,204,906,81,922,0,832,454,815,216,777,275,928,298,770,422,816,287,869,338,972,449,734,581,787,478,863,277,966,446
1786209763.636,800,815,879,735,935,655,973,486,923,434,908,401,858,173,961,128,861,52,847,397,824,162,943,176,848,427,705,365,791,305,880,297,1000,350,718,456,771,438,907,302,831,474
1786209763.736,829,802,916,694,1000,644,931,454,917,456,841,380,936,205,939,73,965,0,822,407,846,228,835,217,908,97,760,453,730,353,934,224,991,360,743,472,815,426,757,324,725,450
1786209763.836,828,832,888,680,932,650,960,509,916,438,878,420,952,196,916,84,835,0,844,410,848,213,939,248,962,41,626,449,723,277,826,445,912,393,758,519,739,465,735,428,718,452
1786209763.936,811,878,827,702,987,619,983,460,938,486,897,400,906,182,979,107,1000,0,869,348,848,273,754,225,865,191,793,487,786,300,855,321,791,496,738,520,719,377,804,298,705,380
1786209764.036,826,772,850,694,940,593,1000,551,1000,482,854,354,854,233,891,68,899,2,846,407,805,259,842,230,961,199,756,463,751,268,885,481,929,427,747,441,770,402,841,414,886,406
1786209764.136,805,746,880,782,969,606,1000,441,915,511,901,382,849,215,956,72,917,0,846,356,896,270,859,224,898,180,761,423,870,341,911,350,788,371,764,431,799,536,897,505,872,520
1786209764.236,769,838,921,738,1000,586,971,507,918,432,821,420,914,195,874,91,971,24,806,366,870,193,886,254,932,409,729,347,765,389,986,464,864,181,638,466,753,478,882,422,775,348
1786209764.336,814,834,910,685,981,623,940,467,997,407,971,404,886,206,927,80,868,28,870,420,907,202,985,166,831,43,761,412,817,303,765,290,849,181,689,457,843,414,867,301,957,550
1786209764.436,711,770,914,752,932,595,957,508,1000,379,945,367,867,223,978,115,842,0,870,399,795,248,838,397,1000,373,831,439,829,371,864,301,740,366,758,550,792,372,670,371,826,406
1786209764.536,830,892,899,718,947,611,949,508,986,431,920,402,819,219,884,72,856,21,826,334,862,160,890,263,976,538,725,433,779,313,862,293,844,253,764,524,815,385,769,330,884,340
1786209764.636,886,743,905,789,979,613,944,440,1000,500,879,356,783,186,917,131,970,17,819,376,903,236,752,185,842,213,800,431,788,362,799,467,825,385,716,506,788,428,761,327,1000,390
1786209764.736,834,729,882,721,974,504,983,451,981,364,860,381,857,196,853,56,992,0,828,426,815,188,896,339,819,268,711,417,794,242,816,211,886,490,685,465,792,473,706,394,877,424
1786209764.836,690,825,958,731,919,587,1000,544,995,439,869,384,908,217,1000,120,835,15,866,421,814,363,803,150,926,584,746,423,844,288,824,365,902,488,776,515,780,416,854,410,853,541
1786209764.936,871,734,894,699,945,622,1000,498,878,368,940,309,974,217,1000,92,794,21,888,432,813,231,849,173,981,122,743,385,720,297,927,306,756,467,791,464,738,433,938,369,736,490
1786209765.036,838,802,870,766,976,578,979,442,997,406,879,388,914,224,959,92,975,20,817,393,835,251,859,209,1000,420,749,462,798,311,856,414,908,368,766,511,771,421,811,406,801,366
1786209765.136,757,739,856,719,961,596,897,574,1000,443,986,361,1000,186,938,68,927,19,829,425,846,203,847,312,858,417,825,359,847,403,864,368,965,345,734,428,772,432,856,480,785,386
1786209765.236,888,795,902,724,926,668,959,452,945,313,870,361,944,192,976,126,977,3,841,340,836,187,925,463,946,11,764,441,796,249,864,224,802,446,688,528,688,504,760,390,881,383
1786209765.336,809,828,934,758,950,601,1000,546,923,425,884,385,847,198,1000,109,767,42,881,384,873,187,853,371,887,28,776,432,850,290,818,403,890,293,771,509,764,413,738,369,853,416
1786209765.436,860,812,930,727,996,622,977,502,922,447,897,375,970,180,899,118,947,8,846,404,775,211,982,186,884,213,775,409,815,300,900,239,852,351,744,456,814,471,744,371,806,669
1786209765.536,783,878,840,687,931,575,968,471,928,481,955,417,939,208,894,75,950,0,794,441,924,245,950,222,806,374,800,439,780,342,779,260,797,384,685,462,725,388,707,412,961,446
1786209765.636,872,863,926,729,958,636,964,418,988,359,855,389,907,177,933,117,854,44,770,477,824,234,765,238,926,277,756,392,847,291,953,280,844,464,665,433,824,336,682,536,731,450
1786209765.736,805,675,882,744,970,641,964,535,934,344,840,347,965,175,940,90,920,46,817,421,843,220,1000,119,1000,380,759,511,703,260,764,353,789,422,720,473,785,388,736,602,810,235
1786209765.836,764,745,928,739,972,593,967,486,962,464,914,404,938,224,941,104,1000,0,800,353,849,140,910,234,995,195,770,487,859,251,859,344,910,347,775,396,741,429,852,500,957,408
1786209765.936,861,770,933,799,1000,611,966,434,980,360,863,355,888,206,940,83,995,3,802,406,927,243,859,112,891,322,763,359,751,370,945,252,935,247,780,512,816,305,868,405,927,516
1786209766.036,805,775,926,724,924,572,927,480,1000,429,875,413,868,208,913,113,825,0,767,388,894,203,850,318,990,276,805,386,858,408,883,158,834,442,711,568,796,363,820,343,837,384
1786209766.136,855,898,833,650,948,549,978,537,1000,430,890,332,913,208,962,80,899,0,740,356,773,243,850,197,833,0,837,389,772,209,914,332,812,332,790,495,754,349,676,394,881,532
1786209766.236,700,751,869,726,951,602,991,462,1000,443,885,436,994,225,744,130,977,63,887,457,880,290,1000,261,788,246,793,439,732,199,796,384,1000,475,767,494,668,377,798,371,857,473
1786209766.336,841,789,813,707,958,653,958,526,979,422,942,370,882,206,886,107,881,15,831,406,821,211,888,260,908,527,740,433,716,310,770,299,849,406,706,467,843,420,776,388,996,413
1786209766.436,771,771,870,703,909,564,949,530,948,409,957,427,897,193,872,111,913,0,801,369,855,165,943,197,897,102,778,420,790,371,859,259,821,440,776,514,802,438,923,269,911,522
1786209766.536,741,762,857,697,939,616,1000,552,927,375,959,408,916,216,922,107,905,16,772,372,812,210,825,197,792,365,775,357,752,308,810,266,874,413,672,529,720,402,815,369,763,408
1786209766.636,876,740,965,716,958,566,951,480,917,408,881,443,851,208,938,72,970,0,731,423,793,178,924,213,978,458,753,472,755,413,799,401,949,410,701,491,645,416,844,415,593,320
1786209766.736,768,815,906,720,980,568,998,524,983,410,982,404,861,211,968,83,996,19,738,409,824,252,940,260,1000,264,802,473,787,332,806,288,772,402,739,563,808,387,730,436,950,501
1786209766.836,851,792,874,697,955,604,984,497,960,378,942,392,903,191,844,125,962,0,867,432,847,302,895,121,936,323,755,462,711,344,787,244,870,422,733,459,736,338,801,481,852,511
1786209766.936,868,775,886,813,1000,544,990,503,1000,380,861,370,882,223,853,82,812,36,888,385,828,248,973,278,855,63,735,439,760,300,809,238,783,546,760,593,794,379,916,403,872,430
1786209767.036,668,875,914,739,954,613,957,531,905,430,925,384,931,186,866,101,970,0,857,377,833,164,829,326,911,235,774,458,813,285,922,397,914,381,752,516,822,455,742,330,791,521
1786209767.136,731,820,909,773,963,556,944,449,941,410,846,432,842,234,994,116,882,18,782,432,838,208,806,31,829,444,762,428,824,389,938,245,721,633,813,509,694,458,809,398,931,464
1786209767.236,748,787,921,747,966,642,965,511,810,396,934,378,887,185,983,108,979,0,829,387,829,198,860,316,762,537,797,434,836,209,801,311,992,370,744,467,791,499,892,400,912,485
1786209767.336,825,852,940,721,981,592,945,491,962,331,938,309,1000,237,908,96,946,0,843,392,837,236,801,246,921,307,770,488,775,302,936,315,897,365,774,485,835,397,753,453,826,489
1786209767.436,678,802,874,684,936,585,975,441,980,492,912,413,969,231,1000,85,880,30,865,427,924,228,908,159,1000,242,766,420,761,249,811,214,815,588,755,549,829,508,686,320,782,392
1786209767.536,788,782,903,728,930,524,943,478,954,359,877,356,905,184,873,67,917,0,873,413,838,190,905,302,919,513,796,478,798,326,792,285,908,413,746,558,685,347,835,355,1000,480
1786209767.636,798,779,873,728,961,589,968,564,1000,433,838,405,993,234,967,127,930,26,807,409,899,199,829,251,891,379,760,515,730,358,794,181,899,347,684,408,763,459,861,410,894,431
1786209767.736,737,738,885,720,988,635,997,490,902,442,923,320,868,192,931,78,924,3,829,371,814,176,905,292,849,501,766,506,761,177,875,340,883,305,725,471,747,451,831,448,832,403
1786209767.836,750,785,753,703,954,628,968,519,865,417,823,354,902,232,946,96,925,0,813,414,781,255,858,314,982,55,755,396,704,232,1000,369,1000,466,698,478,796,428,775,300,1000,421
1786209767.936,787,807,883,731,1000,602,937,496,944,496,952,393,845,181,925,103,902,0,811,397,738,175,843,346,846,314,787,495,853,286,814,269,860,328,748,522,797,475,956,414,949,402
1786209768.036,856,850,936,730,932,554,976,572,951,461,938,381,981,147,851,76,874,18,847,412,867,183,807,277,860,69,816,500,867,299,890,428,827,496,737,548,774,477,834,302,979,349
1786209768.136,859,798,943,772,973,626,991,412,971,360,907,356,850,239,987,96,938,2,859,372,885,215,856,245,863,335,757,457,851,249,838,357,844,426,748,558,731,349,795,338,902,330
1786209768.236,908,861,894,761,896,702,957,497,880,446,849,392,883,184,876,101,844,0,863,496,862,184,859,246,881,415,786,477,777,362,836,245,1000,176,699,465,902,507,929,383,1000,467
1786209768.336,846,810,891,716,949,630,989,501,1000,261,922,410,972,205,936,117,1000,1,846,461,749,195,972,337,948,226,744,408,867,254,854,262,949,316,723,408,675,404,719,553,673,362
1786209768.436,803,785,847,688,920,596,1000,506,1000,447,950,308,896,233,890,134,1000,0,814,360,814,169,908,118,954,377,714,507,817,331,795,370,972,364,803,501,827,420,861,289,885,368
1786209768.536,764,881,884,686,943,558,1000,471,990,492,876,405,858,256,979,92,877,6,821,471,788,233,881,233,900,273,812,464,812,121,868,192,933,536,691,485,731,474,825,527,889,455
1786209768.636,805,839,820,730,954,634,970,456,966,362,812,411,942,216,1000,81,835,7,821,366,838,198,768,205,821,321,753,487,869,327,740,439,1000,377,777,469,661,360,946,301,853,437
1786209768.736,779,782,897,704,904,615,1000,542,928,353,886,435,946,221,977,105,934,27,813,344,873,285,813,313,1000,288,746,441,765,255,877,196,761,377,726,517,867,409,862,337,920,386
1786209768.836,805,797,937,674,872,599,993,510,1000,443,874,321,899,227,900,96,953,0,861,459,834,174,878,52,934,352,843,427,812,241,822,202,864,342,738,465,769,384,793,411,856,502
1786209768.936,797,786,886,698,943,684,946,490,948,406,884,398,822,227,961,69,781,0,825,495,865,142,839,238,927,105,773,403,739,303,900,387,927,321,754,516,771,368,781,411,1000,461
1786209769.036,774,764,873,813,942,641,964,515,1000,389,870,438,964,222,970,106,1000,10,859,343,806,171,961,24,877,0,746,413,859,311,790,404,881,379,681,445,718,406,823,514,886,191
1786209769.136,814,736,853,694,932,555,984,439,982,539,839,381,780,200,962,112,931,33,941,462,819,159,857,162,943,124,775,474,787,237,928,174,853,371,727,509,798,401,790,377,799,504
1786209769.236,773,840,894,706,980,579,999,513,938,448,924,423,963,216,857,150,836,35,853,353,836,223,963,182,888,0,845,386,808,283,840,384,1000,403,752,517,820,377,898,483,947,374
1786209769.336,794,813,835,790,956,617,957,443,938,431,930,394,930,199,953,128,972,31,847,341,796,248,881,281,1000,390,827,440,753,286,792,443,944,432,774,389,796,328,817,384,910,454
1786209769.436,863,775,923,733,896,572,972,553,987,357,893,448,918,199,953,113,897,23,822,425,849,250,835,173,980,278,789,421,835,255,838,382,976,318,801,516,706,424,789,436,849,440
1786209769.536,761,847,844,682,970,667,965,535,1000,463,885,358,796,201,994,71,971,0,840,424,813,235,856,303,926,297,838,466,759,284,842,327,1000,416,649,469,657,384,669,345,720,468
1786209769.636,802,816,889,671,976,679,991,484,900,371,920,421,926,222,966,107,884,14,800,398,856,306,801,284,1000,395,810,463,855,229,752,320,703,510,773,475,743,399,821,415,901,418
1786209769.736,845,822,868,780,906,603,1000,470,980,449,860,387,904,195,1000,79,991,0,790,402,870,270,978,495,927,196,796,423,837,217,1000,388,742,298,758,563,694,444,672,399,950,384
1786209769.836,734,809,868,751,924,578,908,511,958,356,908,419,901,212,940,69,1000,0,863,427,835,255,897,121,883,203,760,375,846,378,914,420,852,306,697,534,776,399,914,434,779,373
1786209769.936,833,849,917,802,1000,623,948,444,948,460,982,402,973,201,961,114,800,0,875,408,789,113,859,237,840,309,798,467,678,216,826,366,920,427,712,481,724,447,749,465,871,430
1786209770.036,772,741,866,713,869,599,1000,529,943,422,874,394,993,226,955,85,975,0,825,420,874,258,900,226,949,156,745,438,800,188,878,381,873,634,701,479,742,399,793,307,805,425
1786209770.136,858,902,950,695,931,601,1000,495,905,393,934,410,901,220,789,98,982,0,800,327,911,193,897,295,1000,267,757,444,854,280,781,201,780,470,714,466,724,408,800,387,970,571
1786209770.236,729,817,861,716,968,599,985,533,979,385,871,347,867,246,877,70,947,6,827,451,865,202,856,200,975,246,708,433,718,410,781,308,901,344,716,522,848,447,928,333,880,447
1786209770.336,818,864,884,710,977,539,969,497,923,476,851,385,927,234,923,116,971,12,790,344,846,202,939,307,894,127,798,389,755,235,837,412,879,327,669,529,721,410,791,464,839,428
1786209770.436,824,898,931,723,957,587,945,478,930,454,850,428,951,207,924,84,944,38,806,340,872,242,813,180,842,188,765,423,761,247,831,334,854,502,746,413,793,438,785,301,853,433
1786209770.536,751,736,890,717,941,604,939,483,990,401,823,376,856,212,943,60,975,0,900,396,787,174,903,209,901,514,751,438,860,304,737,360,784,529,695,660,845,358,819,458,921,473
1786209770.636,859,796,878,712,989,621,987,539,871,436,909,438,832,238,928,107,1000,24,852,407,820,226,838,239,729,349,773,420,803,210,979,313,868,270,728,574,821,452,858,381,726,416
1786209770.736,791,850,907,791,1000,589,916,566,1000,347,968,401,920,239,1000,110,957,26,819,396,802,211,859,188,919,244,798,361,786,296,826,307,750,414,751,526,821,415,853,417,913,292
1786209770.836,762,874,789,721,1000,603,963,509,949,421,868,422,987,203,841,84,915,23,793,369,864,271,843,129,1000,398,768,476,786,337,858,328,870,217,800,448,689,391,746,402,913,523
1786209770.936,839,788,896,743,892,628,927,595,947,410,864,371,1000,225,832,129,1000,1,848,397,927,190,891,206,798,595,732,446,708,267,876,256,928,346,771,573,732,408,831,449,854,451
1786209771.036,791,807,948,752,983,634,972,517,916,487,773,387,972,178,947,81,903,35,843,321,799,273,910,393,1000,241,875,437,745,254,692,446,1000,264,718,504,711,303,802,383,819,454
1786209771.136,867,788,901,755,977,584,980,528,914,487,964,368,922,219,891,106,937,0,854,356,882,196,872,361,946,138,739,408,811,309,789,230,903,355,809,501,864,336,700,327,956,591
1786209771.236,767,781,844,654,983,615,977,440,1000,393,923,347,902,212,943,99,958,0,843,402,852,230,803,130,739,403,810,475,807,171,776,334,891,351,741,499,771,367,891,376,737,365
1786209771.336,786,847,892,719,911,636,955,498,1000,447,825,338,909,181,962,97,937,0,908,505,829,244,888,221,844,137,734,454,767,146,878,318,990,416,670,378,724,367,888,405,952,315
1786209771.436,846,835,808,779,960,622,947,561,911,464,937,361,1000,211,962,62,1000,0,878,360,815,264,945,134,992,435,742,509,722,254,880,254,901,401,720,544,751,417,903,461,921,331
1786209771.536,826,762,839,723,923,637,1000,417,928,342,878,403,899,194,1000,45,1000,0,832,378,909,169,883,288,785,160,772,395,753,270,892,294,968,266,679,603,728,328,688,481,823,411
1786209771.636,795,848,886,820,962,647,1000,501,939,437,922,373,921,231,1000,115,1000,0,864,448,802,204,989,159,806,502,824,456,790,265,866,444,899,612,693,498,743,341,806,435,898,628
1786209771.736,823,854,896,793,1000,627,943,478,979,444,931,403,912,193,947,136,992,23,878,384,819,192,874,207,1000,222,747,525,770,298,878,232,981,445,786,462,769,405,837,304,862,306
1786209771.836,818,705,815,759,937,569,1000,518,1000,411,1000,372,1000,205,825,106,947,0,797,397,857,111,947,201,806,420,777,492,813,289,836,359,846,282,750,491,766,466,809,407,800,472
1786209771.936,818,843,869,708,986,616,946,562,887,461,842,444,831,230,919,88,938,26,798,367,870,147,846,504,834,449,755,459,824,352,833,476,831,401,736,438,748,412,785,576,779,539
1786209772.036,841,801,857,696,938,539,943,436,1000,453,935,407,921,236,887,98,974,0,964,399,848,286,938,246,918,79,756,459,813,357,839,212,966,532,761,490,822,600,826,314,801,490
1786209772.136,729,810,910,788,1000,639,903,545,998,433,820,367,851,165,923,78,1000,4,889,339,818,232,826,207,891,256,850,453,815,319,889,314,853,393,771,560,751,447,803,408,811,417
1786209772.236,863,806,899,669,945,598,949,504,946,424,905,361,891,208,994,101,884,20,906,432,865,261,971,335,951,438,736,366,800,293,810,385,727,317,708,410,846,325,774,469,909,334
1786209772.336,833,815,992,742,952,574,952,466,1000,421,925,434,788,232,927,105,873,0,856,487,885,286,870,191,848,221,698,402,765,279,856,349,879,312,652,468,710,430,885,471,919,422
1786209772.436,778,768,830,766,950,560,949,464,968,477,883,324,902,203,910,82,940,11,834,413,823,204,967,291,971,460,798,478,716,300,834,452,956,306,741,508,789,345,844,390,877,369
1786209772.536,776,855,849,687,955,578,947,508,896,366,993,403,873,215,957,118,918,35,750,358,849,242,826,265,860,250,818,478,744,231,819,319,826,489,740,521,694,470,607,464,934,395
1786209772.636,860,799,896,740,1000,658,1000,462,972,376,937,394,853,208,873,99,871,10,866,396,824,237,925,148,928,473,800,438,823,314,899,163,753,485,669,521,745,346,844,420,1000,378
1786209772.736,867,818,865,758,978,608,986,476,928,460,889,387,927,212,839,124,934,3,853,407,875,252,926,359,976,266,734,513,780,263,728,347,892,210,744,472,912,371,785,345,964,400
1786209772.836,769,834,835,751,1000,628,999,542,1000,484,919,416,865,222,864,88,729,20,808,439,858,280,815,332,1000,396,809,443,767,331,744,288,735,298,751,526,767,413,677,380,793,375
1786209772.936,829,763,868,643,946,566,980,460,970,412,975,404,815,180,927,75,736,46,865,417,815,247,838,260,838,501,717,492,794,262,858,378,992,409,693,502,864,480,885,461,914,537
1786209773.036,781,741,896,694,918,580,1000,509,982,354,815,365,987,213,959,112,889,47,809,451,861,143,836,90,997,285,692,453,766,207,962,329,856,332,669,428,835,376,819,263,738,488
1786209773.136,819,882,950,717,974,595,1000,555,973,430,965,406,994,161,951,85,1000,51,837,455,919,230,1000,240,892,410,764,440,860,290,731,350,823,470,753,579,814,466,768,462,1000,372
1786209773.236,884,777,857,738,983,641,944,523,934,340,857,367,939,230,836,104,851,26,809,358,876,200,862,53,980,403,778,365,850,252,816,502,822,456,748,520,779,425,838,402,984,316
1786209773.336,848,839,923,771,953,536,974,458,932,353,877,372,787,220,1000,109,913,7,818,401,840,188,986,115,963,275,852,451,775,275,850,232,817,180,692,504,780,290,807,445,838,377
1786209773.436,783,778,866,733,1000,579,966,501,934,478,791,374,955,200,875,106,985,15,802,415,824,262,973,20,917,46,873,414,828,287,792,249,1000,480,801,502,780,388,796,333,860,363
1786209773.536,822,810,906,793,955,635,1000,562,1000,403,910,351,938,212,925,118,849,53,873,395,835,249,976,252,919,291,847,419,791,370,857,410,805,353,783,462,756,418,744,377,862,438
1786209773.636,860,872,857,731,982,664,1000,516,996,456,857,395,988,202,931,91,778,9,848,378,791,186,929,412,1000,101,811,405,764,263,895,396,872,366,744,530,829,330,819,331,848,413
1786209773.736,800,766,830,643,952,590,954,563,926,495,973,332,917,198,751,64,976,64,873,410,841,306,1000,193,755,0,829,433,801,190,795,298,897,332,687,456,831,417,863,343,595,387
1786209773.836,763,818,1000,754,1000,628,955,519,1000,517,873,397,837,223,1000,97,884,19,853,401,849,219,943,306,833,148,768,470,799,253,865,295,952,412,715,511,836,371,848,401,890,375
1786209773.936,807,852,854,673,909,562,997,439,952,453,918,378,922,208,910,91,1000,31,939,379,838,165,832,406,868,557,730,387,775,286,910,356,846,361,715,449,715,462,681,519,823,364
1786209774.036,836,869,941,746,997,542,959,462,1000,399,938,405,867,194,1000,79,934,0,822,396,807,182,900,171,846,158,775,479,865,249,995,242,968,296,694,458,761,436,867,340,766,352
1786209774.136,797,793,853,737,1000,588,962,528,940,455,866,443,930,193,889,85,1000,0,807,377,841,214,790,209,900,201,805,478,788,302,699,288,962,329,699,622,864,430,902,250,784,392
1786209774.236,791,780,785,742,977,667,950,464,842,404,940,372,1000,201,932,66,945,0,864,425,901,179,892,291,942,168,685,452,785,258,899,317,772,164,684,629,804,414,804,388,954,390
1786209774.336,828,786,976,756,1000,585,1000,489,971,507,852,395,935,217,897,142,843,49,886,469,772,186,974,82,785,221,785,509,783,255,868,358,916,356,652,449,842,414,793,484,754,413
1786209774.436,808,782,898,719,905,614,932,510,1000,405,846,386,868,218,915,133,1000,5,865,383,843,210,929,366,969,418,814,461,737,383,971,303,849,442,748,488,695,421,859,456,883,409
1786209774.536,847,805,874,719,892,600,1000,518,1000,406,921,413,1000,209,862,114,1000,0,870,444,886,233,839,236,943,416,791,418,819,337,873,256,865,479,674,385,847,433,863,330,917,458
1786209774.636,730,867,900,710,943,531,997,515,957,488,836,372,867,200,928,105,904,0,905,488,848,192,973,119,882,192,733,423,750,290,849,272,849,350,757,491,809,437,860,503,755,391
1786209774.736,882,790,774,718,962,508,1000,471,981,408,841,358,863,228,915,84,867,41,896,442,863,241,807,222,856,34,819,404,850,338,885,369,829,578,728,515,728,350,853,421,784,305
1786209774.836,744,856,867,713,1000,564,952,468,1000,526,933,412,881,246,940,115,920,2,904,418,905,239,829,193,916,201,735,491,766,297,867,275,999,253,737,512,761,329,882,458,794,497
1786209774.936,819,744,857,772,968,585,948,480,945,375,820,423,963,180,932,76,910,0,817,473,822,189,835,332,782,182,834,447,801,407,864,266,857,251,774,530,826,473,787,340,848,355
1786209775.036,810,853,886,732,953,637,954,404,987,472,919,371,852,216,932,93,1000,0,909,399,762,219,941,212,795,266,745,458,829,231,798,380,809,257,682,518,781,364,818,512,768,259
1786209775.136,823,797,863,752,988,523,955,608,993,456,953,390,954,221,956,89,937,0,836,354,807,214,824,200,896,345,815,414,856,341,882,333,906,505,773,571,766,435,918,362,825,435
1786209775.236,843,844,884,666,966,572,926,446,981,492,901,396,974,174,955,96,963,0,801,403,913,267,850,128,779,473,741,421,856,200,949,301,786,348,699,523,728,294,801,311,870,327
1786209775.336,780,810,884,736,982,563,975,352,977,404,854,399,973,196,867,99,841,0,886,400,760,143,892,317,784,352,830,523,808,317,700,485,833,273,717,581,886,410,892,409,762,566
1786209775.436,774,872,948,751,1000,691,971,466,880,539,879,423,873,238,882,70,913,0,860,396,869,213,841,193,1000,320,701,412,797,391,918,249,1000,372,774,436,632,323,575,553,871,351
1786209775.536,823,811,920,775,946,573,1000,539,970,536,879,363,934,192,953,78,901,60,818,368,892,178,839,292,980,459,749,463,769,256,930,278,903,392,686,551,795,290,838,352,948,304
1786209775.636,786,818,896,757,901,669,995,564,1000,419,841,373,995,234,887,34,913,1,825,418,880,273,909,89,882,611,793,453,809,312,683,302,877,515,728,410,788,357,727,347,900,546
1786209775.736,824,831,913,730,983,515,981,456,1000,412,901,345,965,219,957,78,877,15,806,414,747,204,993,281,921,566,687,398,773,337,907,253,961,331,773,443,757,375,896,369,849,479
1786209775.836,827,842,902,710,944,608,985,496,967,339,930,395,964,206,820,88,914,29,749,399,864,196,886,189,852,232,750,467,756,239,968,396,727,292,736,516,682,470,879,439,971,474
1786209775.936,822,873,940,693,980,582,994,524,902,413,911,377,928,223,922,101,1000,22,844,362,871,242,961,247,769,51,807,409,813,295,836,313,809,373,704,479,746,390,886,397,942,571
1786209776.036,841,826,907,761,960,644,998,487,1000,424,894,375,921,227,976,104,965,43,829,356,898,202,839,89,952,62,749,463,827,253,838,253,835,404,708,486,683,468,856,461,965,360
1786209776.136,786,716,1000,720,995,560,1000,587,963,366,893,324,910,223,921,90,960,25,766,401,947,165,877,409,993,217,786,436,756,285,828,330,818,236,725,592,768,384,874,395,1000,433
1786209776.236,834,768,915,737,955,588,955,516,995,413,912,388,917,202,925,155,946,26,853,388,898,213,947,214,835,340,735,460,734,271,749,542,744,376,770,555,811,385,918,470,871,455
1786209776.336,788,761,946,779,924,601,972,501,969,470,865,365,977,197,849,85,905,51,874,441,877,271,839,226,832,259,805,442,855,226,881,223,887,456,719,529,711,308,859,528,766,543
1786209776.436,804,741,846,727,942,557,919,465,975,419,876,395,966,214,916,116,865,3,827,351,823,130,1000,163,1000,294,800,413,802,325,893,381,850,323,666,527,824,496,840,352,705,527
1786209776.536,721,787,884,724,958,612,895,504,863,459,874,326,869,194,994,100,949,41,831,426,871,167,973,121,978,77,801,521,782,275,889,295,1000,396,714,470,712,367,791,372,795,622
1786209776.636,755,809,919,751,955,598,992,515,954,336,878,356,877,207,945,135,892,30,848,446,867,180,775,270,868,152,729,443,865,266,888,313,774,455,685,500,745,454,739,433,779,388
1786209776.736,637,897,917,696,915,588,1000,417,959,514,848,392,1000,219,931,107,901,44,819,324,824,182,864,221,1000,386,788,435,741,168,855,383,871,317,744,494,857,474,889,459,740,493
1786209776.836,819,830,914,744,1000,604,1000,482,1000,470,916,438,866,196,936,115,938,44,808,355,855,223,915,241,882,278,779,422,782,267,906,336,1000,393,706,644,787,460,862,449,899,335
1786209776.936,819,742,886,697,970,619,993,516,938,406,941,421,852,175,880,119,1000,0,848,467,860,294,944,165,894,294,782,478,812,127,757,150,894,401,737,447,801,444,724,303,853,594
1786209777.036,879,828,863,762,940,578,904,508,937,425,795,394,784,228,955,90,963,0,838,428,707,206,880,226,1000,132,754,347,865,275,817,317,932,413,827,523,738,371,788,301,856,504
1786209777.136,774,765,958,669,880,563,924,520,949,408,952,369,953,237,897,112,911,34,770,336,824,185,850,224,963,232,746,419,755,237,736,326,833,481,672,469,864,349,800,321,735,572
1786209777.236,810,808,822,741,1000,650,1000,452,980,455,818,357,958,224,832,113,933,30,809,422,878,211,883,187,1000,272,742,403,798,331,755,465,905,426,723,500,756,462,817,459,815,451
1786209777.336,766,857,858,713,945,593,1000,489,1000,376,907,367,934,206,914,122,885,25,803,402,789,196,877,398,916,520,787,418,866,313,803,358,856,158,762,558,865,427,799,464,927,580
1786209777.436,800,795,863,748,899,636,997,529,972,501,939,372,881,188,956,74,996,45,799,391,842,268,981,98,884,252,724,413,813,274,741,545,902,387,685,513,755,295,738,461,1000,466
1786209777.536,852,795,890,770,1000,656,941,500,978,406,917,413,965,241,904,66,949,60,815,424,872,236,882,164,734,134,763,486,787,260,786,372,991,491,750,419,745,515,901,298,848,466
1786209777.636,767,697,898,695,928,593,972,502,925,408,819,398,762,200,978,73,972,40,698,392,716,221,881,30,1000,329,745,503,705,221,689,462,907,447,738,530,768,419,826,363,849,458
1786209777.736,807,735,836,770,945,629,940,436,927,408,869,427,921,244,948,43,994,0,845,368,935,294,836,232,927,409,779,388,757,289,932,354,816,446,712,547,903,383,877,354,843,436
1786209777.836,793,914,880,750,885,623,1000,479,850,418,900,411,1000,198,873,70,939,22,813,427,862,229,826,202,722,322,779,444,816,310,839,325,765,311,729,459,811,366,834,414,918,514
1786209777.936,834,706,944,787,939,616,947,415,932,391,883,361,873,206,878,108,970,74,882,407,814,241,902,199,968,94,769,461,778,278,838,256,976,264,739,521,712,407,750,503,753,375
1786209778.036,747,740,961,748,962,582,1000,466,1000,373,870,412,957,218,861,86,937,0,892,307,808,203,706,123,956,293,839,507,813,306,851,113,766,386,750,515,715,457,928,471,939,384
1786209778.136,851,809,915,741,952,574,974,548,945,467,933,381,985,199,1000,105,925,0,832,390,787,217,832,293,1000,117,844,430,745,331,816,315,847,286,754,483,685,435,728,325,957,326
1786209778.236,697,830,881,718,945,616,951,570,898,443,928,367,858,227,865,83,983,10,760,463,818,208,898,297,1000,57,810,470,785,333,911,213,1000,205,684,485,870,386,815,506,826,328
1786209778.336,783,864,896,803,984,582,979,464,935,658,946,415,879,238,989,137,1000,0,789,360,800,242,847,421,1000,288,854,504,770,178,832,271,897,385,729,527,697,427,785,420,936,324
1786209778.436,789,797,872,762,930,586,953,552,943,444,989,387,970,240,985,95,968,0,803,375,939,189,831,153,951,309,820,467,725,244,941,305,977,359,690,482,711,371,832,441,714,432
1786209778.536,775,773,899,704,1000,652,1000,481,921,424,892,372,850,205,900,111,969,39,783,413,810,170,855,335,880,507,799,417,848,314,783,466,901,377,694,563,792,439,780,464,932,374
1786209778.636,738,828,827,732,940,653,964,553,942,473,993,358,927,262,928,97,977,10,764,440,754,208,956,212,855,412,745,379,805,279,762,371,918,336,716,524,830,387,866,445,929,437
1786209778.736,761,781,908,799,939,637,966,508,1000,460,843,373,978,209,855,78,972,36,836,491,877,216,831,159,934,221,843,503,823,224,801,419,834,498,745,502,725,398,832,478,775,410
1786209778.836,804,832,855,674,982,549,1000,496,894,394,916,374,913,221,912,75,907,47,905,322,889,239,939,196,773,370,742,372,728,322,857,382,935,329,724,471,752,348,847,481,781,548
1786209778.936,807,813,821,654,962,637,954,578,1000,371,901,462,847,217,904,111,1000,0,882,481,844,264,845,245,895,400,825,431,866,374,905,281,830,286,763,433,801,341,879,407,969,536
1786209779.036,867,868,900,680,918,528,940,506,940,410,922,381,853,205,870,90,1000,2,909,452,816,175,879,342,871,416,825,400,759,328,857,267,851,367,667,540,738,244,816,354,1000,381
1786209779.136,752,825,865,695,976,567,927,581,992,406,899,404,963,191,945,85,914,13,835,425,863,156,798,211,1000,170,770,411,765,299,943,357,814,676,730,468,842,376,941,345,977,452
1786209779.236,861,888,845,777,905,567,950,526,967,411,906,407,947,229,1000,95,893,26,788,372,885,221,807,115,912,448,822,441,889,283,837,120,843,468,786,454,789,463,818,246,874,502
1786209779.336,759,791,845,624,995,607,1000,542,949,415,925,418,929,229,906,74,922,14,785,347,861,208,872,212,1000,465,730,411,833,322,844,232,824,319,737,591,726,344,809,478,726,564
1786209779.436,794,769,826,755,950,613,946,488,943,414,869,345,1000,178,934,57,798,12,843,445,859,220,823,371,979,115,780,442,775,332,904,306,857,539,762,503,674,423,870,213,875,396
1786209779.536,792,761,887,782,940,643,949,537,966,438,899,408,777,177,948,51,892,7,801,372,853,274,823,194,852,0,784,479,841,241,761,323,948,392,738,561,723,391,939,392,742,374
1786209779.636,759,818,856,737,930,526,987,510,990,384,864,401,992,206,949,89,828,35,873,424,834,255,937,382,984,298,727,443,804,328,940,313,1000,183,743,456,659,392,709,394,856,534
1786209779.736,734,843,898,767,941,556,935,444,988,498,873,408,832,210,963,64,913,28,713,448,857,261,856,95,949,277,779,486,829,395,858,267,864,421,765,419,764,495,800,471,896,519
1786209779.836,765,766,894,665,947,616,1000,521,994,482,855,385,1000,204,990,117,832,17,841,410,809,175,852,235,999,543,832,475,743,266,861,271,927,454,747,554,714,457,766,340,899,542
1786209779.936,824,803,907,732,915,560,974,507,966,456,889,406,904,243,928,147,949,3,798,343,798,186,906,198,922,468,775,532,735,281,810,394,696,218,723,583,776,326,728,523,798,349
1786209780.036,869,848,947,688,900,612,988,519,1000,327,938,357,957,196,875,82,834,10,803,427,869,306,904,288,1000,201,720,445,723,425,947,490,885,435,709,547,697,258,759,304,982,596
1786209780.136,738,861,934,664,942,585,1000,447,961,383,921,383,884,202,1000,87,860,25,829,344,939,211,859,257,1000,54,789,532,798,221,804,337,989,338,758,421,684,376,925,411,878,458
1786209780.236,852,774,923,693,1000,576,947,528,969,437,910,358,997,224,1000,84,953,14,882,441,850,156,992,291,862,346,719,484,721,277,864,402,888,444,726,497,769,392,692,352,874,411
1786209780.336,795,787,857,707,945,607,990,495,918,345,1000,356,885,217,945,107,898,15,838,386,852,276,880,242,990,423,839,355,836,322,786,341,966,285,743,546,705,395,840,350,776,421
1786209780.436,838,831,857,752,926,546,964,554,996,420,880,378,918,184,903,91,840,0,852,398,828,184,979,171,927,221,779,457,726,289,929,459,869,380,811,560,730,368,889,335,948,464
1786209780.536,826,790,867,785,948,591,974,512,918,389,871,414,865,170,807,64,1000,9,856,418,844,224,946,255,1000,376,754,413,757,356,819,259,906,365,738,601,814,405,713,371,915,329
1786209780.636,899,803,896,700,975,563,1000,562,1000,345,909,425,943,186,885,86,888,50,755,422,785,182,758,196,1000,326,732,483,851,295,987,385,936,287,751,511,793,364,827,349,665,523
1786209780.736,734,807,908,739,946,617,993,536,1000,432,902,363,935,220,912,108,908,27,873,431,847,178,844,294,1000,241,796,410,745,252,704,427,697,346,682,451,840,415,746,364,786,430
1786209780.836,810,888,812,725,945,643,989,530,982,370,954,413,960,232,948,128,951,3,835,397,819,303,900,251,938,705,734,397,725,276,864,285,836,391,708,516,825,442,883,482,877,419
1786209780.936,767,784,871,756,970,633,937,568,946,361,879,462,892,199,912,93,876,13,880,409,793,211,848,247,1000,268,775,518,834,321,981,359,717,466,666,523,669,377,790,352,822,526
1786209781.036,770,827,853,719,969,569,932,525,1000,415,878,394,915,211,773,72,872,13,843,422,853,166,971,352,812,335,755,442,843,407,899,344,852,395,778,496,715,310,856,423,796,525
1786209781.136,783,796,893,712,966,650,938,525,974,428,939,391,937,221,894,102,910,5,822,415,845,245,881,105,910,298,787,408,734,324,828,334,857,375,710,446,790,369,830,434,801,326
1786209781.236,912,778,920,804,986,595,975,465,1000,450,876,359,843,226,931,101,874,0,875,399,881,209,867,304,964,400,767,464,845,283,812,426,826,444,724,399,826,245,670,443,899,376
1786209781.336,809,687,923,736,955,608,994,502,879,537,954,352,894,201,988,49,894,0,823,380,845,199,835,296,943,366,771,409,786,317,697,352,905,382,721,360,740,506,818,384,854,465
1786209781.436,832,792,911,793,994,695,955,579,929,438,933,374,917,225,881,132,838,62,877,394,824,203,873,239,1000,564,786,397,766,279,776,229,1000,408,695,543,699,340,758,521,831,215
1786209781.536,857,788,815,714,976,622,1000,464,968,382,829,415,936,212,949,81,862,10,884,458,876,228,899,244,830,292,726,430,871,335,784,315,811,368,766,534,901,472,833,453,835,333
1786209781.636,861,848,883,737,1000,639,927,514,958,479,946,428,853,190,990,83,829,23,812,465,854,235,859,379,936,232,747,432,745,346,723,310,930,413,699,535,715,402,866,438,794,541
1786209781.736,806,836,958,771,998,614,1000,513,910,436,911,406,905,191,963,67,1000,3,845,419,867,161,933,269,860,184,765,376,875,371,878,303,864,458,793,468,702,492,684,335,831,294
1786209781.836,853,841,869,777,1000,602,962,605,999,433,961,398,885,208,985,52,908,47,814,456,903,224,847,218,1000,551,783,408,798,303,762,327,988,179,758,573,733,500,766,437,826,406
1786209781.936,774,834,929,724,906,622,991,493,1000,336,798,368,949,184,865,117,956,19,868,382,825,265,799,59,875,419,788,475,695,307,892,215,950,363,843,381,839,381,697,369,877,526
1786209782.036,880,867,853,771,971,582,970,471,967,381,852,403,945,202,1000,90,907,27,830,401,732,228,769,138,806,143,757,413,824,301,716,327,906,339,724,509,806,313,799,511,976,510
1786209782.136,826,877,975,721,921,597,1000,432,944,344,905,354,906,166,960,123,902,5,828,404,840,263,958,173,884,415,723,345,803,317,797,276,817,281,753,435,749,351,709,467,807,450
1786209782.236,734,768,925,830,884,599,991,475,1000,373,906,374,976,192,903,117,861,11,759,357,858,181,848,285,864,404,786,456,852,307,953,392,837,516,737,477,779,467,851,533,947,480
1786209782.336,755,794,896,754,980,613,981,535,926,510,806,432,910,227,945,103,962,31,822,437,794,227,933,328,943,234,813,405,877,284,741,228,883,390,802,443,766,343,781,523,753,486
1786209782.436,820,801,915,680,1000,680,978,612,947,441,964,376,839,173,1000,84,915,0,875,368,820,241,816,228,1000,349,783,446,773,400,791,337,889,485,769,497,780,422,648,295,800,383
1786209782.536,748,836,894,718,910,605,888,496,969,433,828,396,857,189,966,140,930,0,843,433,868,355,838,265,1000,496,702,435,864,449,895,292,797,617,754,453,753,421,858,343,799,286
1786209782.636,849,787,913,783,965,602,983,506,1000,436,874,420,976,179,1000,104,945,36,812,434,825,158,820,292,836,514,824,497,798,303,765,399,911,437,791,466,757,422,748,393,896,404
1786209782.736,861,733,941,753,936,572,906,467,1000,417,952,371,949,191,866,94,884,0,828,402,897,271,957,305,934,117,784,463,862,327,932,240,853,422,771,491,759,443,734,518,776,262
1786209782.836,803,879,918,756,958,601,924,401,975,490,915,408,995,213,916,78,1000,23,796,354,896,178,996,7,1000,357,783,428,883,328,785,187,894,375,669,496,732,404,872,510,932,369
1786209782.936,819,805,837,742,1000,608,923,504,910,466,923,384,895,202,924,79,837,40,819,404,854,242,809,99,863,344,750,419,895,187,795,469,876,298,771,502,745,414,768,335,843,343
1786209783.036,803,818,930,771,942,626,994,518,944,365,922,340,898,154,844,77,997,28,812,425,880,219,796,225,901,117,792,449,813,304,897,307,896,332,704,571,651,453,771,353,875,300
1786209783.136,765,764,884,694,1000,675,908,528,1000,449,869,382,873,197,852,93,830,3,783,405,812,241,949,379,715,172,766,457,712,235,856,328,911,424,740,509,767,441,651,514,660,337
1786209783.236,792,833,767,725,986,644,953,489,937,399,852,363,935,209,953,101,972,33,763,365,831,226,840,321,1000,315,781,475,702,291,914,271,779,355,724,450,880,376,732,399,932,435
1786209783.336,824,763,956,749,996,621,1000,463,943,491,970,356,925,197,882,102,1000,21,822,417,826,246,968,65,969,74,826,406,733,328,872,243,777,355,681,441,770,348,849,510,840,445
1786209783.436,894,748,944,769,988,656,986,477,1000,480,949,391,874,210,980,118,899,17,781,435,807,264,811,331,933,180,805,408,828,274,729,244,844,525,761,587,855,373,803,377,794,269
1786209783.536,801,744,892,811,938,614,1000,516,979,400,889,361,956,170,981,65,988,0,784,419,882,207,926,47,807,469,769,350,758,238,836,292,894,368,778,522,789,470,789,317,958,446
1786209783.636,808,773,867,760,993,636,1000,529,972,410,954,378,931,190,884,91,875,31,779,401,847,142,855,265,941,260,804,431,793,303,911,268,840,302,714,576,796,338,773,432,774,369
1786209783.736,863,774,934,776,930,573,967,454,971,409,916,430,955,216,807,106,1000,0,864,392,804,264,987,309,880,157,784,476,773,273,1000,405,974,216,700,503,709,495,923,368,1000,433
1786209783.836,920,809,918,782,1000,626,972,526,928,428,849,337,915,232,979,94,1000,0,755,316,790,265,843,282,1000,135,797,460,750,364,827,291,1000,432,762,572,728,475,780,368,829,378
1786209783.936,839,814,873,753,947,594,979,524,984,400,938,383,878,176,982,96,940,37,815,346,844,241,866,369,718,445,809,457,631,360,776,281,866,420,751,547,809,418,848,329,787,514
1786209784.036,840,835,872,763,914,647,968,579,896,514,883,378,922,192,919,80,882,22,798,369,782,203,963,170,852,316,764,538,784,308,912,393,899,358,804,493,740,366,689,463,648,433
1786209784.136,793,904,816,690,952,599,958,499,908,439,794,389,880,227,1000,89,1000,0,795,463,864,227,924,266,903,104,768,464,786,339,873,252,772,358,707,517,724,368,896,416,791,435
1786209784.236,865,815,919,696,995,694,950,449,974,466,895,359,906,218,899,109,1000,15,834,429,804,182,865,201,847,544,862,419,796,279,923,423,734,427,677,594,788,356,800,385,898,527
1786209784.336,750,885,961,691,959,671,1000,488,1000,579,904,371,921,211,892,106,846,0,867,332,881,133,775,200,930,474,780,424,820,241,857,227,886,361,696,508,773,471,698,400,786,511
1786209784.436,836,825,864,762,900,541,933,501,997,261,959,393,830,208,989,109,997,0,818,363,916,257,1000,203,853,269,831,419,798,294,850,270,868,356,726,550,861,355,788,348,869,385
1786209784.536,813,852,786,746,940,624,946,557,1000,450,935,368,879,222,878,128,906,23,923,371,844,276,941,215,869,256,834,423,796,265,895,333,798,269,651,454,808,479,869,444,842,503
1786209784.636,815,884,889,780,989,635,908,545,960,396,832,389,914,179,836,107,982,14,883,394,839,184,785,402,995,94,784,431,779,266,873,385,913,362,721,550,789,407,815,430,812,507
1786209784.736,753,783,919,681,899,609,919,444,1000,409,958,354,907,214,854,118,959,0,834,412,816,158,899,432,878,508,749,446,829,289,827,378,1000,408,707,489,903,411,773,326,693,466
1786209784.836,832,784,893,680,962,625,959,579,927,435,938,387,902,177,1000,92,961,27,809,390,900,175,1000,179,818,307,864,347,785,315,849,351,821,310,721,438,761,381,783,428,694,413
1786209784.936,907,753,948,728,934,557,982,569,948,415,945,399,829,208,1000,95,751,19,827,329,768,273,837,165,905,199,782,426,734,261,877,324,873,587,754,545,755,416,785,460,843,454
1786209785.036,809,801,1000,700,932,633,957,490,916,446,922,380,949,168,882,92,851,0,822,424,897,201,927,297,1000,240,708,439,743,249,826,294,891,452,713,520,765,457,803,400,820,419
1786209785.136,767,762,926,683,945,645,965,540,938,364,827,428,852,221,864,125,1000,0,790,427,864,263,846,413,917,119,768,380,869,252,881,284,829,167,749,569,713,315,877,291,959,353
1786209785.236,752,813,849,698,970,515,1000,505,906,365,944,407,985,192,941,105,971,40,805,393,815,225,925,101,993,130,766,493,808,308,766,239,957,311,708,551,706,419,821,406,807,382
1786209785.336,753,824,865,765,948,567,969,484,1000,400,887,431,939,240,998,76,990,50,899,435,884,213,830,213,781,476,767,495,732,349,813,221,1000,496,735,501,788,414,758,377,1000,673
1786209785.436,873,824,879,694,930,586,1000,585,1000,368,940,382,799,212,874,78,910,0,834,395,760,298,821,161,883,274,835,448,819,304,863,345,721,348,771,713,698,427,775,549,734,490
1786209785.536,738,788,892,769,917,632,978,515,1000,351,936,373,969,213,911,83,979,43,813,355,872,159,801,152,876,102,703,383,823,219,824,473,876,413,691,616,734,390,916,393,857,408
1786209785.636,790,819,917,701,928,584,929,431,979,470,939,320,899,184,932,87,964,8,756,361,842,231,795,111,912,93,713,415,768,240,799,322,821,383,712,508,812,451,913,464,873,395
1786209785.736,784,762,894,754,930,605,954,512,940,380,868,404,907,197,939,87,999,0,827,345,826,148,928,309,968,293,744,399,866,369,855,281,992,299,735,572,718,451,856,403,766,369
1786209785.836,815,737,899,748,993,554,1000,580,985,364,884,388,926,207,940,94,943,0,821,376,925,295,916,357,969,314,720,424,776,226,745,359,906,248,698,562,716,413,803,441,778,442
1786209785.936,810,812,897,740,1000,704,955,398,993,430,947,398,915,229,999,65,874,6,839,389,860,274,988,293,843,268,775,459,811,403,815,351,1000,311,732,448,768,359,895,416,771,509
1786209786.036,810,845,845,741,985,591,934,501,1000,480,880,352,889,197,950,94,878,39,841,414,766,114,793,202,952,0,840,443,858,240,882,328,947,350,745,559,728,417,677,455,1000,322
1786209786.136,798,842,895,733,942,591,974,505,911,416,971,377,847,203,881,67,935,0,809,403,775,146,923,77,833,37,759,455,797,421,922,248,782,671,767,531,768,419,707,417,859,353
1786209786.236,778,871,888,809,892,587,924,448,928,436,911,370,795,236,907,71,944,14,822,403,791,263,820,191,958,457,840,484,776,204,943,428,825,476,714,580,736,517,876,531,812,470
1786209786.336,758,840,932,822,975,634,961,527,948,426,907,379,915,198,901,119,938,18,775,414,865,208,1000,47,968,388,799,444,819,337,797,344,865,256,754,468,681,372,758,478,866,557
1786209786.436,772,842,1000,741,989,633,928,529,980,406,859,410,861,250,930,69,894,1,936,364,836,202,913,198,821,262,766,408,766,355,825,232,842,381,676,587,812,485,847,259,987,356
1786209786.536,767,809,952,768,990,595,966,519,960,467,937,407,779,209,917,100,878,0,855,384,866,196,969,329,931,259,811,454,803,347,945,223,794,290,670,495,797,402,778,484,865,464
1786209786.636,854,796,981,708,1000,570,994,474,1000,394,912,370,961,193,1000,74,840,35,811,397,827,166,877,351,985,321,821,387,776,311,838,302,781,148,758,512,814,378,764,406,927,413
1786209786.736,838,756,887,724,1000,615,1000,442,972,429,927,366,1000,206,859,96,906,85,879,400,837,272,944,0,957,293,727,476,900,320,923,462,812,172,752,485,688,399,872,395,784,414
1786209786.836,801,715,887,673,981,548,1000,484,941,435,860,398,874,195,948,71,845,16,834,404,856,230,919,251,755,45,853,436,838,270,843,285,1000,403,706,409,873,394,873,466,812,494
1786209786.936,775,757,943,720,976,622,999,432,939,402,861,402,974,234,903,102,955,26,799,466,882,272,956,289,830,269,714,455,784,287,930,285,859,378,657,484,627,370,881,437,801,437
1786209787.036,753,802,1000,800,959,613,944,467,982,392,940,435,929,208,824,112,853,0,875,436,821,208,839,140,860,64,805,454,819,236,765,325,885,359,716,592,787,516,912,525,759,487
1786209787.136,782,727,957,715,918,591,950,472,955,512,869,438,956,214,968,96,1000,24,766,409,876,213,890,190,803,72,718,466,672,252,794,299,728,419,678,560,730,398,818,423,856,395
1786209787.236,818,823,861,743,1000,633,1000,511,923,376,914,417,1000,226,854,79,1000,3,837,362,910,250,834,158,932,295,810,461,779,259,836,278,869,377,693,533,743,355,791,423,860,471
1786209787.336,843,861,906,684,947,569,1000,593,996,465,911,400,828,205,871,102,923,62,873,408,830,305,880,271,911,232,779,345,717,308,955,348,821,218,756,468,799,426,853,408,886,423
1786209787.436,773,758,792,719,1000,634,985,470,1000,413,971,361,873,189,836,75,933,0,675,438,768,255,884,424,984,218,751,505,721,300,838,294,909,396,744,506,787,409,768,406,790,364
1786209787.536,787,797,895,763,938,614,981,475,969,473,908,396,875,246,885,59,982,6,823,377,923,244,916,257,929,484,768,368,834,317,854,358,849,377,722,467,829,322,993,467,697,414
1786209787.636,794,820,852,728,952,579,947,544,888,445,935,383,915,230,882,83,895,41,889,345,885,265,978,276,905,449,805,539,838,298,766,276,762,352,762,499,820,423,787,412,894,446
1786209787.736,809,767,875,816,1000,551,896,506,1000,392,946,391,903,222,892,90,969,8,915,424,869,225,936,215,930,161,818,449,888,421,899,326,802,474,735,528,859,356,749,389,924,483
1786209787.836,761,836,843,693,953,586,1000,516,1000,406,894,425,907,237,956,44,1000,34,875,326,813,199,830,392,907,284,799,462,631,253,750,352,856,377,648,482,825,484,871,312,962,498
1786209787.936,797,710,934,703,970,609,1000,497,965,504,869,413,901,186,924,111,1000,49,823,360,828,172,868,214,964,0,750,402,849,227,863,311,965,440,731,469,662,417,857,296,745,456
1786209788.036,817,757,869,653,1000,558,995,501,1000,377,902,340,810,218,818,91,991,29,808,338,864,290,841,174,868,369,826,378,720,419,835,341,823,429,763,515,860,385,798,422,893,454
1786209788.136,744,816,878,703,958,570,938,385,1000,449,894,370,761,191,966,116,968,13,890,385,889,209,827,157,827,381,749,388,826,307,913,361,818,383,731,449,703,364,969,377,960,392
1786209788.236,842,843,934,742,1000,621,1000,430,982,435,857,406,834,193,805,130,912,68,869,415,816,178,914,237,806,77,741,520,899,300,857,295,803,525,798,450,759,377,786,489,738,475
1786209788.336,835,796,931,732,1000,549,965,500,843,362,862,417,875,189,972,60,794,0,775,345,866,268,931,338,1000,0,795,411,756,320,728,184,932,428,732,451,805,442,824,323,816,509
1786209788.436,862,787,883,720,967,585,878,557,1000,387,851,385,902,226,927,78,842,32,860,438,799,313,774,304,762,178,839,474,766,260,854,361,982,325,665,507,739,329,840,391,879,353
1786209788.536,824,742,858,717,1000,636,1000,567,1000,422,964,419,964,242,899,85,947,4,849,456,821,213,893,223,762,208,805,502,736,225,849,159,843,186,779,457,855,467,769,331,836,424
1786209788.636,818,767,925,737,944,580,971,466,968,424,911,441,905,227,937,91,919,7,847,362,778,258,937,307,920,396,806,472,750,228,820,320,860,170,792,484,773,475,643,370,819,403
1786209788.736,794,868,922,765,959,554,906,434,982,421,890,379,1000,189,979,96,923,41,896,389,876,244,882,260,855,246,756,477,787,217,797,71,839,379,721,606,796,434,695,380,810,363
1786209788.836,766,720,839,761,951,588,977,556,966,448,861,371,930,245,1000,109,936,47,868,311,796,243,771,166,855,253,767,422,832,274,821,215,964,302,685,510,722,373,837,383,1000,427
1786209788.936,830,714,857,683,921,622,1000,518,955,386,950,450,919,225,944,112,852,0,852,443,806,132,851,330,787,124,784,430,821,221,825,414,782,536,686,545,743,338,781,444,852,534
1786209789.036,867,748,840,674,923,648,996,478,965,494,986,397,772,212,979,101,973,19,784,364,827,277,835,282,931,510,776,355,823,407,896,259,791,271,803,481,727,394,794,515,764,539
1786209789.136,808,857,960,730,945,609,974,428,1000,433,846,329,790,222,887,86,958,0,858,401,838,153,831,295,856,457,869,466,864,329,810,337,1000,318,687,437,752,346,942,421,937,407
1786209789.236,750,743,855,740,976,630,926,503,918,441,921,355,963,254,973,92,906,3,804,407,792,139,895,245,864,110,789,390,785,387,892,214,775,392,674,390,793,422,851,424,847,374
1786209789.336,825,871,872,686,915,574,984,406,986,454,817,361,916,203,955,93,1000,0,794,358,873,228,921,295,754,130,738,398,772,344,929,298,859,298,730,510,808,449,646,395,973,394
1786209789.436,854,788,901,681,916,634,1000,504,909,422,956,440,895,172,974,90,987,17,798,400,898,220,818,107,849,232,810,384,867,215,1000,456,891,195,725,478,694,420,756,356,835,382
1786209789.536,896,778,912,732,970,623,1000,515,976,423,893,363,909,211,948,100,912,7,812,409,832,235,944,182,954,293,856,426,826,290,752,280,952,328,642,497,704,411,933,459,987,383
1786209789.636,796,755,864,689,908,658,906,565,1000,446,848,343,883,219,924,73,1000,55,826,402,776,208,913,273,869,251,761,423,812,180,842,348,833,323,710,473,764,411,661,451,827,607
1786209789.736,748,763,885,743,885,575,997,460,1000,395,858,407,996,215,999,133,867,34,772,414,838,285,954,292,931,360,780,433,862,376,837,339,886,199,714,586,723,524,905,434,902,351
1786209789.836,790,867,867,769,906,561,1000,502,941,492,956,416,882,200,942,111,894,14,846,446,874,157,869,163,952,418,782,423,795,301,803,226,712,514,746,518,834,331,688,433,878,279
1786209789.936,818,784,859,713,866,584,953,528,958,454,783,365,941,200,974,56,973,0,805,435,892,275,1000,352,847,309,764,529,845,279,907,225,900,273,662,541,814,429,804,317,751,347
1786209790.036,791,851,938,661,931,580,891,528,954,414,960,392,889,218,987,102,971,5,832,402,809,200,967,415,1000,104,723,381,798,134,807,431,960,320,710,530,815,373,800,366,736,414
1786209790.136,789,745,921,746,983,578,909,524,935,372,842,381,995,196,859,110,938,0,863,478,728,169,706,236,984,304,832,474,874,353,819,326,809,350,729,494,838,384,748,345,910,308
1786209790.236,793,862,906,723,955,568,948,494,978,470,903,429,996,222,996,74,853,23,779,387,875,293,866,187,933,139,771,435,791,294,790,264,819,198,740,547,808,388,757,458,908,453
1786209790.336,881,801,883,710,899,632,973,526,1000,399,793,403,921,191,947,113,866,1,897,370,844,104,790,256,1000,99,781,418,838,222,877,270,898,383,717,525,766,396,791,411,872,345
1786209790.436,786,754,892,703,985,632,945,503,995,410,866,357,957,225,911,113,736,45,829,403,827,292,816,369,938,376,765,375,837,306,941,306,845,527,799,499,722,450,799,448,830,574
1786209790.536,770,824,873,715,942,635,1000,528,961,427,940,417,771,201,910,111,922,28,790,407,881,158,1000,345,908,173,771,439,813,372,814,365,774,330,741,536,722,378,926,487,871,233
1786209790.636,916,801,880,705,971,621,1000,461,951,528,909,384,863,216,985,115,910,19,905,438,807,108,900,311,825,288,768,440,766,360,857,252,955,237,775,553,841,394,781,412,845,375
1786209790.736,777,785,844,753,955,595,939,450,1000,386,927,394,766,243,964,79,925,0,911,363,819,193,887,360,1000,233,793,439,745,423,941,336,1000,507,730,517,847,349,942,390,986,433
1786209790.836,817,800,871,716,1000,519,935,470,916,500,956,407,878,233,829,143,883,2,817,357,925,264,957,138,922,362,789,382,844,296,781,176,929,643,688,508,825,331,782,346,939,552
1786209790.936,809,764,875,701,921,603,996,525,965,423,895,352,920,194,844,104,887,15,871,362,845,142,977,126,869,476,769,380,826,327,803,280,844,353,655,489,862,352,774,323,906,541
1786209791.036,856,745,915,784,976,625,961,513,1000,437,842,376,975,213,931,84,1000,54,888,452,826,204,872,246,1000,452,799,370,710,302,907,315,1000,257,681,463,725,433,786,297,930,276
1786209791.136,753,728,902,734,1000,641,1000,516,921,426,926,410,887,216,868,73,855,10,786,382,881,179,851,249,927,219,809,463,847,285,812,268,905,334,705,475,726,415,712,427,912,382
1786209791.236,889,803,827,715,959,624,968,457,915,385,874,356,873,220,1000,112,1000,35,870,385,848,207,868,249,963,348,772,438,813,326,743,237,970,369,711,485,749,435,735,407,874,469
1786209791.336,812,825,869,689,1000,595,971,534,1000,391,854,353,995,185,922,74,834,1,796,372,929,247,939,314,900,227,788,443,764,296,798,307,852,237,637,448,863,386,875,257,765,312
1786209791.436,793,912,913,794,947,658,1000,498,941,349,885,392,1000,180,927,56,899,17,857,420,859,254,885,153,766,212,773,493,787,278,873,300,946,591,810,504,783,494,806,453,754,406
1786209791.536,855,769,888,663,1000,655,983,526,984,493,876,411,968,231,789,83,861,13,751,321,936,256,889,274,919,428,754,444,803,231,935,286,963,388,789,442,704,351,827,513,992,227
1786209791.636,813,656,927,771,955,610,979,467,986,407,942,386,867,175,813,125,897,18,909,376,814,221,884,405,1000,376,834,427,806,272,758,415,923,377,727,417,710,422,778,390,843,372
1786209791.736,758,729,887,751,896,606,986,458,1000,399,895,385,819,227,867,91,965,49,790,381,902,249,923,153,879,265,745,358,767,364,851,428,894,292,775,510,817,342,895,480,878,361
1786209791.836,800,830,903,750,994,582,938,501,950,461,850,419,983,206,927,79,892,0,895,395,784,239,933,241,1000,397,737,410,803,197,870,183,964,474,746,462,773,374,741,382,914,438
1786209791.936,868,837,921,662,946,566,971,472,948,476,921,419,828,207,981,129,827,0,878,390,802,155,823,98,913,414,729,447,833,289,736,351,875,358,706,504,792,540,826,511,884,425
1786209792.036,809,747,906,647,925,611,1000,568,955,428,944,351,933,189,913,86,954,24,872,411,849,314,788,388,886,369,765,403,815,347,879,279,1000,506,762,480,729,387,898,336,759,482
1786209792.136,817,767,847,784,970,555,933,487,999,451,951,346,924,235,1000,104,1000,25,879,399,807,186,893,225,773,146,766,469,791,285,779,323,988,392,669,431,796,390,812,363,897,407
1786209792.236,794,763,932,717,979,562,1000,561,878,377,921,351,905,215,913,108,882,0,876,434,950,124,928,74,1000,357,741,472,765,306,861,457,1000,310,767,518,686,363,992,431,940,415
1786209792.336,778,803,882,667,920,634,964,504,976,436,951,357,942,222,982,65,943,56,831,416,875,179,995,286,948,57,809,459,870,272,779,268,838,253,776,571,753,381,682,454,997,377
1786209792.436,797,822,966,734,964,614,928,437,928,474,884,374,883,203,1000,93,876,10,908,379,790,204,890,302,985,143,741,421,825,219,805,275,957,433,761,571,747,335,730,277,813,399
1786209792.536,838,803,873,722,918,646,950,451,1000,450,821,414,873,198,935,109,955,8,818,413,836,311,918,164,872,296,828,501,773,237,774,341,1000,434,666,459,730,356,789,432,912,531
1786209792.636,826,713,849,720,962,639,978,505,977,406,903,422,908,205,922,124,855,57,786,373,874,275,795,149,929,616,826,424,675,294,872,291,810,393,691,600,848,441,824,360,851,580
1786209792.736,841,811,933,748,971,644,994,542,973,406,874,370,828,187,868,85,1000,5,845,408,911,200,868,234,995,477,796,492,801,279,928,359,819,484,719,481,813,398,846,452,784,468
1786209792.836,863,759,912,693,995,645,965,603,1000,457,929,418,860,210,946,87,956,42,818,396,806,143,930,241,912,151,771,486,792,291,861,224,931,238,691,442,754,383,817,342,940,508
1786209792.936,794,780,869,714,905,570,1000,517,1000,404,883,377,895,193,940,96,894,43,914,442,866,263,997,308,863,344,802,390,778,350,722,223,865,414,675,492,828,407,887,364,782,510
1786209793.036,819,748,860,789,923,642,961,503,979,308,833,392,874,227,828,108,838,0,791,469,783,221,775,380,939,308,835,442,803,296,886,282,862,464,737,493,687,489,768,475,868,318
1786209793.136,859,814,950,719,983,540,960,445,948,445,872,415,867,224,1000,118,904,0,859,393,799,201,970,145,944,319,764,465,871,273,830,370,955,361,715,379,721,338,869,389,828,433
1786209793.236,763,873,948,791,982,606,1000,472,926,388,923,367,904,173,952,63,867,42,884,412,853,202,834,212,792,324,780,393,868,323,894,283,880,444,732,586,753,374,865,317,933,317
1786209793.336,831,773,914,763,962,561,946,470,878,480,904,356,988,192,939,78,797,0,817,431,857,234,758,352,925,272,822,493,848,275,778,398,768,588,728,441,696,330,828,405,745,402
1786209793.436,740,829,891,711,909,595,963,517,973,462,877,335,964,187,858,95,946,0,813,383,903,227,822,161,889,322,797,441,751,266,897,231,842,440,760,488,741,328,857,498,1000,468
1786209793.536,800,760,814,733,1000,655,1000,514,982,290,934,372,875,199,902,80,927,0,839,342,832,176,842,255,785,174,800,370,878,356,813,259,896,217,651,474,757,409,772,495,722,332
1786209793.636,824,749,843,731,918,602,953,464,869,427,842,384,885,202,915,100,880,43,758,389,878,249,822,174,831,372,749,447,805,420,868,258,760,345,722,379,725,420,778,473,717,494
1786209793.736,844,845,827,739,932,554,963,462,1000,447,847,368,892,205,983,111,930,2,761,446,822,300,894,417,954,89,754,428,750,268,753,321,899,266,800,502,719,310,822,387,921,421
1786209793.836,748,878,912,716,963,625,928,510,945,447,865,372,999,231,728,121,922,0,793,362,812,174,798,154,933,296,800,433,729,316,778,371,784,300,713,535,774,404,958,277,762,337
1786209793.936,722,769,923,703,944,542,950,482,995,330,878,421,889,163,1000,112,982,0,898,369,819,194,940,228,945,299,774,392,879,208,875,350,974,527,721,528,861,400,738,379,739,467
1786209794.036,850,797,825,767,891,548,971,514,985,416,979,391,966,222,847,92,1000,0,807,404,821,190,852,366,898,103,719,537,781,313,794,346,999,304,744,423,875,419,787,385,808,392
1786209794.136,691,798,888,746,937,578,977,430,972,320,950,409,863,220,930,74,797,18,802,439,842,194,993,292,629,221,724,399,785,309,865,405,932,438,734,569,746,387,676,480,846,696
1786209794.236,784,806,917,682,970,608,967,556,924,434,965,369,896,254,952,85,978,0,770,449,793,342,852,426,803,432,797,474,839,261,757,317,898,324,737,517,714,426,798,357,921,364
1786209794.336,781,805,952,734,976,595,974,501,979,404,960,378,822,262,904,125,1000,35,827,408,786,320,829,221,916,274,753,500,838,307,820,404,842,547,731,566,758,407,909,559,989,512
1786209794.436,829,779,906,690,971,623,910,505,985,415,915,350,871,227,924,103,891,9,739,430,920,177,824,281,1000,289,730,426,742,252,826,248,816,383,735,422,786,381,871,460,805,489
1786209794.536,764,862,860,740,950,568,1000,475,887,266,859,430,978,191,901,86,841,0,876,417,853,165,888,45,973,325,726,510,705,318,885,224,877,196,618,441,730,440,823,412,764,386
1786209794.636,760,746,868,729,936,595,1000,480,904,450,911,399,945,215,925,148,844,0,876,403,874,235,967,157,1000,452,731,465,790,255,717,242,938,464,719,543,816,412,764,437,895,494
1786209794.736,841,740,872,651,984,599,992,436,1000,356,934,393,902,201,886,124,927,0,819,402,881,199,849,245,975,98,798,414,776,400,833,380,939,246,657,543,704,308,894,334,785,610
1786209794.836,727,745,874,717,924,563,1000,515,993,412,912,417,860,212,965,130,1000,11,883,297,909,193,867,281,896,316,840,418,739,389,883,471,950,231,751,446,764,399,697,349,1000,455
1786209794.936,794,884,877,723,993,592,951,401,923,369,906,372,1000,184,1000,101,978,29,743,397,830,174,910,390,704,214,730,439,776,256,894,449,1000,294,657,529,853,450,937,390,799,444
1786209795.036,787,832,935,768,976,616,1000,414,975,422,909,387,935,194,991,106,936,0,869,405,809,224,921,290,945,302,818,493,828,257,774,278,1000,406,808,492,750,399,811,352,752,478
1786209795.136,850,913,875,712,928,649,1000,463,924,470,917,412,866,168,872,111,1000,0,930,429,781,237,935,35,957,453,793,433,784,276,766,267,846,388,705,452,806,424,777,441,813,439
1786209795.236,846,775,844,721,906,596,967,391,990,410,953,396,950,230,916,96,826,43,829,360,874,125,855,321,875,189,762,343,826,282,828,300,881,447,725,425,796,432,833,481,855,533
1786209795.336,866,828,862,721,1000,550,964,487,926,466,916,369,944,203,871,80,954,34,815,418,910,168,904,314,901,462,863,451,781,343,905,124,880,332,742,488,759,354,872,521,779,308
1786209795.436,803,801,943,677,937,526,1000,514,944,349,843,402,854,208,1000,88,865,19,784,462,903,219,826,206,885,342,818,388,841,323,812,236,889,260,766,438,794,399,776,398,947,327
1786209795.536,783,768,892,699,891,567,1000,514,975,405,897,377,940,208,854,101,769,20,777,394,789,227,918,372,790,425,783,415,829,276,896,243,828,478,783,497,610,392,820,389,882,391
1786209795.636,840,749,946,788,923,572,991,449,943,478,933,447,921,194,927,93,918,8,796,408,780,193,875,49,967,2,804,376,772,318,998,330,717,479,718,503,795,276,818,377,959,499
1786209795.736,728,859,912,665,959,646,936,565,896,377,856,430,886,182,950,110,969,2,846,373,914,281,949,311,948,115,803,441,853,334,885,189,872,314,736,476,749,430,785,414,720,359
1786209795.836,832,746,946,765,947,720,1000,460,1000,423,864,358,964,194,918,76,878,5,851,300,842,192,968,495,881,48,783,426,887,381,906,275,935,404,736,414,822,409,810,364,783,462
1786209795.936,723,838,849,644,1000,574,952,554,1000,338,856,364,961,240,859,127,881,18,782,393,837,212,906,157,841,350,830,435,816,331,904,246,816,300,800,526,789,424,719,541,894,498
1786209796.036,722,837,878,674,921,559,933,506,948,437,975,386,794,201,995,94,1000,21,759,402,854,278,994,321,942,383,772,368,794,309,764,425,962,225,779,482,721,465,814,538,778,279
1786209796.136,789,838,854,673,965,551,987,487,988,346,958,384,952,226,855,115,835,0,917,440,932,210,888,288,907,185,743,445,740,228,874,313,956,329,705,522,719,366,771,391,1000,310
1786209796.236,861,836,960,851,1000,642,932,449,982,329,927,327,972,200,931,79,805,42,891,384,870,209,900,308,951,476,798,437,755,263,903,204,970,344,696,439,801,402,936,317,802,425
1786209796.336,768,802,907,746,1000,557,988,474,985,443,854,363,939,207,911,110,973,0,800,350,843,160,888,347,881,214,856,505,755,297,870,337,1000,385,736,536,830,457,858,297,810,507
1786209796.436,813,840,973,679,999,594,1000,501,1000,427,870,402,929,229,950,150,919,6,810,401,851,240,886,191,841,236,822,498,788,237,841,484,962,435,763,582,700,381,778,447,867,501
1786209796.536,779,864,891,754,1000,649,989,540,1000,447,866,406,910,158,951,98,1000,0,773,404,858,231,883,151,897,240,820,453,779,384,828,364,866,553,730,505,756,414,907,465,855,586
1786209796.636,842,782,835,710,972,629,1000,453,945,357,838,371,931,222,867,78,812,15,805,460,859,219,842,115,803,202,751,390,810,318,815,472,737,382,718,469,725,403,801,378,739,289
1786209796.736,789,784,885,722,937,599,948,572,929,400,866,368,913,204,896,90,880,20,921,365,859,229,923,303,924,283,761,400,787,218,806,407,888,473,783,489,775,386,757,339,926,452
1786209796.836,886,846,862,760,945,653,960,455,929,380,861,373,957,243,845,124,896,18,766,417,754,242,898,259,852,366,793,426,824,284,883,311,897,438,712,432,779,471,840,428,849,500
1786209796.936,794,781,940,705,990,649,996,446,967,409,877,394,952,197,913,91,1000,2,784,338,857,191,923,129,867,103,795,466,808,229,796,339,742,349,784,489,682,368,771,555,998,499
1786209797.036,786,857,845,769,991,601,1000,483,907,472,895,407,1000,191,915,130,969,0,795,378,809,238,887,267,844,279,698,442,849,210,880,273,945,392,742,502,837,423,765,413,820,448
1786209797.136,783,771,902,729,996,591,909,486,891,442,823,361,893,238,860,96,964,49,868,439,879,170,904,316,835,208,747,471,789,271,759,316,833,402,683,508,740,332,719,323,835,444
1786209797.236,814,816,861,769,940,624,971,520,956,441,899,413,869,170,866,119,917,11,791,400,797,186,857,281,950,370,716,435,782,204,848,301,922,384,706,549,641,400,686,342,898,319
1786209797.336,737,910,836,792,950,587,996,563,913,392,938,398,970,217,1000,100,941,18,829,430,852,264,940,280,946,148,757,475,861,182,808,323,808,285,745,585,652,393,852,460,880,591
1786209797.436,803,862,866,729,912,641,973,519,951,451,917,360,863,206,963,137,946,36,768,473,868,225,872,148,845,556,740,389,758,223,848,406,830,225,738,496,819,377,798,395,860,398
1786209797.536,777,718,869,755,988,589,1000,502,904,332,955,379,848,160,900,105,882,0,812,444,781,197,957,285,922,198,779,411,750,229,901,316,905,392,743,485,737,357,712,327,821,290
1786209797.636,739,849,903,708,1000,544,1000,498,1000,425,814,392,930,161,1000,103,970,0,864,439,852,227,827,224,869,369,745,462,751,275,889,266,933,436,716,562,768,466,951,389,909,376
1786209797.736,755,793,836,689,979,587,1000,516,1000,448,950,401,928,230,963,100,940,24,807,371,903,314,824,186,995,363,804,477,780,307,864,254,906,510,714,507,775,387,868,358,969,490
1786209797.836,760,879,901,697,998,625,917,479,979,304,903,394,850,212,924,70,985,32,823,390,873,218,763,285,846,234,835,429,792,317,882,249,875,379,737,515,907,336,891,488,896,375
1786209797.936,878,703,865,773,943,667,925,453,941,442,889,375,986,237,899,58,788,15,863,400,838,189,922,387,739,278,740,367,737,310,875,435,880,183,718,424,697,436,832,447,821,504
1786209798.036,783,853,908,718,965,606,1000,514,966,407,938,410,898,182,870,92,1000,2,811,331,907,254,931,325,895,301,836,444,820,337,891,311,877,460,756,562,794,437,784,365,921,382
1786209798.136,801,865,945,738,946,602,1000,501,940,484,907,373,937,226,864,91,911,21,862,377,776,275,813,266,898,311,842,576,713,344,836,403,958,529,737,451,815,410,800,372,940,577
1786209798.236,748,830,878,668,962,575,923,468,918,385,839,378,874,214,959,102,911,2,800,367,872,145,877,215,954,90,779,451,700,230,841,361,895,436,686,413,769,333,753,471,869,383
1786209798.336,770,830,902,678,885,678,935,527,1000,427,872,348,836,214,1000,87,891,28,807,408,843,208,881,394,954,441,742,486,823,206,884,281,753,389,747,507,758,384,1000,323,929,435
1786209798.436,763,800,834,703,955,548,994,459,899,362,998,332,935,191,903,109,962,0,779,421,865,214,909,205,845,289,798,450,817,247,956,294,870,231,719,528,806,493,856,425,814,374
1786209798.536,846,845,848,755,981,565,995,455,854,411,911,386,1000,214,932,105,898,34,850,410,814,154,851,267,874,330,769,455,745,300,803,201,866,543,671,505,808,535,781,362,751,536
1786209798.636,763,785,815,762,1000,639,922,530,889,423,909,398,940,206,807,108,933,0,770,456,895,260,840,27,967,340,764,487,833,299,849,325,935,282,743,449,838,434,766,411,778,568
1786209798.736,876,834,959,732,985,653,977,506,1000,454,865,326,903,163,865,77,890,31,878,417,869,258,728,244,771,360,697,427,818,227,913,360,911,451,713,507,764,403,767,319,823,398
1786209798.836,769,841,844,719,1000,641,1000,476,1000,363,887,384,882,199,894,74,981,4,844,404,844,231,863,365,966,291,761,430,812,372,753,372,972,213,720,441,788,383,808,377,915,454
1786209798.936,813,809,918,716,1000,560,918,421,870,455,924,425,856,221,927,100,967,0,943,448,818,176,876,259,990,126,789,365,813,283,980,200,992,189,676,408,778,336,717,420,892,437
1786209799.036,795,885,900,758,962,565,996,473,961,436,811,342,960,193,887,100,902,20,833,405,811,236,950,194,978,282,807,442,790,308,930,339,919,335,786,534,768,396,890,363,697,440
1786209799.136,856,874,889,728,976,597,994,499,1000,458,936,383,1000,216,938,79,920,12,802,387,834,230,773,231,879,286,818,530,825,221,823,367,919,483,723,479,861,407,742,509,722,121
1786209799.236,837,843,911,674,955,596,959,567,917,436,954,401,977,218,949,104,966,0,781,434,892,239,848,109,915,100,720,435,755,308,836,273,740,282,696,432,746,338,805,422,781,472
1786209799.336,740,752,889,754,989,668,964,497,918,353,910,367,977,176,953,74,874,24,807,378,806,311,844,247,893,320,754,426,811,241,922,414,929,383,613,522,742,389,676,440,726,444
1786209799.436,843,781,945,696,979,557,1000,543,987,399,835,378,970,209,831,71,1000,22,784,331,814,140,872,453,786,263,829,470,785,281,768,300,900,496,703,489,712,416,876,450,751,447
1786209799.536,771,848,887,666,949,624,985,480,939,367,881,364,963,188,931,97,987,39,864,411,796,177,830,307,914,410,817,402,793,288,824,279,977,381,727,455,801,346,851,439,817,462
1786209799.636,810,800,894,729,962,609,939,496,978,425,943,408,866,203,905,96,926,26,843,444,852,188,853,295,785,101,778,479,855,277,920,327,754,374,703,549,763,330,706,404,641,387
1786209799.736,813,754,936,774,919,595,1000,503,901,412,860,422,944,200,932,67,878,51,837,433,852,288,758,227,1000,422,829,435,766,232,772,384,922,368,746,507,817,458,738,425,707,446
1786209799.836,829,742,876,727,965,596,937,500,890,407,879,385,883,175,902,116,1000,75,906,353,824,226,877,249,1000,138,750,511,762,311,918,359,895,478,693,472,793,285,923,427,866,288
1786209799.936,744,784,928,643,986,593,969,514,978,382,928,322,888,209,903,56,975,0,832,403,842,282,879,280,904,374,832,442,830,370,940,291,965,402,769,530,779,428,837,426,839,411
1786209800.036,882,824,869,715,996,579,926,439,886,350,845,430,909,199,838,93,815,0,921,423,832,260,850,174,1000,129,764,450,747,325,826,373,928,349,792,463,838,471,949,418,784,620
1786209800.136,787,765,885,687,976,584,967,547,994,420,907,390,889,206,953,93,953,0,810,370,817,287,927,151,942,234,752,367,839,214,843,247,943,339,722,493,781,404,814,369,715,333
1786209800.236,835,788,865,670,893,580,1000,478,984,387,928,379,847,201,1000,135,958,5,848,410,840,248,895,216,817,225,809,434,806,273,774,302,796,257,772,476,723,496,878,380,890,412
1786209800.336,771,824,880,729,995,641,958,525,914,444,906,400,896,249,870,117,860,23,859,400,820,234,898,396,841,211,789,424,787,348,653,274,737,245,818,531,816,399,874,282,943,360
1786209800.436,778,825,907,730,906,611,1000,479,1000,373,899,434,876,228,1000,100,893,0,890,446,905,225,946,239,841,446,841,389,742,291,913,232,898,311,753,456,806,394,748,410,684,384
1786209800.536,817,722,785,633,1000,604,959,546,947,434,900,376,927,222,913,86,904,0,847,352,869,223,888,303,837,340,788,427,747,322,895,330,792,318,724,536,677,371,788,400,739,414
1786209800.636,788,755,888,705,975,573,980,466,938,435,910,377,898,176,1000,111,968,0,810,385,757,269,972,420,828,305,829,424,765,186,925,319,820,406,732,508,752,496,808,519,902,465
1786209800.736,797,846,898,689,921,623,946,500,1000,436,866,431,941,227,789,103,980,55,774,443,913,133,911,296,883,220,804,407,781,334,967,363,891,319,688,559,755,469,793,360,889,427
1786209800.836,747,885,867,763,988,559,943,489,926,512,890,415,939,212,926,123,874,56,782,427,780,212,888,201,894,95,740,459,793,251,938,226,850,320,750,501,758,298,882,390,863,367
1786209800.936,761,870,818,684,1000,631,966,559,986,432,909,403,938,251,912,92,847,7,913,435,818,228,802,160,920,220,738,458,788,202,704,276,750,171,770,494,749,392,733,434,841,366
1786209801.036,774,746,876,717,941,609,974,513,1000,451,943,365,885,219,964,81,966,0,855,397,781,207,1000,260,1000,87,807,319,792,324,905,258,965,317,720,475,701,493,821,482,944,347
1786209801.136,857,825,849,744,919,667,1000,500,1000,335,865,382,1000,184,822,64,985,0,829,426,835,237,915,206,895,323,812,399,646,327,911,337,902,314,746,545,767,546,701,417,750,512
1786209801.236,730,742,867,737,935,585,971,492,1000,456,884,451,938,186,939,108,882,0,839,384,906,262,842,279,1000,94,738,435,794,286,826,295,911,499,708,631,872,479,864,546,827,359
1786209801.336,778,757,899,738,964,606,981,581,994,469,908,342,817,249,892,82,942,24,863,464,907,189,942,210,898,136,712,434,746,340,828,345,992,213,699,509,781,466,882,412,879,463
1786209801.436,735,795,904,745,923,559,969,592,928,482,971,391,876,217,935,77,884,21,874,386,838,258,871,217,850,181,882,427,858,382,834,350,888,199,668,501,740,512,800,542,811,605
1786209801.536,825,828,872,749,1000,601,965,492,1000,465,965,399,914,215,987,90,1000,19,735,431,786,267,938,271,950,442,759,472,848,386,771,353,801,266,740,503,827,383,808,420,777,369
1786209801.636,853,777,944,751,899,627,995,522,959,369,960,386,866,215,879,75,902,0,797,428,836,286,829,95,919,548,799,584,808,302,699,354,894,331,721,495,754,523,790,418,817,504
1786209801.736,810,789,812,736,945,604,937,568,1000,496,951,407,852,244,868,90,972,29,859,383,815,346,879,229,854,323,786,435,810,387,806,324,827,407,705,470,683,409,850,536,894,393
1786209801.836,740,747,839,801,967,585,944,464,938,490,898,347,1000,183,889,125,953,0,784,361,802,227,894,230,905,142,789,495,784,279,853,408,806,534,743,500,831,336,856,436,771,475
1786209801.936,815,794,930,703,967,602,956,526,956,341,817,412,848,212,927,88,1000,14,867,408,831,226,972,336,1000,320,744,415,735,331,807,82,1000,313,705,589,697,468,774,313,1000,516
1786209802.036,844,819,919,677,961,572,930,521,1000,399,890,356,912,222,971,108,887,0,868,428,834,207,954,212,965,270,737,510,798,250,751,220,849,585,704,577,757,336,782,316,778,354
1786209802.136,716,871,902,699,965,575,886,637,974,388,811,346,999,237,968,71,1000,21,863,414,776,171,850,298,803,264,771,472,825,233,946,230,969,315,733,511,775,442,847,460,893,320
1786209802.236,814,776,846,715,964,616,1000,562,981,447,904,412,937,205,1000,84,1000,0,869,452,758,234,926,265,937,308,736,545,768,313,803,143,804,217,768,466,736,342,825,356,939,461
1786209802.336,776,841,894,727,903,604,988,563,931,541,925,345,868,235,998,96,936,0,890,360,878,290,885,326,1000,326,771,433,756,247,877,308,907,213,723,555,702,404,679,314,923,406
1786209802.436,885,822,916,683,943,579,941,533,1000,441,861,399,812,233,846,71,934,14,832,356,891,148,790,234,811,460,732,507,842,357,977,327,797,364,705,460,772,385,761,389,901,519
1786209802.536,729,788,887,679,952,612,995,506,925,527,937,406,965,211,1000,97,927,26,901,455,867,251,925,327,1000,256,829,451,823,366,898,392,848,539,753,506,825,551,730,349,1000,472
1786209802.636,811,797,945,831,932,603,965,536,1000,506,934,463,882,189,1000,99,838,0,846,373,797,217,816,297,759,301,798,431,845,213,799,295,938,399,808,455,687,506,711,453,767,248
1786209802.736,785,843,842,749,985,559,969,574,996,406,918,369,970,229,931,101,862,0,820,394,888,270,893,345,836,439,747,493,791,178,897,384,842,335,721,394,634,478,756,535,972,574
1786209802.836,773,729,847,708,869,589,970,444,918,408,915,363,927,209,926,82,841,55,861,436,838,219,912,86,823,177,760,395,808,294,943,514,776,391,732,498,704,351,835,340,867,412
1786209802.936,808,759,900,691,963,657,986,517,1000,345,977,359,958,221,870,118,958,60,843,394,819,145,862,219,928,90,769,462,825,186,895,302,865,117,783,508,679,425,843,491,826,435
1786209803.036,773,829,860,691,954,560,1000,590,945,346,914,375,974,190,956,98,883,15,872,401,846,186,953,332,877,271,833,383,821,258,969,326,983,292,679,486,778,374,874,391,671,483
1786209803.136,762,786,959,797,935,629,958,490,938,328,903,398,877,228,898,82,960,0,873,383,884,287,921,173,812,89,821,429,763,282,921,382,916,445,734,515,776,403,874,431,776,481
1786209803.236,813,830,889,759,955,634,961,485,993,402,1000,406,913,223,895,116,984,43,817,352,815,214,985,431,934,290,764,474,898,388,925,409,948,370,699,498,787,320,806,348,941,384
1786209803.336,817,770,961,658,974,558,960,512,977,432,906,371,903,207,935,94,973,11,844,383,796,234,956,281,846,403,765,469,774,309,811,282,751,431,741,522,779,360,889,475,784,481
1786209803.436,842,781,881,748,901,566,943,422,1000,314,915,413,897,192,937,96,991,0,797,419,844,262,898,231,885,614,838,458,796,319,904,354,818,570,736,608,774,389,921,427,864,326
1786209803.536,832,780,874,707,973,549,970,547,908,429,870,378,999,172,969,85,893,0,867,390,828,232,871,71,871,414,720,385,771,249,845,235,848,370,751,566,750,511,804,464,1000,446
1786209803.636,740,806,868,715,1000,561,987,463,951,459,914,383,878,213,1000,76,1000,42,892,409,892,180,841,309,931,268,681,416,735,316,834,272,1000,489,767,618,808,359,751,473,673,427
1786209803.736,704,807,930,737,992,681,972,630,975,470,871,437,967,236,927,68,956,0,821,405,945,242,890,238,805,301,782,391,735,262,851,285,794,407,747,505,733,437,803,323,943,465
1786209803.836,797,731,862,807,901,597,976,517,897,429,822,392,878,188,973,91,957,23,888,352,881,228,858,144,954,160,798,525,839,366,798,380,786,350,793,466,825,461,898,317,898,420
1786209803.936,851,727,909,735,883,573,915,470,991,430,907,359,971,206,926,116,863,15,853,377,870,249,876,232,948,399,780,487,824,190,750,413,860,393,770,499,766,353,845,447,802,351
1786209804.036,921,798,864,755,955,566,993,464,1000,446,887,393,959,210,1000,121,958,0,829,416,806,288,822,188,865,393,747,353,844,264,774,262,1000,303,722,475,696,361,721,473,861,656
1786209804.136,770,763,958,769,971,565,1000,500,946,481,898,355,914,190,745,77,893,0,859,368,862,169,938,134,729,462,745,517,819,333,919,330,890,515,731,459,796,282,916,499,957,537
1786209804.236,798,797,841,796,939,620,986,442,885,420,879,387,968,211,969,106,906,0,846,401,881,220,863,223,838,491,822,380,831,187,915,266,909,165,681,524,725,355,921,560,934,336
1786209804.336,882,731,881,728,1000,641,961,460,1000,391,909,349,942,216,850,118,962,29,819,404,844,220,892,351,990,124,816,491,785,317,881,254,848,457,708,552,836,469,965,399,868,462
1786209804.436,799,827,821,734,906,570,1000,494,998,408,950,382,809,211,795,64,870,0,813,358,780,299,840,52,880,132,744,468,770,225,878,411,924,107,684,501,750,385,744,307,1000,436
1786209804.536,831,802,895,724,915,549,990,511,1000,459,862,422,952,220,1000,141,971,24,880,376,817,259,829,294,920,169,779,496,796,294,870,357,853,413,687,456,727,430,829,396,913,468
1786209804.636,789,755,859,668,962,574,960,497,1000,469,897,426,806,245,965,98,869,0,861,421,871,193,824,260,967,289,835,437,792,326,931,215,788,341,847,485,757,439,890,418,954,327
1786209804.736,767,855,894,676,908,576,977,524,951,440,879,425,1000,198,952,105,935,27,855,380,899,236,858,452,899,324,785,430,814,242,888,184,773,574,679,393,696,503,684,339,725,409
1786209804.836,782,780,972,678,953,620,944,525,947,440,894,330,980,249,913,76,1000,60,828,389,838,149,864,390,895,144,797,405,789,219,776,379,889,290,731,466,721,470,876,404,865,433
1786209804.936,824,766,930,740,947,588,1000,496,933,399,934,342,893,228,914,102,996,33,817,393,881,271,876,238,929,480,819,468,740,274,832,432,860,512,705,472,790,493,802,227,716,460
1786209805.036,735,763,894,629,943,563,926,467,916,445,954,379,881,198,858,68,821,0,903,372,713,200,784,248,904,297,776,418,722,285,917,463,860,361,746,580,737,443,756,429,937,318
1786209805.136,778,845,920,768,988,594,1000,509,825,405,878,413,888,229,957,74,917,0,843,368,845,214,872,419,881,19,817,482,696,250,877,362,879,377,691,369,877,348,831,395,931,444
1786209805.236,809,683,858,756,981,571,923,509,832,358,979,432,937,212,808,80,908,0,821,447,818,211,928,121,844,186,780,420,777,252,773,368,852,443,684,463,752,396,874,376,918,467
1786209805.336,797,759,925,689,956,605,970,485,928,333,963,375,905,203,989,138,937,5,788,343,764,190,753,335,940,254,821,386,752,182,900,258,881,485,779,497,785,351,943,394,860,397
1786209805.436,856,811,926,740,949,642,989,459,920,428,940,437,819,207,953,102,991,27,794,359,855,273,891,108,828,385,765,441,843,222,819,280,909,460,670,499,812,297,813,321,797,209
1786209805.536,865,786,859,739,918,564,1000,585,938,476,915,348,863,238,839,146,890,52,823,428,902,292,846,169,902,107,787,398,844,257,727,430,895,378,768,546,722,377,735,303,903,469
1786209805.636,837,860,926,761,880,595,1000,450,970,447,919,400,943,210,837,107,945,0,893,418,781,189,847,195,931,152,822,484,822,291,911,299,820,505,739,462,741,361,968,406,866,498
1786209805.736,747,852,868,799,945,646,892,450,952,311,927,399,860,206,972,50,845,0,836,395,880,249,925,124,919,246,835,444,760,336,886,257,851,339,773,510,804,375,842,497,821,444
1786209805.836,740,767,879,684,1000,575,1000,511,967,499,796,384,855,166,853,96,880,33,826,385,828,222,856,170,984,202,763,455,807,240,899,363,894,328,711,488,696,401,884,467,819,529
1786209805.936,889,788,923,636,910,610,943,595,993,471,898,360,885,211,886,111,972,9,759,462,832,354,922,225,942,7,818,554,691,273,840,389,1000,417,808,508,789,422,908,376,924,323
1786209806.036,789,773,897,714,999,574,918,442,1000,368,917,381,955,201,1000,137,906,0,966,357,839,228,882,94,946,153,834,368,795,166,699,255,823,535,725,569,743,438,763,350,694,464
1786209806.136,814,837,903,807,963,644,966,462,999,415,937,400,870,228,872,110,1000,0,883,413,879,188,895,122,1000,8,764,393,825,396,892,552,767,233,693,505,707,360,864,319,754,398
1786209806.236,788,848,855,698,978,637,1000,524,972,450,887,381,819,224,936,113,746,8,800,454,868,238,855,277,837,275,756,540,863,348,745,388,895,509,739,498,777,300,760,432,952,384
1786209806.336,800,729,955,771,981,622,1000,466,924,476,944,355,884,241,948,113,852,27,776,323,873,294,866,196,1000,262,775,514,775,253,903,265,868,231,734,503,817,452,859,433,846,488
1786209806.436,752,695,943,753,952,647,952,471,927,450,827,367,927,181,884,47,965,0,789,349,823,153,1000,39,874,304,748,445,753,374,770,137,773,417,722,540,792,367,781,379,1000,495
1786209806.536,888,840,891,686,964,604,974,493,871,487,897,348,937,189,957,115,992,5,818,374,810,226,869,172,821,274,761,383,832,387,913,265,876,543,682,541,684,500,785,562,1000,424
1786209806.636,769,811,886,710,895,587,939,528,1000,459,915,364,923,222,889,98,917,54,871,421,767,235,872,229,789,137,775,487,763,267,969,298,869,363,676,530,728,402,851,542,738,511
1786209806.736,841,773,919,792,928,616,991,527,1000,428,923,363,921,196,851,85,944,21,782,362,873,251,937,360,949,231,782,512,925,315,884,378,882,502,765,518,746,316,872,421,788,332
1786209806.836,832,729,906,760,977,592,934,529,1000,389,922,436,930,198,985,80,843,31,818,386,814,205,969,385,1000,441,796,370,783,408,817,439,884,83,751,567,761,474,693,309,870,476
1786209806.936,864,831,843,735,979,536,975,488,936,446,847,402,941,228,857,63,944,1,956,415,844,219,807,291,902,278,782,446,708,335,789,310,985,569,662,500,779,317,877,414,870,351
1786209807.036,821,840,899,706,941,615,979,544,944,355,916,375,953,206,963,74,936,0,784,365,818,285,847,134,918,293,759,428,839,326,887,228,1000,490,746,436,816,375,803,288,744,473
1786209807.136,848,833,921,724,942,618,1000,503,1000,408,855,389,917,204,1000,113,835,51,721,479,829,218,878,276,908,270,829,462,746,330,883,278,945,358,718,485,630,373,871,404,740,520
1786209807.236,789,747,987,684,989,578,981,462,909,447,918,423,910,252,940,108,839,0,857,394,850,189,889,253,818,379,712,444,877,327,893,251,1000,525,695,473,833,506,723,336,840,239
1786209807.336,803,856,833,731,935,669,957,572,938,461,911,385,870,213,897,81,1000,24,862,383,833,215,903,298,906,178,808,437,722,171,867,256,915,291,732,478,861,458,918,407,924,442
1786209807.436,869,799,834,647,1000,625,995,570,890,400,888,411,876,181,852,121,879,0,862,371,767,153,878,286,893,349,715,364,901,357,900,269,860,375,777,521,793,394,877,427,856,367
1786209807.536,797,753,892,730,868,598,937,525,995,397,924,407,900,238,881,128,912,0,821,356,876,152,968,163,972,292,789,408,809,297,747,246,835,293,774,499,721,375,780,386,759,361
1786209807.636,837,810,887,726,955,599,994,523,893,413,831,408,952,194,917,50,989,28,883,454,788,269,973,115,895,238,811,325,880,283,910,316,920,122,712,545,780,310,822,348,774,297
1786209807.736,830,853,983,667,985,638,957,461,916,391,908,429,970,173,877,124,880,7,764,441,758,150,947,408,886,282,813,449,774,262,739,339,872,327,689,450,798,454,793,375,778,517
1786209807.836,803,819,909,714,914,569,1000,470,947,359,844,367,1000,220,892,120,917,46,927,436,846,260,883,86,858,156,752,518,846,313,903,173,939,478,642,540,685,290,916,335,790,522
1786209807.936,788,794,885,740,948,611,960,519,980,521,882,384,924,226,859,98,766,2,880,370,849,202,829,326,828,330,790,396,799,237,883,218,852,348,769,506,817,435,858,382,942,402
1786209808.036,724,792,913,662,924,560,1000,579,956,448,922,435,878,202,903,98,1000,10,800,354,896,187,923,185,811,373,754,455,816,319,829,375,804,107,754,508,730,319,666,409,996,421
1786209808.136,786,801,986,756,922,608,988,455,1000,376,830,392,908,206,878,82,999,21,795,324,802,234,843,182,863,279,808,436,795,277,813,391,941,598,750,472,714,458,757,462,786,465
1786209808.236,754,837,841,737,949,611,963,484,973,366,853,379,891,186,979,89,912,0,921,489,807,284,876,380,934,303,681,395,793,300,764,264,925,224,732,566,785,422,667,348,1000,380
1786209808.336,859,774,882,747,961,621,949,451,925,391,889,420,916,216,932,71,928,12,867,357,753,235,904,228,910,412,760,423,796,222,837,316,1000,343,734,549,718,482,949,404,806,579
1786209808.436,838,806,954,779,944,616,996,504,902,370,837,404,850,210,1000,127,809,0,803,354,769,227,925,325,872,251,792,431,831,313,821,176,1000,300,740,395,763,409,829,616,798,507
1786209808.536,826,771,928,720,989,681,982,490,1000,494,859,376,947,203,867,108,969,0,838,376,794,204,886,116,876,301,824,421,732,277,808,364,852,79,867,507,769,315,708,399,882,496
1786209808.636,813,748,787,722,937,559,1000,432,994,344,905,417,894,241,1000,101,961,38,858,414,819,148,796,447,933,255,827,401,820,293,879,295,801,285,697,499,678,332,828,397,869,430
1786209808.736,916,808,877,730,995,605,1000,521,952,426,972,397,860,200,798,99,1000,0,841,435,889,287,766,286,793,149,810,443,827,238,948,375,953,257,771,482,730,439,861,346,1000,596
1786209808.836,830,822,907,664,961,611,957,489,856,361,941,440,862,210,989,84,970,8,885,349,793,240,888,238,952,159,725,413,773,273,934,381,923,399,710,453,698,363,814,325,867,416
1786209808.936,784,855,789,711,870,616,1000,442,909,329,902,379,897,199,866,121,944,0,806,365,903,260,874,389,1000,257,762,419,746,385,778,389,936,342,795,414,760,375,889,430,702,545
1786209809.036,824,755,879,674,950,612,965,483,891,438,812,390,818,207,923,105,982,37,768,395,929,233,830,236,879,125,812,463,728,284,808,196,764,237,724,474,711,381,873,431,940,413
1786209809.136,875,818,873,730,911,595,991,531,947,565,891,340,976,219,937,86,952,53,844,342,691,245,821,234,846,166,748,404,829,321,764,237,911,490,766,444,818,302,802,440,671,621
1786209809.236,862,831,853,724,986,564,971,544,897,437,819,362,885,217,882,99,882,0,887,354,874,227,846,139,820,186,772,463,777,276,841,358,933,224,716,565,691,407,805,366,991,437
1786209809.336,871,802,913,703,936,622,991,530,983,348,862,414,809,212,917,114,953,0,806,378,867,119,892,167,923,337,714,425,799,294,839,225,792,225,748,493,761,306,815,450,692,386
1786209809.436,731,783,855,742,963,656,975,518,940,361,937,426,949,209,866,121,964,64,787,430,865,211,966,277,836,272,741,414,826,344,862,262,911,454,652,505,753,458,846,440,811,434
1786209809.536,845,799,901,665,954,531,959,506,1000,366,916,432,878,174,941,70,874,34,913,360,809,206,848,409,868,235,841,462,840,239,811,240,945,509,704,479,746,315,767,460,776,442
1786209809.636,743,796,870,678,986,639,944,493,968,323,836,427,856,232,844,110,906,4,913,350,867,253,1000,151,860,403,770,414,838,274,786,378,910,341,713,449,804,383,760,316,887,388
1786209809.736,711,747,884,718,948,592,927,463,1000,475,925,404,959,183,926,71,856,19,875,390,913,237,834,150,986,307,804,313,804,261,751,316,969,623,736,460,721,458,743,449,878,450
1786209809.836,731,786,832,703,991,653,984,477,1000,388,847,410,936,195,930,106,940,21,814,417,842,205,867,235,798,200,781,373,762,421,769,291,811,362,696,486,724,464,824,336,926,348
1786209809.936,731,802,974,653,908,635,955,531,927,427,979,355,966,220,835,108,931,11,849,384,844,238,928,112,1000,127,808,439,730,318,782,404,822,212,785,509,812,354,677,523,852,478
1786209810.036,832,787,903,790,956,642,909,554,896,473,917,387,907,201,875,91,1000,44,799,408,846,220,820,281,973,172,854,506,818,221,875,343,922,549,720,610,786,387,996,464,813,441
1786209810.136,831,795,899,694,894,611,982,527,939,348,855,420,877,197,905,82,882,0,894,423,896,295,737,272,863,445,749,387,723,272,910,341,781,610,751,541,835,309,750,463,782,409
1786209810.236,799,744,878,763,984,649,1000,521,981,433,871,359,876,199,885,105,939,17,850,443,841,274,914,340,1000,369,782,440,769,261,909,246,1000,359,835,461,778,383,758,480,756,373
1786209810.336,829,836,834,750,962,572,950,411,1000,474,841,413,882,225,894,88,908,0,894,431,846,275,781,138,944,392,789,349,741,312,1000,416,1000,412,739,443,816,399,869,408,877,426
1786209810.436,812,847,840,667,973,661,1000,448,947,341,874,422,911,198,956,78,1000,9,819,420,882,302,869,336,916,203,748,385,756,351,896,224,737,254,697,482,829,372,943,288,822,504
1786209810.536,840,787,936,759,932,619,1000,475,1000,375,906,353,917,184,906,61,978,19,881,385,891,229,889,424,871,460,797,409,728,232,925,456,887,391,756,503,825,420,828,357,770,151
1786209810.636,858,795,876,648,933,578,950,518,971,347,840,351,1000,237,873,53,935,10,848,426,861,175,900,316,853,331,757,528,728,353,732,461,786,396,665,426,813,462,835,458,944,372
1786209810.736,739,801,869,742,977,581,1000,532,999,398,935,405,945,240,943,83,855,40,850,461,753,270,866,213,850,414,802,383,800,328,859,407,856,129,734,509,781,467,672,389,772,325
1786209810.836,799,834,906,699,951,642,1000,478,937,328,880,339,1000,189,990,136,940,6,780,379,911,243,884,355,961,268,786,400,765,278,885,223,886,333,692,478,636,360,736,386,654,451
1786209810.936,843,797,915,706,899,607,1000,443,944,406,1000,396,812,162,967,150,908,0,853,368,731,276,844,333,850,306,811,485,803,299,890,357,774,236,646,540,742,450,848,336,842,393
1786209811.036,774,844,1000,771,956,654,1000,440,1000,461,953,413,900,248,944,86,959,35,839,412,845,196,831,123,1000,258,645,454,810,186,790,252,819,508,721,476,826,432,688,363,881,350
1786209811.136,894,807,862,681,991,582,990,451,969,386,885,366,966,196,915,94,1000,33,868,338,813,283,810,250,827,154,843,469,839,332,837,267,847,354,794,426,733,351,896,535,880,469
1786209811.236,806,822,926,743,975,636,916,503,980,442,891,394,874,170,982,71,916,0,901,395,828,262,1000,278,879,386,717,438,888,298,854,323,847,410,756,481,627,430,976,379,724,494
1786209811.336,881,826,966,758,983,587,987,502,963,406,909,352,954,188,909,103,867,0,819,344,872,173,974,242,913,12,784,432,729,294,820,304,882,324,736,494,790,373,738,356,978,519
1786209811.436,857,860,874,738,960,632,967,507,969,448,929,392,918,211,1000,58,864,27,846,408,870,237,847,297,910,226,805,466,802,384,938,399,1000,359,709,545,750,404,744,448,724,425
1786209811.536,801,782,819,656,929,627,987,502,925,438,817,319,899,195,984,99,1000,0,856,388,902,217,935,151,876,277,827,334,776,269,704,285,754,121,717,483,750,418,752,531,850,549
1786209811.636,726,764,923,717,917,537,1000,532,977,393,849,388,843,191,999,55,970,50,869,413,821,197,743,246,877,191,777,438,761,378,897,391,871,431,693,535,753,345,816,385,1000,473
1786209811.736,874,853,895,709,892,574,999,489,983,311,920,421,819,214,1000,133,894,30,895,413,897,225,906,190,896,349,751,425,829,403,706,475,858,481,771,584,724,390,814,381,968,427
1786209811.836,729,773,827,717,982,582,963,490,972,447,936,455,918,221,829,88,909,0,813,394,819,349,913,414,1000,200,779,416,784,235,817,349,907,403,724,546,750,483,680,452,895,373
1786209811.936,786,823,932,656,980,589,1000,420,1000,372,964,387,869,212,985,62,971,9,859,398,817,175,923,300,959,349,815,500,701,159,965,216,791,344,664,478,712,390,838,382,818,457
1786209812.036,849,875,884,799,989,560,934,477,1000,393,813,383,808,184,889,99,992,28,786,384,845,215,865,95,820,233,658,465,726,327,888,278,962,456,715,476,824,417,895,239,861,292
1786209812.136,801,834,967,689,937,603,944,547,962,426,927,387,869,205,873,98,990,0,771,400,808,229,902,59,961,125,777,405,765,383,869,392,892,443,743,513,825,412,988,473,753,418
1786209812.236,820,804,923,758,906,655,960,476,938,463,887,370,890,169,874,69,909,27,858,445,886,202,883,240,744,119,772,428,817,315,725,361,894,443,767,491,833,352,747,436,820,457
1786209812.336,892,820,902,692,894,604,1000,488,984,496,963,402,921,175,886,90,872,16,915,455,852,263,837,368,789,416,797,401,782,226,772,197,943,507,644,598,763,420,708,498,870,536
1786209812.436,857,863,866,718,934,641,988,551,1000,328,961,417,893,213,916,109,903,22,838,381,850,354,839,221,857,210,810,469,792,346,901,308,754,466,733,500,738,446,843,389,746,529
1786209812.536,829,814,781,725,948,583,1000,535,986,475,853,376,916,193,967,84,1000,0,924,474,837,281,857,330,895,109,641,423,805,363,849,399,843,338,767,365,765,380,919,369,898,516
1786209812.636,734,796,875,764,982,598,941,550,963,333,829,402,845,244,868,96,937,0,742,405,809,232,874,265,1000,213,760,359,783,312,814,353,865,233,739,488,771,371,769,417,832,588
1786209812.736,838,827,886,645,927,582,968,501,996,434,952,380,925,213,938,124,978,0,830,397,935,212,821,280,946,279,769,479,751,270,811,406,903,259,690,600,824,451,818,511,756,501
1786209812.836,782,791,924,721,941,588,909,537,919,519,886,428,817,221,982,124,829,0,859,403,854,210,978,467,916,352,780,495,832,230,805,242,1000,445,704,462,808,455,877,376,879,444
1786209812.936,760,760,911,734,977,637,1000,468,995,460,885,393,897,249,930,106,910,0,781,439,875,213,826,258,870,258,729,446,803,350,837,295,752,495,761,500,691,334,777,473,878,300
1786209813.036,820,764,871,765,985,648,976,543,939,406,884,390,844,201,1000,72,841,0,946,415,830,230,896,188,869,267,750,417,809,234,1000,380,776,105,701,536,791,397,773,342,817,343
1786209813.136,784,862,861,751,985,566,948,551,923,417,992,418,916,223,920,118,795,5,748,404,831,291,926,198,877,342,756,434,856,243,816,297,1000,442,770,540,810,430,845,304,884,424
1786209813.236,827,799,926,764,849,590,914,514,952,492,909,375,961,200,894,104,1000,32,859,501,810,192,891,373,836,534,722,430,800,240,804,383,998,144,734,493,770,385,721,514,954,424
1786209813.336,780,774,784,740,986,612,974,509,926,393,892,410,984,201,862,97,1000,0,872,448,826,194,917,273,961,578,785,381,795,302,934,306,846,225,747,680,752,429,777,316,890,436
1786209813.436,694,875,911,729,941,622,992,521,1000,489,990,365,882,213,877,82,957,33,888,390,862,238,883,173,836,382,746,354,790,370,655,298,935,176,719,437,708,380,734,321,847,633
1786209813.536,836,848,927,698,968,648,1000,512,990,551,937,380,908,185,1000,131,932,68,862,381,881,246,934,126,846,497,844,501,899,321,882,250,832,158,714,387,824,425,667,392,1000,422
1786209813.636,757,721,819,748,941,593,962,497,909,436,834,367,965,214,964,143,923,9,824,381,797,231,904,278,913,418,779,417,747,203,947,266,804,330,716,588,746,554,822,550,931,466
1786209813.736,874,853,920,819,938,569,954,582,1000,392,792,383,859,196,861,61,1000,0,894,389,792,251,858,225,919,175,715,433,838,239,858,439,872,385,729,462,709,347,845,459,923,400
1786209813.836,852,816,896,593,927,549,998,507,916,436,834,359,875,217,1000,83,1000,10,845,395,833,248,928,167,894,522,785,449,848,261,845,385,981,117,699,445,757,350,867,418,930,519
1786209813.936,833,787,898,708,906,643,974,435,990,408,805,349,875,210,970,112,965,8,907,424,851,254,857,238,749,235,846,442,797,344,872,259,882,251,734,453,815,374,756,398,884,325
1786209814.036,778,807,950,625,980,592,960,472,949,453,875,438,945,210,914,122,1000,0,806,422,882,213,836,250,1000,295,729,441,830,283,933,389,875,380,657,564,746,380,777,438,754,345
1786209814.136,800,774,908,703,1000,633,1000,476,1000,396,867,410,922,189,1000,117,927,74,869,397,941,258,920,210,912,231,834,361,858,240,843,298,837,450,726,463,772,363,777,301,813,478
1786209814.236,804,884,1000,708,926,649,988,554,984,409,891,402,901,231,846,122,806,13,821,341,752,176,885,191,828,478,730,467,749,227,805,369,767,407,690,457,786,528,750,456,825,391
1786209814.336,851,764,845,745,1000,635,929,475,1000,504,910,372,998,205,888,79,850,86,894,373,917,252,911,181,869,283,702,413,792,362,805,384,711,503,692,506,786,415,810,319,775,523
1786209814.436,775,797,830,761,908,641,941,549,966,390,972,387,893,225,836,40,1000,0,871,399,791,255,857,151,828,47,794,392,790,279,782,202,1000,370,796,562,746,414,829,535,925,361
1786209814.536,818,839,844,746,1000,574,952,555,949,367,939,406,917,229,995,94,1000,52,753,359,743,212,807,173,992,44,783,441,788,296,694,258,1000,245,790,423,680,349,902,368,883,440
1786209814.636,800,860,926,681,947,673,988,435,899,467,931,362,951,239,1000,131,962,4,818,397,803,210,961,105,790,405,764,347,789,278,817,374,771,377,719,501,668,373,819,444,1000,506
1786209814.736,823,860,881,788,998,590,1000,523,1000,436,874,367,893,194,999,95,823,15,840,380,853,225,921,292,936,107,860,364,786,228,874,332,866,541,769,481,808,493,900,396,714,463
1786209814.836,832,767,894,723,1000,677,1000,499,1000,454,896,451,873,218,974,90,962,35,845,415,846,264,868,216,910,454,710,394,902,304,819,383,815,146,740,459,770,422,828,286,855,473
1786209814.936,739,733,848,756,883,638,990,491,897,377,935,426,858,229,964,96,879,0,911,404,899,238,854,293,1000,199,813,444,722,208,816,348,952,204,751,492,764,437,948,427,734,417
1786209815.036,841,842,922,706,906,629,936,534,998,395,894,395,880,178,921,97,1000,0,880,354,783,213,824,126,1000,226,868,390,709,361,797,332,769,371,675,495,738,416,864,423,892,424
1786209815.136,782,823,889,723,972,568,1000,492,971,417,929,399,909,236,733,123,985,0,874,438,866,154,924,329,864,350,764,476,777,257,844,216,868,415,760,512,685,481,924,414,787,386
1786209815.236,793,815,881,692,995,616,941,516,973,381,954,393,901,204,950,94,921,38,776,351,875,340,936,403,875,200,796,480,729,277,845,268,834,467,745,542,782,353,849,339,825,341
1786209815.336,774,806,874,691,999,602,959,454,879,408,836,410,913,238,937,80,806,31,781,382,914,256,906,324,977,510,755,418,747,287,838,184,826,532,736,538,757,295,808,479,749,500
1786209815.436,725,803,917,714,1000,588,957,512,931,343,849,412,896,241,897,111,959,0,799,332,866,283,784,211,857,366,765,497,773,221,815,293,923,334,743,456,748,358,754,495,790,402
1786209815.536,849,836,963,746,935,685,997,496,968,429,888,349,997,206,935,141,883,27,802,410,850,264,956,193,1000,497,768,435,768,272,764,382,712,299,725,569,734,428,811,472,885,508
1786209815.636,777,756,909,707,958,619,1000,538,934,359,977,343,888,219,1000,92,928,0,841,354,809,263,855,322,896,98,823,375,763,278,916,280,804,393,719,474,776,334,689,555,862,449
1786209815.736,767,843,871,615,936,596,971,494,936,380,886,341,809,208,930,115,910,0,754,364,860,294,885,139,841,170,762,487,850,280,860,259,740,570,638,399,863,404,734,453,920,314
1786209815.836,778,842,859,738,1000,516,965,515,883,391,947,369,834,229,950,94,920,37,848,422,811,137,920,337,891,413,765,431,877,273,823,175,936,298,732,482,739,397,814,488,985,492
1786209815.936,860,841,914,784,908,581,949,489,997,360,922,372,894,210,1000,80,921,0,805,357,852,247,924,178,947,305,776,378,799,299,854,352,937,255,718,527,749,458,824,269,926,423
1786209816.036,722,791,840,756,955,572,1000,524,955,353,861,364,951,172,921,90,993,15,858,378,788,212,930,309,875,169,737,429,799,371,855,369,816,380,732,491,763,410,853,487,655,533
1786209816.136,724,816,993,725,963,595,1000,519,935,414,848,386,890,209,881,91,927,11,847,391,807,231,871,331,996,97,802,473,727,321,909,247,860,396,748,445,828,287,916,444,798,511
1786209816.236,755,807,904,736,926,588,981,470,978,387,945,435,896,225,911,75,899,11,761,421,845,274,919,253,881,501,862,420,842,250,807,291,936,258,786,550,800,386,879,202,891,448
