timestamp,x1,x2,x3,x4,x5,x6,x7,x8,x9,x10,x11,x12,x13,x14,x15,x16,x17,x18,x19,x20,x21,x22,x23,x24,x25,x26,x27,x28,x29,x30,x31,x32,x33,x34,x35,x36,x37,x38,x39,x40,x41,x42
1786205705.948,671,671,776,635,865,561,936,489,1000,439,824,359,873,232,902,153,925,83,758,328,785,182,797,85,805,0,689,334,698,202,702,119,708,46,619,363,606,252,599,177,595,106
1786205706.113,673,673,780,639,872,567,943,490,1000,424,828,364,877,235,904,157,925,88,761,330,788,181,802,83,814,0,693,332,700,195,707,110,718,39,624,356,606,242,600,165,600,93
1786205706.292,660,660,790,626,895,557,962,470,1000,387,855,359,887,214,899,136,904,72,780,319,807,166,821,77,827,0,702,306,717,161,728,72,734,4,618,316,615,193,619,116,624,50
1786205706.483,701,701,851,649,980,494,1000,310,917,216,914,321,940,121,945,79,935,0,826,319,861,222,851,381,831,408,740,329,774,237,778,401,762,440,654,352,694,267,715,388,709,440
1786205706.671,736,736,866,686,979,548,1000,388,933,301,928,377,947,184,954,87,954,0,849,373,880,304,872,438,854,472,772,385,801,322,809,453,795,483,696,407,732,349,750,448,742,485
1786205706.836,741,741,873,695,989,562,1000,398,917,313,937,389,954,190,958,96,954,0,856,383,886,315,878,456,858,492,781,391,810,328,816,469,797,501,704,410,741,350,757,455,746,497
1786205707.021,736,736,869,681,983,548,1000,389,917,319,935,382,954,182,957,87,955,0,855,377,881,306,868,438,850,481,778,386,804,321,807,454,793,494,702,403,735,340,749,441,741,486
1786205707.195,726,726,862,684,984,550,1000,377,912,294,939,383,961,183,964,91,960,0,858,370,882,290,864,418,845,470,780,369,804,297,803,431,786,479,700,378,737,318,746,421,734,472
1786205707.373,745,745,886,711,1000,543,985,358,878,279,953,388,980,200,986,90,983,0,864,368,877,190,885,115,880,36,779,372,785,203,798,165,785,119,696,398,738,294,761,385,755,474
1786205707.545,777,777,905,711,988,567,947,416,859,362,976,355,999,188,1000,90,997,14,882,330,891,166,891,76,887,0,794,330,789,176,793,80,792,2,702,352,694,214,691,126,686,49
1786205707.719,777,777,908,722,999,576,951,433,849,406,977,367,1000,199,1000,103,995,28,886,340,900,180,902,87,901,8,801,338,802,182,808,82,809,0,709,360,704,213,703,134,701,67
1786205707.919,768,768,906,716,1000,567,954,421,857,393,980,364,1000,198,995,108,986,39,893,328,912,161,919,70,922,0,809,317,817,159,828,68,835,2,717,330,716,183,722,92,726,12
1786205708.091,709,709,814,691,898,651,951,606,1000,566,856,389,892,256,915,176,933,108,780,356,798,196,807,90,813,0,708,364,707,212,709,114,712,33,635,400,612,279,607,195,610,122
1786205708.282,650,650,757,609,851,547,931,499,1000,468,780,318,817,194,840,122,860,64,710,287,726,145,736,63,744,0,641,296,639,165,641,87,647,21,575,333,547,229,532,162,525,98
1786205708.440,650,650,761,610,854,550,933,503,1000,471,778,323,813,197,835,125,855,66,706,292,719,149,727,65,734,0,637,301,634,171,636,93,642,28,573,338,547,234,534,166,530,102
1786205708.618,659,659,764,623,857,561,934,510,1000,480,785,328,821,198,845,124,866,64,713,300,724,156,734,68,742,0,646,310,641,182,643,102,650,36,585,348,557,248,543,180,538,117
1786205708.793,658,658,766,620,857,560,934,509,1000,478,790,331,827,201,852,131,876,75,720,302,734,155,743,68,750,0,654,311,655,180,658,99,664,33,592,345,570,241,559,174,555,112
1786205708.976,768,768,891,722,972,622,961,534,939,490,953,372,984,194,992,88,1000,0,854,343,860,184,864,90,873,8,761,351,755,200,758,103,768,19,669,382,644,239,644,143,656,59
1786205709.157,769,769,890,692,953,552,887,422,798,368,961,365,993,186,1000,83,999,0,861,359,869,194,873,109,873,29,769,388,764,310,783,436,785,524,683,441,690,364,719,465,729,549
1786205709.332,788,788,921,725,1000,565,930,433,822,424,980,372,1000,192,999,86,997,0,880,356,874,215,872,201,879,186,790,369,770,265,795,275,815,263,707,410,699,344,728,420,748,486
1786205709.506,793,793,921,728,1000,562,930,443,829,437,980,367,995,187,992,89,986,0,881,362,860,280,857,420,866,488,792,374,769,315,786,451,804,504,708,408,698,351,723,453,744,505
1786205709.698,790,790,911,732,995,579,933,464,836,447,978,365,997,181,1000,88,999,0,879,363,866,282,858,432,859,498,790,381,776,312,787,457,796,511,706,417,700,344,720,450,734,503
1786205709.862,782,782,917,719,982,578,896,489,806,466,971,356,997,187,1000,82,999,0,871,332,852,268,823,360,800,436,781,339,769,216,785,134,804,42,700,375,691,285,707,261,729,226
1786205710.053,784,784,909,718,969,597,899,527,827,501,962,369,984,202,995,88,1000,0,861,345,820,298,799,383,797,451,770,363,710,393,724,520,751,593,691,411,645,441,671,534,706,590
1786205710.217,805,805,928,747,993,621,924,539,845,492,978,373,998,205,1000,91,995,0,871,349,803,346,799,496,820,577,777,369,714,400,736,536,773,590,693,418,646,447,680,549,724,590
1786205710.411,796,796,920,739,991,618,923,538,840,495,972,358,994,194,1000,85,998,0,867,331,802,339,799,485,815,560,771,351,712,393,735,525,767,573,686,404,640,439,673,537,715,575
1786205710.582,781,781,914,745,991,628,933,536,861,477,973,385,992,204,1000,88,998,0,874,352,885,205,884,119,876,44,784,363,783,267,791,240,794,216,698,402,701,339,714,333,723,332
1786205710.755,728,728,875,703,982,528,942,366,835,353,968,409,1000,292,955,343,909,394,884,338,925,189,930,99,932,0,802,306,824,161,826,79,822,12,710,301,719,159,723,82,722,17
1786205710.935,712,712,857,695,975,529,950,362,845,332,965,438,1000,321,966,355,928,396,891,363,929,209,942,111,951,9,813,324,846,170,858,77,861,0,725,309,746,170,760,83,764,4
1786205711.105,710,710,859,684,981,521,959,355,852,328,958,422,1000,318,964,377,931,420,887,355,928,214,923,155,925,79,817,319,827,234,800,340,782,432,741,300,764,160,774,74,782,0
1786205711.283,718,718,869,682,988,523,961,360,853,332,961,416,1000,318,963,386,929,434,886,362,915,247,896,267,892,253,813,330,820,248,790,366,770,465,739,313,764,169,774,77,780,0
1786205711.474,732,732,883,699,988,533,953,367,833,357,967,427,1000,324,975,362,939,408,884,358,922,194,936,95,939,0,798,333,811,184,817,93,814,21,703,346,708,222,711,181,711,162
1786205711.618,720,720,875,685,986,516,955,338,834,331,965,405,1000,293,970,348,937,398,882,344,922,188,930,110,931,17,798,321,819,160,827,76,825,0,706,331,724,196,727,203,722,233
1786205711.841,733,733,871,686,979,537,1000,366,983,239,939,362,964,188,972,83,976,3,853,330,878,176,887,102,892,47,767,321,784,161,802,71,813,5,667,329,657,177,658,78,661,0
1786205712.004,662,662,774,611,866,538,939,471,1000,421,790,303,821,175,840,104,858,47,714,281,724,142,730,62,736,0,642,298,633,174,634,102,640,40,575,342,542,244,526,180,516,117
1786205712.186,648,648,754,590,853,511,934,451,1000,406,759,281,795,152,811,82,825,21,685,262,692,124,701,52,711,0,616,281,601,160,602,99,608,49,556,324,518,237,500,181,488,126
1786205712.352,677,677,776,625,865,548,938,491,1000,446,784,319,821,182,840,102,854,35,712,300,715,154,717,67,719,0,648,323,629,198,625,122,626,58,589,370,553,285,537,234,528,187
1786205712.542,767,767,887,687,965,539,944,386,888,288,954,317,980,159,990,70,1000,0,860,293,871,144,883,69,899,7,766,308,760,171,770,88,782,19,671,354,645,241,640,154,642,76
1786205712.714,763,763,901,690,982,521,918,360,807,328,972,355,996,182,1000,82,1000,0,866,337,858,220,843,286,836,330,768,344,755,239,766,270,774,270,673,370,668,252,679,238,690,217
1786205712.883,783,783,917,703,998,536,934,392,829,392,972,356,997,179,1000,82,998,5,876,330,887,165,887,73,884,1,786,335,784,178,787,79,786,0,693,362,681,216,679,125,677,47
1786205713.102,774,774,913,697,1000,526,936,375,828,385,970,334,994,155,992,68,987,0,870,314,872,167,861,153,857,147,775,317,768,172,770,125,771,87,682,338,674,183,672,97,672,21
1786205713.263,781,781,913,709,1000,537,943,389,832,386,968,360,994,168,995,73,993,0,874,341,879,191,870,162,866,135,786,347,783,267,785,373,787,453,698,359,690,209,689,126,695,48
1786205713.459,767,767,908,707,1000,544,953,387,841,383,970,372,991,219,984,148,976,86,878,338,886,206,869,192,856,191,791,327,791,173,804,77,813,0,698,340,696,194,701,105,707,26
1786205713.612,767,767,909,708,1000,538,943,383,828,384,975,380,999,211,996,114,987,39,886,342,900,177,901,80,898,4,802,329,811,172,824,74,831,0,710,336,713,192,720,100,725,23
1786205713.779,763,763,906,712,1000,542,953,376,845,382,965,381,979,244,961,250,944,240,875,341,887,205,878,184,875,160,789,329,794,190,803,162,813,138,701,335,692,184,692,89,699,0
1786205713.959,763,763,905,702,1000,533,947,369,828,376,957,353,973,214,958,250,942,263,863,326,868,205,854,264,850,297,774,321,771,227,772,325,778,400,686,331,672,180,668,89,673,0
1786205714.106,761,761,904,702,1000,539,946,376,826,371,964,355,982,186,976,134,967,82,868,328,870,205,851,258,840,306,777,318,775,170,784,157,794,151,687,326,677,176,677,83,683,0
1786205714.259,769,769,909,709,1000,541,946,380,838,383,963,364,978,215,970,215,958,197,872,336,873,232,857,306,849,357,784,326,784,189,796,184,809,178,699,331,691,180,692,88,699,0
1786205714.435,763,763,908,704,1000,537,944,383,829,381,971,375,983,247,958,293,936,311,879,337,882,240,859,318,843,372,793,317,798,170,817,108,837,48,707,320,709,168,715,82,726,0
1786205714.612,766,766,908,704,1000,548,952,398,841,376,965,394,985,252,964,192,939,147,872,361,884,191,884,107,878,27,782,361,782,194,798,92,804,0,683,394,676,254,685,187,692,120
1786205714.792,761,761,905,697,1000,517,945,357,825,347,958,369,981,218,960,148,934,93,861,347,868,179,867,100,859,18,767,360,759,191,774,93,776,0,670,407,673,291,685,276,688,262
1786205714.976,730,730,890,658,1000,448,934,263,795,259,953,297,977,138,939,150,898,136,843,275,834,132,824,230,815,281,737,285,717,114,740,72,755,0,634,328,643,221,671,247,686,251
1786205715.122,767,767,910,709,1000,525,947,372,835,372,962,391,980,247,952,187,925,135,867,370,865,239,856,252,849,262,775,377,764,217,779,106,788,0,681,415,683,292,697,249,705,205
1786205715.270,700,700,876,610,1000,369,927,157,774,163,943,189,964,0,937,21,902,2,823,177,812,22,801,171,795,236,707,197,692,90,712,241,724,299,592,247,607,174,636,280,646,330
1786205715.442,740,740,894,681,1000,477,940,300,810,297,949,318,962,182,913,270,867,322,845,296,835,158,824,256,814,303,746,307,728,142,751,89,766,0,649,352,647,247,667,253,676,234
1786205715.630,724,724,885,655,1000,439,940,248,802,239,945,272,964,114,912,162,862,183,834,254,824,109,815,201,813,243,728,267,710,113,740,77,764,0,627,316,640,225,676,270,697,286
1786205715.802,763,763,908,706,1000,515,947,356,836,355,964,380,979,242,932,260,892,270,868,358,856,236,838,311,828,357,775,365,761,212,771,113,779,0,681,406,695,317,718,329,733,329
1786205715.987,784,784,918,714,1000,554,968,401,902,333,957,350,974,186,977,88,979,10,857,332,855,171,853,81,853,5,764,349,748,191,747,89,744,0,670,395,651,258,641,167,630,85
1786205716.168,671,671,777,614,868,535,940,464,1000,409,785,301,819,166,836,90,851,27,707,282,713,141,718,60,724,0,634,305,617,184,615,112,618,52,567,353,528,262,511,204,502,149
1786205716.338,674,674,778,620,864,535,939,464,1000,406,769,302,802,166,820,86,833,21,697,285,700,144,705,62,712,0,630,310,609,187,602,119,602,57,571,358,526,277,503,235,488,194
1786205716.515,732,732,849,686,933,590,976,510,1000,446,849,377,850,251,849,173,851,112,766,357,751,200,740,89,734,0,692,379,654,253,633,174,624,112,624,433,587,337,578,279,583,230
1786205716.692,785,785,919,727,997,538,954,360,868,264,970,362,985,206,992,96,1000,0,867,352,854,229,858,400,856,482,765,373,752,273,777,445,783,516,666,412,666,306,697,432,705,502
1786205716.877,782,782,912,711,987,546,928,395,821,368,966,370,996,174,1000,73,999,0,865,364,866,211,852,226,849,228,770,387,757,295,772,422,784,504,677,426,671,314,694,356,715,380
1786205717.051,784,784,919,696,1000,516,924,371,807,367,964,354,990,165,993,73,993,0,863,353,847,241,830,358,829,438,768,374,740,295,759,423,779,496,679,415,661,336,687,410,711,453
1786205717.202,713,713,889,630,1000,403,914,199,760,200,939,209,961,3,945,6,926,0,816,195,808,43,784,192,774,281,698,210,674,66,695,160,714,193,585,251,568,123,589,171,606,186
1786205717.355,779,779,914,698,988,537,960,374,922,275,964,321,992,154,999,69,1000,0,862,303,874,155,876,81,877,19,765,317,758,167,756,84,753,20,665,357,639,218,628,128,621,49
1786205717.537,704,704,809,660,895,593,950,526,1000,473,821,356,856,219,883,142,908,77,745,333,751,181,759,84,768,0,678,355,655,219,646,132,646,55,617,406,578,311,564,242,561,175
1786205717.709,708,708,809,664,896,595,953,527,1000,466,822,362,855,222,873,135,887,60,745,342,744,186,741,84,739,0,678,364,654,228,642,137,636,57,616,414,574,320,552,253,538,186
1786205717.877,742,742,880,647,969,495,989,358,1000,248,905,277,913,123,906,51,903,0,799,264,791,107,784,45,786,5,701,284,687,134,686,64,691,21,602,330,579,180,577,84,584,7
1786205718.055,777,777,900,692,966,541,926,395,862,337,962,336,997,178,999,79,1000,1,857,308,879,155,882,73,885,3,753,318,756,172,764,80,774,0,646,350,623,202,619,102,625,13
1786205718.251,767,767,916,705,1000,516,927,351,795,327,954,323,977,154,975,79,974,0,841,302,837,181,816,301,801,351,729,317,714,152,742,116,758,13,625,361,609,246,640,274,663,255
1786205718.419,767,767,919,695,1000,502,924,340,795,329,956,350,971,196,960,166,952,134,849,330,842,199,829,277,822,322,746,336,733,162,756,95,774,0,643,370,637,226,655,195,673,144
1786205718.601,713,713,895,601,1000,366,901,167,734,160,933,154,921,0,879,128,849,185,798,147,774,14,760,203,772,279,668,174,638,61,657,243,683,315,542,228,531,92,564,162,595,178
1786205718.784,713,713,893,605,1000,372,903,169,737,155,933,161,924,0,884,157,853,240,798,152,769,8,757,205,765,269,669,176,630,60,654,254,682,324,547,225,527,73,557,122,588,118
1786205718.948,732,732,867,673,968,554,1000,442,1000,342,892,315,911,166,921,84,935,18,786,290,783,147,786,67,796,0,688,304,671,164,674,80,683,6,592,346,549,211,540,118,545,33
1786205719.126,709,709,808,666,894,598,950,527,1000,467,824,356,856,219,875,135,891,62,747,336,744,181,741,82,737,0,679,360,654,225,640,134,631,54,618,411,577,317,554,251,539,185
1786205719.311,728,728,824,681,905,606,955,536,1000,475,839,384,871,236,885,137,893,53,762,368,752,201,739,90,724,0,693,394,663,250,644,151,629,67,629,449,588,352,565,282,549,216
1786205719.491,790,790,909,701,982,545,955,387,885,305,956,349,985,177,993,78,1000,0,860,332,874,179,882,103,895,42,765,348,759,198,768,110,778,43,664,386,636,238,631,131,637,43
1786205719.691,781,781,922,698,1000,525,924,392,803,384,953,347,976,177,978,81,977,0,848,330,851,186,848,162,843,130,749,342,744,189,767,121,779,41,643,374,625,217,629,144,634,67
1786205719.856,781,781,914,702,1000,525,931,386,812,375,945,343,968,171,972,77,971,0,842,340,836,214,825,295,820,342,746,368,734,267,760,346,775,367,654,421,653,334,684,406,702,443
1786205720.022,758,758,908,676,1000,485,923,323,790,314,944,308,957,124,945,62,933,0,835,307,812,181,801,316,805,392,731,326,696,238,721,372,745,430,632,368,617,285,653,372,684,415
1786205720.221,777,777,909,697,1000,513,933,363,811,353,946,344,967,164,966,78,963,0,845,346,834,228,822,372,821,449,750,368,731,282,750,428,764,492,659,410,651,329,674,421,690,465
1786205720.388,774,774,908,699,1000,510,933,356,807,349,945,336,961,161,958,82,951,0,844,337,829,217,825,370,829,433,749,356,726,274,749,428,764,479,656,397,644,324,673,434,691,481
1786205720.548,777,777,917,708,1000,525,931,368,820,318,950,344,974,176,976,82,976,0,846,338,841,199,827,249,818,270,749,359,734,253,752,320,758,325,653,404,653,309,682,402,697,463
1786205720.738,738,738,844,693,927,619,967,543,1000,475,854,379,887,232,905,141,917,65,772,359,763,194,758,88,752,0,699,382,676,238,663,144,656,63,633,435,600,329,588,259,587,192
1786205720.914,713,713,819,665,904,584,955,506,1000,439,824,359,856,221,874,136,888,63,748,341,744,185,742,85,740,0,682,365,654,226,642,136,636,56,621,415,578,317,556,246,541,177
1786205721.091,703,703,831,645,927,530,974,420,1000,322,849,292,865,152,868,80,869,25,755,271,752,127,750,55,750,1,667,286,653,141,654,65,661,0,579,328,550,193,545,105,548,24
1786205721.274,781,781,915,693,988,526,939,379,868,289,965,348,993,175,1000,77,1000,0,860,342,866,164,866,80,859,3,761,378,760,298,782,438,785,529,664,437,676,351,705,457,713,532
1786205721.443,792,792,924,708,1000,519,925,360,804,328,969,354,989,182,992,86,987,0,865,352,842,235,842,381,847,462,764,375,734,285,764,441,782,518,670,420,653,323,686,435,708,509
1786205721.650,727,727,898,621,1000,381,904,179,750,165,944,157,940,0,908,164,881,226,816,157,789,22,784,217,793,252,693,186,655,94,684,297,711,346,573,240,555,122,599,214,638,228
1786205721.796,797,797,922,710,1000,524,925,374,807,356,961,346,978,166,972,82,961,0,863,347,843,249,843,399,849,449,769,371,739,302,768,461,788,511,681,417,656,352,689,466,714,516
1786205721.986,794,794,919,715,1000,527,932,371,817,353,967,363,990,169,989,82,983,0,869,359,846,263,843,405,855,461,774,376,746,306,766,457,787,513,685,410,662,327,689,384,717,389
1786205722.172,795,795,919,716,1000,530,933,372,817,359,962,361,984,165,982,77,974,0,863,358,840,259,836,402,848,465,768,379,740,308,763,458,786,518,680,419,657,344,686,426,716,456
1786205722.354,796,796,920,716,1000,529,934,372,819,357,965,358,985,168,984,80,977,0,865,356,846,259,845,400,857,460,771,379,745,304,770,455,791,514,683,421,662,354,693,453,719,496
1786205722.522,795,795,917,717,1000,529,936,367,820,350,963,357,987,171,986,81,979,0,863,354,846,247,842,395,850,459,767,376,743,297,766,454,784,515,678,417,661,343,687,443,707,488
1786205722.692,773,773,918,681,1000,467,915,294,781,294,955,280,964,102,949,66,929,0,845,280,814,171,818,330,831,368,741,306,700,231,732,402,760,450,643,357,614,282,652,394,684,438
1786205722.872,777,777,928,715,1000,549,932,398,826,356,974,392,979,218,945,115,914,41,878,361,862,251,827,309,806,376,785,346,796,205,829,135,858,83,696,345,693,189,702,88,714,0
1786205723.053,779,779,914,667,968,493,883,360,777,319,964,341,985,185,995,86,1000,0,862,340,841,254,837,355,834,425,767,360,744,307,759,414,769,484,681,394,670,266,676,168,679,71
1786205723.246,763,763,898,632,961,441,920,256,878,110,987,308,1000,144,987,64,985,0,879,301,888,193,889,215,898,251,775,311,792,186,813,111,828,48,672,335,666,200,669,97,668,3
1786205723.410,773,773,930,665,1000,448,968,239,942,76,1000,299,960,175,919,128,888,71,884,294,847,174,860,267,877,315,776,314,738,233,787,348,836,400,676,346,655,203,662,105,673,0
1786205723.587,753,753,898,648,978,443,948,237,907,87,1000,271,995,156,973,182,961,178,883,278,859,170,853,236,853,253,773,306,750,231,773,327,794,375,672,346,658,205,663,102,665,0
1786205723.770,761,761,905,657,966,448,885,270,781,194,1000,258,972,140,953,259,951,303,885,262,834,166,844,321,864,352,774,288,733,234,761,380,787,424,672,320,659,184,667,98,674,0
1786205723.946,766,766,909,669,975,431,916,221,833,88,1000,273,972,155,940,292,931,346,885,277,837,164,848,349,871,389,779,310,734,249,768,405,797,452,677,347,653,196,667,104,680,0
1786205724.122,769,769,912,671,990,432,939,220,845,108,1000,252,967,141,948,289,949,330,885,257,839,166,852,341,869,353,776,290,737,234,768,395,790,441,673,332,650,190,662,101,673,0
1786205724.293,727,727,838,683,923,595,968,509,1000,431,859,384,894,232,913,133,927,52,779,362,782,201,784,93,783,0,705,380,690,235,679,134,671,48,637,431,608,337,594,272,586,213
1786205724.468,664,664,787,616,882,518,949,432,1000,357,802,299,837,165,859,87,880,23,726,280,738,141,747,59,760,0,653,300,642,172,638,101,639,41,584,341,550,236,529,171,510,107
1786205724.673,722,722,836,685,923,595,967,511,1000,446,853,388,883,234,895,129,903,43,772,371,771,203,765,93,759,0,696,389,680,242,670,149,662,71,627,435,588,319,562,247,541,180
1786205724.848,765,765,915,667,1000,453,973,251,910,102,998,260,990,127,966,203,951,230,883,256,839,143,851,314,870,374,769,284,720,188,754,359,783,439,653,339,640,183,655,96,660,0
1786205725.011,763,763,922,666,1000,408,947,167,864,0,999,238,981,83,955,212,930,259,875,242,837,106,856,318,864,366,757,282,715,162,760,377,776,442,639,346,619,232,671,373,697,442
1786205725.189,743,743,905,665,1000,403,933,152,830,0,981,196,988,1,965,109,943,161,855,199,823,64,834,298,847,360,732,231,694,115,732,350,754,430,608,287,599,140,642,194,664,189
1786205725.362,752,752,914,661,1000,400,930,153,828,0,979,196,978,7,952,151,931,246,855,193,822,71,837,296,849,369,738,222,691,117,734,334,760,429,619,275,595,102,615,63,621,2
1786205725.538,765,765,899,701,976,489,917,288,831,169,965,328,993,148,1000,67,996,0,864,323,831,219,843,395,857,449,766,343,730,251,763,431,781,497,668,382,645,259,671,276,686,255
1786205725.725,766,766,912,665,997,444,947,244,851,142,968,252,990,69,998,15,1000,0,858,251,840,115,847,245,857,359,752,277,737,183,760,330,774,450,651,325,635,186,643,91,652,3
1786205725.905,736,736,849,707,940,638,988,560,1000,478,871,401,896,247,915,146,928,63,789,378,789,209,787,96,783,0,715,394,696,244,683,143,673,55,648,438,608,334,585,264,567,199
1786205726.082,723,723,830,687,914,610,964,532,1000,458,854,393,880,243,894,143,903,60,776,374,775,207,768,95,762,0,704,392,686,242,672,146,662,62,638,435,599,328,573,259,553,195
1786205726.273,725,725,889,590,999,372,1000,156,950,0,951,183,961,57,946,144,939,175,833,191,819,90,822,158,826,153,718,235,686,124,686,109,684,45,605,307,568,209,562,170,553,97
1786205726.599,771,771,904,635,959,412,906,222,851,62,970,309,999,196,1000,89,992,0,878,340,866,221,849,130,817,47,789,410,768,304,763,237,740,161,698,504,667,394,647,311,614,215
1786205726.804,775,775,913,728,988,486,932,281,869,138,957,320,986,187,1000,100,999,0,851,313,830,193,850,323,862,374,751,346,727,271,770,434,796,521,654,389,638,239,650,139,650,32
1786205726.952,775,775,920,688,1000,442,931,216,826,91,987,246,997,78,989,148,970,187,872,247,838,108,861,319,871,392,758,282,727,209,773,408,793,491,640,335,620,167,633,87,633,0
1786205727.182,777,777,926,670,1000,429,927,212,825,81,977,236,983,73,978,200,960,266,863,242,830,123,856,336,859,397,753,281,718,214,766,413,780,488,639,341,615,167,624,89,616,0
1786205727.501,743,743,898,633,994,417,1000,212,985,54,966,249,969,75,946,105,936,173,855,242,844,87,837,129,848,181,747,266,742,134,753,174,764,220,633,314,616,165,616,77,623,0
1786205727.693,748,748,860,704,942,609,979,511,1000,415,876,408,903,248,916,141,924,53,795,393,794,219,787,101,780,0,718,414,702,257,691,150,683,59,644,464,606,351,585,274,572,202
1786205727.862,761,761,870,708,954,589,988,486,1000,407,898,412,919,258,925,147,928,59,813,396,805,226,793,102,783,0,733,415,714,255,700,140,688,42,656,466,617,357,591,280,572,209
1786205728.092,739,739,908,643,1000,422,940,232,837,148,959,263,983,87,955,137,934,206,846,236,841,56,842,101,857,158,738,246,718,65,740,95,768,137,624,289,604,146,619,66,644,0
1786205728.280,714,714,891,643,1000,443,924,271,783,245,950,257,964,97,937,40,907,30,836,231,836,94,822,180,809,279,731,237,711,100,715,175,718,261,628,278,615,154,615,72,608,0
1786205728.461,718,718,891,638,1000,433,916,267,774,253,947,228,944,53,920,110,906,179,833,206,816,73,815,213,821,328,730,216,698,95,712,228,729,345,630,262,613,135,616,65,615,0
1786205728.630,702,702,882,616,1000,404,917,229,766,204,942,180,931,0,908,81,899,151,824,160,800,15,808,185,824,291,715,176,680,44,702,211,723,328,607,228,586,74,598,48,603,23
1786205728.827,714,714,894,639,1000,439,914,274,789,236,964,236,972,61,941,7,911,0,847,201,841,53,829,167,825,270,738,198,708,71,712,209,721,330,623,229,610,83,619,144,626,215
1786205728.995,759,759,877,706,963,599,993,486,1000,388,903,406,947,256,972,156,989,70,813,380,803,210,794,97,786,0,732,397,700,242,679,134,666,40,657,445,614,342,590,274,576,216
1786205729.190,722,722,838,673,923,572,967,472,1000,389,851,381,885,237,905,146,920,67,769,361,759,197,752,92,745,0,696,380,669,232,655,136,645,53,629,426,590,308,563,231,542,161
1786205729.348,746,746,853,684,931,580,971,480,1000,397,869,401,897,248,908,145,912,56,788,383,767,212,746,99,727,0,715,404,688,251,670,148,656,60,648,452,607,337,578,259,555,190
1786205729.537,738,738,883,639,980,444,1000,266,989,133,930,288,931,121,912,59,897,18,827,275,814,122,797,58,786,0,729,293,710,149,701,76,693,15,624,337,604,214,593,144,582,85
1786205729.698,739,739,868,664,930,473,881,300,800,185,933,357,970,198,992,105,1000,0,839,339,823,242,827,391,823,454,751,350,736,288,757,439,754,503,659,375,658,244,684,207,689,160
1786205729.882,760,760,893,702,973,515,933,339,864,220,956,366,985,199,997,96,1000,0,860,352,841,248,841,392,840,478,773,365,758,301,769,443,771,521,684,389,680,250,687,195,690,138
1786205730.051,745,745,898,685,998,481,949,266,852,157,981,296,1000,108,1000,56,995,0,878,275,863,155,852,342,845,410,775,277,758,196,767,382,763,446,670,298,669,189,692,269,700,289
1786205730.196,726,726,900,653,1000,420,939,192,828,74,973,260,992,79,963,44,925,0,860,234,850,93,836,282,824,357,749,230,728,129,739,337,741,424,634,249,630,103,654,165,665,182
1786205730.354,755,755,911,695,1000,486,938,303,840,217,967,341,986,180,981,85,971,0,865,313,855,203,857,352,854,431,769,311,746,227,762,392,766,489,670,328,655,186,657,138,650,81
1786205730.519,740,740,855,700,944,595,983,489,1000,392,884,384,911,241,922,139,930,55,798,353,797,197,795,88,792,0,719,360,705,209,699,103,693,13,641,405,623,301,623,231,627,171
1786205730.670,705,705,818,659,907,571,958,481,1000,409,839,354,876,212,899,123,918,48,761,332,769,179,772,83,774,0,686,350,673,214,665,128,659,52,616,394,578,283,553,213,534,148
1786205730.837,711,711,815,653,900,565,954,477,1000,406,837,349,872,208,891,121,905,47,760,331,760,177,758,80,758,0,689,353,673,215,664,133,659,64,623,400,586,290,561,221,542,156
1786205731.016,798,798,929,707,1000,534,972,382,898,305,955,372,973,238,962,153,947,93,854,352,843,184,835,79,831,0,760,375,740,206,742,97,745,14,665,438,629,325,615,252,607,197
1786205731.191,705,705,893,619,1000,367,923,111,771,0,959,188,957,22,915,184,888,274,835,168,803,12,787,236,794,315,712,181,672,66,683,300,699,391,586,226,568,114,588,284,600,376
1786205731.363,683,683,876,636,1000,392,936,145,814,11,954,188,937,12,888,0,847,23,826,157,786,12,760,178,766,298,697,164,655,63,655,246,676,355,567,208,546,115,568,258,592,348
1786205731.540,673,673,872,590,1000,376,944,162,840,45,932,170,943,0,913,85,890,187,812,146,796,8,770,159,767,273,693,152,668,52,666,215,680,324,569,192,562,72,570,107,584,119
1786205731.716,688,688,878,613,1000,412,949,217,862,103,941,203,958,23,946,0,933,21,821,184,805,36,794,199,801,302,704,192,685,82,692,255,706,348,582,230,578,119,601,231,625,297
1786205731.916,718,718,885,632,1000,467,968,296,880,224,956,239,980,65,964,13,940,34,847,212,864,43,849,17,833,62,745,216,755,65,760,30,759,62,637,253,637,118,650,40,659,0
1786205732.093,667,667,792,630,887,549,949,468,1000,402,816,327,846,195,868,121,890,59,736,302,741,160,743,74,747,0,659,317,646,185,641,105,639,32,586,354,554,239,533,166,519,96
1786205732.257,673,673,791,631,886,549,949,467,1000,402,810,329,846,200,867,126,885,64,734,305,738,160,738,71,737,0,662,321,651,189,645,109,641,40,595,362,561,254,539,186,521,120
1786205732.450,764,764,894,718,983,585,1000,450,997,351,915,404,936,256,944,163,950,97,823,378,812,204,801,92,794,0,734,390,716,221,708,108,703,15,648,437,612,312,596,230,587,159
1786205732.616,739,739,901,633,993,451,960,283,861,215,971,306,1000,173,983,151,964,157,860,287,859,144,855,86,855,38,747,305,729,165,719,74,712,0,629,354,609,218,605,142,608,75
1786205732.790,729,729,902,627,1000,433,922,266,801,238,953,256,976,72,968,206,963,309,846,238,844,96,840,262,845,357,741,248,724,137,742,293,765,394,633,282,618,134,623,68,631,0
1786205732.964,714,714,895,599,1000,398,924,220,802,178,951,199,961,12,954,136,945,236,844,185,828,25,823,185,826,291,736,190,713,72,723,230,736,340,626,219,620,68,636,34,649,0
1786205733.108,739,739,902,642,1000,453,940,298,831,273,951,266,986,101,989,34,986,0,850,252,847,107,838,212,833,323,753,258,745,160,753,286,756,400,657,290,647,174,650,111,649,55
1786205733.277,744,744,909,646,1000,462,937,308,832,282,959,275,997,102,995,22,987,0,858,256,873,105,861,160,852,269,763,260,774,100,787,106,794,172,664,293,660,179,664,105,664,55
1786205733.452,686,686,815,650,923,559,984,468,1000,381,843,355,874,214,894,124,911,50,753,328,757,180,758,84,758,0,669,338,662,198,659,103,658,19,591,377,569,271,555,204,547,144
1786205733.624,678,678,809,630,909,544,971,459,1000,373,822,302,855,170,874,94,892,30,738,283,743,145,750,61,761,0,661,303,652,175,659,106,668,50,589,344,555,236,536,167,518,100
1786205733.804,692,692,813,641,909,556,968,472,1000,391,822,319,858,184,877,102,892,33,740,298,745,154,750,66,756,0,666,321,653,192,655,120,658,59,598,371,556,270,532,203,511,135
1786205734.014,723,723,840,686,935,584,977,491,1000,416,853,387,868,246,875,146,881,68,767,363,752,203,745,92,738,0,688,376,663,221,647,108,634,13,617,421,583,301,566,216,552,140
1786205734.167,719,719,881,644,998,447,956,244,841,174,946,262,989,63,1000,28,992,0,835,248,823,97,824,285,821,383,729,261,716,146,739,339,740,439,620,306,619,209,651,337,661,412
1786205734.350,693,693,881,587,1000,370,932,187,791,173,929,194,947,0,922,81,898,174,815,182,803,37,793,198,795,313,709,191,686,93,701,258,715,377,597,228,587,120,614,199,635,262
1786205734.524,696,696,881,601,1000,394,935,217,804,185,935,201,947,0,926,76,907,170,822,188,801,55,793,214,799,330,715,194,686,111,698,278,714,395,607,225,589,107,600,134,611,150
1786205734.711,696,696,880,603,1000,390,932,206,796,189,940,190,955,0,939,138,923,254,827,183,822,23,815,205,814,321,717,195,703,81,719,268,728,387,604,237,609,137,636,268,646,365
1786205734.886,698,698,880,605,1000,400,936,216,805,194,938,196,948,0,932,73,915,154,824,189,816,28,811,191,811,315,716,201,703,90,716,263,724,391,605,244,611,142,636,257,647,355
1786205735.050,701,701,878,614,996,426,1000,235,937,125,930,249,952,77,934,45,914,57,817,224,824,51,812,21,804,25,714,234,713,75,713,21,707,0,601,280,602,146,608,74,613,19
1786205735.250,679,679,807,636,909,549,970,465,1000,380,826,328,857,198,877,127,895,70,742,302,752,154,759,68,766,0,662,315,647,178,640,96,638,23,586,353,545,238,521,161,505,85
1786205735.413,681,681,807,635,906,550,968,466,1000,384,818,321,852,191,870,116,884,55,735,297,739,153,742,67,745,0,658,314,640,181,633,100,628,31,586,356,543,246,517,176,495,107
1786205735.591,699,699,815,648,909,567,966,485,1000,406,827,349,862,214,878,131,891,62,747,328,746,175,746,78,748,0,675,349,655,211,646,124,640,51,607,394,563,289,535,219,513,152
1786205735.763,723,723,898,637,1000,407,952,215,822,155,930,229,960,90,939,206,896,293,810,198,816,29,816,177,795,286,694,199,694,0,713,122,702,243,572,231,553,62,565,97,560,168
1786205735.963,718,718,900,629,1000,413,922,220,783,165,977,232,997,50,969,92,944,162,851,200,846,0,834,53,833,100,727,204,699,73,717,259,737,395,598,241,579,99,597,209,615,304
1786205736.125,713,713,898,607,1000,395,920,222,782,205,940,200,957,18,949,123,936,232,825,185,819,21,825,172,826,292,714,198,700,76,721,236,733,361,603,242,581,110,602,54,623,0
1786205736.292,707,707,890,598,1000,391,920,209,777,185,945,187,965,0,940,111,920,207,829,169,826,10,817,166,820,267,715,176,698,62,713,222,730,331,600,209,578,65,600,60,629,55
1786205736.470,743,743,892,658,991,476,930,322,816,297,944,303,987,120,998,49,1000,0,848,287,842,148,836,274,835,362,755,295,740,216,754,363,765,464,662,326,647,216,659,174,670,129
1786205736.663,731,731,900,634,1000,422,993,228,951,113,940,277,960,113,950,40,940,0,837,261,837,107,829,45,825,12,743,268,740,124,743,53,741,21,637,298,633,168,639,87,646,31
1786205736.852,703,703,833,655,929,548,974,446,1000,361,849,352,890,212,913,126,932,57,763,329,776,176,783,79,789,0,680,347,668,204,663,112,661,32,600,393,560,276,540,201,527,130
1786205737.011,700,700,815,641,908,542,961,447,1000,363,835,344,871,208,891,124,905,52,753,324,757,173,758,78,758,0,677,343,663,206,655,118,651,43,604,387,567,277,544,205,528,138
1786205737.185,724,724,833,665,922,572,968,480,1000,397,855,380,891,234,909,139,919,57,775,361,773,200,769,92,765,0,701,380,681,238,670,145,663,67,631,424,591,315,567,241,550,171
1786205737.364,681,681,858,591,1000,377,981,146,834,43,932,163,943,31,924,177,921,246,807,135,801,0,795,187,805,254,679,145,672,8,690,182,703,256,551,194,541,66,563,152,568,193
1786205737.540,693,693,877,611,1000,376,929,154,779,84,956,180,976,0,940,140,912,207,833,161,820,4,812,235,817,322,712,173,682,64,705,291,721,380,584,217,576,88,605,214,618,285
1786205737.731,744,744,904,653,999,469,942,304,838,243,958,276,992,105,998,29,1000,0,851,260,845,125,834,242,830,359,750,272,732,187,743,337,752,459,649,312,631,193,631,120,630,49
1786205737.907,723,723,892,633,1000,433,940,253,812,206,948,243,972,70,956,89,931,133,838,227,833,74,827,207,823,322,737,234,726,142,740,297,746,420,633,265,628,131,639,64,650,0
1786205738.092,721,721,892,621,1000,421,939,241,813,202,941,239,979,50,981,4,971,0,834,227,829,78,822,194,814,311,735,235,724,140,737,285,740,413,634,266,628,146,635,78,633,20
1786205738.258,729,729,901,614,995,408,1000,214,998,66,928,281,934,138,921,62,915,6,823,266,817,130,809,61,808,0,726,274,712,140,707,66,700,9,616,304,593,177,581,96,572,25
1786205738.466,703,703,818,640,905,544,955,455,1000,386,830,337,864,199,885,116,902,43,750,320,755,172,759,78,765,0,677,343,663,212,658,132,657,63,609,392,571,288,549,221,533,157
1786205738.616,697,697,808,636,897,544,954,456,1000,383,820,325,854,189,873,108,889,37,742,308,745,163,749,73,755,0,670,332,657,201,651,122,648,53,604,380,567,275,544,209,525,143
1786205738.766,709,709,817,648,902,554,952,468,1000,403,826,344,857,203,875,117,889,45,748,329,744,175,744,79,746,0,677,355,656,214,646,130,640,58,612,404,575,298,551,230,532,164
1786205738.926,730,730,888,635,1000,412,964,211,843,145,953,197,961,86,942,221,943,260,837,170,832,65,829,219,840,242,715,189,708,51,725,183,745,221,594,242,551,116,533,76,523,0
1786205739.104,711,711,891,619,1000,399,916,199,780,134,959,182,968,0,937,169,914,278,836,175,812,8,801,218,810,313,715,193,677,83,695,303,719,397,593,243,572,132,599,290,623,379
1786205739.278,723,723,896,612,1000,425,926,271,803,240,944,216,971,41,962,0,946,23,827,201,828,40,822,32,815,55,717,221,696,100,716,126,732,158,607,275,569,153,558,108,552,67
1786205739.445,730,730,900,635,1000,440,924,271,809,219,951,248,981,58,982,8,976,0,841,238,826,81,822,207,829,306,736,250,707,158,729,323,753,429,632,292,614,200,644,309,673,392
1786205739.630,719,719,894,624,1000,430,938,256,829,195,940,246,973,50,964,0,944,7,834,233,818,58,812,180,814,286,729,239,702,134,723,298,740,417,623,272,608,155,632,240,652,314
1786205739.794,706,706,835,659,937,547,986,443,1000,357,875,342,902,205,913,113,921,44,783,315,788,169,789,77,789,0,693,330,681,191,674,115,667,48,608,378,578,286,560,224,541,168
1786205739.938,720,720,839,668,931,580,980,491,1000,406,856,362,887,214,905,124,919,47,775,346,775,187,776,86,777,0,701,367,682,228,672,137,665,59,632,413,596,306,573,238,552,174
1786205740.100,722,722,835,663,921,573,970,485,1000,401,847,363,883,215,902,123,915,43,768,348,766,191,764,88,761,0,697,370,677,233,666,141,660,62,631,418,593,317,568,247,551,181
1786205740.275,743,743,858,692,941,594,980,500,1000,412,865,402,866,242,864,134,860,46,786,395,772,220,760,101,749,0,711,419,693,252,682,140,673,45,639,470,608,356,593,277,583,205
1786205740.481,711,711,848,598,940,441,959,285,939,153,943,346,975,243,989,159,1000,85,850,326,860,212,868,146,879,82,752,323,765,199,778,106,786,25,646,330,653,190,664,89,673,0
1786205740.628,705,705,877,589,973,414,947,240,882,145,939,251,981,99,995,35,1000,0,830,234,836,85,839,51,846,42,726,245,724,131,725,250,722,388,618,270,599,123,593,96,589,108
1786205740.823,712,712,902,613,1000,421,937,234,832,168,958,263,983,107,961,106,928,158,847,232,858,72,849,77,838,129,741,224,744,75,753,22,756,11,625,242,625,122,634,52,640,0
1786205741.005,716,716,895,596,1000,394,929,224,790,240,942,242,954,86,931,224,922,318,833,230,824,94,819,242,833,330,729,242,716,123,723,247,737,331,623,280,618,157,626,81,636,0
1786205741.184,706,706,890,601,1000,399,939,212,817,207,943,232,961,64,934,141,913,218,835,213,837,66,829,190,834,288,731,213,733,84,736,196,745,298,623,236,618,96,627,42,638,0
1786205741.350,696,696,881,612,1000,392,989,174,938,32,945,196,951,41,914,159,894,265,829,173,811,34,785,187,784,288,719,179,696,54,702,182,709,279,596,206,597,62,615,30,632,0
1786205741.523,749,749,866,697,960,597,1000,486,998,389,891,404,919,245,930,144,934,58,806,384,802,212,794,100,787,0,726,402,711,247,701,143,694,51,650,449,613,336,589,261,573,193
1786205741.710,740,740,856,688,946,593,988,492,1000,399,876,410,906,255,919,155,924,70,795,390,789,215,785,100,782,0,719,407,702,254,692,151,685,63,648,452,610,334,586,258,570,190
1786205741.897,746,746,858,688,945,587,988,483,1000,388,877,399,901,244,911,143,913,55,797,383,791,212,784,100,778,0,722,402,705,251,694,146,687,57,651,447,613,332,587,252,568,181
1786205742.069,740,740,870,669,957,522,989,386,1000,284,901,355,898,200,883,93,871,9,809,341,794,184,778,83,769,0,722,358,702,207,691,110,686,31,631,404,604,280,592,200,586,130
1786205742.257,726,726,898,665,1000,416,938,158,837,0,980,252,992,108,985,270,970,349,875,229,858,107,856,328,842,378,769,235,748,127,766,350,759,415,656,251,664,156,686,301,677,355
1786205742.427,671,671,849,633,984,391,937,136,827,0,972,188,1000,16,970,135,933,178,850,159,839,10,825,248,817,294,725,161,703,51,717,294,720,350,589,183,597,91,620,246,626,292
1786205742.607,673,673,858,640,1000,395,953,133,815,14,971,183,996,0,960,116,924,174,846,155,833,7,815,243,808,302,722,157,697,37,707,277,710,341,585,181,586,80,608,246,618,307
1786205742.772,755,755,900,670,993,496,1000,328,976,202,939,370,953,236,945,141,932,60,843,354,840,204,829,100,816,0,754,368,743,223,730,116,711,22,654,410,644,286,636,201,625,122
1786205742.955,659,659,774,606,865,523,940,453,1000,400,775,298,808,167,828,90,845,28,695,281,701,141,708,60,719,0,621,306,600,187,589,116,586,57,559,360,518,281,498,245,488,214
1786205743.136,658,658,773,601,863,514,941,440,1000,384,770,291,801,165,819,89,834,28,690,274,692,138,695,60,701,0,617,300,594,181,583,112,577,54,555,353,507,276,477,230,454,188
1786205743.311,682,682,786,637,873,554,940,485,1000,432,781,339,813,204,831,118,845,50,706,322,706,174,705,78,706,0,638,348,607,217,588,125,576,47,580,404,533,342,511,305,499,272
1786205743.490,659,659,860,554,1000,352,970,143,861,48,932,164,934,8,928,152,928,254,805,138,792,0,783,196,784,302,677,135,666,12,676,207,682,324,549,164,536,56,548,155,545,221
1786205743.668,694,694,868,654,999,480,963,293,862,204,948,285,988,112,997,48,1000,0,840,262,836,142,825,317,827,393,733,258,725,166,730,354,733,430,620,283,625,187,652,304,667,359
1786205743.863,657,657,853,615,1000,414,960,205,827,132,911,205,937,25,922,0,901,8,789,180,766,50,758,238,761,337,673,178,643,91,657,280,666,376,550,202,542,71,573,130,594,144
1786205744.018,717,717,875,659,994,504,1000,329,952,212,946,320,979,151,985,64,988,0,843,291,851,162,828,268,812,359,743,288,746,180,747,298,743,396,641,306,636,187,654,163,670,142
1786205744.197,727,727,838,682,929,599,978,522,1000,439,853,384,882,234,898,142,908,61,771,361,770,197,764,91,756,0,695,372,690,214,685,107,678,17,623,407,616,272,615,180,614,97
1786209740.657,661,748,900,590,917,650,944,469,983,344,984,167,931,0,858,82,906,93,823,304,829,181,768,100,814,181,683,381,753,122,713,479,740,293,613,323,703,240,622,211,810,186
1786209740.757,701,708,908,606,988,451,900,241,890,477,977,293,997,128,871,122,868,173,865,236,827,166,860,39,846,0,765,380,682,279,636,360,817,283,630,367,590,456,590,362,577,432
1786209740.857,809,747,887,625,922,524,986,291,1000,210,936,330,938,0,911,134,931,157,863,279,771,272,748,115,774,318,789,296,728,220,826,0,775,289,623,368,662,281,762,225,632,151
1786209740.957,753,731,875,664,963,460,959,322,940,306,899,422,938,205,907,0,910,0,812,393,774,0,891,129,815,325,754,358,762,56,645,369,683,83,585,317,604,150,560,247,572,84
1786209741.057,650,806,915,644,929,504,948,206,672,222,828,326,954,79,915,243,970,40,941,215,779,148,740,393,825,45,751,318,701,96,643,502,648,548,602,401,647,288,673,24,582,0
1786209741.157,740,682,789,654,873,522,916,257,694,511,834,288,845,90,1000,141,903,85,796,289,857,131,827,212,800,54,708,355,756,102,710,117,779,123,732,360,685,143,627,281,556,183
1786209741.257,772,720,837,735,918,514,930,246,951,264,947,157,972,99,851,251,962,113,888,312,779,143,782,126,753,13,771,330,691,110,702,0,738,401,739,268,670,170,556,80,640,33
1786209741.357,710,716,842,631,863,509,950,262,918,477,924,406,1000,356,884,38,916,102,905,337,759,110,814,11,817,0,658,244,737,218,730,345,784,255,641,354,614,44,698,256,543,405
1786209741.457,710,728,918,672,1000,478,992,264,999,0,856,334,922,150,943,37,886,113,790,384,810,210,838,114,717,396,688,280,709,183,779,216,723,415,664,293,561,160,624,66,636,159
1786209741.557,636,679,750,650,1000,368,914,336,798,150,955,279,862,0,1000,199,915,98,799,329,777,115,839,353,853,405,717,265,619,193,746,176,683,459,665,437,571,170,702,205,589,101
1786209741.657,732,771,867,695,989,440,926,302,774,223,1000,312,902,308,896,53,990,159,818,351,835,67,696,118,870,109,751,320,631,157,745,112,708,292,642,419,643,148,597,213,725,105
1786209741.757,667,749,842,612,969,573,934,413,945,397,878,236,889,219,972,54,1000,0,875,396,825,98,779,154,870,0,649,332,746,336,647,198,801,239,630,400,590,304,548,35,610,0
1786209741.857,736,667,886,671,965,534,954,321,1000,344,969,388,981,319,948,120,906,61,787,340,774,162,844,202,771,310,727,113,667,293,808,284,778,62,627,432,645,236,615,346,709,282
1786209741.957,735,719,904,619,930,399,981,271,922,275,1000,344,841,249,922,106,905,109,833,252,794,164,699,16,900,244,708,193,713,262,873,463,677,118,576,286,611,199,756,58,626,0
1786209742.057,745,682,922,652,908,353,923,383,923,225,978,235,782,178,1000,210,878,30,861,253,825,102,762,80,864,188,787,343,797,249,767,200,912,237,554,364,570,318,672,188,567,203
1786209742.157,708,762,898,780,949,481,945,342,975,255,1000,354,917,97,990,122,936,24,821,252,889,210,807,162,821,184,689,179,676,178,683,323,716,583,615,355,607,268,694,281,486,259
1786209742.257,694,721,904,619,1000,478,1000,363,1000,451,885,223,950,110,1000,103,922,0,845,217,842,199,779,295,802,0,800,245,742,219,746,264,672,547,679,378,551,146,668,0,654,0
1786209742.357,700,679,885,708,984,536,953,435,927,0,977,369,924,0,952,143,916,108,879,455,827,181,775,126,809,395,767,438,641,87,787,405,732,0,607,369,574,246,746,375,687,169
1786209742.457,714,761,875,666,901,452,968,226,910,346,951,353,978,107,871,59,968,0,771,225,726,70,866,101,729,94,754,184,764,79,702,162,696,202,672,342,590,270,640,133,633,61
1786209742.557,700,763,894,694,996,440,974,320,966,275,941,338,989,27,866,167,951,5,843,201,985,254,847,193,785,0,726,249,676,80,739,166,763,305,648,532,666,122,655,204,534,0
1786209742.657,750,759,829,702,981,588,977,336,1000,142,1000,253,941,111,923,323,915,180,812,358,792,175,848,100,954,306,721,260,721,96,825,272,725,420,608,264,615,242,660,40,597,0
1786209742.757,688,760,916,618,954,505,976,533,901,257,835,321,1000,258,949,141,905,50,832,305,871,228,842,68,768,27,741,171,716,294,762,169,688,373,652,328,591,237,608,301,718,0
1786209742.857,686,784,881,618,1000,527,1000,327,982,99,1000,379,1000,244,936,39,909,0,777,323,817,139,776,0,825,253,687,272,794,275,641,204,818,173,627,422,675,311,610,287,736,172
1786209742.957,717,779,963,747,952,483,922,369,797,222,964,341,844,280,889,53,880,17,779,237,695,166,828,445,840,97,678,301,739,149,728,464,707,0,676,367,531,267,564,261,765,152
1786209743.057,774,686,809,743,982,549,978,293,958,381,844,419,1000,54,950,104,998,0,1000,283,857,260,806,171,791,28,743,298,691,153,757,111,715,391,649,271,621,268,689,123,590,70
1786209743.157,708,748,900,705,964,403,966,373,893,121,910,231,970,122,916,13,981,60,829,246,736,116,798,218,798,58,664,311,676,287,733,289,715,255,601,262,623,280,504,153,760,255
1786209743.257,791,709,854,702,995,496,916,490,1000,83,1000,281,925,177,883,118,864,140,938,252,811,147,865,231,862,95,750,80,750,95,706,313,637,429,633,447,574,75,625,278,677,0
1786209743.357,671,721,897,682,1000,476,901,495,904,329,968,401,943,249,967,75,925,155,788,354,828,185,888,226,820,171,725,329,785,141,686,384,696,257,613,227,633,326,623,39,637,60
1786209743.457,633,729,897,710,1000,550,973,205,1000,460,900,361,976,272,933,68,914,185,727,95,865,177,817,32,731,72,747,268,762,115,695,308,708,151,611,287,641,272,641,139,615,432
1786209743.557,679,804,879,656,1000,355,984,572,980,12,968,428,1000,44,989,245,937,0,866,365,813,67,865,95,836,462,657,369,706,174,753,114,659,0,691,319,652,189,554,286,653,142
1786209743.657,744,696,920,715,1000,476,950,538,996,556,875,253,951,188,934,93,992,79,762,222,832,381,767,147,936,99,751,435,668,164,697,16,825,100,601,314,672,240,577,258,687,176
1786209743.757,724,771,866,727,936,447,925,327,888,115,928,353,863,115,968,44,921,205,915,324,811,118,862,316,758,347,704,249,708,262,742,252,752,307,634,389,587,287,681,291,683,253
1786209743.857,777,647,911,742,941,451,982,247,831,314,874,374,900,184,954,236,987,31,760,351,787,131,763,263,784,179,730,320,750,169,683,0,737,184,608,349,668,326,530,169,698,432
1786209743.957,702,785,816,709,956,615,936,319,876,87,816,349,998,204,881,154,891,132,882,320,894,145,805,192,749,114,717,288,730,76,660,364,609,336,623,356,705,219,666,217,622,143
1786209744.057,759,705,825,666,977,373,948,212,941,52,1000,290,896,134,967,182,923,0,763,314,870,240,825,297,912,397,772,253,765,222,761,381,752,195,593,324,633,254,642,321,691,170
1786209744.157,700,747,971,676,956,541,964,423,1000,343,1000,330,1000,251,984,175,1000,204,781,311,806,311,879,421,778,381,670,200,696,301,668,213,802,381,733,345,599,137,604,83,502,490
1786209744.257,734,831,838,646,935,457,971,421,962,470,989,244,915,166,1000,174,940,161,794,313,868,154,778,175,800,0,706,213,654,101,778,411,637,525,590,397,636,285,553,1,573,247
1786209744.357,807,694,870,633,968,365,987,358,965,261,934,392,951,169,903,83,890,9,888,416,757,186,800,347,823,184,698,204,755,214,746,137,722,370,680,262,588,111,639,312,610,75
1786209744.457,720,820,926,692,982,502,925,231,840,165,885,307,942,107,964,107,945,8,859,259,901,139,811,253,857,349,810,352,713,147,717,410,646,54,629,287,600,386,608,258,512,5
1786209744.557,768,796,884,651,990,318,954,233,955,0,884,311,902,126,983,118,894,190,837,315,775,0,771,67,785,36,736,367,770,250,674,223,825,0,696,275,638,266,639,468,608,0
1786209744.657,746,726,898,698,967,534,952,564,856,200,975,249,965,143,936,290,990,198,851,249,833,200,826,195,796,234,708,355,615,290,651,75,755,321,727,366,620,247,727,490,616,265
1786209744.757,730,729,955,626,867,526,980,381,930,392,929,352,974,1,946,11,934,35,877,311,844,142,869,0,771,414,712,162,789,269,765,228,831,462,705,394,629,196,547,268,671,124
1786209744.857,756,720,912,628,923,486,970,220,977,73,907,216,800,185,932,23,912,136,805,282,800,112,786,111,778,4,714,264,662,245,794,215,734,79,684,467,613,186,648,225,594,254
1786209744.957,768,703,984,602,931,520,1000,289,797,365,907,360,940,88,1000,0,1000,189,786,420,750,232,712,51,759,52,731,252,614,222,727,269,741,402,635,416,581,169,713,367,670,39
1786209745.057,696,783,929,661,1000,536,920,323,888,303,998,247,870,204,917,289,977,32,886,344,852,147,837,0,882,0,711,200,691,182,657,0,743,624,624,412,702,67,598,63,572,448
1786209745.157,741,762,872,615,998,592,957,412,783,385,1000,342,845,285,896,147,978,205,733,303,822,264,839,353,843,172,740,411,651,256,689,105,792,42,655,311,497,272,635,0,580,0
1786209745.257,760,785,911,703,946,542,948,377,969,448,899,216,933,139,954,178,850,16,775,378,809,118,843,115,815,508,810,280,707,141,616,351,877,128,604,326,627,133,598,327,639,380
1786209745.357,746,691,849,673,920,414,918,415,857,449,868,143,937,286,942,25,863,217,783,398,853,98,874,77,744,31,765,385,696,46,637,75,652,267,721,401,562,171,595,255,741,106
1786209745.457,791,812,859,648,953,508,939,458,756,221,942,374,1000,54,910,0,886,0,798,280,843,134,840,197,764,0,757,419,844,258,807,276,749,237,634,388,594,218,553,265,562,185
1786209745.557,751,755,908,655,990,468,897,417,913,426,921,202,939,226,963,110,861,0,848,184,804,159,874,256,864,239,693,266,669,232,685,164,732,537,667,291,630,373,665,26,565,23
1786209745.657,787,780,847,638,970,508,924,326,765,461,816,191,968,58,917,125,965,65,914,295,880,177,923,307,818,297,719,289,651,126,841,58,691,197,636,372,597,269,698,357,611,276
1786209745.757,689,705,824,661,931,394,939,153,1000,217,982,280,878,249,945,251,915,40,875,363,828,406,802,36,766,136,798,295,795,220,786,266,753,363,614,306,641,397,530,0,611,342
1786209745.857,734,688,878,594,996,481,946,405,905,220,985,369,846,138,889,32,959,43,817,250,838,207,925,163,744,96,769,255,642,131,694,73,744,200,672,314,652,188,556,148,515,462
1786209745.957,738,702,858,566,1000,598,951,392,780,133,819,303,1000,126,957,188,863,287,883,329,866,229,831,350,793,267,790,126,738,242,628,252,682,293,634,279,681,195,644,362,565,181
1786209746.057,714,722,967,681,982,540,960,142,1000,97,1000,357,954,132,1000,162,936,31,791,298,773,207,784,301,865,175,757,350,643,318,710,307,774,0,610,404,625,290,632,352,638,405
1786209746.157,695,728,849,679,956,487,930,301,887,23,783,318,791,141,923,158,905,257,867,194,805,270,781,178,886,89,781,246,571,280,749,282,664,16,688,362,616,250,722,294,596,0
1786209746.257,755,698,823,716,1000,531,916,564,975,251,891,319,917,331,922,46,1000,27,864,340,817,83,814,48,815,323,807,234,704,148,740,16,674,0,577,299,711,260,631,366,657,255
1786209746.357,715,708,818,639,956,528,948,312,810,345,892,338,838,183,976,163,927,187,760,289,810,234,715,61,903,0,767,260,729,294,741,403,701,144,672,314,654,332,681,28,605,224
1786209746.457,723,736,887,642,960,419,936,177,898,266,867,438,930,179,910,91,950,53,824,349,794,56,740,352,863,302,712,217,702,180,661,23,626,344,587,367,601,281,648,184,639,162
1786209746.557,709,770,856,660,907,523,933,299,817,275,801,361,942,119,867,150,907,229,849,397,827,237,839,132,825,37,823,301,718,217,663,389,668,0,631,255,705,211,424,233,669,113
1786209746.657,681,729,853,624,922,514,972,409,741,373,969,410,891,151,968,83,960,86,781,244,883,81,758,224,815,0,708,252,684,378,707,100,853,389,669,287,686,301,636,12,628,453
1786209746.757,741,718,864,657,934,500,986,510,824,461,968,358,968,82,921,178,882,0,840,242,861,99,828,222,792,143,701,306,668,170,767,66,701,317,550,475,678,98,494,214,550,331
1786209746.857,747,737,850,727,1000,546,980,236,997,256,942,303,840,232,854,53,915,0,768,311,802,136,770,189,800,0,722,224,761,158,867,342,722,329,549,413,578,238,581,139,617,192
1786209746.957,732,732,804,756,979,534,940,253,901,330,1000,458,1000,16,919,143,918,84,715,356,725,38,765,173,735,0,782,300,738,94,721,198,682,205,558,376,601,208,680,260,607,3
1786209747.057,783,682,901,600,1000,575,899,407,919,385,944,247,932,288,888,143,986,0,752,211,840,60,809,344,814,47,737,303,739,309,747,482,758,65,736,336,566,430,581,121,590,206
1786209747.157,768,632,914,641,951,626,954,407,884,393,1000,142,1000,278,964,73,884,343,778,396,839,309,800,0,816,0,850,350,755,246,685,198,737,597,589,294,603,173,535,0,500,353
1786209747.257,732,764,849,659,1000,614,973,379,932,341,912,286,1000,53,1000,101,877,30,780,257,790,109,801,177,854,142,745,308,743,191,688,95,743,465,629,296,608,182,585,44,612,217
1786209747.357,692,699,833,608,927,489,914,339,828,168,945,269,918,259,897,229,920,0,796,300,883,216,819,331,722,230,745,329,635,111,715,361,846,85,583,402,761,326,580,541,678,55
1786209747.457,806,700,847,692,967,506,950,485,691,329,905,261,902,0,903,210,972,68,753,350,886,233,768,83,899,0,752,187,701,231,723,284,656,54,659,394,634,312,522,156,759,382
1786209747.557,757,727,919,680,903,574,926,444,751,504,905,237,906,129,940,212,938,0,762,479,827,227,801,67,792,208,711,437,685,108,770,338,732,97,557,431,668,193,630,184,745,16
1786209747.657,709,705,888,665,977,440,987,302,988,709,869,337,937,317,927,137,945,78,863,301,844,172,786,153,844,283,786,433,690,198,714,70,765,368,593,319,597,101,624,78,641,222
1786209747.757,747,749,940,631,936,550,945,486,935,546,917,211,963,150,966,166,912,0,817,136,824,125,859,0,816,466,761,374,733,62,734,269,665,190,515,322,599,351,589,180,624,86
1786209747.857,760,657,923,663,1000,307,885,321,931,218,957,382,981,164,945,77,933,0,784,329,796,101,839,228,805,159,749,373,726,97,712,162,667,313,663,396,569,244,626,246,639,178
1786209747.957,728,774,837,656,1000,445,929,441,767,379,892,342,876,250,883,171,883,283,821,425,778,123,877,18,781,273,686,343,725,73,779,50,777,240,619,268,640,156,703,354,746,224
1786209748.057,717,721,858,673,987,591,949,191,853,498,828,365,922,86,959,229,950,60,758,288,752,133,813,0,885,0,723,344,782,128,583,357,655,286,656,117,536,191,464,56,638,166
1786209748.157,744,750,802,612,1000,612,923,385,956,323,907,269,1000,164,959,143,899,94,808,272,836,87,756,243,790,124,645,373,743,241,746,17,744,96,597,380,710,359,666,207,614,37
1786209748.257,722,767,953,631,882,465,972,597,999,462,871,257,871,103,984,233,951,61,770,288,830,46,862,135,859,183,744,260,699,236,717,71,737,291,697,426,619,184,612,150,665,344
1786209748.357,779,717,852,646,885,417,948,399,929,188,892,295,923,210,879,40,922,0,728,195,807,203,849,369,821,227,720,294,821,207,744,65,755,344,686,389,615,216,622,223,719,349
1786209748.457,761,809,759,645,968,455,924,155,861,410,969,261,956,263,869,109,948,89,867,195,769,207,731,279,839,317,710,342,657,156,727,98,744,0,650,467,555,229,525,114,679,112
1786209748.557,761,746,871,622,998,525,909,242,653,110,903,240,898,266,989,72,971,219,856,315,875,214,756,162,789,390,705,257,768,207,844,102,699,435,584,438,558,283,511,216,532,484
1786209748.657,692,701,897,639,999,452,928,352,785,344,975,352,979,4,919,104,1000,26,707,228,786,0,865,1,838,0,798,289,692,227,668,291,701,98,635,269,612,260,481,336,687,0
1786209748.757,656,764,907,688,907,634,929,383,909,503,930,343,940,61,831,122,873,126,832,303,767,234,840,47,919,148,672,256,640,290,785,312,764,460,628,375,579,217,655,0,586,206
1786209748.857,730,715,900,635,915,588,976,285,882,404,925,351,970,131,965,53,953,80,806,212,826,159,774,0,734,140,745,433,714,65,713,379,689,435,646,390,721,73,683,199,562,164
1786209748.957,797,783,788,633,1000,502,948,172,825,111,822,226,893,96,901,191,895,242,800,324,844,89,800,126,835,162,698,316,733,327,728,217,756,29,565,323,679,337,508,287,475,252
1786209749.057,748,667,917,733,966,513,987,224,794,180,924,316,913,132,915,86,901,6,723,280,721,212,788,170,797,142,787,216,634,196,696,263,774,0,664,273,626,124,635,208,551,0
1786209749.157,761,715,918,642,1000,435,987,375,922,158,966,367,926,0,888,43,955,38,802,257,894,159,826,112,815,12,746,230,754,132,778,465,730,472,671,245,628,274,664,231,641,180
1786209749.257,738,686,864,605,947,461,932,232,911,249,897,216,927,247,996,146,922,148,790,275,782,224,855,180,903,259,747,324,653,120,721,209,766,84,642,351,629,232,538,0,563,96
1786209749.357,688,730,921,692,989,573,925,302,940,229,897,443,949,296,854,76,954,98,720,280,945,174,846,109,828,183,781,381,737,193,630,0,735,387,695,283,542,311,575,28,595,99
1786209749.457,783,765,842,719,974,579,983,324,936,238,978,320,997,277,967,114,932,0,788,357,869,101,824,162,851,578,762,262,712,293,645,135,773,469,664,303,651,266,649,199,633,36
1786209749.557,826,738,898,655,1000,410,903,351,1000,452,873,350,909,190,965,185,866,0,820,226,764,176,770,447,789,137,744,206,742,213,705,251,756,497,745,271,553,239,496,285,638,238
1786209749.657,721,742,895,671,910,515,997,383,899,499,877,375,915,242,978,91,924,194,730,266,851,133,823,0,773,306,698,220,770,226,663,234,666,185,646,288,662,308,643,258,527,395
1786209749.757,729,697,881,693,991,426,968,348,930,185,985,326,1000,34,874,103,1000,300,779,299,828,210,860,54,819,0,767,285,655,212,704,381,676,651,675,435,567,384,550,186,722,260
1786209749.857,686,776,889,647,902,534,944,373,753,236,951,444,932,270,978,136,890,0,856,260,789,142,808,289,791,328,750,194,731,0,674,276,730,0,591,162,551,280,592,230,631,185
1786209749.957,771,725,914,565,1000,411,921,273,980,173,882,247,958,215,1000,287,964,128,762,422,831,134,835,110,699,287,791,345,716,188,734,234,727,220,705,378,628,287,668,320,576,104
1786209750.057,702,762,905,613,985,601,942,392,950,116,931,402,911,222,942,73,931,32,779,278,823,144,803,210,843,0,720,174,708,199,757,236,764,228,610,267,608,165,619,154,659,187
1786209750.157,749,749,866,659,990,678,923,360,786,289,881,305,952,117,856,219,973,74,779,301,838,214,859,306,729,131,775,245,778,324,792,302,703,270,581,290,584,236,602,240,692,67
1786209750.257,738,717,882,690,1000,551,959,189,796,182,944,224,962,177,849,45,982,163,781,226,696,266,818,403,807,236,771,419,741,188,726,78,707,225,697,315,679,224,705,288,673,334
1786209750.357,764,773,966,727,989,472,958,130,958,151,990,451,864,152,890,0,931,157,862,305,736,165,742,18,766,372,755,329,673,158,647,394,863,324,670,334,536,158,597,166,586,187
1786209750.457,700,815,815,698,957,536,962,373,792,247,932,321,887,258,822,103,894,108,876,201,939,171,835,16,814,358,740,317,714,83,646,369,784,417,603,334,688,125,698,143,569,175
1786209750.557,690,661,878,684,1000,546,999,514,950,354,996,160,917,9,972,68,1000,33,830,268,795,63,752,0,843,110,817,223,791,306,796,246,710,465,605,364,620,154,644,296,564,252
1786209750.657,648,693,854,677,1000,509,963,336,922,338,891,289,977,299,998,42,885,31,829,298,882,253,816,158,842,374,755,278,685,104,735,297,775,441,702,249,644,268,622,115,732,87
1786209750.757,649,733,864,737,990,481,943,331,1000,381,837,297,942,68,856,162,900,223,825,263,698,248,831,132,772,470,684,283,745,297,712,119,724,393,687,249,628,107,682,259,564,422
1786209750.857,745,741,866,663,952,450,980,297,843,274,1000,392,922,253,946,61,914,236,930,316,791,147,778,112,780,171,736,298,705,245,712,194,720,518,618,387,582,261,661,335,602,4
1786209750.957,703,769,964,696,914,560,924,314,904,339,926,272,1000,114,1000,26,945,0,782,261,897,254,860,188,826,411,762,309,791,249,738,155,697,149,658,404,545,63,567,163,714,135
1786209751.057,742,748,830,721,940,614,945,316,794,318,1000,342,959,103,969,131,933,142,732,288,759,158,780,108,749,384,701,265,793,230,610,397,830,520,667,268,619,106,572,82,585,205
1786209751.157,716,714,862,723,1000,471,957,257,953,228,879,453,869,0,975,95,907,382,861,291,784,189,730,124,814,223,725,261,763,63,709,147,792,125,657,368,524,225,517,251,578,367
1786209751.257,726,703,926,629,1000,536,939,199,993,358,875,331,999,165,952,192,1000,75,756,208,785,86,732,399,843,92,730,187,775,40,753,0,705,459,569,335,656,270,631,268,586,485
1786209751.357,672,777,882,688,1000,543,927,322,765,252,942,356,965,17,914,74,877,0,824,389,772,71,786,223,877,170,667,224,726,262,827,60,739,13,600,276,604,155,783,157,700,75
1786209751.457,817,745,910,640,1000,527,939,229,868,249,975,298,838,207,1000,4,1000,239,792,221,873,53,783,31,816,446,748,377,698,195,655,203,685,184,629,323,734,383,716,418,730,176
1786209751.557,728,741,865,622,981,391,952,239,881,317,901,200,878,192,914,159,936,67,842,250,840,125,943,52,798,129,671,357,695,8,764,132,724,348,623,319,753,45,546,84,756,78
1786209751.657,742,715,900,663,979,595,960,269,914,613,956,324,868,213,982,142,940,393,868,378,823,146,848,169,814,268,708,323,720,260,690,0,712,293,680,296,651,328,674,119,581,248
1786209751.757,794,733,867,609,953,452,949,178,860,158,979,254,912,178,919,284,977,90,843,138,882,194,812,250,850,111,748,379,739,168,741,397,778,0,664,377,684,233,603,52,580,370
1786209751.857,740,729,930,707,937,589,905,409,917,444,945,297,935,369,945,162,846,0,850,187,848,102,764,99,892,245,691,360,758,159,779,347,782,83,588,226,587,199,609,205,752,126
1786209751.957,731,664,970,611,938,553,955,547,949,281,985,394,907,232,930,113,942,47,802,361,742,76,850,176,866,249,672,312,743,205,698,179,696,0,576,372,576,280,589,59,601,510
1786209752.057,729,757,882,607,1000,485,915,295,870,391,881,496,892,204,847,112,952,0,900,324,804,188,786,330,867,252,758,208,790,180,782,314,791,10,599,503,541,136,629,215,591,277
1786209752.157,767,732,863,662,947,382,956,444,875,0,888,377,864,211,919,119,905,0,897,349,852,224,841,294,783,430,788,333,702,95,737,436,660,415,618,318,560,166,667,299,646,100
1786209752.257,691,735,858,672,955,482,953,396,991,247,955,439,975,248,911,70,928,83,879,246,815,237,827,183,828,0,680,200,727,257,768,365,818,243,636,449,585,129,605,158,633,45
1786209752.357,747,711,927,616,962,479,955,463,910,274,964,372,959,187,971,6,920,129,809,276,839,186,839,92,745,328,698,253,671,274,736,260,772,207,682,261,564,133,653,269,596,143
1786209752.457,781,706,887,636,1000,548,912,324,712,411,1000,162,865,169,940,92,858,123,869,485,886,59,816,253,782,324,762,391,757,209,688,46,744,136,625,424,695,124,613,160,652,0
1786209752.557,677,728,908,666,998,517,982,528,823,409,953,488,900,147,892,52,952,110,852,330,808,138,768,102,813,220,762,349,795,114,711,99,808,116,688,447,644,256,629,174,599,156
1786209752.657,802,693,883,691,956,533,909,510,984,278,869,369,880,76,938,226,964,19,739,298,832,151,906,169,702,113,751,334,707,162,612,227,710,264,659,432,571,119,591,125,571,408
1786209752.757,738,807,874,617,933,576,919,420,857,168,1000,273,898,150,916,274,982,25,800,160,827,100,821,0,815,487,733,255,715,182,848,172,658,219,647,385,662,399,589,131,498,284
1786209752.857,699,766,853,732,906,576,972,416,793,362,930,187,1000,129,1000,115,979,0,835,305,803,91,663,86,851,0,678,211,727,120,793,312,742,275,606,292,660,309,671,156,602,32
1786209752.957,762,658,779,584,875,600,969,215,879,486,952,460,937,104,889,122,977,99,806,379,846,147,778,154,840,47,676,275,714,290,659,245,714,170,704,351,574,307,678,95,545,244
1786209753.057,731,715,920,640,987,587,940,142,854,317,983,278,1000,53,948,104,995,0,846,279,897,94,837,87,826,120,714,173,737,106,661,12,666,313,658,392,567,249,588,321,660,76
1786209753.157,772,752,814,597,910,621,922,574,797,136,975,378,974,209,903,178,946,49,829,366,840,0,861,279,797,206,736,174,696,160,716,146,770,56,677,388,694,380,736,73,654,66
1786209753.257,857,756,935,681,854,447,931,309,918,358,763,297,917,265,969,107,945,0,858,269,779,254,830,107,786,250,744,310,656,108,682,190,728,184,634,477,667,333,656,219,659,215
1786209753.357,763,696,906,670,890,509,915,293,874,91,919,318,985,120,954,114,917,0,818,345,773,140,813,312,818,237,731,274,659,166,747,232,820,401,691,203,706,254,652,314,631,10
1786209753.457,787,703,832,654,952,503,946,512,927,178,879,287,923,115,888,140,915,0,849,352,807,289,927,242,793,233,677,249,631,140,655,297,685,269,670,427,603,257,648,357,685,385
1786209753.557,669,707,919,686,963,469,969,124,955,304,893,349,922,158,938,172,942,0,753,223,843,198,900,66,882,0,732,324,728,164,731,53,783,264,654,326,605,276,727,49,527,222
1786209753.657,720,737,873,688,956,417,928,336,781,287,926,289,955,28,895,41,974,337,779,279,785,173,786,217,849,0,743,186,703,163,712,174,700,163,649,364,628,181,695,386,538,206
1786209753.757,715,768,874,665,990,482,992,414,967,262,915,370,983,57,947,153,930,129,820,145,753,229,804,206,816,39,710,330,738,352,698,434,678,311,646,336,622,177,683,113,652,299
1786209753.857,785,769,899,638,934,422,917,355,826,451,887,320,929,45,992,168,971,152,786,246,843,272,835,298,790,381,712,324,698,254,775,22,811,681,623,336,688,236,626,429,534,55
1786209753.957,748,671,858,648,1000,553,905,274,829,263,856,345,906,203,940,52,997,241,839,279,766,236,857,89,782,267,679,265,664,111,684,334,624,300,650,413,636,198,575,325,665,102
1786209754.057,767,716,874,639,992,432,941,279,910,343,855,342,862,330,916,193,944,114,765,351,822,191,812,199,772,158,712,260,723,215,739,202,755,263,643,357,685,127,607,249,517,398
1786209754.157,742,769,923,680,872,514,954,228,736,353,847,457,958,263,942,172,938,197,721,354,854,144,796,149,830,401,707,192,841,238,702,371,787,312,618,392,680,83,641,245,648,187
1786209754.257,777,725,874,676,961,404,954,381,857,274,730,398,993,50,909,221,884,140,799,322,822,135,836,127,727,20,685,199,735,174,744,284,776,295,597,386,634,419,627,255,623,187
1786209754.357,732,716,882,688,950,563,967,252,806,351,887,241,1000,79,868,66,946,96,920,244,832,241,783,266,725,498,775,262,758,286,652,137,812,228,657,350,670,275,633,0,675,295
1786209754.457,686,688,897,671,883,444,957,434,838,272,869,406,953,103,886,32,1000,70,804,281,788,148,818,186,753,344,706,263,681,108,740,333,687,0,595,314,557,179,592,209,526,271
1786209754.557,795,787,849,690,992,500,953,435,963,184,967,429,992,278,818,162,947,199,767,261,865,77,828,182,806,287,682,255,709,97,794,111,778,43,669,232,697,328,592,115,662,0
1786209754.657,734,702,863,638,934,625,969,182,813,405,981,218,982,177,849,92,929,94,757,244,788,116,790,169,832,501,770,397,692,112,770,213,775,42,666,333,598,199,657,300,604,234
1786209754.757,745,760,917,735,948,607,952,227,833,353,966,243,902,114,900,0,837,47,837,339,751,55,790,185,867,313,715,332,674,193,721,399,760,64,606,322,539,211,618,264,673,195
1786209754.857,671,686,848,689,995,485,1000,537,993,385,950,340,844,73,930,129,930,118,717,329,823,142,862,62,804,236,693,172,658,182,710,213,690,0,644,333,656,166,500,0,601,200
1786209754.957,724,711,805,588,984,487,939,175,806,298,939,302,1000,110,1000,135,940,189,792,273,758,226,833,312,826,381,698,374,696,188,766,520,780,395,615,356,617,352,617,364,537,401
1786209755.057,700,765,837,688,927,577,970,285,937,417,866,242,885,60,890,184,960,0,798,218,863,122,739,204,846,16,719,247,779,155,684,209,718,350,690,431,602,257,720,387,567,273
1786209755.157,749,768,928,622,938,568,952,95,746,380,973,220,1000,140,892,81,881,22,729,290,849,55,817,90,850,0,763,185,706,134,704,15,831,0,587,471,639,123,619,183,510,60
1786209755.257,732,780,866,659,933,581,972,447,897,79,988,318,927,191,951,46,921,0,829,384,729,166,850,279,779,0,705,388,630,96,699,87,728,493,587,335,622,202,527,137,585,280
1786209755.357,748,674,858,643,1000,524,921,264,856,340,951,328,932,145,934,0,933,26,740,456,835,157,798,269,758,130,689,356,675,270,719,317,755,423,599,409,523,234,592,48,566,78
1786209755.457,725,713,878,630,948,482,953,454,960,323,948,335,926,227,897,0,889,239,809,313,806,198,820,176,847,102,747,296,711,126,712,144,799,0,676,223,651,159,662,196,528,394
1786209755.557,762,752,847,695,913,344,908,247,824,234,898,269,827,171,928,72,997,62,827,348,744,154,856,173,751,99,739,165,648,336,752,410,783,292,625,372,699,302,637,190,665,96
1786209755.657,751,706,859,622,949,454,992,251,920,166,925,334,842,45,895,30,939,114,770,303,798,149,785,241,898,323,793,213,682,230,809,301,668,130,653,334,580,206,626,85,699,110
1786209755.757,730,772,869,702,924,534,970,258,873,271,935,347,894,151,1000,193,971,68,932,364,822,172,793,230,846,310,723,208,728,241,669,203,812,0,626,449,631,185,626,306,615,274
1786209755.857,741,745,903,651,927,537,945,303,932,461,913,314,879,138,951,119,919,166,827,468,830,0,761,246,784,82,676,275,726,216,667,321,658,301,653,280,566,263,591,188,678,255
1786209755.957,698,730,834,698,1000,443,948,462,890,366,925,240,950,245,955,233,857,129,791,237,887,137,799,224,709,426,815,370,737,171,664,372,786,303,653,366,594,446,609,161,709,175
1786209756.057,732,786,904,692,907,532,922,302,903,287,962,367,990,49,1000,118,989,0,811,198,776,160,799,337,905,13,709,238,774,199,726,256,712,47,641,326,641,90,638,131,640,323
1786209756.157,711,778,799,725,1000,440,926,180,966,248,898,236,1000,79,942,135,918,24,805,333,802,278,777,272,728,47,695,233,731,179,596,477,741,215,694,414,606,63,662,99,717,57
1786209756.257,715,682,820,659,960,469,1000,425,889,0,972,522,933,92,948,21,956,250,790,252,816,118,741,139,787,428,782,402,757,203,675,389,751,0,600,256,513,264,549,123,632,150
1786209756.357,706,790,808,604,988,458,931,229,916,322,929,273,902,143,986,229,985,143,874,216,784,195,810,223,865,332,683,308,670,129,628,233,622,292,696,382,625,362,647,111,638,489
1786209756.457,691,680,901,654,945,413,898,185,1000,290,803,396,1000,253,921,101,941,239,796,245,855,247,813,262,822,141,694,230,685,114,740,375,743,34,675,366,648,186,698,341,617,293
1786209756.557,774,715,871,666,921,535,975,338,917,477,898,339,912,109,957,137,960,97,848,406,873,181,841,149,808,273,735,361,780,180,611,482,691,253,670,444,718,199,701,233,824,353
1786209756.657,726,702,761,690,1000,556,887,208,928,529,919,389,887,172,928,203,911,269,809,224,767,109,835,113,775,344,589,279,649,122,738,188,712,448,638,472,660,147,748,242,762,138
1786209756.757,743,749,867,714,1000,339,970,251,668,360,953,361,964,225,912,138,966,234,826,281,817,67,855,14,836,200,662,207,673,161,808,201,763,464,684,345,585,273,584,420,691,213
1786209756.857,752,739,858,683,958,641,931,414,821,186,814,342,914,242,960,130,873,151,791,199,842,62,712,335,788,0,688,259,774,62,649,344,703,260,618,487,553,255,721,167,576,301
1786209756.957,771,702,937,665,991,609,968,355,831,651,874,336,972,200,1000,123,931,255,817,353,830,225,852,137,724,0,649,301,598,175,732,328,761,392,656,322,616,157,641,27,705,28
1786209757.057,738,745,924,596,954,542,994,350,837,561,971,409,877,197,889,29,961,158,800,391,801,136,814,156,880,0,698,227,811,163,681,178,782,345,614,317,545,243,707,143,675,88
1786209757.157,691,758,976,685,950,478,998,391,823,283,935,346,1000,257,950,117,953,23,874,281,845,284,844,211,790,171,681,344,609,260,766,228,698,212,563,403,613,361,651,237,658,25
1786209757.257,715,738,861,640,956,506,1000,317,830,271,1000,423,1000,161,971,47,920,0,848,298,831,93,859,0,804,166,641,334,707,230,837,258,789,486,659,284,535,263,601,358,596,177
1786209757.357,689,720,833,629,966,460,1000,452,980,277,928,284,1000,147,912,68,950,241,879,245,780,249,921,167,876,0,694,239,737,174,738,375,691,234,581,427,680,262,634,152,531,228
1786209757.457,761,809,857,674,1000,585,932,322,843,172,1000,318,940,176,943,105,902,257,795,233,816,318,775,267,804,229,772,191,671,256,730,243,773,41,683,403,635,271,700,142,676,455
1786209757.557,757,724,974,672,1000,473,976,291,915,211,1000,298,883,163,966,118,899,200,888,185,775,144,790,245,908,118,801,208,739,142,751,0,653,308,612,322,720,242,683,123,534,167
1786209757.657,676,706,884,659,983,546,918,245,703,242,967,417,954,265,959,128,908,0,886,291,890,85,937,155,782,147,739,303,690,51,679,356,677,0,593,339,582,207,576,327,664,530
1786209757.757,718,722,925,679,928,543,959,146,833,317,1000,362,913,100,978,0,899,240,839,244,759,219,820,159,835,215,735,218,665,244,756,265,695,365,623,436,582,185,617,308,627,186
1786209757.857,718,743,871,632,974,514,1000,284,817,329,862,239,865,95,905,31,924,0,849,258,799,200,835,111,839,461,686,359,660,276,684,117,800,357,610,354,584,94,639,169,563,386
1786209757.957,698,738,921,653,937,524,960,457,1000,231,934,226,981,170,932,77,920,114,775,275,821,41,764,107,894,38,728,237,677,79,762,42,785,307,635,411,787,272,556,382,643,513
1786209758.057,713,781,874,769,956,717,960,454,1000,187,981,293,952,163,968,157,910,102,706,361,905,170,736,271,778,218,761,345,771,198,734,312,726,80,658,266,618,112,592,151,560,353
1786209758.157,771,782,866,646,1000,512,952,58,952,374,922,370,977,101,930,50,1000,193,783,336,834,105,822,284,863,600,735,292,745,174,691,94,523,359,569,283,638,203,762,36,788,398
1786209758.257,767,787,892,595,991,397,935,346,810,417,909,342,943,166,899,39,929,0,895,203,938,179,820,121,849,149,744,365,750,281,755,91,604,257,648,480,616,263,676,270,689,50
1786209758.357,696,722,780,662,940,526,942,236,999,303,974,326,969,48,1000,181,935,119,875,270,740,130,824,180,882,15,694,236,738,72,766,93,684,562,691,353,552,404,614,239,694,0
1786209758.457,708,730,880,611,983,505,992,472,865,266,983,333,868,322,894,293,954,20,704,347,741,183,913,52,853,41,781,312,715,278,760,110,839,0,650,287,543,133,624,251,705,413
1786209758.557,743,716,919,639,899,570,983,259,1000,369,948,278,1000,35,924,69,877,181,841,349,806,230,820,129,784,0,783,379,864,162,687,0,788,358,705,281,660,186,711,272,519,159
1786209758.657,659,688,827,638,957,515,951,352,916,126,927,413,935,195,960,180,948,179,850,339,842,81,758,143,894,155,745,175,726,194,574,254,630,73,681,356,598,185,600,229,544,357
1786209758.757,689,667,917,646,971,550,930,371,943,510,891,282,975,172,934,231,861,0,739,375,846,53,810,181,706,219,679,355,658,204,797,343,761,199,575,314,610,205,530,260,546,424
1786209758.857,738,770,916,746,976,475,939,530,776,175,936,303,997,50,937,107,888,183,819,286,778,128,765,285,868,484,750,285,693,224,736,193,714,445,620,440,632,199,577,192,665,120
1786209758.957,765,716,869,612,993,484,989,437,895,454,947,384,896,192,964,13,1000,0,758,105,844,33,790,282,826,74,660,300,759,240,825,130,651,276,648,345,582,3,563,275,650,332
1786209759.057,746,760,907,664,970,295,931,283,878,168,979,253,1000,80,912,73,913,215,808,275,782,137,827,159,809,366,743,230,712,147,754,229,799,70,630,270,620,99,647,204,641,304
1786209759.157,741,684,850,660,954,488,991,367,920,25,967,512,1000,121,1000,122,949,60,809,145,860,134,807,216,795,232,784,335,708,178,736,106,743,349,642,315,607,287,557,116,516,185
1786209759.257,765,783,941,636,979,474,991,507,902,209,714,214,842,41,1000,30,888,0,956,291,870,169,717,363,836,164,809,284,709,161,785,322,747,9,623,271,684,95,727,359,564,114
1786209759.357,706,749,935,710,950,593,979,333,887,496,986,399,1000,199,956,215,1000,23,814,227,837,223,769,316,793,90,781,265,646,243,717,372,781,0,695,478,677,323,611,155,645,325
1786209759.457,766,716,851,604,997,475,941,557,938,334,972,412,855,111,930,52,924,0,871,261,830,160,844,0,839,136,749,228,737,285,735,121,690,328,663,370,620,248,623,166,683,229
1786209759.557,781,775,886,687,927,498,957,170,924,164,871,277,942,51,981,132,1000,121,853,238,760,202,761,259,901,353,756,326,697,179,693,43,733,432,584,443,687,265,652,189,633,106
1786209759.657,734,738,955,686,959,496,930,291,965,226,885,273,904,245,947,101,937,112,786,202,887,230,835,291,912,90,681,352,642,190,708,304,701,451,607,395,587,278,563,208,723,198
1786209759.757,777,732,852,670,995,367,962,245,787,363,1000,329,869,103,921,134,932,142,875,318,865,136,981,249,850,498,735,264,782,290,733,446,725,398,703,352,646,319,604,116,724,228
1786209759.857,713,736,896,601,1000,532,991,329,1000,286,930,333,1000,58,964,123,934,151,880,331,882,137,814,68,915,152,718,349,772,135,791,176,817,109,670,348,562,109,580,325,492,232
1786209759.957,742,669,840,631,971,608,976,313,817,85,899,251,942,156,918,89,905,33,897,330,847,232,862,350,846,222,705,252,761,179,648,0,860,22,609,431,558,276,741,454,598,178
1786209760.057,718,732,930,608,997,489,984,508,853,277,976,382,807,226,1000,138,978,226,835,349,820,152,783,204,910,25,758,329,791,313,672,140,699,120,622,369,577,169,577,267,625,141
1786209760.157,701,672,945,652,1000,558,996,471,901,212,863,391,958,205,979,145,914,197,814,301,856,152,725,305,879,0,685,445,728,188,700,80,719,406,638,388,716,181,646,326,563,208
1786209760.257,803,720,920,658,1000,386,950,182,828,198,906,231,940,192,868,76,1000,124,732,202,831,164,787,439,947,138,770,370,769,139,834,206,756,215,633,365,559,61,613,109,668,248
1786209760.357,733,789,874,605,959,587,900,344,936,644,995,323,973,6,891,165,943,119,826,295,825,77,805,39,785,398,723,348,722,158,668,163,741,329,644,391,541,305,556,324,665,0
1786209760.457,760,770,929,633,976,553,968,403,852,423,982,303,901,98,1000,186,934,67,734,289,760,168,875,70,828,363,741,272,717,260,739,215,800,316,587,389,673,124,484,90,622,339
1786209760.557,699,754,749,670,951,653,899,353,727,219,819,473,924,139,939,41,982,157,871,214,877,232,805,288,830,0,723,275,721,264,632,157,681,62,603,350,650,261,638,282,798,201
1786209760.657,771,769,951,685,932,525,955,450,814,460,922,372,961,166,952,167,1000,0,852,298,811,0,845,170,774,193,718,190,721,231,693,250,737,420,634,401,605,400,599,131,622,65
1786209760.757,685,760,742,635,910,513,892,419,943,75,934,350,996,40,864,225,899,32,856,217,806,223,745,126,760,48,784,403,729,227,753,127,745,0,598,339,566,121,582,343,740,174
1786209760.857,755,711,785,628,955,513,946,322,839,337,840,369,911,320,926,87,910,38,855,292,870,191,818,228,876,302,743,336,658,381,754,298,729,0,627,350,578,159,605,299,719,207
1786209760.957,711,719,879,672,987,472,962,407,854,63,869,423,850,260,859,66,919,280,825,281,772,195,791,157,798,313,765,247,685,133,735,334,742,0,671,250,584,248,621,311,586,27
1786209761.057,721,770,901,667,1000,585,969,217,954,265,898,266,934,106,949,108,945,148,809,246,718,214,820,164,875,0,733,242,749,19,770,315,674,228,600,375,666,144,545,337,767,258
1786209761.157,754,720,882,677,961,599,953,391,874,284,996,324,953,170,923,22,1000,203,888,224,893,303,868,376,856,35,753,239,686,211,735,276,622,185,662,398,665,252,603,268,608,322
1786209761.257,749,730,841,708,993,653,962,426,764,333,903,371,962,234,1000,65,977,162,925,342,850,220,862,353,775,116,808,175,712,199,714,423,759,139,611,365,684,242,618,130,656,230
1786209761.357,705,771,948,665,982,424,968,409,860,193,1000,340,893,224,951,124,979,0,732,387,813,124,749,207,832,442,747,287,737,271,775,297,747,101,594,262,643,273,695,275,704,159
1786209761.457,762,695,872,590,970,591,950,439,911,216,911,396,983,107,875,135,909,69,750,364,815,160,775,152,822,76,721,401,628,201,680,391,719,10,629,370,770,49,551,361,523,181
1786209761.557,714,708,867,650,1000,598,960,327,910,399,983,339,1000,107,995,169,908,113,839,286,812,42,782,156,787,33,778,301,825,204,783,188,690,267,694,339,646,253,620,205,559,178
1786209761.657,757,744,882,692,977,504,968,371,868,354,920,294,952,169,888,143,1000,0,799,480,778,252,805,191,810,261,661,320,696,47,788,0,860,336,580,439,582,170,513,111,577,309
1786209761.757,777,686,886,590,980,657,902,237,949,404,865,416,899,288,963,209,952,159,860,371,818,89,812,106,786,480,759,347,770,234,830,0,670,78,580,353,631,400,683,152,665,0
1786209761.857,738,736,835,655,938,436,966,476,931,233,882,285,932,87,991,106,969,0,789,352,864,66,831,222,781,249,661,245,746,190,729,192,763,330,672,354,601,183,560,164,587,433
1786209761.957,693,772,863,655,986,402,928,210,855,171,1000,273,813,129,979,233,925,33,823,323,763,138,814,189,809,19,746,305,714,106,761,91,828,0,671,211,502,183,485,295,628,401
1786209762.057,726,742,863,628,951,417,959,319,879,667,898,335,941,248,952,101,1000,0,814,356,778,213,792,301,865,169,687,281,715,254,743,286,752,381,630,357,624,193,690,325,715,59
1786209762.157,746,774,939,603,968,490,990,97,799,482,894,223,1000,43,989,12,871,110,781,313,911,144,897,222,864,0,759,340,698,330,697,4,778,0,642,439,649,209,605,356,543,302
1786209762.257,816,753,864,657,948,457,952,434,1000,32,775,427,947,165,964,107,1000,141,801,271,812,98,901,199,758,257,795,379,678,104,805,2,753,104,695,271,580,284,677,367,663,235
1786209762.357,772,681,836,612,852,563,986,420,920,303,925,431,1000,110,993,206,964,130,842,196,740,215,761,22,712,101,748,338,759,158,731,326,758,100,651,206,622,177,722,97,638,112
1786209762.457,711,747,856,737,883,548,946,349,913,424,938,383,946,74,936,200,917,0,856,317,781,139,807,185,848,113,762,272,800,315,676,55,790,266,662,299,615,201,646,66,623,0
1786209762.557,713,729,896,687,1000,397,981,280,839,327,902,339,974,96,932,109,978,38,798,227,774,55,781,370,851,412,689,176,732,327,697,229,635,221,633,198,567,135,527,127,666,80
1786209762.657,776,719,888,683,1000,452,960,244,1000,153,945,422,878,203,894,282,851,0,767,222,846,291,874,211,817,77,748,294,726,131,657,219,731,98,606,384,646,392,713,72,616,0
1786209762.757,663,816,938,638,1000,602,899,454,846,342,1000,424,937,269,849,155,959,164,798,321,863,0,800,79,849,430,704,234,722,100,712,172,765,277,645,460,636,195,608,122,557,0
1786209762.857,775,705,888,651,967,585,953,247,840,406,951,378,931,45,965,138,948,0,792,232,840,188,814,297,891,248,761,271,680,263,675,307,834,343,635,251,631,317,615,328,655,226
1786209762.957,721,677,856,646,993,502,977,388,845,183,886,325,923,71,988,131,948,0,771,284,717,214,781,153,837,145,679,410,639,19,774,24,806,289,651,305,578,198,571,350,577,260
1786209763.057,771,699,890,628,961,470,930,373,785,415,857,226,930,126,957,126,863,195,810,311,931,252,827,24,748,392,713,296,659,221,789,415,703,342,634,407,622,160,710,222,605,208
1786209763.157,705,748,866,632,1000,431,958,362,801,247,841,457,929,141,1000,63,993,152,724,270,842,159,818,113,780,130,818,246,692,190,642,272,652,2,590,230,690,275,685,306,618,175
1786209763.257,771,795,820,763,911,470,950,374,1000,426,947,386,963,102,964,125,898,224,821,220,771,196,869,240,840,41,735,285,706,179,687,314,669,0,605,407,640,77,664,205,600,141
1786209763.357,682,739,819,649,953,558,950,437,786,277,954,400,881,89,965,232,948,0,769,304,838,139,762,312,799,279,652,389,682,289,759,28,745,540,613,461,643,346,637,196,760,294
1786209763.457,724,749,850,668,1000,492,926,242,894,184,835,230,1000,145,943,53,910,22,810,184,875,155,826,291,858,83,758,348,732,267,770,311,813,221,641,403,613,272,591,0,672,0
1786209763.557,706,764,910,710,881,524,942,470,1000,118,923,371,925,294,922,99,888,105,671,279,884,51,735,314,879,0,808,337,769,128,808,180,711,310,622,238,629,203,578,354,799,34
1786209763.657,740,717,973,683,1000,587,952,333,1000,395,871,263,922,248,1000,270,904,103,804,283,867,153,882,124,853,107,649,239,722,332,699,193,760,97,618,350,599,77,586,281,675,391
1786209763.757,780,698,842,635,962,459,944,253,954,166,862,350,984,138,982,176,1000,167,911,299,890,262,809,104,790,259,680,277,777,238,592,41,861,447,614,241,556,274,751,431,518,133
1786209763.857,700,738,817,642,931,540,935,312,931,510,1000,345,939,260,996,181,865,218,842,235,786,200,691,170,783,51,711,208,769,27,734,104,850,220,548,383,564,315,665,380,643,309
1786209763.957,734,710,920,614,967,462,970,244,853,297,1000,277,922,49,894,149,937,93,913,184,937,244,800,230,782,242,826,264,705,130,691,163,664,163,641,317,500,217,624,429,631,327
1786209764.057,716,782,833,683,1000,553,1000,287,1000,445,925,441,936,158,940,32,969,153,819,413,798,26,911,302,847,125,746,222,705,119,739,336,667,357,647,393,609,291,583,16,526,100
1786209764.157,671,791,871,700,1000,504,1000,697,1000,171,1000,192,1000,0,925,204,952,0,833,321,830,125,859,317,808,456,724,274,785,287,689,115,837,195,639,327,692,415,631,489,590,135
1786209764.257,758,702,903,643,901,379,940,404,772,315,933,302,893,175,934,188,878,101,760,279,764,87,816,118,889,395,767,361,723,286,708,493,673,0,579,259,535,249,680,214,531,105
1786209764.357,764,720,840,603,950,453,946,411,864,316,951,228,1000,97,965,41,940,104,908,280,885,178,909,0,840,0,728,377,789,243,708,287,883,230,679,315,679,308,588,300,688,296
1786209764.457,731,779,834,664,973,587,923,383,846,306,946,225,1000,190,900,96,1000,133,775,243,851,212,834,150,857,130,693,415,741,128,732,219,709,261,599,406,622,92,612,139,418,155
1786209764.557,772,728,905,664,949,451,915,463,950,255,800,346,894,167,868,127,930,0,906,273,807,196,814,226,759,160,646,292,789,74,705,0,731,307,655,303,508,124,706,312,623,205
1786209764.657,694,781,843,681,911,490,981,244,951,148,868,313,997,132,970,200,901,0,806,380,779,232,803,389,928,369,658,145,719,256,753,121,640,398,718,298,666,454,615,191,669,135
1786209764.757,783,717,873,606,958,431,957,161,971,176,1000,409,973,34,911,58,901,258,816,251,782,116,843,0,821,261,654,212,714,296,792,136,816,152,625,352,667,178,602,66,654,327
1786209764.857,770,681,858,713,979,505,949,418,912,215,975,230,1000,85,967,109,914,234,862,291,908,229,776,0,821,431,758,414,686,178,719,247,777,535,717,462,658,201,641,286,639,35
1786209764.957,715,765,864,664,965,439,944,302,829,151,916,357,1000,46,1000,141,885,45,729,187,907,104,843,171,817,251,639,397,711,149,751,121,743,183,669,330,567,262,610,0,644,95
1786209765.057,746,700,822,710,1000,503,960,449,887,131,940,383,977,161,967,105,982,233,758,369,933,195,865,109,791,148,713,219,708,250,651,239,739,156,660,373,602,322,662,392,625,129
1786209765.157,725,777,868,660,1000,407,958,348,866,165,882,285,971,223,856,37,960,156,750,353,819,212,774,22,801,138,717,281,802,59,677,161,732,355,675,421,648,82,522,343,706,280
1786209765.257,701,720,857,622,980,657,936,506,813,87,982,299,1000,272,927,214,896,0,879,192,820,250,882,134,867,0,701,323,735,108,829,0,734,254,564,438,583,239,647,42,554,426
1786209765.357,730,630,861,662,978,360,948,258,906,359,946,411,1000,66,922,172,930,0,814,377,749,173,721,285,828,84,712,206,767,127,753,89,863,521,727,499,588,155,754,194,689,82
1786209765.457,710,764,789,694,991,465,949,376,908,383,873,501,932,146,1000,0,1000,98,797,220,756,130,830,257,829,95,790,489,792,160,753,290,827,149,597,425,644,135,671,423,580,39
1786209765.557,734,758,871,708,980,575,930,212,859,113,947,174,919,133,891,99,936,225,771,319,848,154,791,52,911,198,717,451,727,379,645,184,647,191,633,313,625,195,620,123,732,4
1786209765.657,741,687,838,634,963,516,920,307,804,154,991,217,948,290,998,150,935,168,843,390,813,231,800,405,808,0,734,359,798,112,626,280,759,0,624,325,666,195,599,224,532,480
1786209765.757,768,706,826,622,994,431,942,158,934,368,911,327,988,169,978,39,952,109,885,297,815,114,891,0,842,182,723,285,713,223,680,233,752,28,660,370,580,128,576,226,624,400
1786209765.857,719,699,903,624,934,448,871,421,967,413,1000,418,925,244,936,91,902,60,841,401,857,98,764,250,861,404,719,339,759,85,740,334,761,199,750,481,623,214,671,204,720,0
1786209765.957,723,758,918,604,927,383,926,206,933,322,913,316,1000,73,849,170,918,0,852,164,776,0,829,367,787,45,810,350,836,199,737,405,721,264,535,467,643,221,684,74,590,267
1786209766.057,734,749,885,688,911,594,936,362,837,253,936,365,993,190,912,146,946,95,851,210,717,245,810,233,773,410,746,295,731,56,745,410,749,252,625,421,688,193,649,237,658,58
1786209766.157,776,754,926,619,923,650,978,260,961,230,819,168,943,280,1000,208,972,122,883,161,870,72,771,265,863,77,760,346,701,199,842,178,715,245,631,401,700,209,573,438,638,0
1786209766.257,803,775,943,720,1000,429,928,297,844,308,892,231,896,133,995,80,971,0,662,286,789,90,766,102,767,26,671,164,605,373,721,415,720,187,652,390,556,198,646,0,722,347
1786209766.357,653,699,879,697,1000,458,1000,349,869,366,941,331,1000,176,894,62,1000,162,745,188,821,202,782,0,760,478,753,375,775,140,703,193,756,429,718,402,666,396,614,348,671,277
1786209766.457,724,680,889,677,943,496,926,253,847,115,887,363,1000,320,922,204,950,63,845,369,795,117,796,111,876,49,705,329,728,156,819,133,720,0,625,252,573,62,571,202,612,114
1786209766.557,720,713,873,659,980,489,937,446,939,287,994,319,935,151,948,56,852,119,866,228,874,33,788,383,834,131,742,389,643,287,697,308,693,545,637,252,647,342,701,221,687,113
1786209766.657,755,746,749,623,977,515,948,365,990,339,781,449,839,232,866,219,923,130,723,344,841,202,864,205,806,41,711,389,674,48,669,295,712,334,553,136,636,317,519,271,714,179
1786209766.757,767,740,863,696,1000,463,946,239,901,271,992,412,987,239,907,54,955,90,926,167,851,201,778,71,799,0,796,490,699,139,651,72,695,452,775,294,574,130,655,250,637,109
1786209766.857,784,761,905,678,960,452,962,404,936,84,943,292,895,214,949,284,957,56,819,217,882,180,833,60,855,19,706,316,687,128,722,348,785,354,659,312,682,81,654,307,623,65
1786209766.957,731,704,896,701,988,531,968,457,822,87,939,378,857,161,994,112,1000,232,815,271,802,166,757,26,703,182,821,173,707,171,716,380,677,0,616,298,503,252,552,201,604,10
1786209767.057,766,722,877,687,981,513,927,225,901,164,970,305,980,78,886,237,929,187,752,276,886,39,930,208,775,248,780,252,682,206,751,189,755,383,646,297,621,382,648,353,593,221
1786209767.157,763,789,927,619,1000,623,934,251,886,315,901,231,1000,88,917,128,870,0,802,350,829,2,886,277,826,214,761,465,761,210,655,237,777,192,616,384,570,305,599,0,597,171
1786209767.257,753,749,818,668,945,477,923,349,1000,538,862,318,926,167,984,111,904,213,762,308,745,79,853,105,722,57,694,222,744,71,691,233,710,136,608,260,588,287,599,230,709,274
1786209767.357,684,749,919,640,900,472,953,424,844,21,845,339,1000,154,1000,47,907,0,843,235,850,118,917,393,701,290,698,351,649,296,783,30,719,247,669,344,664,225,665,52,628,361
1786209767.457,786,739,870,718,964,585,946,360,794,126,981,433,950,143,989,144,829,195,756,294,797,108,818,288,818,436,799,411,713,151,723,363,795,0,652,179,621,185,574,308,584,178
1786209767.557,697,735,916,628,996,507,950,314,953,381,914,328,985,199,926,201,974,316,744,342,878,231,803,25,893,100,718,447,652,249,682,114,741,348,679,421,585,132,605,250,615,0
1786209767.657,663,723,911,627,1000,396,955,386,927,158,828,364,860,95,1000,132,952,156,854,294,774,357,801,223,838,91,712,408,679,218,775,187,725,403,633,199,702,147,640,58,593,111
1786209767.757,739,699,960,664,1000,502,974,110,828,222,890,350,976,150,938,290,950,0,863,332,878,201,771,288,821,371,800,299,760,265,733,472,794,100,650,405,724,284,645,356,614,23
1786209767.857,759,718,992,673,999,458,981,352,877,278,844,296,974,34,989,101,946,0,836,225,802,39,772,165,803,343,648,304,711,153,673,360,854,0,599,275,607,339,660,193,631,129
1786209767.957,760,765,900,576,969,490,974,383,935,226,979,399,854,53,977,108,981,114,859,245,837,182,782,301,721,222,674,238,766,104,660,291,663,415,666,291,674,64,656,66,592,107
1786209768.057,781,714,871,646,926,429,957,352,952,259,909,367,923,42,981,73,938,21,775,168,837,0,881,304,771,468,822,289,737,198,810,33,717,395,673,342,696,251,634,291,625,188
1786209768.157,703,844,854,692,1000,407,964,358,1000,171,877,310,917,120,1000,129,900,46,845,318,791,34,814,175,784,413,756,317,698,318,659,150,703,274,667,251,586,269,585,164,642,25
1786209768.257,743,756,876,720,1000,500,940,560,832,255,897,341,1000,175,925,133,877,68,911,339,882,232,781,407,727,244,640,192,763,135,795,0,725,0,624,454,717,275,526,71,641,52
1786209768.357,757,796,832,628,917,485,950,357,964,344,919,317,949,151,908,36,942,35,851,300,821,230,746,390,707,443,740,272,642,142,715,241,818,229,652,370,605,214,620,283,565,100
1786209768.457,746,692,879,642,990,601,934,443,905,241,922,404,934,260,935,22,929,0,808,271,912,277,820,325,796,0,754,332,669,120,777,0,764,153,662,414,576,133,719,204,653,323
1786209768.557,696,767,902,722,1000,508,968,360,900,142,909,189,936,260,977,128,926,30,778,350,742,39,861,208,818,222,820,311,731,343,721,442,603,0,610,386,716,180,688,469,741,116
1786209768.657,765,745,846,680,948,512,913,149,863,334,854,350,946,207,985,214,962,57,834,450,870,161,809,114,757,489,752,222,710,283,699,109,752,344,619,303,647,134,593,196,682,112
1786209768.757,754,777,852,791,1000,523,944,290,1000,320,835,195,950,167,897,15,848,7,806,341,813,236,846,244,865,0,707,470,620,165,751,0,685,607,646,305,633,181,734,96,593,0
1786209768.857,721,726,926,623,989,509,899,270,823,515,955,324,707,5,975,175,902,91,822,306,801,217,871,72,756,44,733,332,756,261,745,245,830,216,664,368,613,216,710,200,605,63
1786209768.957,749,713,889,670,950,403,922,253,803,352,1000,278,923,110,981,150,935,0,775,307,831,155,849,42,831,229,688,267,751,101,863,288,727,166,672,316,602,355,597,226,576,220
1786209769.057,755,796,834,606,957,459,948,416,1000,232,788,297,963,79,952,130,947,173,820,332,729,84,799,67,816,124,711,367,720,106,690,314,742,450,675,318,698,361,514,214,591,138
1786209769.157,702,697,913,617,972,407,981,358,951,317,907,318,1000,85,820,65,882,193,815,350,821,157,824,356,825,383,777,297,712,159,797,92,687,161,590,304,683,287,600,303,777,229
1786209769.257,786,765,862,671,991,450,881,258,705,192,819,375,879,199,977,169,852,209,845,349,912,215,757,260,741,174,709,308,640,82,699,186,705,500,657,373,602,111,626,419,646,355
1786209769.357,779,754,884,624,959,477,957,190,842,345,880,250,900,134,828,68,978,123,845,173,799,147,839,313,864,81,706,403,698,106,713,392,676,131,602,412,637,310,725,36,576,111
1786209769.457,735,752,853,636,1000,542,957,105,990,316,912,257,909,85,846,63,864,82,766,344,736,245,858,60,811,33,757,429,776,135,731,415,762,413,666,350,618,126,578,106,605,195
1786209769.557,728,741,903,647,1000,584,959,291,968,356,960,420,983,281,934,90,986,0,920,382,824,246,849,34,775,236,738,396,731,92,694,313,620,0,623,410,611,270,627,194,583,312
1786209769.657,685,724,924,633,901,352,966,441,859,123,913,395,874,240,860,41,940,190,899,361,898,170,785,322,884,351,758,402,733,186,765,278,784,189,677,405,633,166,705,71,562,206
1786209769.757,638,791,875,724,1000,492,984,231,924,229,964,375,935,199,985,133,1000,74,908,371,726,268,870,197,835,273,792,280,796,106,625,293,807,180,542,241,645,230,707,219,577,228
1786209769.857,771,784,869,666,1000,450,968,328,881,292,930,447,918,123,1000,151,969,0,837,349,786,203,806,109,867,388,737,338,783,158,744,165,669,138,591,375,581,110,673,289,606,291
1786209769.957,702,718,892,704,952,461,974,426,900,448,1000,339,911,195,902,207,904,68,782,307,831,212,822,189,787,134,669,402,711,311,718,0,703,215,641,393,631,202,569,163,672,315
1786209770.057,707,771,899,628,979,529,921,196,928,231,1000,433,970,231,892,28,929,0,840,243,829,143,848,222,796,0,738,190,779,227,772,88,752,84,645,275,618,112,617,20,754,205
1786209770.157,733,758,818,632,991,515,930,431,913,359,946,266,940,9,916,103,963,143,786,243,886,134,822,276,812,158,717,273,723,50,704,286,756,492,674,374,624,191,658,248,603,43
1786209770.257,731,776,879,664,987,537,955,350,845,425,896,423,952,160,977,75,961,101,845,249,785,19,793,125,783,165,734,341,745,236,763,251,734,397,668,241,613,76,512,152,621,113
1786209770.357,665,762,844,683,939,468,960,314,902,328,836,347,892,68,906,177,864,158,841,300,832,134,850,134,735,172,767,341,808,168,715,185,683,122,594,184,591,233,666,144,590,342
1786209770.457,682,726,916,635,902,625,969,452,880,377,771,283,996,45,925,142,901,89,844,315,799,94,836,224,831,206,746,367,732,195,695,397,662,175,617,217,641,213,629,190,683,319
1786209770.557,691,799,864,687,976,511,963,509,954,259,917,275,983,203,924,212,983,285,784,288,810,351,817,331,868,170,733,343,780,174,696,338,661,265,684,375,592,145,701,190,566,359
1786209770.657,763,693,983,642,1000,645,972,385,766,563,974,215,1000,161,927,80,943,175,799,304,991,192,864,73,748,446,783,424,712,282,580,286,793,80,684,332,618,208,726,158,589,44
1786209770.757,719,740,902,633,985,547,924,362,881,301,890,304,946,304,943,213,998,0,809,389,829,147,854,308,815,136,626,311,697,111,713,161,741,160,658,357,690,185,739,334,735,219
1786209770.857,722,712,950,707,925,573,927,393,958,485,936,304,946,240,978,119,853,0,836,216,793,139,920,198,852,275,624,281,655,318,622,160,715,22,643,342,631,274,642,254,708,0
1786209770.957,759,693,846,668,986,541,924,545,852,196,845,219,867,181,969,60,885,66,829,313,771,143,894,45,815,274,688,349,649,235,727,29,772,39,632,389,571,185,697,0,730,0
1786209771.057,706,743,900,675,970,472,989,445,987,236,781,385,963,170,914,96,909,93,767,346,923,111,737,172,832,266,802,363,625,94,747,156,822,31,679,300,636,159,662,334,648,481
1786209771.157,705,736,911,625,971,550,973,488,814,330,843,263,934,247,966,123,955,144,843,257,771,139,776,256,893,286,651,265,717,79,726,277,816,572,588,337,617,169,633,201,673,394
1786209771.257,738,714,830,744,1000,532,944,543,874,64,938,228,959,262,861,58,974,35,845,323,865,108,689,230,738,352,729,288,751,56,713,274,746,119,618,453,671,173,711,297,664,263
1786209771.357,689,790,915,673,979,497,934,417,820,312,928,340,996,188,973,0,956,96,843,260,878,175,779,118,861,170,731,294,767,224,658,87,731,89,546,293,607,196,672,0,575,305
1786209771.457,707,687,845,681,957,451,961,399,781,304,843,395,1000,133,991,68,929,25,823,299,820,149,822,330,716,527,715,302,783,233,755,379,720,395,585,374,652,329,671,234,607,128
1786209771.557,720,683,950,703,979,561,968,239,942,460,881,207,880,148,883,108,906,88,798,293,850,84,830,85,816,171,747,320,779,185,689,337,750,389,633,253,741,179,554,293,563,118
1786209771.657,737,727,859,726,964,439,974,271,878,171,935,316,942,168,979,169,889,16,871,243,845,219,734,137,857,159,713,364,772,136,824,0,639,126,624,325,594,168,613,142,678,184
1786209771.757,724,730,922,644,913,433,942,411,962,511,967,252,933,0,926,78,833,315,805,154,806,280,911,191,821,403,724,339,759,106,811,100,692,235,679,393,619,255,694,211,572,84
1786209771.857,767,702,807,651,965,565,911,395,985,183,927,164,992,219,940,28,965,62,683,347,879,256,752,0,796,277,689,200,753,161,760,217,720,203,623,313,564,272,705,153,762,239
1786209771.957,742,757,916,645,993,578,939,355,823,226,901,251,940,182,961,64,908,180,793,350,783,184,854,0,860,417,717,331,674,215,863,0,700,371,692,248,588,181,586,197,528,139
1786209772.057,697,730,844,656,923,571,940,357,875,293,922,370,928,99,943,78,932,0,877,243,880,151,859,95,718,0,842,267,771,89,735,261,902,153,608,370,573,266,623,123,665,197
1786209772.157,761,795,853,647,910,540,932,395,986,201,893,384,983,204,922,20,904,0,854,314,789,124,840,147,787,537,707,353,736,72,686,323,722,0,655,304,645,462,651,281,612,3
1786209772.257,771,710,864,735,954,590,959,290,917,196,977,400,946,262,948,184,1000,355,815,315,766,216,836,94,875,138,708,335,693,185,823,135,771,101,597,339,765,298,656,150,602,0
1786209772.357,801,743,882,671,1000,524,944,565,877,67,830,300,960,221,897,104,899,208,889,426,838,296,781,209,763,287,744,142,772,252,693,252,640,64,710,264,623,111,648,275,681,253
1786209772.457,787,712,829,640,910,509,945,411,751,290,996,353,839,155,906,121,918,276,829,316,818,192,805,274,797,430,753,297,759,225,771,227,716,242,617,414,700,280,716,340,611,312
1786209772.557,684,740,823,659,906,581,938,461,881,47,893,277,943,275,1000,104,879,8,849,288,740,118,882,218,818,116,711,344,723,245,755,218,754,99,636,439,623,212,640,76,645,447
1786209772.657,702,743,873,661,966,554,920,435,894,57,945,322,896,169,878,73,937,0,766,228,824,189,772,74,823,205,700,431,726,174,703,348,763,0,609,314,621,284,559,201,750,184
1786209772.757,706,682,853,620,951,542,949,299,736,402,901,321,894,124,913,27,895,87,839,249,759,129,855,75,817,68,781,273,750,264,811,38,646,444,681,302,450,238,531,115,642,229
1786209772.857,792,718,832,700,985,477,949,311,946,516,878,343,859,71,967,115,886,89,869,199,908,199,846,184,903,356,715,359,679,166,807,266,770,445,662,288,711,275,664,217,708,482
1786209772.957,718,773,876,584,908,533,975,426,953,636,954,295,937,285,880,206,936,0,751,394,776,161,767,413,821,0,712,402,667,160,791,260,657,259,632,349,672,251,621,194,706,66
1786209773.057,650,724,891,647,946,477,948,203,944,0,955,335,971,3,954,82,1000,127,764,182,789,217,874,205,820,126,730,390,699,237,695,348,765,406,719,164,662,271,655,238,647,233
1786209773.157,767,764,873,656,969,474,995,207,951,390,890,334,1000,130,1000,198,904,0,833,212,673,119,925,132,835,310,729,285,778,190,719,320,668,0,569,385,613,302,630,52,604,321
1786209773.257,723,777,855,692,891,487,938,192,982,207,877,404,953,218,860,65,1000,180,770,310,769,260,703,216,829,0,719,333,627,91,716,106,702,211,600,343,638,298,548,138,671,0
1786209773.357,737,734,762,644,983,488,936,373,972,363,876,212,972,63,916,134,986,227,827,261,759,303,802,263,826,97,707,214,773,178,805,157,712,0,625,258,644,240,719,42,716,25
1786209773.457,746,689,883,563,939,511,994,107,888,223,806,236,918,193,945,29,854,133,814,403,802,242,843,280,838,266,629,292,683,283,668,179,779,274,646,423,636,184,545,266,575,141
1786209773.557,773,724,855,652,957,432,992,291,954,156,955,325,945,170,960,104,927,150,766,209,829,5,732,394,894,84,775,378,740,181,760,320,769,0,725,514,521,275,755,326,701,0
1786209773.657,762,742,908,622,922,493,939,337,847,265,882,310,865,197,953,32,994,0,885,317,870,169,844,299,911,376,751,216,594,177,684,127,725,345,612,408,624,234,745,231,626,262
1786209773.757,801,731,893,659,964,468,934,553,841,87,930,384,1000,61,993,263,905,70,762,419,744,126,855,104,767,176,837,290,706,103,746,331,694,320,613,212,646,409,551,231,722,163
1786209773.857,678,734,939,643,979,428,946,400,898,234,949,360,984,133,911,257,941,61,749,233,787,189,798,186,744,435,698,324,689,163,680,254,671,277,633,389,661,203,650,159,723,123
1786209773.957,725,715,843,744,990,508,936,485,841,308,1000,247,974,179,966,100,909,113,801,140,778,132,762,202,778,178,827,391,746,324,720,207,666,466,722,409,698,0,774,198,797,453
1786209774.057,762,720,881,587,1000,321,941,535,949,88,841,272,948,225,969,47,963,166,849,460,856,228,910,283,789,406,713,241,671,280,759,354,768,252,652,387,590,120,596,273,584,516
1786209774.157,749,737,848,700,916,526,937,369,929,139,821,249,992,185,921,257,992,201,787,364,837,102,811,63,780,0,773,303,669,226,725,353,738,0,617,264,652,324,530,196,711,0
1786209774.257,716,733,920,685,1000,546,939,547,831,0,813,306,926,113,948,204,956,158,769,260,855,164,840,256,824,467,707,252,627,244,692,381,745,149,594,404,619,254,665,241,569,262
1786209774.357,764,746,902,692,951,472,1000,510,884,382,865,272,875,179,955,196,926,203,857,459,904,268,858,80,831,585,753,252,733,113,676,269,775,59,615,245,615,63,608,219,505,20
1786209774.457,730,725,868,675,896,554,940,285,730,256,953,324,953,129,938,43,935,35,767,345,740,195,845,123,868,88,704,226,716,115,680,207,729,462,678,384,614,196,625,146,580,167
1786209774.557,699,702,915,608,923,594,938,515,789,301,969,251,1000,125,965,73,1000,121,931,374,862,84,820,147,817,212,691,297,711,111,770,245,780,311,565,287,710,298,525,265,571,0
1786209774.657,795,735,884,613,918,389,985,163,1000,160,848,310,906,164,899,98,902,181,850,312,873,176,825,170,780,58,737,376,745,230,662,284,706,250,662,264,630,251,689,151,625,206
1786209774.757,713,712,849,658,1000,496,961,359,862,288,969,310,935,137,893,192,915,246,837,389,810,101,868,119,880,288,796,242,764,131,589,333,730,404,642,347,702,241,597,200,641,0
1786209774.857,751,784,872,646,985,628,961,380,855,149,923,317,837,98,996,102,826,261,779,264,873,100,718,209,856,102,726,228,666,163,761,228,792,540,676,234,607,306,619,23,590,0
1786209774.957,722,707,859,710,911,452,919,480,984,339,941,230,955,67,943,96,909,91,859,413,848,327,826,392,838,228,724,328,738,80,764,21,773,333,699,285,570,326,559,75,644,172
1786209775.057,738,753,898,660,971,498,949,193,952,431,961,353,889,44,980,122,943,111,837,338,815,13,851,251,751,0,770,383,582,221,712,225,738,66,666,297,662,314,572,112,638,417
1786209775.157,710,717,888,689,991,505,941,394,616,540,911,326,1000,97,1000,172,955,158,781,185,760,237,769,0,812,287,733,349,774,230,716,144,777,269,602,436,636,287,602,341,517,444
1786209775.257,659,680,885,642,954,465,928,392,884,409,927,285,986,11,818,10,920,130,689,294,802,166,721,489,818,0,737,409,651,75,718,211,773,505,672,248,565,162,676,280,719,268
1786209775.357,709,725,811,688,941,590,964,581,923,345,911,287,930,235,877,125,861,128,801,329,782,137,848,199,893,100,706,391,698,156,746,194,712,79,697,335,592,205,649,379,618,43
1786209775.457,805,738,870,666,914,500,968,497,857,317,997,316,983,190,909,56,982,0,790,202,873,258,780,506,885,220,797,264,702,222,685,47,674,176,659,321,535,271,707,134,748,317
1786209775.557,693,708,861,656,863,449,934,576,907,186,896,343,923,110,914,153,874,0,777,221,778,223,868,216,827,66,639,317,731,137,664,48,741,231,689,289,607,232,592,307,717,5
1786209775.657,715,783,888,668,983,550,959,380,889,471,906,314,1000,182,937,164,945,9,837,241,912,174,769,138,854,0,852,209,763,151,679,286,703,527,579,385,607,256,659,10,646,352
1786209775.757,750,719,813,683,1000,550,979,464,854,304,975,204,980,256,938,177,911,92,810,326,814,30,780,410,844,0,785,230,761,285,730,85,687,339,590,304,649,175,716,90,396,57
1786209775.857,744,765,857,652,967,627,958,297,1000,293,797,217,975,15,964,66,988,106,741,356,889,60,776,243,850,604,770,470,717,216,692,147,739,101,529,298,679,237,632,122,653,442
1786209775.957,786,746,837,733,1000,397,903,189,846,411,975,337,936,344,942,114,913,326,861,226,761,30,811,10,758,375,770,409,642,112,689,430,734,573,665,337,653,82,497,240,631,485
1786209776.057,680,747,904,677,1000,458,970,420,987,224,850,270,885,111,925,57,936,0,820,262,814,185,795,94,783,367,788,273,708,59,714,25,701,426,574,282,574,87,681,242,758,22
1786209776.157,665,768,859,645,1000,515,972,282,826,243,963,317,970,0,851,0,918,0,910,294,831,74,760,365,905,259,641,279,732,170,605,458,680,0,637,428,649,117,534,0,609,105
1786209776.257,752,707,916,689,937,531,983,243,870,261,900,369,992,188,958,81,950,0,950,385,868,187,837,0,753,0,734,289,757,115,782,108,705,391,660,257,679,238,492,113,601,0
1786209776.357,783,718,894,671,999,623,966,558,947,309,942,131,919,145,961,118,950,0,744,216,899,61,777,196,737,30,761,278,801,59,705,158,730,0,614,400,608,139,757,216,673,300
1786209776.457,730,703,883,635,985,491,975,222,949,373,908,364,967,209,969,124,909,23,813,351,852,231,871,159,914,167,709,330,741,131,716,157,739,371,627,385,548,307,598,156,658,251
1786209776.557,728,699,854,667,990,444,932,386,881,311,764,293,991,107,964,36,866,133,821,273,863,133,785,98,769,268,717,385,567,257,745,203,652,0,671,362,634,222,680,143,606,152
1786209776.657,724,783,820,586,905,552,946,168,896,249,956,369,1000,62,852,161,979,0,759,318,906,90,820,0,806,165,796,260,751,129,730,488,839,600,655,330,637,271,651,128,576,85
1786209776.757,773,777,1000,680,934,469,944,531,950,113,919,212,976,100,912,0,969,218,789,284,796,140,775,56,885,0,753,327,800,170,704,109,752,76,590,293,572,144,632,188,669,203
1786209776.857,687,652,829,694,1000,573,970,482,922,531,940,452,909,104,931,118,921,146,819,255,800,247,832,0,892,262,759,370,766,118,664,529,688,289,708,314,603,310,640,267,624,96
1786209776.957,720,778,861,680,926,649,957,395,966,228,994,208,910,92,851,83,933,0,761,298,816,136,753,138,783,201,706,305,650,82,756,316,707,221,619,422,611,188,687,121,641,14
1786209777.057,758,763,819,606,981,642,971,330,815,130,965,378,909,136,943,246,938,0,765,234,884,194,799,0,773,246,747,331,648,201,669,216,684,425,653,335,696,199,538,332,647,129
1786209777.157,708,752,909,633,993,521,927,355,841,456,883,418,951,18,838,106,995,221,833,246,799,172,870,250,865,300,773,155,671,104,657,216,643,30,634,233,596,285,550,302,572,222
1786209777.257,691,750,861,682,945,543,970,369,847,261,846,328,978,280,1000,52,945,74,886,248,864,82,811,81,718,24,720,404,661,142,643,367,702,149,624,208,544,149,665,0,668,234
1786209777.357,664,721,924,621,944,700,957,325,847,341,964,164,821,77,933,125,860,66,821,238,793,102,839,185,759,355,670,192,704,168,729,61,784,552,638,367,510,193,583,111,583,91
1786209777.457,677,714,829,695,983,527,974,259,911,434,868,173,906,232,895,88,901,68,771,196,797,136,872,192,758,55,763,279,661,194,680,278,752,0,715,336,480,263,463,330,634,156
1786209777.557,729,752,850,659,970,291,962,434,919,331,1000,305,939,98,846,146,907,0,816,282,804,160,734,290,834,391,703,331,618,118,642,238,658,113,635,311,548,365,629,392,550,107
1786209777.657,733,787,942,643,933,497,977,361,907,439,979,382,978,263,883,277,982,71,880,272,844,200,859,131,860,107,763,306,624,132,772,176,804,0,668,342,609,129,640,94,584,157
1786209777.757,719,771,762,656,953,502,934,474,866,309,976,317,874,122,935,6,904,81,926,320,828,283,845,269,796,0,743,431,792,237,686,12,681,258,618,415,543,220,578,325,668,48
1786209777.857,765,671,797,628,882,495,946,308,933,195,844,258,876,107,969,0,920,191,879,250,932,77,805,48,838,683,813,365,686,175,787,314,735,243,684,437,542,250,663,149,720,134
1786209777.957,782,719,885,673,1000,556,937,323,864,294,865,308,1000,261,866,0,909,0,760,318,818,27,875,135,790,366,749,305,691,230,700,185,659,439,705,360,596,311,664,159,711,113
1786209778.057,684,730,921,667,918,474,980,387,886,274,987,384,867,230,965,231,932,211,848,221,871,217,784,218,921,99,763,234,687,248,739,189,833,34,632,380,576,274,694,197,581,130
1786209778.157,631,771,886,656,896,582,937,421,887,77,999,389,986,181,884,181,1000,101,831,222,715,129,890,341,813,262,677,315,690,191,709,177,791,600,631,445,556,223,545,174,680,356
1786209778.257,703,750,927,706,980,461,931,257,885,182,963,330,954,10,942,88,1000,0,814,321,771,300,913,84,787,567,793,283,738,83,848,225,766,32,590,377,724,184,565,246,746,79
1786209778.357,723,764,915,652,1000,541,949,460,952,152,1000,338,1000,160,952,148,960,253,848,293,871,188,964,218,878,342,640,258,694,74,702,36,663,262,720,250,557,185,617,32,580,55
1786209778.457,745,749,868,648,938,507,923,535,761,204,975,286,981,292,980,37,884,68,847,375,780,120,804,153,891,167,738,369,796,185,795,455,724,104,732,424,623,286,561,338,502,349
1786209778.557,705,670,788,644,999,404,916,297,956,415,931,382,982,123,984,31,957,0,831,376,831,155,827,261,923,301,709,294,671,94,587,155,645,234,617,269,510,201,516,292,648,144
1786209778.657,787,733,891,691,946,467,950,198,1000,313,910,458,883,278,979,198,928,94,807,361,840,114,791,182,800,442,767,362,728,125,764,0,741,56,601,313,618,229,676,190,622,0
1786209778.757,685,743,901,653,1000,403,959,256,809,190,917,344,964,133,971,237,930,99,793,269,883,250,806,241,862,106,673,354,761,244,703,415,748,0,570,324,634,206,752,257,561,0
1786209778.857,741,770,955,655,1000,406,940,237,955,119,946,227,1000,126,959,0,869,5,867,339,875,43,841,119,776,90,726,352,773,227,760,454,773,173,663,465,576,194,718,177,684,383
1786209778.957,685,717,926,658,881,467,969,504,892,356,900,376,1000,217,935,150,978,91,865,320,891,208,791,348,839,160,671,323,809,0,573,316,745,347,616,195,578,365,598,159,443,0
1786209779.057,775,723,917,633,905,484,934,258,819,274,892,249,1000,192,948,116,965,146,772,193,705,290,794,253,826,348,728,218,664,161,635,103,658,151,617,353,668,210,532,0,641,74
1786209779.157,727,745,937,594,925,497,919,181,999,152,843,234,1000,101,875,62,933,184,865,243,793,314,866,155,701,104,672,249,668,170,728,119,653,180,617,212,654,168,610,185,628,203
1786209779.257,683,744,859,706,1000,598,924,505,896,383,963,346,884,232,957,18,914,0,752,352,745,57,915,132,849,385,765,318,714,228,712,306,715,187,719,311,623,268,658,244,541,205
1786209779.357,742,776,906,711,925,432,957,487,871,193,825,339,938,122,984,114,935,185,935,265,775,82,840,57,797,135,800,388,639,307,656,236,680,139,597,463,615,250,559,47,598,262
1786209779.457,728,769,880,663,992,510,973,420,965,387,1000,371,1000,113,980,24,977,94,872,407,860,125,762,247,802,303,708,245,704,225,731,109,839,188,542,410,622,216,615,189,748,253
1786209779.557,742,723,949,697,1000,523,974,401,856,341,1000,328,1000,250,967,235,839,0,912,252,825,287,826,381,797,295,734,408,703,115,698,160,691,80,686,444,643,175,590,0,657,72
1786209779.657,788,680,849,659,989,632,913,320,767,397,883,307,934,165,933,53,939,3,866,299,767,336,899,469,799,37,767,383,726,29,669,271,690,0,628,117,590,194,646,274,656,321
1786209779.757,726,677,876,628,910,544,912,434,778,253,888,393,977,91,933,213,1000,0,891,378,829,149,789,38,833,155,750,339,843,278,755,0,754,526,620,499,651,256,564,384,571,90
1786209779.857,661,766,900,664,1000,549,939,263,742,268,843,325,935,124,990,52,853,64,787,303,774,187,768,70,847,177,678,243,697,101,708,182,675,343,595,432,610,174,661,214,683,0
1786209779.957,752,713,876,660,1000,370,990,437,901,101,821,275,979,155,968,18,937,206,898,211,802,130,785,290,960,0,750,328,732,288,746,0,643,6,607,335,611,74,525,0,519,336
1786209780.057,722,696,791,623,995,537,942,324,738,188,956,267,1000,251,919,102,1000,179,828,307,827,155,763,137,744,314,725,360,652,295,798,9,700,137,577,327,652,190,519,299,573,71
1786209780.157,796,748,839,616,1000,567,935,208,920,370,900,237,945,192,917,138,951,212,803,219,816,282,728,0,811,118,722,291,767,184,771,0,698,55,541,352,617,190,619,222,701,281
1786209780.257,745,820,844,609,1000,636,932,516,842,369,961,270,1000,311,892,134,976,0,825,185,853,162,797,2,786,278,729,388,773,269,694,254,672,0,689,262,553,240,610,189,793,22
1786209780.357,751,736,918,632,959,511,911,144,886,469,901,299,1000,144,977,306,910,69,844,395,814,211,833,176,795,77,867,203,643,206,736,271,677,14,626,409,568,244,594,34,539,323
1786209780.457,710,780,873,609,989,446,939,487,778,232,857,231,918,88,928,165,902,0,857,245,912,125,809,0,758,0,744,302,748,248,779,186,736,329,605,279,704,75,658,250,550,74
1786209780.557,719,741,889,662,977,550,964,534,976,294,961,343,953,87,948,0,983,126,816,267,853,294,835,406,855,42,753,334,676,157,700,229,713,268,657,434,651,170,759,130,602,274
1786209780.657,842,748,847,598,894,504,963,189,907,117,866,358,903,260,913,197,1000,8,949,296,788,134,796,347,882,418,673,320,638,264,697,281,700,0,676,413,630,49,674,125,666,102
1786209780.757,718,751,839,657,991,658,947,453,788,517,873,305,972,94,992,74,972,203,854,342,948,187,822,223,880,600,724,246,775,85,739,255,724,206,568,284,672,55,621,174,488,447
1786209780.857,694,753,854,630,958,478,944,263,802,425,923,310,895,281,936,0,948,6,870,364,866,121,810,213,861,1,735,434,689,185,872,184,637,204,710,419,570,266,616,304,586,258
1786209780.957,805,634,900,716,901,452,938,270,819,242,974,417,1000,235,1000,261,943,242,846,281,817,232,889,252,796,98,649,332,731,109,751,275,641,152,699,301,623,244,625,290,696,379
1786209781.057,721,752,910,659,937,513,933,273,906,267,933,206,934,0,891,114,989,146,829,270,807,254,761,100,869,124,817,354,774,65,784,104,774,144,648,267,531,244,608,107,510,0
1786209781.157,752,723,848,672,1000,522,937,604,834,104,928,296,996,114,933,60,971,104,810,285,819,48,874,313,818,174,687,424,791,217,771,377,793,47,625,378,633,295,667,239,445,365
1786209781.257,764,811,854,590,961,536,937,515,832,278,907,506,894,202,884,144,893,207,870,313,749,152,801,281,771,391,774,215,705,183,781,125,743,431,649,215,596,308,676,0,644,329
1786209781.357,753,757,963,661,982,436,932,316,960,192,997,238,979,200,953,189,902,38,775,296,814,220,835,264,806,257,811,217,624,235,677,34,763,18,704,356,611,160,640,27,455,0
1786209781.457,776,698,812,660,1000,581,928,259,820,171,955,290,882,50,1000,172,897,219,766,286,807,170,769,199,729,118,790,377,681,72,601,296,747,291,711,356,634,110,729,191,572,212
1786209781.557,808,813,832,710,983,574,956,427,1000,59,944,233,918,156,893,80,873,24,850,353,781,255,845,351,728,241,758,191,838,139,755,337,736,487,724,267,628,309,524,333,751,382
1786209781.657,749,791,890,611,946,485,947,344,859,321,1000,329,978,0,947,196,991,212,840,323,786,219,783,263,818,188,775,346,730,150,815,259,776,231,609,370,590,268,421,164,629,29
1786209781.757,746,717,874,641,1000,542,956,362,1000,271,880,232,994,285,900,100,919,75,734,349,880,13,904,372,663,0,725,397,731,189,757,109,808,195,569,289,642,206,602,234,655,0
1786209781.857,779,728,892,667,951,568,951,363,677,401,912,366,1000,221,943,100,1000,140,835,283,774,10,892,93,807,166,795,256,729,226,646,22,687,263,643,337,657,157,616,197,571,543
1786209781.957,651,780,909,695,973,598,937,401,894,261,929,248,907,281,1000,156,972,115,847,331,872,271,772,513,823,210,713,280,747,235,756,156,567,0,639,369,600,171,645,198,596,0
1786209782.057,701,768,833,690,1000,447,937,470,992,206,824,401,976,188,984,38,953,58,855,348,869,201,829,217,834,74,715,335,749,138,664,0,654,109,619,325,558,75,635,225,674,308
1786209782.157,747,737,912,720,939,558,932,380,978,255,865,282,891,71,998,157,903,0,778,247,878,148,923,179,787,350,657,320,655,23,718,325,743,233,528,334,614,284,560,306,593,132
1786209782.257,753,687,910,609,997,486,945,0,838,264,1000,311,908,222,917,192,947,0,872,335,865,142,846,408,825,114,799,353,694,318,657,285,800,425,600,258,634,291,559,245,526,347
1786209782.357,711,726,912,694,989,577,959,524,743,284,916,298,971,173,980,38,1000,46,839,281,824,116,826,252,696,127,715,465,760,300,756,226,752,435,713,366,589,310,573,255,678,162
1786209782.457,698,715,861,621,952,399,964,394,910,240,907,256,972,48,945,76,1000,145,824,221,751,193,906,232,825,219,736,321,682,114,731,411,777,0,628,396,703,385,613,305,647,161
1786209782.557,735,735,925,607,989,613,986,421,824,395,1000,278,964,140,911,98,941,0,769,236,836,46,705,344,765,151,772,210,644,140,779,213,730,157,662,446,781,218,723,326,649,0
1786209782.657,718,720,890,655,944,648,982,119,864,375,1000,285,932,163,972,13,846,223,774,437,776,142,835,0,959,115,694,229,734,209,661,36,794,86,565,335,601,398,594,175,645,89
1786209782.757,749,694,864,679,1000,461,933,535,841,284,1000,318,930,142,905,151,894,172,825,311,907,47,817,258,785,354,707,327,710,200,729,211,702,85,652,349,585,260,598,390,806,399
1786209782.857,783,763,865,588,924,455,980,385,832,46,1000,351,994,114,934,96,938,287,763,292,838,147,866,0,910,0,681,277,684,219,742,230,645,188,639,432,633,263,750,76,602,0
1786209782.957,793,796,940,685,985,470,968,205,779,236,1000,278,923,179,983,207,886,78,836,317,864,217,817,318,865,343,708,356,777,149,732,420,754,198,701,312,532,164,698,270,634,347
1786209783.057,739,724,910,648,990,446,921,254,885,205,885,303,940,33,821,148,942,0,846,324,804,303,880,138,797,0,785,324,758,26,768,149,766,317,638,296,643,159,693,127,631,62
1786209783.157,739,693,839,754,1000,529,962,391,880,392,872,424,950,219,1000,154,899,220,910,165,815,178,803,39,772,0,773,401,785,185,740,356,716,29,614,357,584,271,541,182,658,201
1786209783.257,705,760,886,580,988,473,935,258,803,319,955,324,996,202,845,56,988,0,685,417,835,105,774,257,840,243,723,221,714,268,694,294,706,372,597,346,646,173,649,207,626,73
1786209783.357,770,697,886,629,966,549,941,0,774,5,926,313,924,106,951,20,978,96,776,267,813,53,850,297,822,353,848,181,719,86,812,248,688,164,695,377,653,358,687,340,621,0
1786209783.457,736,707,908,593,1000,517,958,427,885,247,991,355,982,149,946,119,858,0,818,170,814,89,812,204,723,243,711,150,693,216,702,154,740,121,627,252,595,393,638,241,584,117
1786209783.557,724,766,926,645,967,486,968,410,880,426,953,260,944,142,894,104,986,206,871,347,830,111,844,0,783,382,709,351,698,229,638,382,663,0,690,345,606,365,673,158,620,349
1786209783.657,696,787,855,629,1000,556,902,342,794,398,1000,351,902,226,938,115,914,100,821,135,821,146,833,0,842,190,753,197,654,46,733,170,722,0,587,170,551,175,589,202,684,71
1786209783.757,751,762,924,683,972,426,956,311,1000,304,912,412,917,156,1000,139,985,250,796,356,803,309,888,271,868,62,807,246,737,133,773,444,758,277,634,352,604,371,677,170,634,640
1786209783.857,743,788,849,682,941,465,969,250,787,383,893,294,844,55,951,104,976,0,816,298,809,201,762,244,873,39,749,332,746,187,804,492,768,277,639,253,546,131,643,188,738,0
1786209783.957,734,749,913,669,984,516,960,353,1000,368,934,262,925,276,823,124,934,142,838,396,825,151,864,363,850,365,721,316,791,227,711,220,793,436,603,371,622,225,710,183,589,51
1786209784.057,726,705,837,628,932,449,959,126,828,278,992,297,935,149,854,166,963,176,951,208,745,209,799,69,802,75,807,461,634,76,682,125,683,177,619,250,567,364,604,163,522,106
1786209784.157,769,755,909,615,916,584,970,325,960,132,847,201,964,173,916,66,1000,60,895,285,794,262,856,181,873,634,698,340,696,117,670,424,620,315,603,469,608,199,725,312,669,307
1786209784.257,692,761,866,678,989,424,964,333,783,272,923,355,812,187,916,176,935,52,815,317,866,89,799,355,798,251,676,192,664,135,783,366,614,109,668,338,702,288,610,190,626,46
1786209784.357,768,761,894,673,924,539,952,589,778,195,826,299,848,250,992,109,890,0,788,337,780,299,891,184,793,84,802,263,763,189,765,108,710,210,612,433,581,181,712,345,742,0
1786209784.457,740,736,850,676,954,515,1000,392,918,401,933,237,853,154,928,0,1000,100,897,146,893,120,879,209,839,266,712,264,698,76,697,124,640,305,639,362,659,210,568,245,422,162
1786209784.557,762,772,851,574,854,549,939,590,768,337,1000,328,856,375,1000,104,972,178,857,203,836,265,841,230,789,25,661,359,705,86,780,138,678,118,630,377,576,317,657,151,618,113
1786209784.657,735,790,856,671,938,541,956,510,817,383,999,283,937,171,929,132,965,76,818,313,800,130,771,179,838,137,697,301,736,197,850,129,721,368,609,480,622,279,628,328,554,428
1786209784.757,741,757,842,677,926,587,915,373,855,84,866,345,894,103,958,184,965,83,835,303,767,177,764,256,823,0,774,272,686,259,715,294,691,373,647,373,613,371,744,0,695,9
1786209784.857,752,665,892,630,949,472,929,272,854,271,942,443,892,166,977,71,835,0,711,398,851,213,865,117,931,245,728,383,750,288,803,169,742,37,569,404,673,60,582,217,640,503
1786209784.957,709,726,902,649,947,461,955,334,946,339,746,192,916,234,910,146,962,146,796,218,753,379,839,398,774,407,710,306,702,121,676,210,695,240,603,395,598,371,623,198,743,101
1786209785.057,717,706,883,634,1000,500,970,440,844,194,902,314,962,191,939,73,909,144,791,332,850,271,792,146,701,18,689,342,807,231,780,122,658,168,612,285,634,129,679,164,626,195
1786209785.157,715,780,805,714,953,569,954,454,878,323,988,320,1000,184,906,95,975,0,864,271,755,172,781,118,785,206,714,334,767,228,826,484,713,0,626,353,741,198,644,132,605,0
1786209785.257,677,784,920,649,1000,410,944,375,995,318,955,281,958,256,864,199,926,0,811,381,795,178,736,0,762,365,729,382,775,130,813,144,791,403,641,350,639,241,602,155,602,372
1786209785.357,672,714,860,654,981,407,975,458,945,264,877,291,947,209,937,145,916,119,812,313,730,192,843,246,767,59,692,330,749,135,799,386,739,288,567,308,555,152,659,298,686,218
1786209785.457,752,672,819,655,994,471,913,274,809,62,1000,399,835,4,902,17,1000,2,843,261,761,234,849,177,935,227,711,437,737,310,722,0,636,428,613,363,682,246,573,209,637,115
1786209785.557,680,719,870,606,929,452,900,370,908,219,839,342,974,164,943,161,931,0,821,269,816,222,756,205,754,22,801,339,724,62,711,0,733,0,662,356,557,263,758,187,692,0
1786209785.657,750,711,863,687,958,388,988,186,817,309,930,343,951,247,964,38,820,105,899,212,767,183,840,315,898,227,690,247,689,265,696,341,638,271,606,382,608,299,599,207,687,163
1786209785.757,735,761,871,600,944,366,942,410,898,477,1000,332,812,209,904,181,949,159,850,454,846,60,870,134,883,460,759,221,693,288,837,223,714,0,589,361,659,103,679,369,674,441
1786209785.857,746,746,889,717,992,465,960,406,870,427,928,363,972,98,894,70,932,260,822,320,864,129,795,307,845,85,713,313,733,281,754,86,683,276,645,286,678,37,648,32,692,138
1786209785.957,761,718,931,589,1000,460,958,404,770,424,946,322,965,166,980,87,972,150,815,418,843,171,845,172,876,181,767,235,626,218,703,190,589,549,643,439,548,239,652,226,646,0
1786209786.057,745,701,848,664,953,482,978,337,854,275,855,325,984,181,942,162,911,93,895,275,850,203,778,264,786,262,703,327,723,196,740,146,660,231,686,386,646,187,638,114,600,236
1786209786.157,664,798,817,738,932,442,938,304,836,242,928,251,990,268,848,249,970,116,795,306,865,352,926,6,806,199,791,302,678,191,703,345,875,394,679,432,646,196,608,337,650,24
1786209786.257,782,703,826,628,982,573,955,290,819,394,916,337,936,180,959,289,953,47,833,232,771,250,831,314,735,12,744,252,644,106,706,270,834,9,596,243,653,241,566,114,621,169
1786209786.357,693,739,815,665,961,532,980,312,888,28,1000,185,939,0,901,241,986,194,814,405,833,208,948,311,813,276,793,350,756,284,867,93,773,305,622,300,710,143,538,145,503,46
1786209786.457,693,736,937,640,1000,557,891,291,856,342,957,337,894,106,869,125,919,146,860,273,834,140,760,91,703,115,705,234,757,227,756,306,730,213,674,392,677,227,565,238,589,283
1786209786.557,743,734,857,703,1000,463,917,376,988,124,951,257,888,230,971,110,970,162,749,301,891,191,685,59,866,86,781,446,704,141,668,315,694,136,591,315,585,60,574,296,725,163
1786209786.657,734,743,959,623,914,499,959,351,772,409,914,352,1000,40,859,159,845,45,795,319,786,193,763,40,817,204,744,408,781,221,770,250,802,286,615,292,683,215,747,83,718,112
1786209786.757,748,683,795,722,949,573,931,470,851,131,961,379,979,144,858,46,904,61,882,287,713,0,781,124,834,0,670,338,783,39,681,361,787,33,688,348,657,170,645,76,591,133
1786209786.857,738,824,985,648,1000,424,959,275,849,645,899,269,889,95,873,136,944,125,824,257,787,168,814,110,802,459,818,293,679,184,788,210,752,86,589,399,632,287,519,422,647,0
1786209786.957,770,718,876,644,964,500,905,456,897,351,971,322,962,39,901,126,944,131,896,289,838,160,804,160,777,164,721,297,628,180,675,207,664,225,626,301,638,263,624,276,600,243
1786209787.057,731,695,840,710,1000,554,933,522,940,336,1000,254,986,91,912,301,958,287,852,322,788,229,817,193,803,167,732,316,714,70,755,199,530,0,618,435,654,172,615,338,586,8
1786209787.157,766,775,848,683,967,461,979,277,952,301,912,275,889,136,916,127,882,72,845,250,857,220,756,96,749,261,737,199,683,211,731,374,661,213,596,353,612,254,601,298,579,19
1786209787.257,741,803,809,618,978,584,956,284,923,360,881,371,942,17,934,81,993,0,800,312,942,302,814,225,846,5,731,399,723,334,699,204,725,0,686,322,636,179,735,353,634,0
1786209787.357,761,774,834,658,972,581,945,467,822,151,1000,223,902,218,915,81,927,0,881,307,779,27,748,0,827,227,758,357,748,303,792,341,745,357,621,330,714,183,587,168,591,106
1786209787.457,742,743,914,750,952,498,901,204,875,353,952,357,1000,291,929,64,964,189,831,283,794,153,851,106,776,292,693,318,721,187,688,443,754,114,653,474,627,362,554,112,478,492
1786209787.557,668,739,949,702,985,595,931,415,878,274,934,395,1000,135,889,63,1000,248,769,406,784,206,781,436,788,0,711,485,729,110,680,0,763,0,686,401,617,337,685,228,575,245
1786209787.657,748,751,878,676,982,600,915,238,894,191,935,236,891,319,930,39,930,200,885,198,781,173,814,0,744,0,652,277,776,137,785,219,719,0,688,353,537,263,590,217,647,372
1786209787.757,690,754,932,763,1000,529,956,536,863,397,1000,306,833,88,955,62,920,57,853,232,790,261,792,269,817,181,764,182,739,229,772,166,730,0,610,357,700,389,605,311,619,0
1786209787.857,755,802,858,627,971,494,1000,472,899,0,913,442,948,221,959,86,1000,109,788,296,892,45,830,193,739,322,742,367,774,183,693,29,691,217,597,386,574,79,590,232,540,39
1786209787.957,709,714,887,689,948,429,952,415,1000,444,846,304,969,89,924,167,946,88,791,199,804,149,743,190,836,62,749,326,701,156,706,103,751,49,605,380,609,236,519,150,749,0
1786209788.057,799,742,851,655,1000,340,985,386,973,59,908,152,1000,78,893,0,955,96,786,313,780,24,798,376,865,266,742,283,753,230,720,241,633,121,588,260,647,122,675,329,625,84
1786209788.157,772,753,926,620,957,487,954,428,899,469,899,241,907,93,919,101,925,113,801,365,722,0,866,292,878,299,731,290,635,198,643,539,668,200,703,319,603,8,544,275,748,39
1786209788.257,740,835,899,702,935,614,931,254,1000,207,922,427,893,137,912,97,937,233,908,305,783,207,816,189,765,0,730,235,690,299,720,360,748,330,615,426,639,208,646,128,609,171
1786209788.357,713,792,856,746,971,486,935,404,963,0,922,176,998,235,943,135,872,29,793,265,864,252,847,146,779,201,744,293,683,234,765,43,707,368,681,350,642,252,687,82,649,39
1786209788.457,774,692,892,628,1000,534,955,584,828,415,993,378,906,137,912,99,898,49,899,274,825,102,815,280,841,438,677,256,695,302,741,30,796,237,676,456,570,367,622,163,641,0
1786209788.557,732,723,834,638,1000,490,923,407,953,291,847,137,894,239,986,65,925,163,817,357,815,192,800,93,874,0,704,301,759,121,732,34,757,573,555,294,667,484,664,126,619,0
1786209788.657,763,772,935,650,933,610,984,240,856,396,907,316,863,67,936,72,884,54,780,297,870,133,795,309,853,327,619,277,687,125,784,144,646,263,638,280,676,276,660,266,707,155
1786209788.757,686,725,803,621,1000,424,918,433,961,70,937,276,962,132,876,87,963,298,844,269,760,144,797,220,813,271,715,423,746,134,781,64,679,58,695,333,589,245,661,394,523,379
1786209788.857,654,767,924,712,993,427,968,230,808,231,900,330,905,182,876,123,923,197,881,284,721,46,872,167,904,345,742,316,658,140,748,170,759,417,631,315,574,302,674,463,642,164
1786209788.957,750,722,836,667,988,540,960,479,932,328,846,331,934,67,964,156,954,148,830,279,909,167,689,0,876,0,707,225,701,216,687,108,775,732,662,281,668,381,694,32,667,107
1786209789.057,735,718,906,649,1000,503,943,422,918,371,914,406,998,155,980,102,961,177,837,240,759,178,780,307,741,420,733,250,693,172,752,55,672,151,637,395,636,197,642,229,612,198
1786209789.157,651,768,898,723,933,544,899,149,868,215,985,395,1000,203,971,31,998,223,754,326,792,295,767,195,825,176,826,422,634,224,724,325,743,56,594,317,616,247,591,407,668,318
1786209789.257,727,693,912,624,881,543,929,316,947,168,825,398,941,255,970,166,943,106,882,349,790,193,785,148,845,72,738,333,699,242,700,339,738,249,600,329,632,319,606,328,576,232
1786209789.357,713,791,933,675,945,395,958,379,960,97,931,343,894,165,906,63,912,60,887,274,777,217,867,280,885,219,738,260,787,180,707,164,769,231,647,322,612,218,716,2,661,351
1786209789.457,663,730,917,633,980,437,949,504,1000,325,845,292,844,133,986,25,926,0,915,322,863,178,854,310,818,91,689,427,758,20,711,270,832,0,657,317,558,346,566,322,517,102
1786209789.557,754,760,893,702,956,602,958,441,919,357,862,248,914,197,913,100,932,241,855,198,828,133,805,184,872,41,740,327,705,139,682,160,775,145,634,264,597,250,522,331,588,458
1786209789.657,748,663,886,651,981,619,967,329,769,408,953,394,936,179,929,126,868,123,844,261,850,221,886,65,850,423,715,402,680,193,627,0,636,493,605,291,644,167,702,425,472,262
1786209789.757,654,681,895,626,980,505,906,432,913,297,883,341,872,76,956,192,914,138,835,323,785,145,814,359,761,0,864,329,744,236,768,333,777,436,646,420,723,247,657,143,618,235
1786209789.857,718,736,889,724,931,533,933,444,959,514,896,324,988,208,823,72,961,66,865,365,809,201,889,303,778,152,732,244,770,139,719,356,703,149,653,316,704,152,482,308,604,52
1786209789.957,747,748,841,710,1000,644,937,373,907,248,946,347,970,130,931,81,902,81,901,431,886,121,836,0,808,116,814,325,719,182,708,285,690,323,700,353,605,224,702,226,586,307
1786209790.057,706,724,884,631,891,535,892,247,954,347,913,252,920,202,934,34,896,42,843,302,757,257,779,235,769,627,790,255,721,110,704,271,782,0,607,411,693,164,687,68,608,0
1786209790.157,717,805,872,652,944,482,928,371,885,231,889,326,904,137,919,0,974,0,734,355,764,0,883,110,877,23,658,286,655,218,763,337,711,486,599,354,615,400,703,214,644,422
1786209790.257,704,656,832,647,1000,577,947,409,828,569,995,317,940,211,938,0,1000,214,843,267,820,0,761,390,842,0,694,177,677,175,815,318,712,165,604,422,686,116,518,174,616,220
1786209790.357,669,705,871,632,1000,636,935,459,857,168,879,367,908,121,886,164,956,245,854,323,849,137,822,293,775,488,759,444,657,99,745,232,703,0,627,360,552,195,651,301,609,53
1786209790.457,737,725,811,645,943,505,929,291,872,376,928,499,874,228,937,23,919,0,828,275,785,77,867,166,827,217,736,286,793,356,806,218,727,430,606,465,664,207,644,283,599,343
1786209790.557,781,723,854,659,918,384,937,243,1000,231,950,270,1000,141,882,167,947,218,816,302,744,219,819,170,805,135,769,245,754,66,616,400,668,236,627,369,625,320,537,288,626,0
1786209790.657,712,672,802,646,1000,525,982,364,1000,484,865,319,904,144,1000,76,883,0,804,545,894,0,814,111,865,0,685,269,681,236,706,347,681,385,589,388,596,307,473,120,712,148
1786209790.757,668,706,891,631,1000,581,966,475,844,489,987,305,854,0,988,8,894,140,758,457,832,267,868,0,853,182,728,306,769,311,657,226,815,174,647,360,735,295,757,412,613,227
1786209790.857,810,689,907,694,956,476,942,437,1000,390,846,418,1000,136,910,57,983,0,880,265,834,0,728,105,771,320,744,438,742,138,793,155,699,216,708,419,676,399,689,68,668,436
1786209790.957,675,732,828,668,1000,599,944,432,760,59,990,104,906,210,951,0,959,0,830,253,785,21,798,328,795,118,700,221,666,204,863,343,768,606,658,420,633,269,538,175,590,82
1786209791.057,707,787,858,657,1000,558,949,478,831,235,900,331,970,81,960,162,915,70,766,194,762,210,842,409,818,194,746,235,762,216,671,264,776,0,684,314,459,314,711,81,511,389
1786209791.157,709,783,797,719,1000,542,897,313,973,67,890,341,880,259,993,137,955,30,854,255,810,119,888,325,766,423,696,433,795,353,741,179,712,289,595,176,601,234,662,256,640,364
1786209791.257,699,707,965,537,1000,543,948,459,949,98,863,280,827,155,971,201,939,8,836,290,859,153,861,154,881,217,704,285,753,91,717,356,762,0,652,251,632,349,631,80,616,210
1786209791.357,774,774,827,650,986,460,961,198,910,428,925,326,990,121,970,118,895,185,895,372,865,194,834,173,783,0,661,309,652,219,823,0,671,644,674,337,594,281,688,64,735,243
1786209791.457,768,771,888,681,991,478,965,325,888,499,920,342,934,127,1000,18,938,0,888,291,796,18,895,30,840,351,827,270,673,155,691,0,829,133,632,389,696,131,649,70,653,226
1786209791.557,715,741,885,660,960,406,920,283,802,215,917,320,975,168,946,157,895,0,805,249,731,199,766,395,824,0,761,310,731,150,672,24,653,0,623,341,540,308,636,491,601,532
1786209791.657,761,658,823,676,893,439,907,604,981,247,1000,401,1000,112,926,44,930,1,770,371,854,90,863,220,800,468,745,428,745,236,664,142,819,443,623,250,710,322,555,78,760,99
1786209791.757,714,707,890,608,979,403,912,196,775,388,966,302,909,265,974,38,951,120,861,478,778,198,891,384,825,0,651,364,733,197,740,344,763,291,613,418,591,314,602,278,755,284
1786209791.857,786,718,878,649,896,579,963,413,992,141,839,400,940,173,871,222,965,26,930,204,803,230,874,10,802,318,796,402,752,194,714,281,817,173,627,425,679,188,544,12,639,5
1786209791.957,766,668,944,650,934,464,926,532,945,304,849,310,901,0,908,162,916,73,877,353,919,0,774,290,838,203,704,323,725,48,736,148,781,283,722,345,564,17,568,254,674,84
1786209792.057,716,735,891,704,943,450,1000,563,843,443,1000,405,902,164,858,53,935,112,789,112,830,211,854,160,809,229,749,301,599,293,698,55,707,237,613,307,605,262,576,249,532,496
1786209792.157,773,722,889,617,993,563,955,460,887,278,882,352,898,189,955,214,961,0,790,249,783,228,706,350,866,218,746,313,724,272,712,294,678,320,627,375,576,269,624,391,648,257
1786209792.257,716,744,895,649,950,445,947,279,912,187,915,248,1000,158,941,162,1000,97,748,374,751,119,876,145,788,235,731,261,760,280,803,288,688,0,540,418,632,195,505,74,504,407
1786209792.357,757,683,945,635,984,528,946,320,891,254,937,334,915,243,901,147,920,0,810,251,853,149,885,73,706,255,807,341,669,110,839,166,669,449,632,203,733,281,532,371,555,5
1786209792.457,699,806,963,641,1000,340,972,514,1000,302,956,264,945,143,930,199,945,271,837,441,882,149,825,86,824,11,790,284,734,15,709,167,786,318,682,376,688,267,540,200,627,0
1786209792.557,694,810,862,659,874,407,961,301,794,464,880,223,946,91,902,116,907,0,853,353,807,202,798,0,861,168,738,300,707,198,734,381,757,446,703,232,690,287,657,325,611,275
1786209792.657,692,679,897,660,968,446,959,305,884,227,874,299,1000,118,935,102,907,221,755,289,777,198,823,322,853,200,764,364,670,246,741,280,706,47,594,106,584,440,678,247,698,138
1786209792.757,718,722,842,637,968,508,983,474,762,252,855,133,949,202,944,151,920,0,806,386,839,42,823,332,854,414,665,316,699,232,677,102,730,34,650,202,685,0,684,143,527,206
1786209792.857,766,776,923,629,977,376,951,394,856,48,886,446,965,118,933,147,867,0,787,261,910,161,790,191,715,24,698,239,778,237,656,49,654,178,647,374,568,215,623,348,685,0
1786209792.957,661,728,847,625,936,544,910,571,827,376,882,208,936,57,948,118,904,105,877,288,783,186,838,151,885,132,797,263,759,171,740,0,862,277,682,248,631,215,560,359,640,171
1786209793.057,756,700,881,667,974,576,938,293,836,204,989,309,1000,177,899,15,871,0,876,382,824,225,788,111,855,215,764,311,697,171,742,247,674,191,574,321,573,0,766,121,563,436
1786209793.157,688,678,865,644,941,438,944,546,751,403,1000,270,965,146,859,205,937,32,747,330,827,201,844,89,645,166,723,319,793,184,764,265,647,0,688,283,642,143,674,239,608,285
1786209793.257,742,705,875,690,1000,494,995,268,756,104,921,315,951,103,1000,225,885,77,827,341,743,28,755,359,783,329,757,295,758,95,698,0,736,60,732,349,666,287,622,325,632,255
1786209793.357,822,740,851,635,965,511,950,170,696,163,926,318,969,185,917,49,958,113,769,337,868,215,864,97,859,157,822,368,738,317,696,288,866,375,645,326,571,206,575,184,622,336
1786209793.457,717,710,913,691,958,546,942,330,1000,273,898,315,835,143,953,258,939,135,842,446,870,47,878,74,783,0,812,388,778,265,763,173,743,114,602,300,747,198,690,450,685,55
1786209793.557,705,737,972,720,992,488,958,377,903,175,868,337,880,106,942,143,985,0,761,382,904,78,774,248,819,195,696,356,704,167,661,319,708,206,689,272,618,97,594,359,520,217
1786209793.657,793,753,849,619,885,615,938,145,801,148,892,479,995,194,997,248,959,243,792,237,768,178,685,338,791,332,669,383,786,195,754,81,733,406,626,452,527,202,506,247,614,152
1786209793.757,761,722,995,695,970,455,925,406,843,423,917,308,950,144,954,264,959,134,864,288,771,0,714,271,835,159,836,305,597,244,790,310,802,0,643,287,650,361,603,286,567,177
1786209793.857,713,801,828,667,1000,364,960,368,830,453,1000,359,927,41,949,109,931,35,794,297,758,234,778,197,800,301,757,342,657,173,815,171,794,213,625,358,578,308,573,274,706,247
1786209793.957,711,740,843,655,946,449,965,470,977,324,1000,267,1000,228,942,136,981,160,837,265,773,164,759,269,727,240,719,278,702,0,700,102,679,827,579,373,580,152,542,341,715,82
1786209794.057,767,693,857,690,925,450,949,359,796,588,871,380,977,92,963,62,938,177,796,322,791,169,821,141,725,324,819,317,685,203,789,383,786,302,667,353,571,198,606,244,504,260
1786209794.157,656,748,925,699,930,548,967,554,919,428,896,255,991,225,910,36,941,93,836,354,872,157,766,100,786,164,708,291,720,139,743,455,720,81,652,289,614,172,559,109,583,15
1786209794.257,781,749,915,609,956,533,991,267,779,317,881,432,974,133,927,111,854,93,799,337,774,207,843,203,879,0,751,305,712,113,644,332,778,568,722,237,614,252,687,375,557,94
1786209794.357,784,669,828,681,1000,383,950,420,1000,351,811,224,1000,191,887,154,949,0,718,316,923,176,694,0,847,316,722,275,756,271,764,90,785,146,613,300,623,280,500,126,597,343
1786209794.457,700,720,909,665,1000,492,997,596,927,347,956,370,951,248,964,217,871,112,876,219,842,202,902,145,827,86,725,417,715,134,714,147,704,109,617,262,626,146,698,174,659,244
1786209794.557,663,722,948,632,1000,542,962,383,976,438,921,284,865,220,944,61,910,81,774,298,738,116,758,207,767,86,831,366,746,285,753,31,651,0,647,271,592,203,588,206,610,119
1786209794.657,674,742,968,674,1000,462,942,353,873,446,790,282,1000,117,985,162,932,122,820,153,843,110,747,229,832,360,719,366,717,213,749,41,753,235,627,353,758,66,618,304,541,238
1786209794.757,744,672,849,734,899,472,944,355,853,302,920,363,990,191,952,11,940,208,742,207,895,44,811,120,888,239,766,311,817,131,744,380,820,163,552,318,715,165,645,175,624,387
1786209794.857,742,810,916,668,964,527,917,232,952,414,842,373,934,90,926,182,962,120,843,219,847,122,917,140,927,157,727,288,653,287,730,298,828,189,635,355,554,73,532,354,606,303
1786209794.957,723,673,912,628,994,569,947,410,767,680,949,368,995,145,944,196,919,130,848,246,842,29,862,367,861,452,697,292,723,197,700,96,835,52,709,380,633,277,722,0,655,203
1786209795.057,740,768,848,617,908,438,966,414,963,230,897,428,1000,215,854,256,931,107,847,306,811,167,848,283,877,0,707,365,637,200,680,288,679,145,626,362,673,319,640,82,813,166
1786209795.157,743,742,890,630,987,633,896,359,793,423,991,305,947,86,829,101,926,93,658,180,745,162,845,49,802,82,821,282,695,126,617,300,714,139,646,234,716,74,738,209,602,286
1786209795.257,719,768,888,692,1000,491,974,415,1000,243,1000,260,833,48,925,138,936,173,763,410,888,226,879,3,851,317,774,365,739,218,792,134,753,107,632,158,576,193,600,172,546,127
1786209795.357,774,721,930,712,943,544,914,232,897,359,1000,302,953,164,1000,213,952,174,842,367,863,133,821,203,824,95,746,273,687,178,740,376,773,433,714,304,660,295,643,313,636,286
1786209795.457,679,733,905,704,931,497,921,310,914,429,977,329,908,145,1000,23,882,107,860,353,834,42,805,0,836,266,725,228,675,65,722,631,724,133,648,264,563,177,682,249,618,298
1786209795.557,797,760,830,588,893,565,929,450,849,343,964,259,989,104,907,177,963,138,768,269,855,327,907,130,783,493,758,276,723,93,781,399,824,436,625,408,700,312,680,232,565,473
1786209795.657,731,779,981,699,1000,436,930,503,841,113,822,299,931,235,894,216,881,0,831,299,849,68,834,0,706,510,777,307,614,153,750,155,825,339,599,233,669,303,674,405,662,194
1786209795.757,761,779,904,664,1000,510,936,369,861,280,871,383,956,212,963,57,994,64,806,309,832,351,846,128,911,0,710,270,716,213,749,270,768,203,694,232,486,294,606,409,704,273
1786209795.857,714,758,857,666,954,522,942,472,926,224,895,226,836,230,924,35,955,11,821,209,853,163,841,134,828,0,832,336,802,167,665,151,728,192,718,285,590,292,527,206,640,248
1786209795.957,746,808,836,638,995,519,958,191,1000,352,826,356,883,230,878,190,881,0,831,254,792,41,800,287,910,332,761,193,715,138,639,49,771,106,576,300,638,173,551,104,692,0
1786209796.057,722,728,842,625,1000,573,951,292,897,345,915,344,924,0,931,168,937,125,810,282,828,302,858,267,826,0,785,369,735,184,755,185,774,51,557,261,630,205,617,61,651,16
1786209796.157,751,679,838,625,993,470,960,488,1000,322,855,401,1000,151,1000,143,862,20,799,271,773,84,883,0,780,296,706,335,696,220,666,0,706,0,636,265,562,357,644,33,626,157
1786209796.257,654,746,915,646,956,463,959,326,870,184,1000,296,982,177,819,94,884,193,760,328,870,177,816,138,810,0,739,379,672,189,719,256,698,0,591,182,663,265,626,130,618,175
1786209796.357,713,714,931,613,1000,388,990,76,927,204,912,304,977,1,939,133,906,76,790,332,838,172,849,329,767,580,748,274,832,156,656,149,697,428,634,352,625,331,606,187,581,113
1786209796.457,752,760,948,659,957,531,936,280,915,240,905,356,961,314,984,67,918,0,775,379,806,52,719,13,776,186,713,355,669,280,717,275,699,415,582,259,571,332,612,101,616,207
1786209796.557,692,739,868,643,913,567,936,12,918,342,979,342,951,117,918,167,928,0,807,291,719,212,816,25,801,167,773,370,771,216,688,96,688,202,637,417,609,57,552,98,560,0
1786209796.657,792,650,849,689,994,398,980,479,872,295,867,331,956,117,971,143,1000,0,892,238,846,0,791,239,828,0,713,408,768,260,857,0,706,221,607,354,691,240,488,288,629,0
1786209796.757,709,667,862,643,902,521,920,509,902,257,998,332,963,151,926,148,1000,0,919,228,829,27,891,23,872,142,724,222,778,176,765,0,676,264,571,370,587,164,659,230,550,357
1786209796.857,752,656,861,678,964,266,950,443,881,299,984,204,984,183,864,169,1000,124,852,224,788,80,836,124,787,310,805,302,637,190,735,324,711,388,670,324,666,311,558,321,621,140
1786209796.957,728,780,928,682,980,496,1000,275,850,332,867,386,863,99,922,50,982,0,775,250,862,265,842,31,785,465,732,210,827,144,720,126,673,469,647,367,554,205,588,115,663,126
1786209797.057,759,760,855,681,948,447,921,365,825,475,1000,347,957,157,1000,257,926,67,841,216,729,56,801,74,889,0,672,184,684,157,720,211,693,9,656,282,664,103,580,446,784,0
1786209797.157,778,794,920,661,885,509,959,383,928,184,893,148,993,85,929,138,910,0,837,176,859,205,789,127,767,117,722,286,789,55,673,311,855,46,682,264,601,231,583,162,533,286
1786209797.257,699,707,840,634,975,508,1000,326,879,469,936,307,936,171,987,214,981,139,835,431,796,208,875,306,778,686,805,379,666,261,594,185,737,127,706,352,571,295,652,8,724,196
1786209797.357,770,748,860,680,964,524,964,372,927,242,888,367,1000,115,956,22,1000,212,795,272,881,169,848,69,845,159,744,281,706,195,691,513,667,313,651,398,489,86,592,317,611,131
1786209797.457,733,701,895,671,990,611,943,368,804,125,922,321,982,201,953,237,921,68,839,216,855,161,821,247,835,258,714,414,643,136,693,121,625,538,666,301,659,217,608,99,631,80
1786209797.557,696,769,839,719,937,396,962,303,754,325,843,176,981,274,922,204,971,160,816,255,837,205,753,146,807,135,701,217,701,166,698,300,648,270,562,340,502,154,625,46,529,335
1786209797.657,672,728,938,669,970,452,930,335,719,426,935,192,1000,210,961,276,940,253,825,325,792,15,725,174,804,0,719,338,781,135,747,443,776,64,643,358,656,234,657,328,555,0
1786209797.757,756,727,912,706,888,443,945,235,848,122,896,247,963,227,960,301,977,185,820,275,884,137,818,164,843,344,778,287,725,212,807,0,731,89,616,285,651,20,618,0,580,146
1786209797.857,717,758,928,741,968,586,986,299,992,2,940,425,949,141,931,222,865,46,867,316,880,207,793,252,750,0,704,313,675,200,728,0,698,400,659,296,655,381,600,296,671,104
1786209797.957,690,795,921,652,1000,543,980,146,853,501,1000,287,921,210,957,157,839,63,865,138,738,23,849,76,756,195,676,338,838,160,615,156,760,292,674,303,607,20,665,59,644,42
1786209798.057,729,769,855,634,969,457,924,573,731,378,914,256,963,159,1000,41,912,197,814,332,881,198,786,143,877,213,722,334,652,169,720,203,706,155,634,448,505,291,621,203,601,259
1786209798.157,769,661,965,669,973,404,934,514,894,347,894,451,935,245,933,144,951,188,862,263,878,82,757,150,836,3,728,214,703,261,677,55,753,61,742,359,677,118,655,94,617,61
1786209798.257,772,745,879,717,969,577,995,371,910,418,1000,323,909,225,968,180,966,111,838,342,746,256,839,86,825,420,744,258,652,373,626,260,695,420,587,458,615,212,607,142,603,293
1786209798.357,667,704,939,660,944,412,918,470,818,398,863,305,940,96,944,0,931,136,782,309,828,170,749,195,730,73,731,322,655,166,769,87,600,319,598,300,629,237,691,182,634,0
1786209798.457,756,706,1000,655,987,549,946,406,1000,191,786,223,999,118,1000,171,906,5,802,157,834,208,768,3,771,363,767,322,799,60,713,289,778,373,669,438,663,131,598,15,700,368
1786209798.557,686,718,798,658,933,420,948,575,955,258,919,444,1000,131,964,51,936,171,876,252,870,167,802,406,798,0,701,357,667,250,676,206,864,42,552,441,548,161,672,290,461,125
1786209798.657,765,809,821,706,940,577,922,328,921,418,957,284,916,297,954,87,959,155,755,327,744,108,767,169,794,150,647,302,661,360,702,182,772,475,588,385,674,246,637,151,607,163
1786209798.757,716,766,837,697,1000,529,902,426,833,221,944,390,852,160,1000,44,926,22,860,212,740,218,828,46,813,0,772,326,680,144,699,74,811,443,621,323,562,217,657,347,566,0
1786209798.857,694,754,872,703,970,618,907,64,1000,186,930,323,962,118,895,48,962,171,811,255,848,45,914,237,808,333,759,324,621,218,807,143,788,382,651,357,652,266,746,322,680,347
1786209798.957,759,654,869,639,983,463,964,306,1000,511,835,336,918,176,968,31,892,0,796,260,860,173,773,147,698,544,732,375,756,185,590,142,752,227,683,345,720,139,659,92,694,61
1786209799.057,666,676,854,725,1000,535,947,224,809,218,883,268,891,156,905,199,985,153,849,192,936,135,856,281,764,74,749,203,712,7,725,396,730,0,615,388,631,269,616,122,638,190
1786209799.157,771,715,876,657,1000,449,939,243,998,475,909,396,962,212,893,131,1000,247,865,358,943,215,783,325,812,272,736,260,732,260,766,278,718,0,636,384,507,225,621,105,684,329
1786209799.257,801,731,930,631,952,552,932,336,959,291,866,273,929,202,925,0,970,158,770,219,888,138,854,103,849,21,750,332,612,197,684,359,745,167,703,212,725,392,602,313,664,0
1786209799.357,728,685,816,652,958,590,929,309,1000,267,891,373,973,164,984,33,909,303,670,250,760,161,846,313,796,21,667,311,823,143,720,233,705,494,690,402,673,172,554,132,649,128
1786209799.457,754,737,816,713,946,559,927,252,809,101,837,340,893,183,945,181,890,202,778,112,829,90,891,219,812,221,709,422,689,222,678,216,655,260,641,384,647,233,755,208,632,166
1786209799.557,740,722,858,693,966,578,899,533,964,285,917,358,887,159,948,0,951,0,879,384,896,132,799,0,850,0,667,287,661,115,727,331,763,252,687,354,594,164,661,83,654,112
1786209799.657,701,700,916,629,956,470,976,534,965,242,943,251,955,17,952,116,955,87,867,244,858,191,871,319,769,277,679,386,673,159,737,312,753,365,639,362,528,319,608,161,767,0
1786209799.757,736,648,889,635,841,581,915,466,805,230,784,343,912,127,936,6,966,28,941,263,800,54,736,286,869,85,736,392,731,224,729,130,754,581,616,406,632,180,683,300,671,456
1786209799.857,802,735,870,606,1000,498,933,246,808,525,976,210,864,166,892,103,1000,203,737,228,832,241,775,227,793,497,759,295,641,107,582,251,771,356,612,435,706,173,701,226,592,374
1786209799.957,687,676,857,654,897,538,928,202,943,235,986,346,933,243,961,119,958,147,769,452,823,163,728,199,825,0,685,247,701,203,712,255,771,322,654,365,638,218,585,200,676,282
1786209800.057,752,715,865,655,942,567,901,591,1000,298,947,373,902,201,1000,0,871,169,810,269,803,72,796,30,882,209,736,353,857,108,621,211,620,149,676,452,539,150,650,297,687,413
1786209800.157,760,728,920,666,980,468,953,165,975,157,868,152,898,80,951,30,916,15,735,311,809,159,858,185,799,349,717,273,750,128,790,236,825,203,679,230,690,290,586,310,540,101
1786209800.257,700,767,928,645,913,433,951,358,859,181,1000,271,898,247,927,156,896,143,861,221,793,88,790,371,829,532,797,384,789,275,821,287,772,344,620,404,689,179,573,147,726,142
1786209800.357,691,693,835,635,908,546,944,417,693,434,917,348,1000,185,1000,0,921,0,840,300,765,319,798,0,850,309,710,361,668,156,747,337,717,120,637,202,607,60,574,46,667,64
1786209800.457,779,663,864,667,990,657,898,267,1000,169,949,248,867,91,1000,39,922,61,871,370,825,0,772,45,874,21,806,335,773,357,671,3,742,402,610,348,687,327,590,242,563,0
1786209800.557,784,652,882,648,992,454,978,329,1000,321,859,351,967,147,905,180,892,0,851,281,720,84,836,153,811,232,751,315,549,183,695,219,795,5,641,379,606,118,551,206,586,0
1786209800.657,702,683,907,604,1000,657,929,283,968,436,892,283,920,88,984,131,903,95,805,462,807,211,838,167,838,223,841,301,585,352,696,227,697,98,591,205,584,275,523,269,794,225
1786209800.757,680,748,916,715,977,546,971,425,915,207,980,277,1000,105,979,31,914,25,755,257,838,137,876,76,851,80,781,361,767,175,799,0,757,242,674,340,570,137,626,180,690,330
1786209800.857,734,733,920,653,960,409,971,344,984,131,892,379,962,62,984,29,972,0,886,303,837,150,820,194,851,174,796,258,760,230,794,231,750,278,587,373,796,369,578,2,633,351
1786209800.957,731,804,841,672,964,555,969,494,877,459,943,408,1000,157,909,134,979,0,799,341,689,78,785,174,800,131,672,427,686,44,788,114,657,348,616,357,588,191,564,70,876,49
1786209801.057,677,775,886,664,947,474,941,488,867,444,919,299,887,326,941,120,1000,133,851,299,781,247,745,70,777,230,730,182,833,245,697,272,757,150,655,374,680,237,647,186,599,58
1786209801.157,702,715,864,703,952,479,941,349,1000,241,956,338,947,80,965,0,890,30,813,301,890,203,825,145,800,0,638,221,775,134,695,349,570,100,592,366,652,280,722,274,647,564
1786209801.257,652,816,949,657,938,456,941,495,679,559,922,395,876,213,959,159,905,47,761,346,888,177,682,342,822,0,655,236,716,110,674,335,802,401,569,411,597,399,643,351,669,248
1786209801.357,719,778,914,650,949,452,970,383,912,244,1000,210,987,234,926,19,952,217,914,339,789,208,841,222,772,292,752,472,721,315,803,222,805,61,630,308,614,58,740,175,685,218
1786209801.457,722,684,835,654,948,434,931,409,962,137,869,329,935,127,984,133,863,2,740,283,753,24,713,415,748,129,734,316,748,183,699,244,743,225,666,301,611,117,611,137,704,0
1786209801.557,715,713,903,612,969,509,972,255,777,355,838,277,931,205,867,100,937,0,806,354,794,129,860,159,883,0,719,360,680,170,796,114,760,362,642,348,568,293,548,255,593,117
1786209801.657,725,751,942,668,937,400,979,375,868,299,968,285,907,52,889,96,983,34,837,370,839,304,820,166,797,540,785,209,823,225,732,283,672,254,625,320,673,208,633,248,697,380
1786209801.757,733,718,956,561,1000,493,963,360,996,347,836,212,932,204,1000,74,837,135,826,305,764,245,775,220,830,283,698,245,759,229,743,363,751,142,661,377,647,155,565,312,619,0
1786209801.857,681,683,920,661,970,478,921,444,943,198,1000,365,897,133,923,142,872,12,864,189,810,64,862,224,743,0,732,152,661,125,797,140,770,122,670,236,584,221,638,248,643,259
1786209801.957,732,739,830,599,920,383,954,465,807,426,949,275,925,244,830,197,975,25,819,404,754,142,848,209,819,508,682,236,590,106,687,257,788,26,632,443,612,275,697,103,549,436
1786209802.057,754,682,829,655,1000,573,976,304,887,185,897,236,896,98,934,149,1000,49,854,283,868,62,789,261,845,292,793,190,653,230,770,301,894,35,654,340,655,263,594,255,636,200
1786209802.157,775,826,792,714,996,450,939,458,892,285,881,261,891,116,934,145,899,170,778,346,776,307,849,282,808,293,675,242,701,302,781,0,671,198,692,362,487,130,672,234,639,355
1786209802.257,719,759,945,672,930,473,925,93,821,376,923,408,952,226,857,90,923,0,902,166,814,241,854,140,771,379,708,251,767,211,705,258,757,205,645,193,616,176,576,131,594,133
1786209802.357,739,705,897,692,1000,570,934,323,909,235,852,279,1000,97,903,82,960,126,860,464,861,223,959,241,797,131,778,223,618,125,771,293,721,425,664,369,621,308,674,179,687,76
1786209802.457,741,748,860,669,995,426,953,613,818,428,916,396,904,156,1000,108,963,152,721,325,757,203,822,54,757,172,841,417,734,226,758,145,688,382,613,446,550,153,716,177,621,282
1786209802.557,776,756,887,695,986,581,1000,414,815,430,913,337,964,110,923,0,931,149,825,264,839,85,763,245,845,276,718,382,660,165,767,328,684,636,633,351,674,364,631,346,597,443
1786209802.657,734,744,859,672,937,499,949,232,839,13,847,313,997,128,939,201,972,176,830,262,840,252,906,464,893,193,678,348,771,0,641,155,684,0,655,432,612,88,640,82,558,331
1786209802.757,778,722,906,621,991,476,914,249,922,95,905,388,917,34,927,167,878,216,863,318,849,166,833,192,860,415,695,260,697,141,788,19,763,487,614,448,684,201,678,115,551,106
1786209802.857,784,715,876,623,1000,562,930,85,857,350,921,319,963,115,881,172,896,0,850,221,778,274,895,323,854,391,818,382,729,253,698,235,742,188,625,435,571,243,546,0,714,383
1786209802.957,714,734,862,652,947,536,939,403,1000,343,930,274,943,24,1000,54,850,77,842,383,832,225,863,281,759,276,670,443,751,140,746,83,636,387,597,332,633,215,562,217,640,317
1786209803.057,825,658,840,672,1000,528,978,182,861,486,870,112,899,191,937,31,903,0,763,236,825,0,884,172,761,12,703,308,724,173,682,214,605,0,610,251,610,116,734,42,737,0
1786209803.157,808,755,908,609,954,485,946,503,946,270,983,396,912,109,1000,103,907,72,879,343,813,202,829,168,801,212,713,312,714,78,695,182,843,184,650,496,538,99,578,172,613,99
1786209803.257,686,769,855,710,924,643,905,353,803,296,863,165,901,282,893,155,936,39,928,274,828,162,895,10,928,456,749,349,705,199,748,96,822,259,645,284,684,227,594,85,618,0
1786209803.357,746,762,857,673,1000,491,946,356,850,245,876,344,940,203,989,47,898,163,811,300,824,85,841,213,766,156,726,358,775,187,630,311,863,356,627,373,665,240,709,80,601,252
1786209803.457,759,712,855,637,936,540,948,506,795,271,967,338,883,247,945,253,929,213,806,279,845,28,715,105,751,0,764,254,699,198,753,252,743,307,617,295,499,285,584,439,682,330
1786209803.557,759,753,895,686,976,459,918,404,997,275,931,222,919,59,886,127,933,173,863,237,722,85,781,248,847,177,764,481,710,170,677,257,799,117,622,309,561,242,637,206,760,243
1786209803.657,690,756,860,650,961,483,956,602,856,303,936,278,922,235,916,58,1000,0,869,282,758,128,805,0,837,243,716,340,727,285,664,177,791,321,540,228,622,372,599,285,635,271
1786209803.757,773,768,913,639,962,540,961,424,738,451,819,262,955,154,1000,39,919,0,831,281,757,254,870,193,873,169,763,366,662,220,734,81,653,313,626,242,653,311,553,210,737,36
1786209803.857,797,720,871,608,910,456,971,628,1000,275,901,245,1000,98,929,155,955,23,819,256,778,79,743,226,804,0,677,223,685,272,686,288,825,248,606,339,620,379,518,339,506,308
1786209803.957,717,802,903,686,928,632,1000,590,803,266,850,271,959,214,966,0,934,144,872,324,844,138,830,485,876,250,763,313,720,259,691,198,647,367,684,387,610,227,636,337,703,0
1786209804.057,699,749,816,700,956,554,949,343,796,219,915,303,984,105,939,225,972,100,750,203,852,211,719,266,788,113,770,357,711,239,704,112,807,475,611,308,670,171,677,92,609,334
1786209804.157,696,710,890,592,972,586,971,349,889,490,1000,307,909,224,994,216,961,50,739,424,901,99,826,158,819,114,762,231,696,253,613,256,697,532,653,290,699,232,635,313,587,408
1786209804.257,754,708,856,613,982,490,957,156,843,161,952,272,970,114,1000,124,976,76,871,243,818,121,909,46,920,0,764,266,729,174,678,226,705,327,596,378,668,221,543,410,663,66
1786209804.357,751,669,925,748,1000,431,897,514,875,240,993,273,986,158,952,233,914,26,814,215,867,216,816,77,679,37,721,179,842,219,755,196,775,156,632,444,681,230,754,201,594,200
1786209804.457,744,687,895,747,1000,550,961,238,803,313,896,213,924,192,968,62,933,133,760,244,819,88,800,475,741,439,746,225,750,191,792,302,742,155,688,318,548,68,549,303,604,58
1786209804.557,716,764,902,670,942,475,945,251,878,166,944,347,1000,177,951,62,933,0,738,277,794,202,768,512,792,173,706,360,705,113,621,291,770,282,629,323,663,222,697,199,620,238
1786209804.657,785,777,872,648,916,552,902,554,959,192,997,352,970,135,967,22,938,15,810,249,788,253,745,232,760,420,750,213,733,135,737,41,805,0,604,269,642,188,615,136,533,143
1786209804.757,683,663,901,614,1000,604,971,222,1000,0,869,372,985,99,903,105,931,38,908,249,894,186,867,10,867,362,701,365,642,152,790,192,714,491,555,333,619,162,713,105,566,0
1786209804.857,775,720,860,655,1000,618,904,301,792,262,917,194,964,120,978,122,859,154,756,213,804,135,729,167,812,163,656,317,747,86,664,319,826,182,619,359,694,158,596,151,529,314
1786209804.957,742,656,874,729,980,618,934,468,999,282,897,390,974,231,960,115,931,50,844,283,833,97,774,252,836,109,792,252,738,222,727,381,829,0,541,311,570,193,741,522,562,215
1786209805.057,740,746,815,712,1000,469,980,187,744,327,948,302,1000,104,998,175,1000,0,799,235,859,274,798,254,888,243,762,173,795,165,875,104,759,377,532,470,662,102,650,252,620,85
1786209805.157,730,765,910,664,978,494,923,348,825,159,776,285,987,253,962,30,928,0,921,269,795,225,814,309,760,201,753,131,682,141,728,175,748,169,687,493,542,233,695,129,649,120
1786209805.257,695,694,767,670,978,435,941,187,933,238,969,291,889,113,1000,266,868,186,768,244,830,193,780,255,875,315,688,278,760,304,653,255,775,0,682,493,657,279,579,154,584,40
1786209805.357,723,744,837,649,982,352,973,380,907,445,979,356,959,155,913,53,953,131,831,205,686,160,724,221,914,244,712,237,687,185,785,234,713,347,701,367,632,88,541,38,616,48
1786209805.457,714,700,841,590,978,553,950,398,927,348,973,396,1000,3,963,36,998,95,838,303,830,279,878,371,806,0,764,232,698,183,725,300,674,338,630,528,538,242,665,163,589,389
1786209805.557,764,702,810,687,982,544,945,455,1000,495,873,487,980,43,961,136,930,66,860,342,790,116,787,164,860,399,721,382,738,197,830,259,722,379,586,330,636,292,642,61,567,111
1786209805.657,742,683,935,676,981,491,911,366,951,271,987,309,982,147,959,181,887,158,878,441,823,0,727,81,880,576,713,311,586,236,732,183,672,146,581,285,555,143,554,277,548,171
1786209805.757,691,693,827,702,961,450,922,198,827,101,896,265,901,254,929,107,992,0,799,192,823,201,695,284,832,192,676,360,801,157,707,218,706,180,682,340,638,405,719,89,753,397
1786209805.857,789,709,883,648,974,628,952,154,856,205,1000,257,921,126,1000,187,961,113,835,300,924,61,678,236,886,218,643,358,663,91,669,5,743,88,582,512,594,235,724,289,765,70
1786209805.957,772,751,917,697,935,705,890,254,945,330,930,363,897,222,934,218,922,139,857,355,822,135,777,241,721,240,748,434,683,201,733,70,730,0,680,387,645,176,716,85,633,0
1786209806.057,726,781,895,627,946,476,927,387,1000,217,1000,313,962,177,860,152,827,111,832,193,823,134,808,167,787,199,769,291,714,236,852,190,627,39,664,451,572,227,628,122,738,363
1786209806.157,746,717,916,684,949,572,958,161,804,115,984,265,978,328,978,91,902,55,772,219,779,196,790,158,840,315,645,191,697,103,773,155,839,119,652,298,648,274,682,195,720,227
1786209806.257,708,708,906,713,920,557,910,283,929,179,1000,356,879,208,878,120,974,165,820,272,761,170,856,424,793,336,765,275,753,126,739,188,757,318,616,344,615,137,603,143,550,53
1786209806.357,723,735,821,711,995,497,917,330,865,148,852,367,926,226,940,172,967,139,884,302,744,56,784,270,796,222,755,319,601,98,824,258,567,229,715,364,624,73,610,21,543,0
1786209806.457,798,760,935,611,977,431,925,410,903,330,846,323,963,102,928,6,840,304,835,271,860,91,822,313,761,98,670,364,727,276,772,181,755,298,670,448,564,69,561,265,659,90
1786209806.557,722,701,870,636,1000,598,967,359,984,305,932,194,958,54,921,132,895,140,878,236,826,63,758,220,852,0,822,274,727,147,708,414,821,0,614,552,599,267,698,309,430,232
1786209806.657,799,734,829,623,960,551,1000,321,935,86,820,279,968,149,943,101,934,57,756,196,888,94,804,323,803,341,692,413,728,185,715,316,745,0,619,368,571,187,602,394,672,232
1786209806.757,688,707,911,689,907,603,926,397,1000,236,932,275,953,269,931,100,984,0,828,247,808,89,745,0,793,226,767,217,724,230,745,249,599,192,635,383,696,208,605,225,631,248
1786209806.857,753,726,896,655,906,421,888,549,997,429,909,381,993,41,903,158,914,12,866,240,945,275,805,330,825,111,819,334,671,222,819,216,743,156,654,277,580,201,637,339,619,310
1786209806.957,716,755,926,659,984,461,964,28,750,368,823,280,1000,224,1000,125,932,89,777,281,756,244,853,49,783,255,743,237,720,230,758,436,745,0,593,433,708,228,651,221,608,0
1786209807.057,751,800,882,651,950,539,978,417,729,523,972,301,915,121,981,0,958,119,838,217,734,324,823,410,861,205,741,381,776,223,786,365,750,97,660,293,602,265,622,362,583,0
1786209807.157,782,734,878,632,887,445,963,331,860,66,1000,310,1000,185,1000,70,868,68,853,340,840,328,836,148,804,42,744,381,787,165,721,131,789,0,608,53,559,180,595,61,549,379
1786209807.257,703,664,829,622,965,529,913,390,1000,427,957,342,926,268,961,64,929,16,817,376,811,96,868,333,777,448,774,270,778,94,697,72,671,382,638,267,591,173,642,473,644,223
1786209807.357,791,712,932,646,953,480,946,335,918,235,928,202,987,246,951,172,898,252,834,188,881,210,910,378,883,270,763,235,702,412,627,256,728,383,647,430,623,297,650,177,599,381
1786209807.457,756,770,928,643,957,479,975,366,903,151,972,373,975,169,990,117,998,165,760,286,836,104,870,0,856,308,643,315,694,294,677,320,791,138,694,316,693,454,685,281,596,473
1786209807.557,766,715,939,668,998,474,924,251,855,360,904,259,891,256,935,0,935,44,835,257,885,144,806,147,840,256,714,309,703,251,652,171,719,489,689,373,569,236,745,193,639,209
1786209807.657,700,702,839,651,988,515,962,607,1000,304,978,359,1000,238,916,258,1000,192,859,322,830,215,829,228,817,162,816,322,702,209,663,355,739,176,626,243,726,258,748,196,671,317
1786209807.757,756,721,804,758,943,694,936,531,949,393,892,295,929,178,937,92,899,11,851,248,764,167,707,183,820,285,746,221,707,237,748,113,756,395,597,208,717,258,598,154,640,344
1786209807.857,675,717,946,696,1000,532,957,300,840,399,889,333,952,330,933,201,967,76,761,292,865,64,858,340,821,348,737,346,791,70,681,379,817,0,705,165,655,249,581,133,585,147
1786209807.957,808,764,936,650,978,427,941,290,929,198,871,341,941,100,900,71,972,133,786,247,762,127,822,82,925,296,730,313,646,97,799,430,596,307,697,321,703,297,655,182,636,109
1786209808.057,744,742,855,586,960,430,919,274,958,144,868,363,902,67,979,111,938,64,846,341,814,44,831,145,859,26,717,207,756,280,697,190,681,75,668,310,647,229,674,165,707,476
1786209808.157,668,729,870,635,986,583,897,116,1000,260,927,240,946,264,964,134,857,168,825,254,852,92,844,326,824,110,706,334,694,366,645,198,747,245,615,432,658,294,585,164,664,6
1786209808.257,758,729,920,646,1000,532,962,274,909,219,829,300,1000,151,927,99,1000,154,743,259,799,102,819,117,790,213,663,162,779,250,745,255,719,807,647,528,732,270,613,212,601,252
1786209808.357,758,686,987,632,852,497,919,349,894,351,983,244,924,210,909,0,963,27,792,303,820,231,754,447,745,116,692,311,717,200,739,387,740,488,564,192,629,259,593,209,706,285
1786209808.457,720,740,907,614,934,569,904,228,785,414,856,369,924,297,947,194,956,40,824,296,796,223,942,198,852,279,615,341,738,93,624,271,830,143,624,507,670,126,582,462,583,95
1786209808.557,758,723,893,675,962,589,915,369,839,510,912,447,921,165,992,54,1000,91,845,331,816,95,821,0,751,160,800,410,766,71,741,103,726,402,667,435,547,143,721,386,628,176
1786209808.657,777,753,900,626,1000,489,912,264,837,488,880,340,827,230,903,147,953,156,841,423,830,324,848,216,861,220,751,331,729,347,853,258,807,451,685,383,657,280,581,203,545,271
1786209808.757,749,759,841,702,989,663,969,285,773,321,860,263,891,110,1000,53,916,0,738,276,830,70,740,0,823,352,668,264,771,171,719,265,704,62,652,248,536,171,671,345,596,311
1786209808.857,785,734,902,737,938,486,990,245,901,208,1000,231,940,73,871,0,928,140,825,311,798,230,852,199,826,102,817,362,711,174,702,176,745,0,628,336,622,246,629,257,620,336
1786209808.957,757,818,905,634,962,467,949,483,860,216,953,257,896,186,856,87,973,0,735,199,682,298,822,106,752,577,760,299,778,217,696,136,695,16,686,309,694,159,589,158,566,87
1786209809.057,753,778,887,616,942,462,993,470,991,197,845,354,918,179,960,93,980,0,830,340,906,166,879,323,933,243,822,362,639,189,673,416,741,0,676,438,601,192,639,1,680,447
1786209809.157,708,802,917,660,996,617,952,401,842,276,964,301,916,247,963,87,1000,316,876,215,840,200,737,323,827,385,717,340,743,202,752,197,659,0,612,401,567,322,714,265,618,341
1786209809.257,776,724,878,631,981,355,941,255,880,186,806,268,918,240,910,61,882,211,813,313,742,24,771,373,762,74,732,265,740,125,662,572,674,371,598,237,617,115,602,118,718,0
1786209809.357,758,743,864,633,976,519,959,324,791,408,922,271,889,229,1000,160,964,215,806,437,766,138,778,192,903,143,750,111,738,263,731,76,658,106,587,456,647,355,608,122,580,107
1786209809.457,714,779,914,674,896,524,940,519,964,310,795,304,908,188,886,138,837,0,779,259,839,32,784,112,850,151,688,235,688,63,816,215,675,8,587,371,534,215,663,143,558,312
1786209809.557,690,722,879,639,916,463,957,270,926,258,885,263,957,245,946,53,984,0,912,284,775,198,801,236,821,0,728,342,722,282,742,184,743,118,654,370,556,297,767,273,486,112
1786209809.657,684,721,904,635,1000,297,942,399,784,147,968,448,1000,128,1000,115,976,66,767,402,914,124,863,167,925,0,723,210,636,179,699,83,781,470,660,213,640,259,574,250,594,50
1786209809.757,688,764,930,658,1000,612,952,346,928,180,955,324,872,53,894,156,920,86,894,325,787,82,831,71,879,229,737,243,747,272,717,337,706,203,727,319,651,197,644,291,566,68
1786209809.857,754,739,925,674,1000,553,997,552,833,488,979,374,1000,131,956,91,1000,7,759,241,817,151,861,188,791,271,783,322,760,194,710,307,744,412,704,337,657,322,652,269,640,220
1786209809.957,752,710,801,660,961,619,956,421,853,212,872,226,984,180,1000,158,946,0,921,298,714,173,776,86,829,81,777,300,736,230,739,243,739,508,674,297,563,162,654,83,583,0
1786209810.057,768,758,912,644,892,443,914,196,984,259,940,390,888,205,872,138,983,0,866,310,797,66,828,242,800,11,765,388,764,307,688,30,755,136,681,272,571,236,638,288,623,0
1786209810.157,863,734,999,658,923,480,977,427,914,283,930,303,1000,228,896,17,881,50,835,291,852,155,896,243,817,0,747,341,680,100,786,88,740,221,658,278,616,147,631,268,693,416
1786209810.257,723,722,929,686,1000,642,927,449,837,499,850,377,913,200,1000,75,870,60,804,209,718,247,891,114,801,329,767,428,748,110,769,124,726,433,600,340,557,146,592,399,632,597
1786209810.357,769,770,827,657,919,481,937,350,958,257,973,212,969,121,953,180,871,246,814,419,823,255,819,215,822,146,720,323,744,205,754,16,785,69,568,475,697,230,694,172,596,86
1786209810.457,708,723,843,550,960,434,956,327,942,293,845,226,875,88,907,184,944,0,780,293,769,162,774,168,788,205,795,368,662,377,791,125,678,282,669,469,649,174,595,283,535,416
1786209810.557,712,769,926,785,955,483,940,375,833,453,983,296,905,121,918,154,944,177,900,315,850,340,845,127,813,0,755,270,671,122,789,181,777,291,647,318,648,194,636,338,723,111
1786209810.657,747,755,884,694,1000,634,1000,336,1000,350,911,356,931,153,889,126,977,166,843,411,928,193,896,225,821,356,728,148,703,74,703,144,698,9,587,300,602,205,643,292,558,41
1786209810.757,796,761,841,613,947,485,966,86,806,531,923,318,913,218,855,91,843,86,802,186,871,208,868,9,766,399,767,403,704,179,759,38,742,713,623,233,644,153,620,336,669,102
1786209810.857,764,669,883,648,866,417,948,442,890,252,971,333,999,201,907,167,978,239,797,271,864,219,791,106,794,199,692,336,629,125,735,95,705,190,729,253,635,142,560,109,618,406
1786209810.957,777,715,863,687,971,458,966,544,977,472,914,239,833,0,931,155,973,114,788,339,759,73,847,41,778,11,738,347,747,144,715,312,698,36,611,302,624,228,616,118,563,282
1786209811.057,746,716,872,711,965,503,988,480,833,434,912,241,1000,100,916,94,1000,0,794,272,846,151,783,257,884,0,701,342,654,176,796,297,762,362,652,321,673,190,616,19,596,192
1786209811.157,734,768,855,647,945,520,989,85,846,245,793,305,924,121,888,114,884,0,814,363,840,202,914,235,764,85,693,298,695,116,777,346,741,18,644,302,691,128,668,284,693,211
1786209811.257,720,823,836,692,969,528,957,229,774,122,895,331,906,42,984,13,957,7,886,260,731,153,774,279,833,73,687,233,687,290,716,340,641,0,598,391,607,307,706,100,689,399
1786209811.357,772,672,794,645,951,563,923,403,796,337,894,339,924,0,965,201,898,175,793,205,789,142,750,341,740,89,690,399,640,250,736,52,709,179,663,300,656,235,655,109,612,197
1786209811.457,736,731,965,686,1000,521,962,378,1000,284,972,458,980,133,906,86,953,280,855,269,804,145,749,131,791,679,772,235,637,89,804,39,828,262,628,265,689,278,683,179,677,414
1786209811.557,755,693,897,693,1000,545,977,427,773,402,929,452,864,66,975,225,930,76,835,263,870,120,851,30,902,0,684,460,721,138,652,158,748,311,652,220,630,260,649,214,542,34
1786209811.657,778,703,843,651,916,548,916,481,774,254,943,369,931,100,1000,133,928,0,834,295,751,97,821,239,765,6,736,251,706,321,722,349,655,64,605,268,528,247,651,101,577,192
1786209811.757,733,772,923,637,966,432,987,386,972,243,984,365,1000,50,944,196,894,144,853,342,837,202,838,322,780,246,785,255,681,227,802,198,736,286,618,499,573,238,633,0,570,0
1786209811.857,760,668,915,616,1000,403,960,464,936,129,990,352,814,165,1000,198,913,147,804,363,779,247,862,259,920,364,776,384,752,222,686,128,757,335,639,311,615,226,644,185,712,162
1786209811.957,708,729,827,743,997,502,985,331,885,198,865,328,1000,86,929,106,970,42,862,343,786,134,820,133,771,449,652,323,785,127,726,334,546,205,571,413,580,384,567,262,567,142
1786209812.057,732,734,946,720,936,506,918,193,831,515,820,354,969,97,971,165,934,72,812,239,828,118,824,113,783,88,787,214,806,245,636,140,632,342,693,361,687,246,688,244,631,302
1786209812.157,727,788,861,686,938,391,958,144,1000,245,917,292,952,183,901,0,886,36,838,307,858,33,772,133,892,669,671,381,721,229,650,393,596,0,627,303,623,172,604,189,614,203
1786209812.257,766,704,932,665,1000,479,926,364,1000,110,963,326,966,60,962,141,869,102,812,271,817,237,839,63,841,177,704,224,757,144,776,74,851,732,662,436,598,183,702,228,532,192
1786209812.357,686,726,920,721,980,599,937,553,826,184,894,262,972,255,941,142,874,99,914,389,764,123,986,233,892,469,681,357,726,319,835,106,939,248,665,159,676,45,618,146,663,208
1786209812.457,755,780,831,655,932,437,999,207,818,583,914,309,966,61,897,77,982,161,792,286,859,0,831,272,770,301,732,430,690,232,642,225,780,112,686,410,630,207,433,135,708,136
1786209812.557,750,715,813,693,915,484,958,276,1000,554,873,260,920,247,964,172,994,0,850,298,841,242,809,103,764,497,729,215,786,58,637,174,697,276,556,368,690,146,603,118,652,10
1786209812.657,687,727,889,669,949,551,954,219,661,361,907,237,1000,284,1000,136,795,215,777,258,865,308,893,204,853,0,659,381,732,78,722,296,785,338,623,286,628,300,684,393,632,4
1786209812.757,774,736,819,688,1000,530,985,298,826,405,901,397,953,252,971,58,847,172,853,227,860,260,781,0,865,412,698,360,733,179,757,150,664,295,650,166,559,173,660,35,607,486
1786209812.857,735,737,872,702,970,487,952,510,922,299,993,277,767,191,961,77,923,224,847,393,833,144,851,227,838,144,706,271,742,236,576,119,634,117,613,355,632,414,650,284,529,127
1786209812.957,692,755,876,650,1000,484,983,509,834,440,929,286,966,30,915,149,922,204,804,303,814,41,836,221,720,0,711,391,853,50,816,368,695,585,658,329,527,239,629,469,563,40
1786209813.057,713,833,825,715,901,534,951,273,949,185,824,292,893,176,927,229,921,118,765,267,774,245,778,108,831,58,793,440,671,251,677,169,772,243,646,422,680,235,587,210,558,304
1786209813.157,725,691,932,663,936,585,981,135,982,313,981,309,965,132,988,73,981,108,863,228,841,196,909,265,787,73,765,271,690,123,732,244,711,548,663,468,629,168,564,196,683,133
1786209813.257,765,786,839,620,1000,522,957,436,758,350,933,346,891,162,918,193,931,24,774,353,869,300,800,66,810,61,703,340,771,218,731,323,717,500,766,301,686,335,660,359,655,282
1786209813.357,736,738,902,680,923,539,942,290,970,167,906,240,922,345,904,110,997,136,817,249,854,132,925,151,901,341,770,297,693,168,783,284,617,0,633,383,610,187,565,316,637,445
1786209813.457,683,759,898,697,1000,467,944,374,803,429,772,233,851,243,951,83,940,117,761,305,890,273,859,214,862,311,681,246,748,137,667,384,734,202,587,314,604,153,550,412,730,163
1786209813.557,682,667,855,574,949,359,946,378,872,580,910,434,960,315,857,45,923,261,812,250,850,224,778,104,901,407,798,371,673,185,665,343,697,0,643,424,549,220,592,325,484,359
1786209813.657,706,726,911,722,971,451,935,491,813,335,923,366,946,122,917,84,874,143,835,197,799,135,787,170,811,344,731,348,646,107,647,164,734,542,603,405,578,233,617,104,570,432
1786209813.757,712,770,904,639,968,512,961,308,760,198,993,312,921,39,999,106,984,162,865,406,826,146,894,281,781,371,798,152,654,126,765,319,762,387,591,260,689,240,703,130,555,0
1786209813.857,763,775,898,644,996,547,896,314,911,439,917,324,940,177,876,78,836,41,849,242,807,185,952,175,852,152,747,306,695,172,795,253,658,132,600,410,582,305,688,227,668,100
1786209813.957,765,686,854,651,1000,625,937,344,788,281,989,189,945,213,943,107,974,1,785,172,836,173,787,80,814,202,678,176,629,78,656,204,735,182,654,373,640,238,560,56,590,359
1786209814.057,821,754,890,706,1000,437,1000,540,772,159,1000,386,911,162,976,182,996,114,838,271,773,83,809,224,743,549,700,250,715,9,745,86,614,243,645,482,632,245,629,0,635,172
1786209814.157,727,701,899,624,999,531,985,301,1000,320,918,254,966,118,939,174,934,122,901,333,785,126,823,431,749,219,791,349,710,58,810,153,673,264,699,373,603,252,634,156,634,49
1786209814.257,695,753,857,662,935,463,936,286,853,318,1000,367,925,106,856,73,887,94,909,269,746,141,794,331,722,9,765,201,745,137,782,209,721,333,639,258,594,91,572,0,795,175
1786209814.357,753,701,897,694,1000,497,975,284,919,298,851,187,927,133,928,193,996,159,854,290,829,188,823,253,818,97,743,292,789,155,886,430,662,461,633,385,706,164,598,297,604,0
1786209814.457,769,747,873,668,1000,575,926,369,988,446,831,279,881,207,898,228,993,62,760,242,843,220,814,0,850,0,637,375,656,206,730,110,743,107,641,318,595,174,570,309,597,1
1786209814.557,717,713,857,692,941,476,965,407,829,420,977,372,960,142,890,24,932,90,811,288,889,278,761,218,819,305,808,456,752,190,704,541,684,377,627,251,713,81,492,291,608,248
1786209814.657,732,755,861,699,1000,614,981,343,947,347,948,222,985,204,1000,201,942,77,773,416,766,16,861,194,829,218,684,333,700,152,805,319,591,258,684,258,576,317,598,0,715,152
1786209814.757,747,731,923,620,997,597,914,269,1000,435,873,229,959,182,938,282,964,0,878,299,786,223,890,209,767,205,689,323,754,38,765,166,696,0,593,469,667,342,573,418,625,55
1786209814.857,692,693,842,628,1000,689,942,328,730,169,824,370,1000,70,931,103,966,100,931,245,865,111,736,350,910,258,703,231,744,27,774,161,704,5,577,341,633,223,695,217,680,0
1786209814.957,716,789,916,676,952,436,935,429,720,530,997,398,978,164,959,95,1000,73,800,277,783,217,790,169,883,376,686,388,645,74,706,254,717,301,622,201,612,100,627,66,666,394
1786209815.057,667,655,861,708,975,473,921,439,1000,43,940,490,910,141,939,92,984,282,738,233,883,201,838,265,821,271,717,292,711,157,751,254,617,175,639,452,607,239,622,363,545,56
1786209815.157,700,733,810,721,986,545,1000,315,960,369,1000,362,916,190,910,88,935,68,779,144,835,184,834,406,739,462,841,427,699,221,681,127,835,352,671,266,544,321,653,176,753,273
1786209815.257,700,659,900,645,962,487,986,453,880,275,940,405,948,110,883,114,882,125,847,374,809,233,897,193,928,441,710,507,713,293,760,255,810,245,635,342,561,322,585,235,631,276
1786209815.357,732,722,892,676,922,495,981,642,743,402,928,273,920,82,876,147,1000,126,833,253,773,158,765,315,787,35,831,396,656,121,713,194,703,477,647,343,590,140,587,109,540,350
1786209815.457,768,718,931,687,922,399,956,410,778,222,974,423,948,160,919,224,960,0,864,248,772,122,773,79,746,61,707,216,743,54,703,302,799,102,682,319,742,105,563,229,540,68
1786209815.557,750,740,873,662,862,514,932,312,753,381,955,233,954,286,947,0,910,102,932,214,812,76,860,141,680,115,726,334,725,237,717,226,731,134,663,404,620,188,559,251,558,205
1786209815.657,737,773,934,542,960,353,979,352,985,326,840,247,936,201,943,132,919,210,832,298,835,125,799,240,855,342,722,316,686,247,671,244,784,240,651,326,523,173,629,131,664,0
1786209815.757,659,759,861,677,946,543,984,522,833,236,932,444,880,65,982,74,965,25,842,261,769,167,756,237,804,0,744,326,598,183,725,228,620,284,660,279,548,146,635,67,534,511
1786209815.857,732,721,845,646,1000,561,1000,401,807,328,955,356,919,299,880,144,922,5,837,379,840,176,715,291,796,280,772,321,615,294,826,322,686,456,626,340,686,286,479,234,714,0
1786209815.957,770,669,865,685,957,587,912,450,892,178,949,309,1000,202,960,73,942,26,821,378,805,48,841,276,896,339,719,325,736,220,585,140,759,431,611,316,609,219,680,125,691,404
1786209816.057,718,716,881,640,965,398,971,549,831,73,978,285,907,146,883,154,879,0,763,306,728,312,797,0,763,292,791,319,721,72,808,288,750,218,661,289,672,300,620,179,477,0
1786209816.157,753,767,920,610,1000,574,934,374,744,210,955,318,1000,39,935,41,1000,117,825,286,775,246,825,213,845,32,819,414,714,165,761,362,836,342,644,355,522,194,649,0,642,51
1786209816.257,792,722,863,658,968,560,940,358,955,293,962,283,963,260,969,0,960,0,777,328,771,73,816,113,735,284,775,369,671,218,697,49,685,0,593,242,633,256,520,306,586,11
1786209816.357,665,702,868,703,964,481,964,371,760,234,887,303,918,92,1000,117,957,76,866,289,869,0,821,215,831,0,699,237,741,256,632,242,678,558,662,320,615,342,630,4,737,308
1786209816.457,712,755,848,638,963,546,961,464,928,485,1000,335,925,142,849,122,908,12,822,155,811,171,739,342,838,415,750,332,793,287,834,199,682,0,597,393,767,360,615,299,590,102
1786209816.557,693,696,898,722,1000,607,969,351,843,368,821,272,900,254,875,185,953,131,800,197,845,222,841,167,759,74,751,254,668,78,755,283,800,0,688,423,686,241,641,235,565,42
1786209816.657,741,723,905,649,905,402,929,440,844,331,821,325,946,250,948,173,1000,93,902,303,793,148,791,129,787,131,762,193,731,196,803,167,799,46,619,374,654,208,641,191,686,156
1786209816.757,724,770,883,690,1000,361,922,247,815,481,761,347,859,158,953,183,924,70,720,447,835,189,870,176,837,313,666,344,821,319,811,466,654,112,600,590,635,109,557,223,533,475
1786209816.857,762,744,829,611,984,513,915,349,883,390,1000,169,988,101,961,129,958,0,873,298,890,275,828,299,861,423,787,229,730,83,695,152,766,170,632,415,669,254,674,285,769,147
1786209816.957,704,740,833,649,988,467,943,323,851,146,983,409,996,231,921,132,901,74,822,203,826,116,829,157,833,309,675,286,684,276,820,221,755,0,651,327,694,211,575,55,642,94
1786209817.057,779,757,870,688,1000,420,932,581,824,380,994,313,982,133,1000,89,893,184,860,305,821,119,779,114,832,149,665,279,706,226,741,445,671,324,666,365,606,172,624,4,564,26
1786209817.157,752,756,828,611,905,573,972,431,1000,528,862,286,987,0,929,187,920,167,723,314,796,139,769,370,820,211,822,245,723,136,683,256,713,603,715,334,540,206,693,108,743,271
1786209817.257,688,708,852,631,919,462,939,507,925,358,943,258,1000,122,925,146,1000,27,741,314,854,123,786,36,833,531,807,328,695,216,706,131,740,466,630,331,608,299,680,86,617,354
1786209817.357,720,785,904,733,955,553,968,481,918,439,884,310,862,135,900,143,979,149,864,301,813,68,720,9,783,348,676,252,693,284,722,233,755,489,642,221,629,354,667,235,655,0
1786209817.457,658,766,930,638,977,547,992,346,950,556,905,318,883,72,982,203,987,0,814,327,705,190,910,316,696,256,741,326,722,163,593,256,768,106,692,230,530,238,584,323,599,394
1786209817.557,705,738,789,661,972,589,909,322,1000,502,872,266,850,0,922,75,1000,126,814,339,872,247,829,181,824,175,708,378,707,111,726,309,642,162,604,498,627,364,642,249,625,144
1786209817.657,730,708,874,599,976,417,951,392,1000,334,906,270,983,148,905,131,853,97,785,273,921,120,856,306,859,251,682,264,657,161,705,96,763,118,623,235,626,222,589,254,638,272
1786209817.757,756,760,946,668,927,472,938,248,675,322,924,447,1000,210,967,62,944,76,832,244,841,53,968,353,882,0,659,326,701,327,760,210,820,251,648,418,586,318,662,104,768,107
1786209817.857,671,703,829,671,1000,521,990,479,662,411,887,349,941,377,961,161,983,0,879,281,785,217,742,293,808,167,631,369,729,152,672,318,751,216,596,366,635,344,551,128,767,210
1786209817.957,742,769,953,617,1000,500,955,362,1000,419,913,235,930,50,983,73,931,215,865,321,780,192,776,242,751,400,740,307,736,179,728,385,794,355,649,323,679,152,739,292,713,253
1786209818.057,728,768,813,640,960,404,965,503,743,236,912,336,991,134,985,126,909,113,760,278,811,111,943,336,826,261,754,350,795,257,612,325,680,106,680,214,713,301,648,307,711,215
1786209818.157,762,695,909,687,1000,515,956,247,888,373,965,433,969,149,967,81,994,14,804,223,824,204,899,177,805,0,741,309,717,301,755,161,676,0,619,371,510,219,677,91,617,23
1786209818.257,630,702,828,694,989,429,982,440,866,335,865,143,949,48,930,149,849,111,866,156,855,298,803,270,766,349,754,322,724,217,721,88,721,206,588,337,619,186,649,278,583,203
1786209818.357,767,694,802,626,991,470,916,503,788,269,967,360,967,103,967,121,953,236,764,321,827,227,905,388,858,79,712,356,651,170,683,61,745,370,664,353,603,185,681,151,591,245
1786209818.457,695,736,851,637,958,557,953,389,952,374,911,352,934,191,990,156,880,35,857,151,836,176,952,234,811,392,716,310,721,233,672,325,699,619,574,292,514,485,549,298,681,36
1786209818.557,762,692,839,601,997,363,959,341,1000,296,973,349,938,244,959,183,894,145,865,222,816,26,737,177,906,519,717,243,763,36,702,117,725,485,528,367,640,225,645,270,641,0
1786209818.657,699,793,824,666,937,546,943,431,920,240,787,254,877,60,964,261,826,0,836,278,843,152,882,251,860,366,678,347,749,162,705,173,677,0,730,421,623,104,661,168,618,535
1786209818.757,804,643,890,670,984,463,949,227,976,425,1000,260,959,318,909,50,949,214,790,424,773,205,782,130,857,148,664,254,753,217,765,136,666,54,606,342,559,322,659,110,616,40
1786209818.857,727,701,967,600,913,486,951,367,965,350,866,387,978,266,943,196,814,36,778,342,782,229,855,113,828,147,736,358,700,62,758,356,627,208,599,424,685,161,544,239,551,315
1786209818.957,728,793,945,725,986,436,910,424,944,326,842,258,948,107,904,53,929,66,782,296,832,182,768,148,817,208,672,285,746,143,745,217,703,463,626,330,596,358,714,343,691,40
1786209819.057,715,703,919,756,998,623,960,392,839,373,977,387,949,172,938,81,974,0,739,259,755,237,794,286,881,196,745,391,767,31,701,283,743,20,566,388,577,219,636,192,564,167
1786209819.157,712,795,883,765,911,482,941,264,858,228,863,438,939,229,988,219,892,225,820,431,846,70,879,319,752,318,802,340,667,264,762,185,703,345,600,359,686,361,594,27,579,309
1786209819.257,704,774,842,641,961,571,907,388,910,160,944,301,881,150,891,76,974,55,868,285,771,192,844,41,873,456,759,313,818,228,736,438,827,0,617,386,687,130,684,164,680,90
1786209819.357,644,665,826,640,968,466,947,297,887,415,921,351,983,143,856,138,905,181,893,278,828,206,776,185,739,371,806,314,678,207,653,158,705,113,648,376,623,308,651,153,622,167
1786209819.457,718,752,782,664,982,546,977,339,958,373,938,217,1000,164,929,40,827,293,840,221,756,135,856,258,850,27,723,316,713,228,813,243,695,0,646,299,645,262,725,235,662,76
1786209819.557,678,773,926,650,885,600,979,341,978,286,935,201,1000,17,1000,247,822,256,812,323,748,132,757,92,877,363,767,271,681,63,763,469,818,221,660,362,671,380,591,149,609,174
1786209819.657,760,730,837,630,917,495,975,404,935,148,851,326,1000,223,909,279,845,91,829,281,846,141,741,174,824,347,794,250,800,155,696,162,612,132,694,379,634,261,706,109,694,190
1786209819.757,703,750,878,631,922,472,935,497,870,242,990,407,898,57,965,106,911,200,811,423,822,168,928,220,781,4,710,324,762,74,725,383,746,481,574,329,629,278,573,258,665,168
1786209819.857,750,745,846,657,914,396,955,134,867,346,923,465,967,135,969,29,980,34,880,322,851,114,759,49,730,117,705,376,664,353,668,96,641,217,625,338,644,315,553,213,690,7
1786209819.957,837,821,871,619,926,520,965,140,808,310,837,293,968,143,906,126,958,0,842,317,846,176,823,166,801,314,727,344,742,116,706,208,736,299,646,348,599,321,649,197,602,224
1786209820.057,734,675,831,715,985,457,939,254,843,428,911,372,1000,125,879,150,899,88,833,419,836,122,847,279,876,21,788,462,780,297,700,437,702,207,619,304,622,131,583,98,738,435
1786209820.157,829,730,875,694,913,433,907,453,815,425,894,314,934,171,917,192,928,127,830,227,888,107,857,269,741,153,757,288,710,204,703,262,733,176,597,374,494,253,628,116,531,246
1786209820.257,723,738,795,682,1000,492,925,406,864,406,923,165,814,100,962,86,957,17,929,283,833,84,795,242,814,0,753,349,753,270,735,529,744,0,648,424,549,207,703,145,613,303
1786209820.357,684,732,832,653,979,579,957,289,989,373,805,372,947,153,997,106,975,226,827,325,855,191,861,63,784,0,806,194,783,223,675,49,728,171,655,191,612,155,707,258,594,404
1786209820.457,716,729,886,699,969,604,938,240,1000,250,958,367,1000,132,966,66,914,7,867,356,838,98,784,102,834,0,713,217,742,113,835,352,725,296,658,278,688,222,578,273,550,283
1786209820.557,746,708,916,691,954,542,914,412,764,309,964,337,1000,93,960,0,913,56,904,293,866,88,799,87,766,21,704,446,713,85,695,349,688,507,682,331,587,149,639,258,725,236
1786209820.657,719,785,910,636,965,550,956,237,903,202,926,223,895,322,920,198,930,0,769,242,928,139,825,263,841,339,708,228,669,72,695,0,774,327,597,249,703,314,610,132,632,0
1786209820.757,744,687,771,631,924,632,992,225,879,204,1000,187,969,257,915,122,982,0,856,192,739,220,768,205,757,235,657,395,757,142,619,189,709,108,683,430,645,359,450,175,605,313
1786209820.857,720,754,853,636,1000,503,956,210,945,148,1000,296,921,227,938,170,922,165,820,353,878,37,834,397,847,619,690,325,741,148,655,500,798,325,641,355,656,355,582,222,603,13
1786209820.957,709,741,861,664,1000,586,1000,445,835,438,903,265,978,268,912,142,956,0,751,201,884,121,785,221,881,0,647,407,742,106,700,84,769,416,667,357,642,167,599,211,610,180
1786209821.057,671,766,828,579,937,488,1000,298,905,334,830,306,929,163,961,179,897,140,787,234,908,20,790,210,786,212,671,183,672,199,715,299,644,102,635,277,629,206,657,244,498,412
1786209821.157,650,674,871,675,956,464,946,416,791,144,870,405,964,201,1000,175,942,256,775,277,878,0,776,276,821,277,646,251,749,119,771,253,659,283,670,370,651,82,768,536,731,198
1786209821.257,717,718,908,706,940,502,981,343,897,474,996,370,885,72,906,84,945,78,816,278,775,121,938,266,817,0,687,305,785,205,737,361,672,491,622,426,711,153,627,301,609,139
1786209821.357,717,662,920,623,869,578,961,201,980,380,922,289,937,172,903,198,960,74,913,275,898,178,854,141,723,271,678,266,720,139,723,242,641,269,612,270,516,97,628,215,666,451
1786209821.457,784,770,925,670,976,613,954,383,986,255,914,219,918,130,928,176,891,249,720,335,861,208,871,159,879,62,704,448,725,259,752,310,609,289,639,413,580,333,551,158,518,9
1786209821.557,733,784,876,612,877,551,931,294,979,274,904,325,1000,176,838,63,923,181,761,305,816,232,766,204,893,345,758,287,724,179,773,284,692,558,690,284,604,217,678,117,582,318
1786209821.657,754,659,903,605,941,477,936,279,800,360,825,277,987,187,875,0,887,0,829,264,800,194,860,212,805,60,715,322,763,83,661,215,603,271,684,511,626,304,628,397,600,232
1786209821.757,755,747,841,609,1000,521,950,459,959,339,961,277,973,32,942,172,903,104,839,236,877,180,732,195,889,185,702,271,708,96,804,336,796,0,644,421,572,224,558,307,614,165
1786209821.857,690,791,876,695,985,438,906,333,981,30,1000,372,954,147,981,35,955,121,915,271,822,151,790,356,767,0,742,259,729,235,733,219,606,325,647,477,683,103,693,60,689,409
1786209821.957,803,718,905,703,989,384,953,421,888,177,910,376,965,193,929,150,842,84,805,297,760,184,912,194,818,631,689,341,796,158,773,237,665,183,637,300,537,195,533,273,669,0
1786209822.057,736,682,859,637,989,387,974,498,875,113,795,390,1000,159,885,44,988,106,775,448,873,197,788,328,860,166,779,378,730,101,667,8,811,0,640,234,712,131,647,29,691,351
1786209822.157,733,730,909,639,1000,524,908,570,903,247,932,264,935,218,973,163,909,0,844,346,783,139,836,173,874,0,667,382,747,194,706,277,742,274,636,383,671,308,655,210,661,368
1786209822.257,727,722,896,693,964,535,927,354,1000,372,883,278,875,284,893,0,873,94,788,304,837,109,770,290,831,0,663,186,708,203,715,133,792,278,600,286,582,201,629,258,571,0
1786209822.357,747,764,948,679,937,547,945,198,884,329,1000,319,899,7,882,53,1000,68,820,368,850,136,873,104,830,0,743,376,760,255,887,180,676,305,601,266,609,401,670,254,511,81
1786209822.457,787,722,969,681,962,481,947,186,970,350,907,306,988,317,1000,133,899,0,830,243,828,178,852,48,772,129,743,321,846,17,787,354,675,122,714,301,590,241,659,325,703,303
1786209822.557,660,731,903,690,938,430,920,409,973,310,857,326,891,98,923,65,885,255,728,256,809,248,831,151,779,389,695,322,708,224,813,308,723,544,706,425,637,164,478,235,684,0
1786209822.657,748,716,896,639,937,499,918,467,889,139,885,355,927,212,893,101,932,328,787,337,844,287,884,130,764,0,741,376,774,168,727,402,684,0,688,264,607,270,598,335,819,52
1786209822.757,738,733,888,639,940,458,937,303,675,303,904,264,949,156,922,121,909,0,924,262,833,351,795,238,932,0,790,323,691,191,704,422,729,352,616,366,602,109,709,250,684,65
1786209822.857,777,750,881,704,954,596,931,359,808,139,894,303,974,105,968,98,913,156,797,417,842,54,810,109,734,373,779,259,752,253,724,340,748,440,588,355,633,131,560,27,633,110
1786209822.957,684,779,892,634,977,486,908,387,1000,479,928,283,975,177,934,249,918,191,831,305,736,239,858,206,868,259,673,242,713,60,788,187,739,23,666,335,605,352,709,297,644,98
1786209823.057,722,720,891,662,968,613,978,264,913,188,959,448,924,219,1000,111,957,273,777,226,757,213,766,249,884,68,697,353,719,9,811,288,707,133,668,342,625,244,575,169,616,59
1786209823.157,743,751,947,633,1000,605,973,297,861,493,911,312,917,217,824,64,892,259,836,282,809,52,884,143,846,69,728,245,704,266,730,264,734,535,604,335,632,145,635,214,638,198
1786209823.257,707,671,882,628,964,450,910,397,947,438,895,316,963,237,858,18,997,0,871,384,860,81,772,177,904,495,744,200,724,172,726,0,745,0,531,361,724,159,597,314,712,196
1786209823.357,706,783,821,642,994,391,959,488,1000,240,895,363,910,131,956,146,851,0,731,184,763,139,810,0,769,0,722,263,780,177,690,181,691,478,624,377,664,174,513,155,675,0
1786209823.457,742,764,934,690,981,516,917,244,741,301,949,322,959,216,878,125,946,38,716,227,794,167,818,408,863,181,736,394,782,213,822,98,729,836,669,335,628,246,732,303,624,0
1786209823.557,705,735,869,707,958,563,910,294,947,566,913,371,1000,231,976,96,1000,0,760,420,838,63,744,12,918,171,708,418,729,163,784,294,767,162,600,274,628,231,657,161,720,0
1786209823.657,748,698,864,627,952,427,923,467,770,378,974,364,942,69,867,38,883,118,752,281,822,133,803,333,841,310,714,361,732,203,702,246,858,334,711,213,626,301,651,270,602,371
1786209823.757,672,727,880,640,970,363,915,503,908,241,981,410,1000,7,1000,39,949,154,906,326,834,93,732,84,886,191,805,259,756,200,797,186,723,454,549,335,534,228,600,280,663,134
1786209823.857,696,735,931,624,903,371,909,354,769,242,950,166,998,269,1000,223,1000,113,865,278,853,166,733,9,907,213,794,269,671,181,769,398,742,343,632,447,700,163,651,95,687,117
1786209823.957,702,655,921,671,979,562,929,248,934,445,954,425,975,196,980,104,880,90,860,238,749,102,883,242,810,13,743,320,739,376,752,124,647,105,619,403,589,145,660,139,670,46
1786209824.057,715,710,892,657,915,410,940,190,853,326,851,373,1000,242,972,149,946,128,793,293,827,204,737,209,869,78,726,182,720,75,693,209,694,183,654,342,630,70,617,0,602,470
1786209824.157,768,678,851,656,990,564,991,244,906,57,947,348,945,208,900,28,893,128,891,238,785,165,988,132,864,154,707,218,701,251,675,228,679,133,574,508,638,203,708,200,662,426
1786209824.257,788,689,875,714,922,485,941,413,956,444,927,241,924,72,908,169,872,29,869,341,779,89,895,228,775,178,779,247,670,204,648,127,704,0,642,388,726,282,562,158,762,251
1786209824.357,772,711,865,660,1000,472,964,355,785,291,989,314,926,269,959,24,923,117,836,329,812,140,817,277,782,172,742,271,740,214,608,220,816,509,668,434,614,280,637,287,760,338
1786209824.457,720,792,885,689,958,556,959,487,845,418,775,271,870,183,986,120,996,5,753,343,879,164,907,243,836,109,673,290,796,202,702,97,763,0,654,313,608,286,567,211,521,162
1786209824.557,751,762,923,689,951,374,974,294,765,540,918,348,956,155,922,80,1000,0,802,236,846,125,791,259,913,38,662,312,758,171,760,144,875,336,618,292,637,289,544,212,682,232
1786209824.657,756,789,740,672,866,500,982,340,809,401,931,327,1000,37,910,146,989,0,803,290,812,208,814,260,756,211,733,365,843,259,685,298,727,149,616,304,561,119,668,169,643,42
1786209824.757,754,706,816,726,977,481,944,313,930,86,813,322,848,5,983,132,943,0,895,362,751,148,796,179,870,118,775,191,685,157,694,219,740,260,676,397,542,243,588,305,721,313
1786209824.857,805,761,917,632,967,552,956,248,809,51,945,242,981,213,951,148,981,212,711,342,844,178,840,147,696,78,650,196,770,146,740,216,811,230,613,449,596,266,658,67,695,393
1786209824.957,690,734,932,599,996,414,940,330,788,171,918,409,970,26,963,123,907,41,849,190,787,70,776,222,819,305,631,289,711,64,686,213,750,283,554,301,541,230,600,138,854,13
1786209825.057,732,751,890,686,984,479,949,278,825,116,970,390,911,150,1000,198,975,117,792,261,832,189,768,329,886,326,798,351,730,191,707,215,667,199,589,289,687,332,574,311,588,75
1786209825.157,785,691,797,637,942,476,904,396,1000,332,909,360,948,160,937,135,917,0,918,330,784,182,760,228,853,369,756,295,768,146,741,120,744,508,671,410,681,225,572,0,553,198
1786209825.257,656,739,896,601,1000,473,906,157,883,303,921,386,947,110,925,195,886,105,835,363,825,84,826,268,823,380,673,297,717,246,775,219,709,252,590,311,652,261,585,120,573,64
1786209825.357,738,778,931,627,983,523,954,241,825,337,899,320,888,117,877,139,920,117,806,311,911,117,841,107,810,269,744,354,764,237,776,243,686,372,622,394,555,200,583,256,589,177
1786209825.457,727,771,895,675,969,448,926,387,768,287,929,216,941,156,1000,121,974,136,837,350,747,149,830,72,814,202,723,248,678,163,746,228,742,170,603,324,578,0,626,180,717,288
1786209825.557,751,695,918,669,953,447,932,325,801,297,912,361,936,12,926,42,909,0,930,272,856,133,805,129,781,65,748,304,783,171,709,221,767,238,696,526,666,263,501,370,717,422
1786209825.657,763,697,833,620,972,453,971,288,860,327,893,251,844,230,897,93,919,0,839,389,868,128,869,0,858,55,774,310,656,206,725,247,682,0,665,340,653,278,671,397,644,22
1786209825.757,703,722,883,718,962,623,994,405,941,231,1000,269,1000,74,971,198,976,38,810,398,794,121,891,177,813,512,702,258,725,190,681,321,731,228,638,272,579,95,698,210,700,108
1786209825.857,776,671,916,660,908,302,962,470,893,372,949,318,997,39,945,168,916,116,764,300,783,117,845,0,762,314,724,258,739,104,660,188,722,69,627,439,620,132,628,0,744,0
1786209825.957,740,739,841,715,1000,450,967,240,1000,460,983,199,914,114,912,213,855,130,862,248,845,189,803,311,789,379,737,287,705,83,704,68,746,392,658,295,608,254,647,399,674,203
1786209826.057,736,719,874,692,938,532,946,555,913,335,870,415,972,264,932,120,874,287,843,419,802,191,866,223,799,101,716,488,685,38,727,219,711,93,627,253,717,252,634,332,822,116
1786209826.157,744,763,904,699,1000,474,980,342,911,373,879,344,978,6,1000,63,947,253,857,364,876,119,764,232,852,382,766,274,761,29,796,99,675,703,641,327,561,269,677,170,477,437
1786209826.257,722,721,873,631,1000,555,961,625,829,461,788,358,1000,73,1000,24,1000,39,787,259,821,145,814,221,828,186,711,337,735,212,724,125,735,161,550,415,636,229,660,123,726,370
1786209826.357,689,709,903,673,968,534,900,247,837,393,792,326,923,208,979,238,883,0,827,389,842,164,877,138,875,494,724,203,724,311,752,35,807,371,681,425,593,322,586,74,571,289
1786209826.457,717,788,922,690,1000,419,973,422,780,196,912,301,942,107,1000,34,882,0,792,247,905,107,810,37,793,292,761,374,666,137,771,212,727,331,681,296,617,220,566,245,591,179
1786209826.557,757,743,836,671,974,463,926,373,769,150,844,230,917,240,970,198,908,0,794,370,800,154,805,265,858,0,623,352,706,237,709,284,722,74,622,333,655,216,559,402,652,395
1786209826.657,691,723,882,689,887,370,931,419,831,275,925,256,1000,93,843,52,898,107,836,334,915,158,858,132,831,123,724,319,766,183,721,256,784,0,649,252,692,260,704,18,618,317
1786209826.757,786,746,856,652,923,608,965,334,934,277,904,261,903,186,990,97,900,191,828,146,784,191,777,190,754,112,683,224,678,253,748,484,694,415,718,424,683,241,641,104,440,212
1786209826.857,696,716,839,676,960,593,930,376,872,252,917,419,990,120,912,66,940,0,813,321,783,159,829,0,826,104,813,321,670,50,722,387,694,277,670,393,622,174,610,87,563,336
1786209826.957,745,743,843,711,958,512,979,271,834,429,971,338,824,257,912,80,926,0,886,307,855,98,865,350,752,0,695,370,725,182,745,469,625,154,507,381,680,204,668,33,664,567
1786209827.057,718,748,849,670,1000,546,946,341,786,427,967,227,953,83,919,177,979,165,810,326,781,212,815,129,780,306,725,275,691,94,734,253,641,4,568,430,655,325,729,261,625,210
1786209827.157,708,702,856,653,896,415,916,202,942,247,910,340,989,192,1000,123,944,23,728,300,863,100,791,296,814,21,688,352,710,176,647,278,793,144,656,317,654,273,602,0,573,234
1786209827.257,766,710,932,723,999,422,967,292,837,352,948,345,980,151,872,265,918,12,762,305,822,147,891,261,765,554,664,300,679,215,760,161,794,254,701,410,597,321,586,283,667,98
1786209827.357,657,788,892,664,969,573,1000,460,919,330,944,244,976,52,962,87,974,129,806,228,894,150,903,41,803,0,765,364,686,138,703,184,696,427,619,212,609,187,544,232,493,240
1786209827.457,731,711,825,605,1000,482,905,354,865,479,897,382,932,62,963,205,976,122,875,306,824,46,827,360,734,0,716,216,751,57,763,347,770,219,661,264,636,177,683,292,572,235
1786209827.557,747,715,875,684,949,440,954,528,875,245,874,394,992,144,903,65,897,35,796,246,876,275,762,118,769,242,716,238,799,224,669,413,661,336,742,336,607,245,767,381,598,228
1786209827.657,767,716,825,706,991,526,977,221,868,642,956,357,950,10,902,184,911,70,839,230,755,155,798,211,745,90,762,507,722,238,752,254,772,27,623,363,571,268,506,304,619,289
1786209827.757,770,786,886,594,892,413,967,191,868,235,944,363,949,219,888,191,941,170,798,158,853,145,876,233,964,411,720,200,672,117,695,199,750,485,601,248,666,345,596,330,684,0
1786209827.857,708,714,960,683,947,453,908,479,921,374,844,365,931,98,965,37,943,60,879,355,824,177,846,183,775,99,677,370,736,155,684,246,645,5,638,516,646,247,553,103,726,107
1786209827.957,735,755,856,643,894,416,964,304,944,81,971,311,863,245,874,195,934,0,918,322,881,188,805,83,807,214,767,281,742,314,733,0,733,197,633,233,637,185,620,320,572,163
1786209828.057,725,726,855,648,1000,473,956,367,894,355,884,411,893,143,884,183,894,170,838,307,876,111,889,139,838,151,758,240,722,189,749,269,678,471,636,396,555,195,694,399,660,166
1786209828.157,692,763,887,570,893,528,927,234,879,337,1000,257,968,75,917,133,929,0,850,344,939,173,825,219,748,0,727,152,659,150,781,249,638,207,663,395,678,334,662,267,646,313
1786209828.257,703,725,844,680,957,575,950,479,709,196,979,315,1000,176,896,245,906,8,866,234,754,98,857,433,816,56,786,266,694,219,789,225,709,671,610,306,601,278,597,305,626,129
1786209828.357,711,732,894,662,979,448,930,354,898,298,886,319,945,146,910,156,935,8,818,256,820,263,824,208,887,233,750,317,697,221,820,42,703,48,607,431,614,293,585,136,557,408
1786209828.457,762,693,924,653,988,506,911,258,1000,416,860,328,932,246,931,67,968,216,844,333,759,60,749,306,797,332,704,307,676,163,628,174,706,0,657,385,587,127,735,240,461,112
1786209828.557,708,705,921,673,996,493,971,311,907,356,884,168,850,339,971,169,998,0,787,221,939,81,879,107,820,411,744,299,831,49,671,175,794,116,680,224,683,307,559,206,610,251
1786209828.657,777,707,890,673,974,607,953,213,950,504,931,408,921,189,866,78,943,160,846,380,742,266,780,41,868,0,794,160,678,253,762,0,690,0,644,349,609,221,557,126,705,102
1786209828.757,711,776,823,722,1000,431,972,103,896,158,953,336,929,69,984,118,904,33,819,288,835,228,868,158,837,150,785,299,722,185,750,298,814,453,640,342,610,317,642,495,625,420
1786209828.857,790,789,860,660,961,608,937,287,946,115,969,234,921,247,914,141,989,0,833,338,748,78,897,51,799,0,696,360,765,247,722,74,755,128,570,347,690,326,701,245,564,272
1786209828.957,738,723,903,681,942,455,919,385,965,213,858,349,1000,314,1000,117,895,154,821,282,916,260,848,173,816,0,777,395,678,140,779,173,799,62,625,381,605,198,601,291,698,257
1786209829.057,706,784,885,705,912,586,939,303,922,19,943,294,1000,177,893,64,826,350,697,259,857,266,906,173,841,131,662,237,630,211,705,191,771,264,667,472,580,70,590,186,660,294
1786209829.157,692,687,933,676,984,522,952,329,828,220,1000,439,995,151,967,21,980,62,825,302,811,216,896,284,819,0,733,302,758,139,674,254,786,245,680,256,647,120,794,365,657,0
1786209829.257,680,804,824,683,1000,511,918,148,920,145,922,240,911,111,928,69,948,196,806,312,772,39,836,287,720,169,750,327,686,191,777,103,824,0,677,349,595,72,702,102,627,254
1786209829.357,823,719,876,680,973,449,987,301,927,263,885,386,958,0,955,77,865,191,785,313,866,138,829,105,871,153,755,409,623,136,715,232,768,455,607,331,682,260,520,4,595,267
1786209829.457,753,699,903,673,922,460,898,216,728,86,1000,286,846,189,954,134,897,155,768,348,864,151,743,278,787,234,762,253,824,184,687,346,824,0,580,291,735,189,722,236,527,319
1786209829.557,745,700,846,621,941,550,925,365,914,284,824,366,880,110,919,118,940,162,808,214,875,126,807,68,773,442,670,225,693,211,670,9,656,133,596,501,728,331,650,254,723,200
1786209829.657,701,813,899,721,1000,377,926,331,930,413,918,403,977,203,927,142,949,192,757,342,737,92,846,87,817,21,758,311,715,270,748,280,797,453,598,397,645,343,546,131,616,401
1786209829.757,722,731,845,694,998,464,921,445,931,203,964,358,1000,223,925,67,1000,33,731,214,717,247,907,213,736,399,752,391,746,83,762,12,684,418,680,279,561,233,753,275,796,154
1786209829.857,766,721,840,625,984,596,940,521,1000,407,942,267,1000,66,969,31,888,82,860,362,820,125,777,266,849,217,744,416,767,81,774,396,681,401,767,379,610,222,635,28,514,222
1786209829.957,731,758,862,666,1000,341,925,294,874,103,867,362,969,0,930,110,895,73,844,343,825,204,817,0,809,0,736,293,705,124,702,256,675,93,564,365,554,233,671,357,607,278
1786209830.057,732,662,810,697,1000,352,957,386,820,186,858,180,886,211,924,171,846,136,864,121,793,182,881,24,885,263,687,375,832,162,701,91,842,72,597,301,590,181,577,128,640,393
1786209830.157,695,683,888,684,1000,604,907,122,936,363,1000,341,913,238,891,260,947,9,779,308,816,146,751,165,857,51,742,383,748,96,743,407,760,447,680,265,717,338,609,360,621,165
1786209830.257,699,693,881,653,904,528,962,390,912,346,932,338,972,110,881,142,942,137,882,293,813,191,765,189,811,341,711,314,708,0,695,214,676,191,696,413,523,296,662,200,463,303
1786209830.357,716,741,832,634,1000,619,937,531,851,233,836,348,933,145,923,51,963,82,865,232,832,316,781,128,791,0,804,152,655,223,683,211,729,313,642,318,629,215,733,144,669,324
1786209830.457,682,690,958,636,969,491,948,311,898,184,909,177,937,182,986,200,919,179,766,261,902,170,828,163,910,280,797,268,667,130,760,431,776,387,646,256,730,288,660,311,508,100
1786209830.557,756,727,871,714,974,673,947,449,929,215,860,316,1000,125,965,102,945,211,830,254,901,111,850,11,880,649,730,238,755,194,845,137,649,275,663,291,673,235,610,273,609,63
1786209830.657,671,709,982,665,924,594,947,389,911,489,842,415,985,162,900,103,937,283,897,269,921,227,840,151,787,282,748,281,772,200,748,356,780,0,671,347,598,235,607,225,628,288
1786209830.757,675,739,873,753,884,569,960,444,850,334,931,559,927,94,1000,144,958,210,828,267,826,93,744,86,698,120,709,348,723,177,791,161,663,0,640,341,690,156,674,0,537,240
1786209830.857,759,670,840,665,964,542,972,206,925,196,942,281,1000,202,894,3,988,12,794,345,768,171,817,175,876,268,774,291,680,266,692,232,756,64,606,326,662,260,542,436,657,113
1786209830.957,727,723,858,710,1000,466,937,344,771,362,933,324,842,0,923,166,856,185,809,240,824,59,689,325,814,57,705,255,698,179,763,124,666,110,744,356,643,209,736,310,556,204
1786209831.057,718,748,917,615,984,445,985,468,719,142,841,309,960,219,929,101,948,427,747,170,793,102,779,183,758,79,718,289,709,176,679,182,730,404,575,347,631,246,641,59,641,196
1786209831.157,753,726,851,703,916,405,916,395,826,277,1000,232,850,222,901,39,931,68,780,333,780,94,723,0,828,0,724,438,740,189,748,498,616,188,701,367,686,177,548,431,635,310
1786209831.257,766,781,887,677,990,457,976,288,981,397,789,370,957,262,1000,128,951,0,816,405,820,225,815,171,845,0,747,155,712,124,659,409,798,145,740,415,614,68,620,137,597,245
1786209831.357,709,783,851,623,997,501,971,375,770,332,867,324,911,140,943,171,911,0,776,304,879,178,866,202,827,142,778,419,668,204,657,434,741,211,590,329,618,138,636,111,660,24
1786209831.457,738,725,887,670,973,450,963,388,942,288,911,243,907,118,986,34,876,81,785,270,798,109,778,76,798,0,758,248,739,138,783,221,665,705,621,306,596,265,535,226,510,168
1786209831.557,775,712,913,597,941,416,998,307,833,257,922,288,878,263,992,143,948,111,801,257,900,203,750,132,840,251,754,207,732,271,640,443,750,237,598,300,602,108,607,107,678,0
1786209831.657,723,696,874,757,1000,468,944,257,875,389,843,422,994,225,959,57,980,54,738,300,761,111,851,170,814,393,631,384,724,182,722,299,792,169,633,388,510,222,658,153,573,156
1786209831.757,710,723,854,725,919,563,933,393,943,495,946,286,947,308,948,29,918,44,861,214,794,172,802,195,823,223,690,362,689,186,656,221,742,222,605,424,653,219,617,125,585,410
1786209831.857,719,837,824,678,978,506,907,195,904,155,995,298,958,153,937,226,984,105,858,373,790,39,844,329,730,77,720,241,709,103,706,307,605,9,698,287,484,245,622,227,634,381
1786209831.957,706,729,856,690,1000,530,1000,419,994,174,880,451,869,217,1000,202,864,51,856,345,819,104,802,112,754,132,813,289,640,160,822,7,730,360,590,358,574,125,666,421,602,271
1786209832.057,751,739,844,623,934,490,938,221,870,207,956,287,990,174,917,109,929,106,842,265,808,165,668,248,768,134,701,358,768,179,719,210,729,412,767,333,652,158,579,93,725,291
1786209832.157,718,741,907,711,986,510,983,226,725,458,895,407,1000,303,798,176,913,18,843,253,858,255,806,226,793,269,794,335,710,286,702,165,690,0,602,349,634,147,595,0,785,411
1786209832.257,705,738,836,704,996,409,923,347,1000,241,1000,335,898,123,971,179,977,111,847,446,941,160,728,199,822,0,736,237,735,232,754,345,759,370,694,314,614,200,580,176,689,294
1786209832.357,668,797,911,672,909,418,988,472,983,274,1000,219,876,236,897,117,857,0,772,270,773,202,867,255,758,279,677,434,719,123,727,237,773,0,609,379,664,512,713,131,755,271
1786209832.457,784,750,936,706,992,472,937,244,881,439,957,260,997,63,956,217,883,107,789,404,933,198,860,343,854,39,711,277,629,261,654,324,686,171,662,452,668,220,624,74,675,167
1786209832.557,697,762,936,656,944,462,959,216,894,238,953,354,882,209,962,107,916,43,815,233,785,171,788,286,810,101,746,280,677,162,609,0,675,0,666,433,639,68,538,251,617,0
1786209832.657,700,692,937,691,956,519,952,364,1000,479,1000,337,925,58,893,191,879,69,754,289,766,206,804,90,768,209,733,270,700,150,602,210,636,41,652,328,703,162,601,229,627,345
1786209832.757,757,785,804,694,926,535,942,275,987,69,1000,358,953,144,923,153,873,0,829,245,773,38,876,396,814,158,750,332,690,279,788,313,838,367,611,351,672,140,609,28,772,244
1786209832.857,755,675,922,676,890,536,923,362,951,317,811,332,991,140,965,157,846,223,796,247,785,248,890,239,792,703,730,263,768,178,842,104,719,516,659,324,573,133,545,322,685,262
1786209832.957,691,722,888,713,984,512,924,460,864,104,869,361,983,0,936,30,953,152,770,296,862,233,774,310,829,98,727,362,756,256,687,245,716,257,617,456,621,219,655,338,633,130
1786209833.057,766,798,936,624,1000,498,982,569,687,293,894,264,893,121,927,96,846,102,878,258,737,163,869,202,780,0,762,292,690,142,737,231,734,26,595,299,638,278,719,114,681,0
1786209833.157,746,675,821,693,975,480,912,398,895,388,817,357,914,179,938,61,917,0,797,234,840,92,844,564,803,0,824,331,710,159,665,171,683,64,663,413,610,274,758,113,514,311
1786209833.257,705,713,880,712,974,352,958,382,815,65,899,154,845,49,881,181,929,126,835,192,791,139,809,240,862,251,809,337,689,284,656,285,721,47,647,325,524,246,562,224,621,248
1786209833.357,646,695,879,778,974,472,971,286,924,298,987,360,917,37,890,141,933,91,837,240,814,155,744,113,836,310,695,341,685,121,832,161,641,129,627,409,603,263,693,143,650,170
1786209833.457,741,736,881,652,970,484,1000,426,888,247,981,257,873,48,1000,207,942,28,796,431,815,182,794,195,835,507,727,343,698,201,744,189,745,76,660,349,593,220,709,198,660,247
1786209833.557,754,691,830,633,995,522,954,341,775,212,935,302,954,33,940,0,877,0,731,242,834,243,789,108,810,138,686,344,701,138,692,524,777,148,535,226,627,206,554,195,577,78
1786209833.657,726,694,814,609,951,390,1000,464,949,174,871,215,1000,262,972,112,918,143,905,338,764,99,839,84,793,454,717,201,862,269,721,214,602,138,607,352,709,268,754,49,520,376
1786209833.757,736,750,873,671,998,521,934,627,896,265,901,337,930,0,929,45,947,85,790,358,816,128,798,139,841,47,734,274,684,223,672,284,749,476,563,417,606,77,585,269,623,392
1786209833.857,720,731,866,623,967,487,951,362,888,304,989,246,904,268,1000,138,1000,141,919,392,902,70,849,174,749,423,784,298,685,192,622,39,712,336,631,306,578,440,559,0,589,261
1786209833.957,737,704,883,707,977,514,953,268,926,430,1000,344,945,305,946,86,905,2,799,424,782,270,806,305,762,182,659,309,756,260,724,168,736,103,614,316,634,354,708,174,572,64
1786209834.057,677,760,814,573,1000,552,920,390,776,279,944,362,966,6,955,272,953,0,788,261,702,164,799,149,810,57,769,320,689,221,744,90,720,181,614,250,589,339,586,314,627,206
1786209834.157,686,777,963,635,1000,412,947,218,920,264,919,405,1000,142,993,200,985,104,841,276,938,186,812,243,830,552,730,359,710,60,725,327,739,0,706,262,581,134,561,215,673,87
1786209834.257,754,762,860,603,1000,455,891,310,937,389,853,185,961,197,994,190,942,0,800,279,773,237,867,22,800,552,783,320,771,312,730,38,782,394,596,363,580,89,641,378,652,208
1786209834.357,682,756,850,632,1000,416,943,221,862,0,955,341,1000,175,898,189,978,229,725,248,774,271,856,316,762,209,659,233,722,204,747,130,756,216,705,315,525,284,648,108,606,210
1786209834.457,718,690,866,698,953,518,944,211,879,232,968,399,992,98,885,15,943,12,768,426,844,181,830,373,808,295,771,433,716,280,621,493,756,363,584,250,588,232,611,163,616,0
1786209834.557,749,726,915,644,952,514,966,489,884,348,924,293,838,172,897,181,897,27,782,331,804,199,683,416,766,322,753,356,675,162,747,216,675,328,736,316,648,250,603,303,686,93
1786209834.657,787,733,921,677,970,502,966,227,919,466,953,192,868,158,903,182,914,148,923,297,769,186,830,213,884,0,775,267,786,27,850,180,657,393,660,377,672,234,608,76,622,99
1786209834.757,732,737,949,634,962,472,912,695,808,341,1000,228,992,34,903,159,923,245,831,330,785,78,758,75,781,391,749,221,695,185,890,216,758,20,669,442,614,283,663,218,721,53
1786209834.857,699,733,858,547,937,351,940,438,892,309,913,328,1000,128,940,60,851,117,882,450,810,137,863,383,754,303,812,291,658,247,649,371,851,117,709,389,696,175,666,238,574,124
1786209834.957,754,690,822,612,935,524,935,504,765,360,900,306,982,0,839,116,925,0,926,218,793,242,782,83,836,53,748,342,735,276,703,149,725,0,648,322,642,154,711,186,689,99
1786209835.057,750,674,779,655,968,496,941,308,945,529,1000,390,818,239,990,113,977,127,823,312,792,18,722,291,765,0,662,275,793,176,644,410,750,147,659,346,584,184,549,156,696,322
1786209835.157,726,726,830,679,908,562,959,324,925,246,933,329,1000,195,990,147,933,144,842,271,749,117,790,249,813,41,724,286,670,298,714,112,630,232,661,299,630,137,612,336,613,78
1786209835.257,783,740,852,629,919,534,968,355,871,370,836,319,945,189,963,92,1000,0,800,352,788,164,790,139,751,321,766,360,695,212,837,253,660,48,600,438,643,95,709,276,642,419
1786209835.357,724,784,779,634,1000,623,917,306,902,167,906,424,887,137,954,153,897,69,809,315,760,251,829,308,788,0,689,355,694,65,735,173,712,0,574,307,573,182,679,87,565,96
1786209835.457,696,724,919,652,980,337,951,527,896,309,939,423,1000,75,998,216,859,91,851,108,785,102,784,306,813,260,735,475,766,186,710,124,671,0,680,282,656,187,579,172,757,659
1786209835.557,719,715,915,669,940,538,968,327,870,519,872,276,918,290,847,177,934,284,842,152,901,138,714,137,818,0,663,328,654,110,801,172,657,39,655,375,658,300,648,280,596,3
1786209835.657,784,766,862,637,1000,438,954,277,853,192,791,341,980,103,1000,140,943,130,794,230,781,115,844,140,847,0,702,259,524,153,666,275,775,0,628,255,639,172,593,185,650,188
1786209835.757,747,760,868,622,899,449,954,194,979,152,915,416,934,69,822,148,949,150,830,259,780,159,866,0,863,134,724,355,708,204,632,179,761,138,624,357,645,361,654,366,623,0
1786209835.857,716,702,871,650,980,455,954,398,891,97,976,357,933,13,955,83,911,80,898,305,814,117,818,184,846,91,695,278,712,186,724,85,725,349,693,414,619,217,705,198,691,175
1786209835.957,642,758,916,650,918,612,945,315,926,655,951,326,948,287,966,180,949,146,810,306,785,118,841,102,823,120,681,323,755,88,759,69,812,326,582,405,589,148,672,350,663,121
1786209836.057,739,710,867,679,907,535,912,206,943,179,862,293,911,174,949,52,859,66,880,291,802,286,854,0,802,225,684,288,717,170,656,408,747,47,676,339,675,222,534,87,711,343
1786209836.157,682,785,919,638,965,346,930,330,914,276,930,246,962,289,961,122,902,50,758,199,816,198,773,323,788,169,773,286,748,231,686,131,804,474,665,284,668,207,547,137,614,351
1786209836.257,702,696,853,658,998,544,890,313,898,176,875,357,981,142,960,152,887,0,804,249,790,149,812,0,821,140,741,264,684,158,785,161,798,407,624,309,597,218,592,295,584,316
1786209836.357,697,669,797,642,933,442,974,270,721,367,1000,345,907,170,902,53,927,82,814,407,822,228,928,129,824,331,736,289,834,278,606,393,827,450,671,454,669,280,635,87,532,302
1786209836.457,761,731,837,618,953,553,1000,352,912,441,918,339,989,243,943,87,944,0,839,353,906,225,688,346,889,22,713,405,719,143,682,561,778,160,699,339,687,281,605,268,668,306
1786209836.557,794,816,892,587,1000,484,905,436,925,185,850,411,972,93,972,91,960,122,694,302,811,101,753,159,798,301,725,314,733,152,668,505,726,174,699,477,699,197,648,278,788,246
1786209836.657,750,694,820,717,983,535,976,454,949,376,930,328,994,82,891,126,942,166,813,243,850,257,834,15,830,0,729,172,695,226,708,366,744,0,677,393,690,292,656,96,687,156
1786209836.757,763,817,926,675,972,473,888,360,844,334,891,329,1000,168,889,62,966,169,780,293,865,285,825,161,798,211,793,317,741,80,814,391,712,195,689,552,532,187,602,330,655,99
1786209836.857,679,771,866,617,939,473,941,233,800,606,942,285,965,169,898,0,912,69,819,173,945,336,838,187,788,288,726,392,762,123,686,342,772,0,619,334,620,224,683,227,635,60
1786209836.957,739,731,853,617,1000,630,955,522,907,107,940,290,970,280,917,147,974,234,874,221,763,213,797,70,876,120,803,278,679,182,767,254,845,249,631,451,654,195,642,235,615,208
1786209837.057,684,719,893,642,930,500,936,201,778,346,928,335,927,36,899,98,955,0,707,392,850,90,804,135,831,95,680,341,808,227,729,187,683,135,655,428,688,245,638,216,670,187
1786209837.157,735,700,836,636,979,481,1000,400,1000,489,948,311,894,108,980,139,907,66,841,297,808,152,695,186,763,250,737,358,754,317,613,199,607,311,631,312,636,140,743,182,635,159
1786209837.257,767,687,910,643,946,566,942,427,941,245,936,280,943,193,895,151,949,0,786,249,797,84,863,308,777,0,730,398,825,136,596,20,622,297,643,360,682,371,680,295,525,99
1786209837.357,785,712,922,668,1000,441,968,280,907,288,994,371,846,92,910,168,913,0,755,344,715,235,752,132,758,22,721,298,638,157,730,277,607,121,551,309,599,285,688,92,650,283
1786209837.457,704,762,880,652,975,390,952,256,890,238,940,396,951,235,892,220,890,0,810,265,740,71,637,27,783,450,763,330,825,52,721,482,700,53,673,306,689,302,615,324,613,201
1786209837.557,755,718,939,666,981,409,932,374,961,479,858,256,876,195,1000,109,938,103,800,214,873,168,789,534,816,0,760,183,740,220,802,84,713,202,675,376,650,335,613,379,623,321
1786209837.657,714,755,924,620,1000,516,1000,324,913,271,962,162,866,209,942,0,907,46,800,357,883,0,810,197,742,408,747,365,694,129,692,201,705,393,752,386,519,244,552,163,627,139
1786209837.757,693,752,788,679,929,523,914,382,1000,213,885,344,955,47,993,176,992,147,920,170,897,127,789,101,842,328,710,326,855,137,702,401,635,263,535,248,559,155,548,234,729,502
1786209837.857,694,760,926,668,999,536,960,269,719,245,876,294,997,270,948,38,918,5,830,264,865,92,925,13,831,0,777,311,727,120,786,300,697,212,601,277,589,207,627,205,568,299
1786209837.957,774,767,905,564,925,397,903,488,1000,293,951,289,1000,178,916,159,927,109,859,546,910,167,769,0,880,384,703,302,727,232,818,45,771,258,617,402,616,224,646,157,676,117
1786209838.057,797,741,845,675,1000,391,981,395,885,200,943,252,834,99,928,163,926,0,791,296,852,217,748,190,855,30,811,274,768,239,686,217,813,110,646,239,641,196,660,113,652,124
1786209838.157,633,736,929,620,940,598,963,317,913,208,1000,375,1000,163,880,155,991,228,738,309,739,112,845,339,827,0,758,250,701,194,687,299,776,417,699,335,557,133,736,397,725,87
1786209838.257,796,726,889,696,1000,542,984,356,871,249,853,119,1000,137,976,162,942,190,879,232,897,221,772,109,754,297,723,139,688,159,730,14,737,510,646,386,705,222,619,250,567,70
1786209838.357,655,819,910,626,1000,445,950,362,850,184,995,320,1000,74,918,117,984,3,853,318,892,193,726,66,768,105,790,290,718,170,755,121,720,179,635,305,551,311,619,341,664,261
1786209838.457,775,831,931,698,981,593,929,423,996,418,917,345,926,95,1000,90,916,43,789,247,733,40,806,237,732,218,788,276,666,183,754,142,788,307,712,227,547,195,542,392,646,127
1786209838.557,791,744,865,632,993,540,966,449,1000,182,1000,439,1000,140,907,127,948,181,816,356,802,160,852,198,782,25,778,341,786,274,709,347,752,193,752,510,657,158,597,148,687,240
1786209838.657,721,811,856,737,1000,549,928,542,1000,323,998,321,1000,81,988,0,883,0,825,236,775,143,810,50,749,34,775,486,790,160,748,215,722,237,650,223,589,227,777,284,708,162
1786209838.757,787,743,910,670,992,469,996,299,807,313,1000,266,934,176,878,24,985,96,770,274,791,157,826,0,883,198,703,367,664,164,656,313,803,290,630,256,598,251,591,158,550,62
1786209838.857,677,743,876,667,953,461,941,305,901,535,911,273,930,117,917,80,966,161,870,369,801,39,915,0,799,0,749,243,773,205,810,229,801,2,681,336,635,310,651,119,595,13
1786209838.957,760,719,855,671,958,587,969,439,853,386,953,229,930,142,1000,91,957,228,777,314,922,38,786,216,834,213,755,393,719,182,758,476,767,419,571,332,558,232,716,61,753,179
1786209839.057,766,771,960,686,931,575,879,249,839,12,1000,406,969,234,958,180,991,0,871,370,790,139,777,220,836,220,697,400,687,229,769,0,751,461,638,408,586,321,555,208,717,366
1786209839.157,683,724,848,710,965,514,961,213,913,157,892,283,970,93,918,143,997,135,882,153,892,92,786,410,825,52,704,214,717,162,762,441,654,332,573,376,560,115,787,458,579,480
1786209839.257,731,681,902,701,1000,382,919,464,790,427,900,200,871,192,964,229,936,67,915,239,805,192,771,236,816,387,712,264,813,252,786,325,690,27,598,305,686,228,686,305,743,306
1786209839.357,741,683,958,706,987,518,902,404,843,74,893,330,964,63,876,99,961,3,802,308,778,6,832,0,833,146,721,233,699,121,885,110,793,104,649,346,613,214,642,369,549,0
1786209839.457,701,737,861,725,1000,471,989,404,826,276,910,263,909,192,922,100,926,70,871,240,831,43,790,32,897,209,712,190,649,252,744,27,643,578,696,366,628,216,548,310,616,295
1786209839.557,717,746,853,666,1000,465,1000,287,899,475,1000,346,959,161,1000,187,984,264,847,268,838,160,807,137,843,299,700,329,798,131,802,101,752,0,666,330,529,190,738,276,638,263
1786209839.657,771,790,862,687,989,511,944,542,910,130,746,380,920,144,960,291,995,64,861,255,859,94,825,209,764,81,635,282,772,338,809,165,730,201,630,413,593,355,635,76,623,255
1786209839.757,770,761,861,643,1000,505,919,287,721,75,890,258,906,217,982,39,1000,99,825,242,805,308,762,215,789,0,663,349,629,94,771,307,734,0,588,252,615,286,600,312,744,241
1786209839.857,685,736,933,638,940,584,911,378,835,234,1000,280,950,238,880,178,915,0,799,299,832,100,805,22,781,0,727,251,821,216,633,118,773,263,571,290,656,262,663,178,569,0
1786209839.957,768,806,886,700,934,502,947,400,894,661,970,404,959,0,962,196,997,81,751,276,746,252,839,124,853,447,766,443,672,261,642,464,774,142,589,307,608,249,626,137,712,0
1786209840.057,754,740,874,688,939,448,941,293,868,387,929,316,957,130,983,159,936,0,891,339,848,283,851,178,791,88,743,373,765,83,777,177,695,287,672,259,634,91,676,82,643,122
1786209840.157,711,657,814,660,928,480,928,322,786,228,906,316,843,160,888,25,990,167,852,280,790,267,823,79,766,241,716,378,720,97,829,82,656,199,658,282,659,188,780,249,553,68
1786209840.257,751,702,871,742,996,546,1000,266,886,251,884,296,919,104,927,75,950,0,876,343,842,122,818,170,817,0,736,330,789,111,658,344,639,501,689,386,541,217,623,244,669,61
1786209840.357,773,752,896,654,985,350,959,548,954,380,969,398,933,234,962,125,995,14,791,138,773,123,814,236,860,0,736,241,649,212,730,280,765,120,685,281,566,265,640,117,571,240
1786209840.457,742,693,846,627,876,600,955,490,862,162,869,253,915,33,922,80,974,146,805,327,764,61,811,196,809,426,761,378,688,212,666,120,750,41,605,375,581,313,613,190,647,158
1786209840.557,743,698,757,607,949,538,1000,286,832,336,935,331,930,0,950,117,865,151,861,332,799,173,771,23,811,0,725,304,675,334,691,243,719,399,624,256,644,101,573,151,596,125
1786209840.657,716,737,845,681,932,412,919,307,970,288,894,311,877,21,894,47,1000,295,921,214,908,103,898,235,767,480,803,236,733,41,702,165,706,531,582,329,662,118,571,339,725,111
1786209840.757,765,791,857,695,950,406,949,326,809,246,908,333,1000,238,936,82,995,78,794,306,727,121,789,92,835,377,806,274,702,136,755,0,707,272,612,315,675,226,702,399,667,134
1786209840.857,792,637,807,694,1000,552,953,301,935,445,967,318,1000,180,965,188,894,86,830,215,765,109,868,161,823,240,759,342,720,177,786,151,813,103,626,395,748,64,681,265,597,236
1786209840.957,687,703,893,623,975,456,937,480,789,287,951,332,911,185,892,86,1000,157,824,325,779,177,794,117,810,78,737,336,702,0,675,74,753,72,617,404,581,248,588,156,547,97
1786209841.057,752,696,843,750,980,527,932,477,990,211,987,407,830,224,904,212,900,154,735,369,823,253,780,209,892,181,750,355,638,148,789,0,798,100,726,376,580,315,717,280,598,407
1786209841.157,697,773,770,668,944,405,982,104,1000,88,986,260,836,120,967,58,947,163,900,299,879,220,812,318,861,156,763,326,744,329,679,249,732,370,619,305,619,271,598,0,562,403
1786209841.257,791,714,952,650,902,481,967,289,939,327,905,368,1000,170,969,19,997,31,780,354,800,104,801,43,781,367,783,312,682,219,618,369,726,12,702,348,599,407,594,297,679,46
1786209841.357,727,723,798,585,874,471,923,246,852,292,903,265,1000,140,988,34,995,29,966,208,766,142,798,48,890,429,716,376,788,187,687,383,799,0,699,274,642,160,637,224,788,0
1786209841.457,703,715,888,651,873,556,983,405,849,319,848,387,971,114,944,192,987,80,933,386,846,126,798,207,811,488,689,342,615,216,774,404,695,75,682,429,610,62,560,200,529,295
1786209841.557,703,730,922,678,1000,603,922,424,901,449,954,279,970,127,910,112,946,228,799,167,810,175,825,155,864,241,758,183,707,177,819,201,690,74,680,304,577,309,651,183,535,267
1786209841.657,764,696,890,659,930,471,947,201,936,197,882,349,919,139,936,66,912,86,823,330,849,247,741,290,799,302,746,269,793,245,748,502,671,220,662,270,587,316,595,311,585,499
1786209841.757,644,771,885,602,959,366,958,285,722,314,931,460,989,0,916,197,863,5,824,260,900,170,818,77,761,204,727,225,728,192,707,372,730,168,687,335,601,130,630,318,600,0
1786209841.857,771,772,899,667,987,392,933,434,916,411,1000,228,970,135,919,292,866,69,812,298,720,82,819,22,864,288,661,292,735,84,636,90,893,430,613,252,578,361,755,117,652,138
1786209841.957,781,691,917,610,1000,442,940,280,1000,424,897,256,1000,0,963,53,1000,382,826,271,823,109,776,211,847,209,744,265,669,116,768,226,743,282,636,353,691,297,616,156,702,232
1786209842.057,721,684,947,618,981,633,940,350,960,133,821,289,948,161,1000,54,929,251,810,428,808,104,814,214,796,256,724,394,742,188,707,321,732,126,608,394,597,205,661,334,672,314
1786209842.157,759,733,891,736,960,425,883,581,1000,160,1000,385,979,196,905,129,951,96,821,382,871,221,863,211,874,0,734,356,744,216,777,404,666,274,608,420,661,147,626,37,697,95
1786209842.257,690,719,899,675,947,496,941,246,730,291,957,313,1000,109,939,154,955,61,821,289,854,104,695,144,900,328,661,353,727,159,664,109,696,575,666,295,593,227,599,212,619,195
1786209842.357,657,763,850,699,1000,399,951,306,921,12,900,257,1000,303,927,40,898,93,753,330,810,183,836,345,848,237,742,174,725,233,718,434,640,70,611,346,588,124,604,327,683,70
1786209842.457,718,703,820,680,913,550,996,399,940,371,893,339,961,106,821,47,893,142,749,420,902,235,791,0,858,52,766,348,694,95,735,10,747,307,610,240,709,185,614,336,589,59
1786209842.557,809,705,927,669,974,467,943,563,960,111,862,340,979,217,937,61,899,0,907,120,808,23,787,251,702,248,770,279,854,18,628,176,713,238,678,257,550,171,691,304,625,99
1786209842.657,727,746,878,607,904,485,967,231,922,54,926,259,829,113,881,101,954,137,724,333,841,124,753,137,897,291,774,241,689,90,687,393,703,80,649,305,627,182,639,166,550,346
1786209842.757,801,751,809,654,979,383,935,191,800,337,919,238,940,127,982,0,902,252,765,223,794,251,836,60,812,123,751,305,726,163,799,210,692,423,664,281,412,277,599,215,713,29
1786209842.857,690,680,969,711,998,365,912,437,922,255,840,387,1000,191,905,226,943,264,806,433,797,106,858,176,835,4,687,282,734,129,785,201,834,9,653,377,637,226,680,68,650,24
1786209842.957,711,743,915,609,1000,575,950,230,1000,353,950,267,954,106,998,206,929,25,864,339,761,134,926,183,828,282,706,359,735,272,629,262,743,0,627,373,625,228,626,157,772,231
1786209843.057,744,682,861,642,967,480,933,328,796,371,971,348,991,218,880,224,974,0,786,213,842,116,817,386,888,15,751,431,670,260,715,92,822,131,632,320,678,315,580,224,656,334
1786209843.157,710,785,909,625,989,538,930,405,888,88,729,456,937,164,892,79,1000,349,730,299,914,171,850,164,842,442,754,225,684,246,721,144,664,20,608,377,595,246,637,299,571,435
1786209843.257,666,720,856,632,873,590,970,413,826,224,902,297,988,117,900,130,937,143,895,268,867,167,867,328,778,537,739,230,659,298,799,359,698,142,571,325,631,360,609,172,650,314
1786209843.357,791,706,867,669,957,459,942,213,836,128,923,287,914,157,823,98,944,193,855,380,747,234,831,122,822,741,737,313,760,171,680,399,643,224,636,287,552,220,650,331,575,56
1786209843.457,790,715,860,712,897,417,985,285,842,232,903,282,952,255,902,79,937,257,809,235,718,99,773,45,820,139,794,322,767,174,675,296,662,442,607,397,642,147,703,432,576,76
1786209843.557,735,765,927,649,974,478,938,293,772,406,928,420,989,124,886,250,860,52,808,252,777,64,780,178,831,92,707,237,725,191,746,144,675,211,661,283,589,125,553,147,570,306
1786209843.657,734,780,929,664,881,532,978,429,917,259,851,357,933,181,913,259,946,47,766,202,851,112,794,121,762,134,733,240,733,95,700,263,730,0,520,385,659,268,612,182,622,272
1786209843.757,727,747,931,625,960,442,938,343,813,76,843,344,907,139,943,183,923,115,767,284,770,145,822,157,795,233,713,280,663,225,722,153,667,674,510,292,596,310,607,231,598,471
1786209843.857,747,708,905,653,1000,600,956,327,834,409,1000,293,969,196,983,66,955,330,829,325,839,197,758,423,821,282,735,371,691,89,718,278,709,83,653,280,674,204,658,76,726,254
1786209843.957,756,684,842,671,921,458,968,284,919,182,958,236,977,327,915,74,986,95,765,318,831,109,783,285,767,0,697,366,703,145,721,279,823,284,722,396,606,307,667,344,682,198
1786209844.057,714,738,810,657,917,536,970,392,874,254,995,382,885,176,956,106,875,0,833,182,793,207,837,115,861,279,709,411,741,129,609,245,700,219,628,191,607,136,595,143,634,227
1786209844.157,750,642,936,598,968,444,956,141,1000,244,952,258,1000,47,816,215,883,81,903,268,833,217,818,336,851,26,763,305,715,212,776,89,809,459,612,468,613,279,598,305,598,205
1786209844.257,633,715,850,588,1000,476,901,425,980,274,831,183,876,90,1000,106,879,22,879,332,822,143,816,202,806,203,718,250,703,212,683,271,781,282,615,352,630,248,720,77,644,116
1786209844.357,685,685,912,607,981,512,926,452,788,219,856,367,1000,176,1000,151,963,197,790,322,771,57,871,85,825,475,651,352,715,182,728,218,762,9,660,266,734,222,638,415,575,178
1786209844.457,679,696,813,695,993,472,935,468,887,176,987,304,981,162,1000,106,846,64,838,326,861,112,894,296,823,62,816,357,691,293,737,413,679,176,697,298,609,0,653,344,564,250
1786209844.557,712,675,860,640,974,481,983,290,877,323,919,277,947,197,983,0,958,16,883,357,867,112,747,332,875,0,792,332,723,125,782,155,702,0,607,276,512,365,619,46,561,88
1786209844.657,710,763,863,667,957,586,984,339,808,277,734,335,869,138,963,80,916,116,796,357,859,198,785,251,779,170,614,386,803,204,635,187,735,218,747,328,591,245,618,124,505,295
1786209844.757,700,694,839,605,997,540,953,438,924,370,1000,382,953,82,865,0,977,28,828,231,931,21,823,142,817,128,691,232,819,165,744,6,602,82,676,347,593,268,592,369,730,88
1786209844.857,703,730,893,652,1000,522,977,224,837,362,925,301,915,163,1000,0,929,77,769,285,737,112,803,184,910,40,672,375,491,141,706,92,725,88,564,388,657,146,593,425,661,180
1786209844.957,794,671,786,670,1000,381,915,447,790,258,935,380,927,195,882,161,895,0,929,417,827,272,800,168,807,23,627,287,782,208,770,267,679,264,624,271,671,118,585,466,679,218
1786209845.057,650,728,824,660,960,442,979,466,792,501,853,429,932,124,1000,109,984,0,826,327,880,209,818,239,780,293,752,255,722,245,862,371,744,271,632,353,663,295,621,83,614,48
1786209845.157,686,756,889,627,954,525,955,406,823,339,919,367,1000,396,1000,129,934,0,778,313,835,357,780,87,829,96,748,276,702,220,692,168,762,224,611,311,678,257,604,310,661,394
1786209845.257,766,777,860,628,1000,559,946,233,914,343,840,340,1000,52,966,211,996,0,879,274,798,344,827,140,856,485,739,272,721,270,707,358,722,0,703,369,678,257,629,295,619,466
1786209845.357,731,801,900,569,925,564,925,197,997,81,969,288,983,177,842,98,925,132,840,279,762,192,860,223,805,119,690,324,726,250,689,231,651,148,615,419,713,129,684,289,591,61
1786209845.457,704,718,859,657,946,561,962,335,842,216,949,318,955,224,938,215,846,0,916,269,835,250,833,290,847,360,753,357,687,227,722,204,629,132,633,454,607,255,713,67,602,319
1786209845.557,826,657,869,688,1000,663,932,328,750,309,953,459,1000,276,908,150,953,139,822,370,802,181,889,435,775,283,751,390,799,162,720,225,759,377,622,475,525,128,665,191,589,331
1786209845.657,763,780,829,696,1000,431,950,468,1000,272,856,420,946,6,929,199,881,101,808,293,798,194,805,261,798,384,732,226,673,100,662,43,665,214,670,250,579,300,617,13,632,237
1786209845.757,744,818,842,707,967,537,932,276,782,97,963,276,1000,118,972,124,854,0,747,393,885,300,705,25,846,49,762,277,689,50,692,264,671,229,594,291,585,271,681,423,685,237
1786209845.857,800,743,901,701,976,498,944,288,846,433,856,323,942,43,980,27,902,79,900,330,835,257,803,417,841,209,651,374,743,171,696,479,682,284,640,393,520,288,727,0,562,269
1786209845.957,727,758,906,672,1000,557,914,437,885,364,993,426,948,222,889,88,910,200,912,508,863,240,730,0,773,0,754,425,717,138,742,121,697,177,655,228,514,157,659,64,760,314
1786209846.057,758,765,893,683,1000,574,956,579,894,231,832,264,1000,153,963,126,882,57,782,266,775,192,857,188,717,0,760,257,678,193,680,0,674,136,615,394,627,232,699,30,741,440
1786209846.157,728,718,932,653,984,523,961,227,925,174,886,378,916,105,950,214,1000,211,881,293,949,171,814,229,829,0,700,333,676,236,726,338,723,310,561,232,579,257,578,294,657,107
1786209846.257,741,716,888,643,986,600,916,274,832,333,973,193,934,158,982,58,968,120,914,441,860,136,841,252,842,260,755,379,827,51,798,234,683,0,652,348,565,228,692,389,639,199
1786209846.357,756,777,882,677,951,492,932,234,786,177,866,334,968,123,901,270,916,24,744,330,912,142,799,216,831,0,760,434,719,179,769,304,741,367,673,263,561,120,531,304,687,250
1786209846.457,795,721,844,668,1000,461,999,347,931,313,898,377,752,129,978,19,904,35,807,255,768,151,856,229,867,150,787,221,782,270,636,277,723,194,641,302,672,231,556,206,596,277
1786209846.557,683,808,879,614,960,469,928,405,1000,540,934,260,959,214,950,172,955,119,762,286,916,193,874,418,757,648,774,386,682,242,679,235,751,168,688,309,515,210,705,494,723,348
1786209846.657,718,820,904,692,996,420,958,185,958,336,884,392,924,129,966,119,946,199,787,240,808,151,848,410,814,192,702,255,750,190,795,365,783,0,668,280,522,250,712,292,567,621
1786209846.757,763,701,786,655,883,430,904,267,842,175,1000,301,1000,201,931,87,995,0,792,252,824,88,863,309,780,279,694,320,775,195,719,515,752,50,599,505,583,170,628,295,542,136
1786209846.857,682,727,910,653,1000,443,954,507,973,643,942,252,948,90,946,206,966,77,789,317,847,62,765,150,750,0,685,334,721,154,672,264,750,459,531,223,672,271,685,107,602,0
1786209846.957,644,738,935,657,937,423,977,364,898,100,867,365,915,104,1000,125,928,74,790,290,918,187,736,133,821,0,710,243,696,193,764,64,725,151,629,288,620,273,539,410,696,0
1786209847.057,787,790,853,671,972,405,975,135,912,500,820,293,1000,188,980,72,894,67,838,335,842,229,822,62,748,320,776,441,838,261,745,160,677,228,634,479,653,211,571,272,639,108
1786209847.157,707,753,857,650,947,705,953,259,670,74,904,431,1000,137,958,109,956,62,796,251,856,254,794,269,824,117,761,399,675,163,807,210,682,248,639,419,620,230,623,230,737,294
1786209847.257,693,743,889,678,904,514,934,180,990,254,906,375,1000,136,942,50,893,228,826,360,811,187,729,284,815,102,759,375,696,97,818,187,614,132,658,339,615,200,600,63,538,237
1786209847.357,779,722,934,707,963,549,961,296,705,310,965,275,1000,238,871,107,898,49,857,278,791,163,854,271,847,429,727,283,708,126,678,312,781,0,679,316,588,202,547,191,765,0
1786209847.457,756,769,899,724,1000,551,975,471,858,375,906,221,1000,112,993,157,896,5,844,322,801,37,856,0,834,387,649,318,697,202,780,39,717,183,555,385,709,288,635,313,587,40
1786209847.557,752,741,888,629,903,429,926,117,928,120,841,296,894,31,871,157,920,0,898,248,847,148,821,187,747,584,697,363,676,104,802,419,758,373,585,391,657,268,730,0,617,414
1786209847.657,690,757,853,667,923,665,919,340,866,434,926,204,908,0,944,244,926,125,880,249,875,299,727,316,742,47,781,329,693,356,706,359,712,305,659,351,547,254,590,157,672,262
1786209847.757,704,741,875,629,934,447,948,319,905,175,912,307,962,272,992,115,865,33,871,291,756,141,793,331,787,259,761,224,679,155,732,137,647,17,679,490,638,323,649,291,682,287
1786209847.857,746,738,857,684,982,438,979,471,904,448,966,283,844,10,1000,118,919,17,827,356,779,163,949,395,705,0,811,368,719,227,707,128,775,196,675,307,660,257,543,381,530,390
1786209847.957,750,757,853,649,969,411,963,313,708,542,938,336,906,182,975,19,962,0,759,236,926,215,815,382,770,3,690,435,760,126,685,252,662,180,596,340,666,380,528,280,678,143
1786209848.057,710,710,794,694,935,384,957,392,959,533,925,293,922,133,906,90,903,0,912,387,726,180,813,201,744,0,729,283,689,172,758,331,671,41,645,431,611,243,541,0,794,223
1786209848.157,694,651,937,626,927,452,952,429,862,152,1000,280,944,37,968,196,897,0,805,422,787,346,788,0,791,0,699,333,693,270,694,20,739,186,637,256,636,350,544,0,520,175
1786209848.257,672,745,890,678,1000,370,904,504,933,444,799,219,998,143,1000,91,926,335,771,344,741,91,853,19,860,146,688,300,687,134,697,33,624,0,660,375,580,219,714,138,611,486
1786209848.357,747,767,905,683,937,434,966,416,907,330,875,232,903,136,912,229,1000,180,886,209,856,153,793,151,803,118,704,217,637,218,566,470,693,0,661,336,572,181,621,335,442,230
1786209848.457,795,702,907,690,1000,520,967,479,940,173,878,332,992,183,891,103,874,152,925,330,721,164,815,122,714,270,773,248,671,163,823,178,684,137,663,203,610,201,620,130,535,327
1786209848.557,663,792,889,690,971,587,962,507,959,440,879,287,945,156,968,68,935,156,727,366,923,87,890,210,772,333,817,280,662,19,716,237,840,580,610,402,561,237,618,109,621,313
1786209848.657,774,727,870,590,980,484,946,299,807,176,881,222,960,200,934,132,925,211,827,314,860,154,886,107,902,150,702,201,760,160,733,250,701,426,658,285,551,298,611,291,612,213
1786209848.757,763,676,947,678,880,599,974,333,1000,207,914,476,973,242,979,24,949,111,884,395,885,121,744,242,812,0,700,304,729,145,724,206,747,24,609,440,608,272,550,347,711,227
1786209848.857,709,678,972,647,906,460,959,209,838,100,1000,308,864,85,910,122,895,49,792,199,773,98,755,16,786,339,724,92,767,135,806,321,712,177,590,391,708,168,589,438,636,0
1786209848.957,681,797,895,621,983,444,899,315,887,83,846,244,933,166,872,80,914,0,836,335,836,57,846,172,865,270,745,289,764,101,653,575,613,0,673,231,661,336,711,218,546,35
1786209849.057,780,662,910,599,964,459,937,511,842,430,879,332,937,47,877,102,918,161,730,240,842,137,743,226,859,8,774,267,698,147,782,194,777,120,654,269,675,204,705,204,636,541
1786209849.157,761,740,822,633,1000,479,943,229,922,305,965,400,969,63,869,171,941,277,825,180,756,100,903,320,789,151,671,213,773,258,709,457,757,257,648,271,672,312,642,81,707,0
1786209849.257,703,755,857,624,1000,584,976,394,891,522,1000,308,1000,146,959,217,952,60,844,295,712,231,785,50,876,253,761,299,728,165,676,305,745,553,543,428,601,189,663,108,598,273
1786209849.357,712,706,844,677,916,557,1000,355,925,327,866,336,956,296,952,206,954,34,764,316,858,149,784,348,794,0,728,313,679,180,629,271,667,140,610,443,606,158,758,417,689,268
1786209849.457,700,774,890,638,975,470,909,514,734,578,909,345,973,78,931,113,909,200,763,308,733,174,825,406,785,155,720,421,687,204,708,195,731,431,701,248,664,338,648,347,541,260
1786209849.557,780,709,819,709,950,462,900,295,829,52,887,396,963,26,959,171,940,85,784,323,849,177,903,160,751,483,647,281,670,180,717,90,795,189,690,263,565,135,659,412,608,0
1786209849.657,750,758,830,686,1000,357,977,492,862,377,1000,268,1000,175,887,0,967,0,873,149,827,132,900,210,847,109,723,379,717,118,789,436,821,468,626,276,559,118,621,415,512,182
1786209849.757,720,688,863,714,978,548,976,400,856,305,857,318,951,260,925,98,868,158,750,262,784,223,840,267,863,72,692,194,723,128,750,367,787,239,642,344,735,181,632,189,574,120
1786209849.857,734,688,945,692,1000,492,940,330,829,464,1000,352,1000,346,1000,88,828,168,846,302,808,257,739,362,903,212,744,227,767,283,768,53,633,168,642,416,609,322,698,265,691,114
1786209849.957,689,711,838,711,1000,358,953,147,796,402,818,219,887,30,873,116,861,62,825,345,867,53,750,23,856,247,715,227,724,291,798,22,795,0,621,309,636,144,633,86,642,0
1786209850.057,717,733,863,697,870,516,927,424,890,436,908,399,952,54,902,79,940,185,855,339,782,222,821,277,742,266,704,222,749,155,754,87,853,192,618,415,618,503,700,156,635,190
1786209850.157,693,781,856,653,978,438,954,296,847,270,878,205,953,0,834,123,927,116,858,163,789,122,832,211,796,193,719,246,719,26,738,400,709,620,664,447,643,278,636,29,490,141
1786209850.257,710,711,820,707,924,425,950,481,960,205,909,428,1000,225,959,127,1000,210,830,343,807,36,765,130,790,57,701,396,809,286,603,357,775,208,617,324,675,264,703,304,732,280
1786209850.357,689,672,902,687,942,521,937,297,766,298,891,340,847,204,916,46,916,0,809,303,823,190,788,275,829,330,805,203,697,130,845,294,748,450,639,378,598,113,683,99,683,351
1786209850.457,648,772,885,625,893,498,944,482,893,147,828,324,944,260,917,149,929,0,861,267,853,169,767,164,815,218,754,310,804,251,781,323,735,359,692,354,678,119,696,121,537,135
1786209850.557,740,745,930,641,1000,621,954,258,1000,521,934,219,978,109,982,136,864,0,785,404,787,0,806,154,896,455,673,334,756,178,734,360,748,347,699,314,664,192,694,139,660,144
1786209850.657,755,701,862,661,922,460,906,399,955,107,851,247,874,188,908,138,902,52,877,218,791,187,800,206,816,0,793,301,797,213,799,349,805,171,715,312,641,305,826,337,592,222
1786209850.757,682,788,739,656,1000,557,961,216,1000,170,867,406,892,40,895,133,913,284,826,212,725,223,831,255,795,213,784,308,658,242,705,342,732,384,660,436,673,118,509,201,672,65
1786209850.857,749,748,871,638,924,680,894,210,1000,154,888,361,970,191,1000,54,943,83,780,302,848,200,870,179,766,0,711,216,680,98,688,449,723,524,656,301,616,89,606,59,672,111
1786209850.957,721,717,913,628,927,528,977,394,1000,167,791,348,935,193,981,14,923,151,837,283,857,231,714,368,755,291,716,393,753,232,737,145,670,0,612,409,569,335,562,191,662,342
1786209851.057,719,751,883,653,923,534,949,318,897,367,820,276,890,85,903,197,950,0,834,324,802,60,762,0,923,0,675,306,624,100,731,242,755,355,637,297,646,350,665,111,673,268
1786209851.157,686,724,899,709,940,399,962,326,908,317,931,285,994,89,953,147,927,174,801,448,832,249,860,350,821,386,796,327,681,325,726,226,747,61,653,370,622,225,613,166,681,225
1786209851.257,768,713,923,699,958,455,964,170,853,328,913,239,949,77,953,93,929,0,863,285,782,147,903,223,870,0,722,240,690,130,797,309,685,124,654,408,678,285,741,260,598,51
1786209851.357,692,687,903,726,973,634,949,426,754,399,884,371,1000,180,961,128,964,290,825,306,730,188,777,161,840,0,752,325,752,139,787,255,687,0,615,406,646,46,606,225,765,383
1786209851.457,726,739,815,559,951,575,953,268,965,530,832,310,914,159,919,314,930,121,833,211,830,46,906,289,787,156,776,326,633,200,786,0,739,51,693,313,593,302,570,220,650,149
1786209851.557,683,700,869,588,972,484,963,431,793,223,866,277,930,245,912,182,947,237,806,241,827,36,824,250,871,258,725,439,716,107,723,39,656,263,582,302,560,243,582,272,662,0
1786209851.657,767,726,821,678,1000,489,906,463,1000,148,874,316,837,321,938,123,951,61,798,232,760,186,884,295,802,151,803,254,632,206,773,0,754,0,578,325,561,78,633,205,508,0
1786209851.757,750,753,760,613,965,533,959,425,827,315,898,275,860,179,862,39,966,70,878,273,792,242,796,217,808,207,721,367,720,162,739,12,792,0,610,313,635,370,692,40,567,0
1786209851.857,683,710,931,653,963,519,924,347,909,618,978,428,945,198,953,0,826,0,887,269,859,254,752,356,758,149,683,324,708,247,781,422,776,375,619,333,639,124,697,195,643,0
1786209851.957,719,765,892,696,954,512,946,432,910,241,767,326,851,211,980,0,949,118,843,213,844,62,851,235,800,261,689,270,775,272,663,134,697,227,633,436,704,386,762,28,616,70
1786209852.057,699,786,892,600,1000,373,939,365,792,365,885,371,966,0,867,179,953,0,790,289,717,326,767,188,900,153,745,243,689,118,797,128,685,46,655,386,516,236,646,373,543,2
1786209852.157,757,730,934,707,981,498,944,351,893,480,799,285,955,108,927,89,993,43,788,347,793,143,761,137,814,0,727,342,616,138,868,189,799,210,624,411,686,154,558,52,567,359
1786209852.257,734,777,830,623,951,524,945,436,923,356,964,390,808,155,981,296,931,0,897,214,843,196,822,0,798,0,751,248,609,241,653,233,686,385,674,362,616,193,551,142,664,488
1786209852.357,754,760,870,684,875,452,967,439,842,118,918,284,996,212,1000,197,923,126,927,268,829,156,817,82,882,22,813,418,729,188,681,225,796,81,701,417,616,299,569,198,787,368
1786209852.457,751,735,871,662,935,550,976,326,927,195,918,255,931,165,969,78,956,0,840,443,801,56,861,217,839,411,699,262,744,266,738,206,750,359,577,276,617,290,763,197,647,75
1786209852.557,757,691,874,625,877,695,969,449,965,481,932,374,916,142,868,134,912,74,866,315,872,112,835,110,807,131,686,280,745,118,687,378,816,378,711,441,617,402,725,202,647,75
1786209852.657,729,674,849,695,924,481,963,321,985,451,885,283,946,103,1000,91,976,0,785,223,757,117,834,363,806,200,746,258,715,345,746,489,732,93,683,434,596,262,623,51,536,147
1786209852.757,776,765,835,619,931,435,926,119,681,0,828,395,1000,316,952,66,916,103,929,229,820,163,812,0,802,0,832,346,772,121,699,483,792,298,696,483,703,321,699,172,643,287
1786209852.857,745,752,868,555,998,511,952,612,918,185,964,320,1000,109,902,83,859,41,905,247,751,116,827,97,820,230,731,302,805,201,680,314,727,229,682,439,562,379,623,204,558,298
1786209852.957,679,753,946,651,1000,509,912,369,872,411,900,348,886,190,942,111,937,57,831,282,771,59,791,147,666,189,829,354,708,126,629,332,756,0,680,404,586,205,642,274,552,269
1786209853.057,735,775,907,666,1000,395,939,241,841,216,846,380,985,108,831,85,933,234,796,360,794,199,856,251,768,121,757,201,756,96,648,146,689,251,650,350,570,334,631,318,467,264
1786209853.157,711,761,951,617,1000,460,900,463,1000,572,940,213,932,147,993,118,843,156,828,355,832,208,817,217,770,248,723,341,657,293,738,319,731,333,543,338,580,200,690,26,682,252
1786209853.257,781,654,900,673,966,606,894,370,974,76,958,336,826,243,898,230,961,121,876,355,721,28,809,59,899,9,735,347,839,274,687,284,773,337,597,488,557,289,571,255,616,0
1786209853.357,639,766,850,669,1000,548,873,212,732,181,906,491,999,184,962,153,858,0,847,295,835,276,782,141,828,0,666,400,701,150,738,0,712,102,654,197,579,191,596,332,574,665
1786209853.457,761,714,900,692,955,585,923,423,879,330,936,315,1000,110,903,114,993,92,821,258,795,236,813,214,781,323,785,245,671,124,783,89,710,22,711,308,711,228,596,303,627,402
1786209853.557,724,715,855,713,979,450,911,380,808,57,988,228,845,145,926,59,945,56,936,282,755,178,835,145,733,460,675,367,778,164,774,342,665,504,653,193,633,183,655,136,585,16
1786209853.657,741,752,874,652,973,579,922,199,786,74,861,393,850,136,972,121,974,26,799,269,848,361,816,157,768,495,714,266,706,325,693,212,578,407,626,409,656,244,598,218,535,215
1786209853.757,753,736,876,639,961,425,934,596,895,356,920,318,951,137,969,70,869,109,881,252,859,206,894,401,845,164,659,374,773,168,744,81,694,0,650,317,689,251,649,212,742,409
1786209853.857,726,744,935,616,982,478,987,417,740,236,1000,376,886,78,944,116,924,45,794,445,801,107,841,172,770,141,728,337,732,111,759,332,665,63,631,360,636,227,537,327,559,393
1786209853.957,777,690,889,717,994,382,948,452,1000,274,821,466,937,270,928,158,905,17,916,358,818,226,782,184,821,50,692,180,667,325,624,211,740,166,676,326,673,278,542,344,607,0
1786209854.057,750,722,945,707,929,571,930,162,836,115,921,448,948,192,893,83,960,81,788,362,827,310,849,52,822,0,820,241,772,259,686,258,746,378,646,298,652,279,568,0,672,239
1786209854.157,749,782,912,715,1000,513,917,535,870,211,961,186,903,106,909,255,932,20,822,352,723,165,793,215,759,153,725,222,810,219,776,169,743,0,611,282,638,377,683,419,686,246
1786209854.257,698,745,854,696,909,495,949,563,801,447,972,296,966,136,941,172,1000,192,837,390,748,126,819,63,789,0,674,291,669,219,740,262,700,427,660,361,635,213,710,342,604,206
1786209854.357,718,826,863,711,1000,526,903,531,844,200,1000,223,1000,138,853,182,835,83,741,273,855,188,827,302,816,147,744,263,760,193,765,192,761,346,552,243,592,219,707,263,667,423
1786209854.457,785,694,927,667,946,482,932,371,881,456,1000,286,872,209,985,147,867,3,832,254,769,317,766,325,837,293,781,261,701,223,620,432,737,30,685,352,584,312,480,259,723,48
1786209854.557,684,749,845,753,945,489,962,143,893,440,917,234,920,4,927,197,908,164,749,420,877,119,750,125,830,378,637,389,729,100,581,233,744,94,677,488,601,166,735,185,676,84
1786209854.657,776,685,880,675,961,458,995,449,814,41,1000,249,947,163,954,3,920,87,821,343,828,189,786,383,802,244,736,338,777,124,771,312,741,260,589,321,521,204,623,49,651,370
1786209854.757,741,732,852,678,924,331,989,467,795,99,929,318,989,129,995,105,989,69,780,270,853,182,819,63,813,69,701,375,678,125,742,95,697,593,631,392,756,248,660,246,607,199
1786209854.857,726,698,910,591,969,483,922,428,801,237,966,180,1000,153,926,24,939,91,852,264,770,179,787,243,765,327,797,296,784,244,743,214,697,450,681,272,628,161,657,297,519,166
1786209854.957,749,736,951,601,1000,440,893,392,877,304,954,352,915,220,845,114,986,119,827,272,837,135,847,124,892,283,811,281,778,92,765,200,738,358,670,404,641,277,613,136,641,0
1786209855.057,748,765,901,639,880,550,928,205,968,111,912,437,907,72,965,143,862,94,884,388,807,193,843,301,812,416,699,360,666,52,759,603,750,174,691,314,528,312,724,225,652,83
1786209855.157,726,741,876,665,832,515,914,410,977,366,853,256,940,224,988,145,893,215,823,269,795,42,871,170,782,293,766,190,794,355,730,247,875,1,616,386,683,234,575,359,629,180
1786209855.257,768,790,885,682,1000,487,934,312,810,147,1000,252,959,149,990,128,997,74,837,345,830,195,830,20,854,395,725,294,731,334,708,297,720,332,584,471,642,207,611,242,772,424
1786209855.357,722,736,880,586,958,518,925,556,792,157,964,333,919,236,952,249,856,32,908,327,814,126,834,51,744,285,769,371,695,152,724,85,771,157,636,333,649,255,747,166,757,0
1786209855.457,751,672,830,624,923,460,1000,252,751,357,937,468,942,0,920,89,881,28,817,291,750,202,898,217,871,218,685,326,691,104,720,323,710,596,679,307,591,415,605,252,660,0
1786209855.557,668,765,829,664,903,480,954,115,892,306,894,237,923,126,1000,112,915,75,846,321,842,201,743,244,825,74,736,300,715,200,630,250,770,263,608,285,632,300,709,299,666,0
1786209855.657,709,744,845,626,922,629,915,330,826,177,947,371,879,160,935,89,894,208,772,208,875,171,757,175,785,450,720,344,715,296,736,367,763,107,639,330,592,138,712,0,724,0
1786209855.757,753,710,802,709,864,560,952,478,941,373,976,372,969,129,930,128,924,324,820,218,814,93,914,195,848,277,773,324,696,191,655,196,839,359,634,486,590,260,608,187,658,271
1786209855.857,725,701,953,667,923,430,1000,642,916,210,942,292,975,184,939,114,926,190,814,432,928,128,798,178,784,337,784,394,706,171,612,129,674,0,618,324,621,347,700,80,660,53
1786209855.957,738,782,853,624,971,597,1000,283,899,328,836,211,962,126,874,168,938,90,769,181,790,160,781,56,798,192,794,318,642,35,586,260,667,313,689,387,610,389,598,106,653,302
1786209856.057,635,775,804,582,954,427,959,397,914,454,903,339,852,232,917,100,920,78,805,151,882,107,797,162,842,98,778,434,799,206,692,136,708,48,656,329,621,204,655,240,605,156
1786209856.157,727,758,841,645,886,426,942,304,721,361,869,201,964,222,825,168,926,61,767,285,815,325,842,184,875,343,666,352,721,135,666,196,730,440,542,257,633,219,634,157,647,0
1786209856.257,812,748,894,621,943,540,939,386,822,114,989,251,994,90,933,93,926,170,907,282,826,136,820,101,764,243,741,384,719,184,754,344,721,0,594,420,713,345,599,172,682,274
1786209856.357,638,734,872,617,943,522,943,464,1000,417,949,303,988,107,915,35,866,226,838,330,813,298,904,182,815,146,682,280,700,20,596,207,781,64,713,325,577,108,633,0,576,187
1786209856.457,680,713,875,615,997,570,922,332,877,338,904,264,886,222,913,66,982,104,772,282,771,68,789,160,785,282,760,260,707,152,669,236,617,27,589,282,564,92,608,167,629,217
1786209856.557,748,702,877,653,964,470,928,326,847,331,979,248,914,340,854,8,982,294,898,316,798,135,836,293,843,0,679,326,646,44,774,249,824,406,612,362,580,92,702,188,725,197
1786209856.657,743,754,866,654,979,592,962,357,853,276,870,246,931,156,975,42,936,134,774,264,858,152,715,274,821,0,692,299,732,265,674,156,784,420,625,308,649,53,626,207,596,254
1786209856.757,774,696,843,690,905,465,1000,377,864,62,777,388,880,160,1000,86,915,163,893,352,894,0,837,334,839,160,677,258,792,185,689,12,759,57,637,466,665,343,636,293,724,49
1786209856.857,731,706,848,657,927,477,966,344,822,396,867,237,1000,223,924,252,910,162,744,227,872,262,809,450,882,61,714,214,694,205,727,219,791,248,668,376,637,310,677,80,759,199
1786209856.957,697,730,885,687,1000,558,996,367,874,97,981,356,913,175,940,132,923,100,747,268,835,103,836,425,758,0,784,449,735,188,688,286,729,382,565,368,578,312,555,283,588,111
1786209857.057,765,702,809,666,940,405,958,389,898,359,801,261,959,238,952,201,905,22,805,290,730,154,814,113,778,234,757,317,723,185,725,305,828,508,592,197,650,232,623,254,612,0
1786209857.157,689,692,903,738,948,689,899,296,903,0,1000,266,946,191,865,289,941,52,768,309,740,166,886,320,788,136,755,388,793,310,672,314,647,124,588,264,635,171,645,71,664,112
1786209857.257,721,683,918,669,992,412,966,360,846,474,947,345,835,242,962,206,909,12,906,359,748,157,867,205,789,66,734,377,666,26,702,274,771,16,650,300,661,219,679,218,665,110
1786209857.357,706,722,901,764,1000,612,946,292,701,212,839,367,933,51,967,142,885,251,786,335,813,279,862,56,907,0,684,417,715,211,748,74,844,646,559,314,658,221,592,275,676,447
1786209857.457,667,694,842,758,1000,523,946,406,987,258,939,290,867,14,908,94,955,117,754,296,792,137,820,333,793,484,673,248,711,99,650,225,650,27,635,465,612,242,554,89,467,24
1786209857.557,761,711,881,672,1000,622,964,327,955,332,787,230,931,110,935,0,973,83,886,297,830,78,756,200,816,0,773,311,691,122,767,124,745,182,616,254,691,144,572,365,622,230
1786209857.657,790,789,851,709,899,378,950,345,943,364,964,425,1000,225,940,106,935,27,871,364,788,144,728,174,818,0,708,230,637,299,636,230,789,494,593,435,631,280,737,281,564,0
1786209857.757,757,748,840,671,910,529,914,496,1000,330,946,354,959,69,1000,151,960,197,873,377,843,92,837,181,772,443,724,323,680,183,777,484,642,219,505,315,628,245,730,184,740,219
1786209857.857,713,740,880,671,938,452,978,478,817,274,945,370,954,247,937,228,1000,96,843,232,811,169,851,160,853,119,776,336,735,153,720,166,783,0,608,430,632,336,679,318,659,76
1786209857.957,735,685,867,642,888,534,957,502,784,435,782,303,1000,154,906,114,973,58,844,320,847,234,915,194,832,0,773,400,751,83,702,222,679,636,656,410,673,240,551,301,772,120
1786209858.057,711,764,914,709,962,493,880,361,840,0,1000,330,845,186,1000,204,978,0,797,237,821,214,838,78,807,371,754,335,672,199,660,107,641,554,714,275,581,203,703,280,728,446
1786209858.157,751,744,933,706,1000,537,976,320,840,247,1000,241,996,313,959,98,960,35,778,385,885,132,792,209,811,40,663,209,656,109,736,110,683,0,586,257,618,320,721,216,705,56
1786209858.257,754,700,893,631,936,499,991,455,826,151,873,358,956,208,916,143,947,225,904,355,884,154,781,181,810,150,731,296,693,177,770,102,812,427,642,178,506,240,669,415,601,98
1786209858.357,686,755,875,644,969,496,974,305,887,404,906,262,873,74,910,187,903,65,772,299,834,183,904,182,831,85,827,365,761,269,767,364,719,660,573,326,714,216,668,156,661,123
1786209858.457,777,744,799,631,926,603,916,324,1000,457,870,252,890,172,917,136,949,93,832,301,781,48,819,93,865,0,715,318,780,158,735,296,777,287,716,317,714,290,642,248,696,66
1786209858.557,738,723,943,637,1000,471,913,253,816,512,841,336,1000,375,935,128,884,47,935,353,881,205,869,410,793,316,700,170,730,197,720,132,739,298,722,383,653,166,567,97,609,189
1786209858.657,741,702,777,647,1000,476,947,169,898,346,888,381,1000,323,897,140,883,153,849,166,834,141,757,150,919,287,694,285,619,106,819,336,758,292,699,368,607,223,610,179,750,13
1786209858.757,713,663,918,677,1000,457,928,219,926,245,940,284,1000,256,945,193,929,83,714,329,821,222,852,97,807,100,777,414,756,337,754,88,646,35,619,298,625,215,631,492,692,222
1786209858.857,773,702,838,700,968,512,919,300,853,228,1000,461,1000,164,913,48,951,225,864,302,854,155,802,66,800,239,712,230,722,210,704,212,577,361,651,444,611,294,701,213,654,202
1786209858.957,672,747,834,629,991,595,969,423,916,407,1000,274,914,214,860,113,947,30,727,387,789,114,882,0,892,581,692,275,741,206,780,281,781,890,571,439,701,136,576,268,541,83
1786209859.057,742,707,864,629,928,537,946,369,947,316,902,253,969,314,982,15,845,9,746,209,700,173,758,48,783,71,719,213,766,208,748,158,795,311,647,415,533,247,585,126,686,396
1786209859.157,781,733,860,713,926,624,939,349,843,296,867,288,952,148,823,292,1000,0,793,284,853,191,761,457,796,506,704,379,735,123,758,239,786,63,635,402,525,131,629,231,623,306
1786209859.257,729,771,888,619,975,497,931,178,788,179,986,291,1000,75,907,81,922,114,856,379,709,308,763,196,864,300,781,376,737,244,655,122,671,0,598,273,573,288,578,308,518,76
1786209859.357,718,777,877,675,921,564,947,150,947,330,901,290,885,248,975,47,938,12,759,399,802,93,757,156,710,158,785,370,740,369,739,96,781,242,640,366,601,391,524,305,639,252
1786209859.457,718,790,912,633,1000,524,933,157,953,195,954,415,899,262,886,223,1000,185,846,354,803,56,779,451,758,356,726,283,801,194,777,530,718,308,669,322,648,328,676,224,425,0
1786209859.557,802,696,925,614,927,552,989,431,918,111,793,284,952,152,1000,13,922,268,857,222,708,127,766,132,930,5,702,369,731,300,771,125,762,238,563,497,566,221,597,224,643,271
1786209859.657,715,774,845,642,894,519,988,326,1000,147,840,410,934,79,953,143,977,53,755,277,819,240,741,140,831,460,701,253,750,16,693,293,752,255,569,256,694,222,613,119,631,102
1786209859.757,765,693,910,729,995,415,970,298,843,310,907,281,982,165,850,191,989,153,858,280,759,169,893,216,899,489,729,276,695,178,670,288,788,0,715,308,606,257,574,142,571,179
1786209859.857,711,747,817,681,920,575,970,105,959,0,851,385,914,280,974,90,910,250,800,171,773,165,777,462,784,74,687,367,702,249,790,263,749,0,574,240,626,429,591,329,667,185
1786209859.957,723,716,855,687,1000,473,937,287,972,408,1000,257,910,287,1000,51,896,116,887,235,824,238,806,175,887,111,787,298,662,229,690,62,849,297,625,324,704,369,592,241,604,301
1786209860.057,719,659,830,705,937,559,958,272,875,208,899,190,937,110,944,157,963,27,791,285,875,117,782,56,841,133,686,254,750,198,687,291,793,344,647,463,693,236,690,285,592,432
1786209860.157,796,778,901,701,954,581,915,317,675,345,984,428,932,174,940,246,950,288,887,345,792,75,821,195,758,378,739,347,802,129,607,139,835,217,630,309,622,182,596,331,813,46
1786209860.257,712,711,943,693,957,467,989,360,884,4,970,313,950,164,985,0,882,299,762,244,883,160,819,369,787,90,765,318,768,139,736,206,707,0,621,307,689,279,655,189,566,215
1786209860.357,786,700,894,645,968,492,960,337,845,82,935,356,947,150,1000,233,983,124,829,225,723,259,822,579,787,261,776,263,703,173,702,268,734,0,643,371,620,372,649,213,694,538
1786209860.457,727,772,954,654,918,534,983,322,981,177,907,307,936,88,925,0,966,92,883,289,729,180,783,309,806,544,691,324,746,162,649,189,620,78,631,415,637,196,597,147,695,0
1786209860.557,700,676,900,723,993,549,935,412,824,215,920,317,1000,225,946,239,1000,90,844,212,828,105,722,299,821,31,650,266,682,179,626,272,769,0,566,416,614,286,634,200,703,312
1786209860.657,747,750,855,685,1000,576,900,408,933,442,997,348,875,147,903,39,997,38,925,269,784,201,812,216,789,89,709,237,765,203,733,303,752,659,657,201,596,150,656,163,665,72
1786209860.757,740,713,860,672,988,605,978,465,924,227,960,397,1000,157,924,175,827,260,886,276,803,312,764,154,904,0,738,291,820,146,648,247,697,332,657,263,720,178,595,277,745,0
1786209860.857,715,769,849,669,950,538,916,392,929,382,890,414,828,103,1000,122,985,109,912,282,831,222,893,0,842,34,729,271,603,267,650,206,724,59,666,319,584,105,568,259,488,445
1786209860.957,727,700,900,647,1000,427,923,424,989,318,936,256,915,104,1000,217,958,305,856,374,809,144,808,75,794,244,704,345,679,128,725,0,796,354,673,397,616,252,651,43,644,120
1786209861.057,802,725,869,615,951,352,997,423,857,359,864,301,883,35,977,113,859,0,890,247,851,101,828,245,783,161,745,269,706,116,730,356,660,77,551,381,537,274,663,315,656,0
1786209861.157,728,740,897,686,950,495,946,207,806,282,871,212,860,211,957,130,921,26,722,335,799,203,769,376,825,164,686,319,747,18,717,200,758,0,673,397,663,174,697,116,480,229
1786209861.257,730,779,830,649,950,560,920,504,825,233,925,243,965,177,911,140,949,150,880,323,844,73,740,120,832,259,619,317,773,358,806,147,695,312,673,424,654,125,539,379,618,27
1786209861.357,690,712,943,654,1000,528,947,125,959,193,822,186,976,220,832,84,952,105,798,289,868,189,848,133,753,228,766,262,728,187,631,195,741,124,685,258,737,230,615,316,524,539
1786209861.457,707,766,874,623,1000,541,1000,400,834,45,877,331,923,216,958,33,917,0,842,324,789,33,957,222,832,0,763,380,733,197,732,99,688,170,685,364,583,175,491,262,615,209
1786209861.557,847,716,883,638,961,434,920,144,796,323,903,298,919,168,945,122,921,167,722,244,779,204,789,71,825,328,764,370,722,209,710,173,671,351,562,253,721,221,635,70,664,397
1786209861.657,787,675,925,664,859,393,900,425,872,205,916,436,928,182,970,36,960,187,875,285,867,193,820,291,903,350,728,275,743,199,788,91,793,0,631,386,616,268,714,145,530,0
1786209861.757,729,780,861,749,913,378,955,289,824,294,848,352,955,128,951,253,924,35,858,251,844,218,886,147,750,140,739,266,723,319,692,109,787,0,639,308,534,218,587,269,644,207
1786209861.857,697,711,885,628,967,528,968,292,854,318,878,218,963,135,966,80,939,0,855,259,813,145,799,192,817,224,675,360,710,213,717,76,884,240,571,339,601,217,524,214,568,413
1786209861.957,728,760,912,681,975,581,932,442,852,304,849,223,940,241,931,238,953,70,899,382,751,153,842,268,847,156,717,301,678,84,754,291,837,99,654,327,614,176,630,370,599,244
1786209862.057,710,677,867,739,933,434,926,566,981,376,1000,377,938,120,989,128,895,145,808,369,771,199,824,205,830,151,753,327,722,278,649,292,744,314,664,391,602,175,656,381,615,20
1786209862.157,762,701,888,623,956,502,941,382,915,224,889,401,931,179,876,245,956,0,773,247,906,345,843,312,879,0,728,302,786,345,849,281,754,128,641,420,673,278,574,434,663,211
1786209862.257,767,708,843,649,925,511,896,299,721,257,909,395,960,94,922,220,887,318,846,209,767,218,853,234,822,167,696,334,798,185,739,350,699,296,673,294,553,211,680,41,647,150
1786209862.357,724,744,801,711,930,529,967,525,885,97,826,402,913,126,887,93,1000,92,783,365,694,155,798,152,744,159,713,243,696,41,847,0,721,183,614,328,656,122,515,149,437,41
1786209862.457,712,736,930,675,983,451,933,286,877,233,942,357,1000,178,956,201,967,50,771,263,778,165,841,137,798,0,706,520,773,288,752,337,710,56,702,269,648,384,687,181,720,214
1786209862.557,727,761,836,606,958,456,911,359,842,165,921,248,1000,297,974,90,954,16,858,343,860,128,851,241,829,201,683,336,702,91,685,272,701,103,550,422,563,236,597,241,647,147
1786209862.657,743,733,815,711,1000,440,908,501,797,464,993,303,934,77,944,154,951,154,878,292,962,190,836,230,836,256,777,138,704,63,801,31,683,84,587,324,511,362,653,122,670,231
1786209862.757,697,759,865,708,947,407,974,328,886,327,863,293,914,125,1000,66,899,239,774,299,854,207,746,101,729,333,777,376,715,170,693,16,762,25,551,437,589,252,618,341,525,300
1786209862.857,731,750,857,648,1000,450,935,327,765,256,910,361,915,7,942,87,883,123,843,336,839,211,833,420,890,227,654,434,703,235,751,200,701,147,524,263,596,235,664,144,678,143
1786209862.957,719,734,906,654,984,556,963,277,847,369,914,260,946,218,984,191,937,129,880,252,869,208,851,0,789,76,794,248,662,96,703,268,841,140,606,454,713,79,594,235,643,530
1786209863.057,712,689,841,707,968,617,965,276,961,451,1000,216,959,68,927,104,948,140,794,376,887,170,902,175,724,21,711,370,667,183,864,246,828,0,552,232,680,211,606,409,707,253
1786209863.157,778,727,889,615,935,484,948,470,993,671,1000,393,862,269,1000,130,860,111,870,311,799,150,881,239,890,379,722,364,792,199,762,16,704,186,595,354,712,257,711,292,752,170
1786209863.257,707,762,807,687,873,441,958,206,853,117,965,393,944,330,929,27,872,73,841,462,766,109,840,195,786,178,681,277,660,266,766,209,731,259,619,227,604,273,687,219,587,268
1786209863.357,739,693,796,642,1000,543,987,351,884,0,806,346,954,0,947,190,949,31,698,322,775,194,851,291,835,124,757,239,783,136,827,183,760,240,562,383,581,220,630,91,587,378
1786209863.457,683,755,858,703,999,453,966,288,1000,308,902,285,924,133,975,86,898,204,893,243,805,249,839,370,851,271,715,242,655,185,804,78,723,0,698,288,743,270,724,10,454,119
1786209863.557,734,756,941,651,950,487,958,210,735,335,840,393,822,94,876,73,896,209,967,213,785,145,763,249,747,294,735,359,716,243,754,192,764,495,562,203,691,308,717,198,754,637
1786209863.657,776,755,906,670,982,535,1000,266,869,292,960,331,873,162,936,120,973,217,782,424,744,103,805,266,730,579,651,412,695,194,599,313,721,445,579,445,531,252,535,437,697,431
1786209863.757,723,721,872,658,951,488,979,468,788,386,838,417,891,219,971,99,918,64,849,351,932,286,845,215,789,301,792,386,731,142,732,311,802,262,679,420,607,181,733,293,669,94
1786209863.857,655,751,895,691,969,463,956,502,934,113,911,269,1000,139,1000,136,917,0,806,296,763,204,774,14,750,100,755,419,704,212,720,0,753,211,571,464,654,87,660,560,630,289
1786209863.957,711,716,942,688,1000,486,960,346,940,276,1000,297,967,13,997,38,907,0,752,360,780,47,740,313,798,176,772,348,726,283,652,175,785,577,722,261,626,273,616,291,790,37
1786209864.057,685,757,854,690,977,490,931,366,855,440,928,225,1000,145,1000,101,900,56,819,278,788,122,899,155,923,371,728,352,690,268,799,294,700,332,609,248,636,90,601,253,741,79
1786209864.157,694,762,884,666,904,581,894,378,992,307,907,242,912,330,915,152,898,56,741,292,801,257,774,134,861,179,724,296,666,155,729,63,666,454,660,366,593,250,476,71,674,73
1786209864.257,725,746,842,639,953,514,906,390,886,306,877,310,997,210,999,58,966,21,709,357,859,267,743,203,805,389,669,290,721,243,748,211,712,198,671,287,610,210,495,0,524,146
1786209864.357,751,709,804,701,981,487,955,232,975,334,913,290,948,194,858,66,921,48,788,347,785,76,793,359,817,100,716,189,707,205,749,195,685,393,623,276,581,202,608,148,652,166
1786209864.457,766,736,859,643,951,426,942,411,954,315,1000,336,848,189,994,102,870,0,819,227,809,128,889,282,788,111,772,316,732,276,681,340,707,0,589,280,693,220,608,383,574,117
1786209864.557,734,731,889,685,932,369,959,139,915,389,990,305,1000,46,1000,67,937,105,893,222,928,0,812,251,868,0,644,396,728,44,696,119,799,144,631,327,711,309,670,234,643,36
1786209864.657,766,718,819,657,969,599,971,240,976,0,947,266,866,63,1000,152,952,193,812,387,809,0,896,0,803,319,627,298,708,257,752,40,691,5,559,299,701,269,653,71,491,269
1786209864.757,771,739,907,650,971,452,959,333,939,396,901,349,905,298,1000,141,902,115,763,322,712,75,835,346,834,128,688,273,627,157,849,232,756,0,698,452,634,283,585,178,821,106
1786209864.857,802,810,893,658,911,542,949,343,847,332,950,311,1000,154,933,42,926,81,699,329,866,321,770,171,839,175,698,208,720,280,725,207,754,363,653,258,647,177,581,86,623,95
1786209864.957,721,695,913,648,937,382,992,174,912,380,899,343,971,223,969,98,918,309,880,248,836,186,815,389,811,171,767,244,690,298,723,110,741,243,696,421,633,373,707,252,570,462
1786209865.057,781,687,849,610,922,594,951,277,952,403,1000,356,979,91,945,118,831,127,737,343,800,128,791,113,805,350,683,308,823,137,724,326,863,520,633,373,611,324,619,407,493,276
1786209865.157,761,637,804,715,991,560,992,315,1000,680,999,344,941,173,949,122,886,134,836,386,849,101,761,183,773,211,701,394,746,262,715,241,786,287,669,297,668,180,758,233,708,110
1786209865.257,724,723,798,558,956,368,956,336,649,221,921,412,919,26,857,84,892,66,833,331,848,111,848,6,823,223,737,238,669,236,701,293,694,775,627,429,749,326,604,199,395,0
1786209865.357,732,710,826,665,943,434,975,204,947,323,1000,281,870,106,939,189,971,65,820,342,873,180,831,212,830,233,687,198,672,152,762,180,743,229,660,315,584,89,648,0,641,320
1786209865.457,727,746,856,663,961,553,941,216,915,275,880,359,1000,193,978,131,999,159,796,335,842,126,878,37,835,109,660,316,695,143,665,479,581,0,661,378,548,179,666,178,686,172
1786209865.557,713,677,871,638,1000,571,942,351,856,221,857,318,928,274,924,287,1000,11,820,191,799,184,826,90,812,274,725,399,712,68,634,166,658,0,620,401,597,259,717,255,563,176
1786209865.657,716,752,882,652,972,480,907,129,962,428,933,379,1000,120,906,171,997,16,899,270,831,129,829,62,868,0,690,395,830,147,811,385,755,121,698,332,647,45,601,140,639,130
1786209865.757,713,732,841,597,949,487,968,331,921,195,921,194,909,0,884,32,963,126,878,207,861,113,906,163,896,697,750,428,700,286,721,290,761,180,575,250,684,247,688,152,605,123
1786209865.857,669,719,861,663,958,600,933,453,913,296,968,290,915,127,950,0,928,163,823,303,843,163,735,354,947,456,721,248,792,198,777,85,761,291,698,402,631,393,610,387,670,297
1786209865.957,845,651,814,710,1000,512,978,225,1000,476,1000,204,1000,156,1000,138,896,151,738,366,798,143,829,148,897,135,754,346,718,128,596,360,668,610,612,434,629,367,651,266,548,300
1786209866.057,768,739,922,680,1000,512,977,386,1000,247,916,268,922,115,1000,266,930,241,816,324,897,139,766,239,776,192,746,354,751,211,773,420,782,423,601,361,644,431,489,313,669,297
1786209866.157,681,740,955,618,1000,462,992,453,928,193,913,289,896,144,848,171,917,13,751,323,917,133,885,252,808,532,654,317,698,211,659,321,632,341,617,377,585,157,727,407,548,205
1786209866.257,762,730,873,692,992,471,962,324,858,194,878,332,859,33,933,120,889,277,786,251,782,227,901,72,858,233,697,325,650,168,668,171,735,508,641,275,623,52,680,117,764,324
1786209866.357,737,721,856,649,968,474,963,526,896,438,842,338,949,45,928,180,816,67,801,313,866,208,865,322,798,0,761,239,730,80,683,291,703,0,581,424,603,202,588,35,611,375
1786209866.457,703,661,908,667,977,530,903,342,908,286,919,394,968,206,933,0,921,86,814,290,831,227,773,160,893,0,719,160,703,195,622,243,689,427,659,307,611,364,619,55,549,150
1786209866.557,775,714,827,664,983,540,904,392,910,233,991,345,897,193,851,87,917,159,978,275,894,258,750,340,781,187,833,343,684,221,638,355,691,0,623,309,649,131,649,132,625,348
1786209866.657,774,781,841,675,983,592,940,181,960,470,941,238,1000,165,909,196,1000,0,851,382,814,167,810,363,761,139,826,266,639,187,785,210,701,313,745,327,732,266,572,402,605,0
1786209866.757,744,715,953,679,945,565,949,393,686,139,936,225,911,229,965,201,936,15,896,298,766,278,819,298,831,359,760,287,698,241,731,215,704,163,574,381,588,240,623,233,632,252
1786209866.857,699,730,875,629,926,462,953,228,968,210,922,360,862,264,899,212,958,0,816,243,903,172,719,331,844,259,732,212,796,169,806,217,719,0,608,438,660,276,664,211,596,53
1786209866.957,715,738,841,664,972,490,906,232,874,8,984,404,991,178,882,141,998,0,954,350,766,80,791,178,797,0,673,307,726,255,687,235,731,51,665,379,745,322,529,318,528,412
1786209867.057,721,745,931,682,1000,457,924,358,944,278,1000,353,927,144,914,153,918,110,902,325,817,139,882,230,854,82,672,394,770,108,772,395,707,206,720,434,583,175,612,241,667,0
1786209867.157,709,662,907,665,959,472,944,403,787,194,861,135,1000,210,902,137,884,142,946,359,720,41,742,135,813,436,671,309,583,110,649,0,776,87,646,248,685,149,697,334,648,235
1786209867.257,694,671,882,672,952,444,926,182,969,199,865,357,915,109,994,40,887,0,823,256,914,112,849,83,857,444,708,296,705,208,780,134,794,255,706,369,547,292,627,178,666,57
1786209867.357,725,713,904,650,975,515,961,299,990,429,1000,251,954,30,887,172,930,0,864,317,699,239,819,120,749,267,710,298,719,227,741,414,623,103,685,490,684,274,682,308,589,276
1786209867.457,696,738,853,682,946,508,922,312,986,45,926,411,993,163,976,69,968,221,836,362,768,69,855,472,821,343,601,349,691,338,768,226,697,467,694,288,684,318,644,306,670,16
1786209867.557,746,728,827,632,896,379,934,484,778,132,1000,248,945,196,931,117,900,19,841,215,892,22,827,60,840,13,757,363,762,151,809,223,728,323,569,329,641,180,624,403,573,306
1786209867.657,709,736,897,696,985,556,944,305,975,47,898,296,954,227,950,105,972,119,831,402,869,355,719,335,890,64,726,313,694,162,911,216,766,289,642,266,673,227,529,229,651,363
1786209867.757,681,728,845,630,978,471,962,251,876,330,947,327,941,110,1000,135,885,0,885,209,829,66,823,220,856,169,727,235,703,190,727,193,665,0,703,386,748,265,669,106,734,0
1786209867.857,757,737,937,658,970,365,899,398,984,330,914,335,955,208,895,138,890,207,769,280,850,57,775,444,863,245,760,192,748,335,697,454,702,239,581,376,630,211,573,236,585,354
1786209867.957,742,714,917,646,1000,511,899,424,883,365,935,329,946,384,966,0,868,135,795,367,836,184,770,251,825,19,690,420,745,158,694,217,748,0,633,201,621,356,545,194,614,2
1786209868.057,715,682,832,670,985,480,983,440,1000,276,859,301,1000,77,981,49,919,34,778,347,893,224,817,11,823,297,727,397,706,142,780,329,821,318,604,163,530,181,710,352,601,308
1786209868.157,680,780,862,689,992,536,917,286,977,359,857,340,886,56,911,113,882,184,788,293,842,294,846,149,767,0,687,298,777,178,693,230,830,67,658,320,633,285,713,204,710,244
1786209868.257,683,725,975,659,955,480,936,194,693,189,901,352,923,166,885,1,951,158,874,375,886,207,788,217,800,144,748,393,755,187,730,263,802,579,644,331,631,319,659,151,630,182
1786209868.357,708,708,822,657,1000,576,948,563,883,246,803,328,894,271,882,210,944,0,740,320,773,8,915,285,759,0,783,216,721,220,695,87,615,305,740,265,569,297,473,119,644,49
1786209868.457,752,748,879,633,951,509,954,521,950,242,956,358,908,202,929,140,980,199,780,221,910,290,853,150,801,11,741,299,711,101,778,274,758,0,574,268,663,189,562,286,607,238
1786209868.557,694,732,932,713,934,483,970,365,918,475,935,272,1000,91,940,80,882,77,827,278,870,99,834,43,936,69,659,292,728,254,785,297,781,432,649,292,627,169,693,349,719,0
1786209868.657,773,711,890,696,906,565,908,332,970,468,971,275,911,145,943,181,932,39,806,371,823,270,864,123,794,166,725,386,689,196,743,308,759,293,618,318,635,214,568,160,642,367
1786209868.757,697,691,907,647,932,502,925,612,822,317,953,380,884,192,863,142,933,169,837,288,818,47,775,361,826,307,704,367,702,79,720,385,605,359,645,527,744,79,714,165,616,89
1786209868.857,706,782,773,637,998,357,943,214,908,298,979,153,968,97,1000,89,899,29,853,341,818,83,757,263,842,258,801,254,816,213,696,208,658,15,634,400,585,415,624,141,539,97
1786209868.957,787,798,901,665,906,319,953,308,841,344,841,415,1000,211,926,78,922,123,875,325,883,197,868,181,759,414,828,328,689,223,705,220,735,67,608,340,612,280,644,280,620,52
1786209869.057,693,770,853,638,1000,475,892,381,841,196,914,172,841,119,967,102,922,88,869,298,817,114,797,205,882,228,695,287,772,193,646,272,691,0,642,286,665,238,711,250,594,99
1786209869.157,719,751,812,674,929,663,963,431,894,80,923,341,912,150,971,128,947,145,887,239,918,301,788,262,907,441,655,297,691,252,778,60,688,0,635,325,647,386,643,176,687,124
1786209869.257,726,739,823,651,934,561,922,245,828,188,1000,389,971,124,938,230,922,0,866,279,811,139,808,242,801,240,777,408,671,264,788,381,733,168,573,352,717,258,613,277,545,136
1786209869.357,763,754,853,734,905,525,970,499,898,393,922,430,962,248,886,112,959,145,795,171,731,85,955,0,808,133,733,302,667,264,632,460,758,36,609,425,551,235,625,204,668,281
1786209869.457,748,775,885,643,919,507,959,149,925,176,868,324,828,271,984,37,927,105,786,262,814,155,809,191,835,126,750,387,739,319,645,139,752,263,622,388,633,332,560,217,598,315
1786209869.557,753,714,917,662,914,485,1000,333,908,330,919,420,984,208,928,168,922,134,929,399,814,173,761,156,705,348,698,301,693,265,802,400,653,343,601,356,673,208,641,139,707,145
1786209869.657,712,745,914,608,988,467,966,294,815,197,932,351,909,160,910,94,913,12,762,290,877,162,801,278,792,220,662,307,699,47,699,0,695,312,600,295,541,255,599,206,711,22
1786209869.757,780,723,920,659,898,414,942,161,933,400,832,294,939,210,960,91,873,88,818,240,927,169,784,119,858,397,758,376,654,184,660,321,785,21,613,278,634,222,629,173,760,331
1786209869.857,727,675,801,599,987,491,980,439,699,182,821,286,961,162,940,39,1000,105,904,350,851,202,788,115,811,156,622,307,745,89,664,224,755,182,653,354,602,228,625,213,619,233
1786209869.957,768,749,775,608,994,445,979,182,958,175,990,262,890,162,871,54,974,245,813,262,743,204,794,43,830,0,738,281,726,78,736,0,747,198,559,344,659,192,545,161,469,230
1786209870.057,761,715,863,707,1000,555,922,499,940,323,941,388,841,144,887,149,899,421,862,217,868,125,821,168,725,78,681,144,689,168,642,357,753,235,660,383,636,363,495,272,603,401
1786209870.157,746,728,936,656,987,458,952,596,961,348,839,477,876,162,962,164,904,160,762,406,755,117,845,164,892,409,753,259,710,77,677,183,784,298,627,292,663,181,669,270,705,44
1786209870.257,716,732,861,636,939,412,928,436,963,331,907,306,1000,224,817,61,912,253,856,199,855,371,857,83,891,245,701,311,704,134,656,137,727,371,584,248,628,202,602,104,568,2
1786209870.357,665,745,896,729,994,501,961,311,815,378,941,225,942,90,984,90,1000,215,769,251,854,160,802,191,810,364,718,339,740,281,720,236,753,88,632,281,659,365,507,326,626,379
1786209870.457,742,769,870,665,1000,678,935,368,826,260,891,244,972,172,898,39,974,35,938,289,822,139,746,20,885,423,687,341,783,87,724,147,740,457,655,386,504,291,624,460,672,128
1786209870.557,804,730,886,608,941,452,944,213,742,306,833,364,1000,174,953,0,963,80,848,217,806,248,778,146,861,309,778,259,708,120,670,90,728,527,693,383,574,143,608,258,669,217
1786209870.657,729,741,850,606,956,516,945,177,870,210,1000,353,778,160,887,19,834,183,876,195,876,314,806,79,812,393,789,305,670,206,719,231,707,253,559,370,683,214,635,25,666,326
1786209870.757,795,643,897,594,985,463,962,405,895,231,932,379,959,219,875,125,914,172,851,261,828,145,836,225,820,0,797,379,721,226,758,125,806,0,566,295,640,242,631,202,607,0
1786209870.857,680,684,827,607,906,484,976,406,809,200,1000,279,884,133,914,61,937,225,757,321,870,190,868,247,781,505,754,462,622,368,773,277,675,361,690,222,652,175,663,91,720,167
1786209870.957,761,769,887,629,996,496,953,312,736,299,886,335,942,114,1000,98,939,290,773,351,782,139,836,318,765,231,698,351,765,238,679,71,720,0,660,444,580,276,577,355,701,167
1786209871.057,762,764,823,683,941,512,940,358,966,140,816,283,1000,85,916,201,997,163,845,362,799,208,776,373,868,302,716,355,715,145,757,0,784,13,670,241,600,270,681,131,564,341
1786209871.157,805,698,761,724,962,438,950,582,943,395,932,347,1000,84,977,118,933,0,846,334,810,264,820,0,844,0,794,435,767,187,758,117,767,59,719,276,535,216,664,478,578,189
1786209871.257,732,693,831,588,1000,446,894,310,991,360,953,426,1000,0,918,150,944,148,960,230,706,0,862,165,742,144,710,284,620,232,765,232,726,250,641,221,578,249,580,312,534,551
1786209871.357,811,722,810,642,1000,479,959,361,936,358,904,415,972,249,929,109,1000,84,888,198,838,125,893,105,795,288,684,316,686,198,719,456,758,0,599,314,585,353,592,206,672,620
1786209871.457,727,795,856,702,932,560,939,461,956,375,948,281,984,29,1000,165,959,139,786,255,832,120,757,175,834,183,778,319,796,361,717,69,661,205,673,321,624,186,607,223,699,327
1786209871.557,648,758,902,660,954,546,952,328,1000,359,890,366,968,186,982,87,947,0,865,296,779,152,828,289,877,351,755,358,703,105,687,222,718,167,650,415,637,189,550,192,485,352
1786209871.657,736,800,932,685,947,477,989,411,776,247,1000,390,966,264,882,79,931,34,862,348,845,80,905,224,737,0,697,419,672,107,786,333,697,315,628,389,606,276,628,142,696,191
1786209871.757,770,752,872,710,980,537,941,301,904,173,931,328,887,258,1000,215,928,108,807,345,811,173,835,57,815,349,901,188,684,142,655,473,728,183,665,304,661,181,714,227,728,277
1786209871.857,644,687,945,651,892,468,939,504,818,278,989,282,898,186,978,116,964,32,724,354,769,111,828,297,812,96,797,287,703,69,731,405,642,76,637,383,638,234,585,368,480,359
1786209871.957,809,761,849,675,918,435,963,423,919,133,1000,353,937,163,912,60,1000,0,791,273,784,157,795,169,800,144,663,287,710,167,710,336,699,414,724,300,642,251,630,24,693,120
1786209872.057,777,732,923,684,1000,548,945,313,926,384,922,368,903,176,995,138,930,186,904,335,740,98,867,129,821,94,770,343,684,252,776,294,745,942,578,325,623,340,610,343,590,254
1786209872.157,766,710,908,721,965,435,941,348,971,176,963,354,972,254,954,83,934,96,800,199,826,175,814,190,771,0,720,217,735,107,722,177,686,412,590,180,557,362,610,336,629,370
1786209872.257,701,743,909,613,924,485,961,262,984,418,918,345,984,223,964,80,862,105,887,384,836,122,862,56,785,0,775,197,737,363,747,88,705,0,600,295,578,242,452,67,670,511
1786209872.357,749,701,911,707,936,442,990,229,1000,366,1000,384,1000,65,975,208,925,0,758,190,800,51,785,420,858,295,781,221,669,195,687,167,768,400,661,426,480,404,678,169,525,152
1786209872.457,702,778,904,638,908,485,975,419,769,222,981,305,941,306,890,198,917,49,834,316,851,144,850,200,789,0,759,328,683,80,691,0,789,193,650,317,716,291,603,171,585,156
1786209872.557,747,746,863,721,881,461,966,519,904,490,1000,289,897,88,873,35,893,0,876,265,750,127,829,154,805,0,771,284,651,179,696,231,885,68,670,322,601,339,638,396,626,395
1786209872.657,720,707,893,668,910,517,929,450,831,243,860,383,967,336,1000,89,866,21,816,175,777,232,773,82,842,89,732,334,685,246,763,258,822,388,627,292,630,225,623,146,633,426
1786209872.757,759,738,928,692,954,499,972,383,924,125,890,310,1000,306,898,77,955,317,774,164,828,55,844,275,805,105,699,312,650,153,683,252,751,492,597,321,672,271,585,58,761,0
1786209872.857,685,740,916,628,998,431,969,450,813,408,863,142,936,186,977,195,889,87,802,294,936,142,767,154,858,271,777,433,807,127,767,0,796,0,573,332,672,150,593,114,640,325
1786209872.957,733,709,940,704,934,439,938,469,668,466,900,229,952,178,982,200,951,143,827,339,789,127,738,376,785,377,787,203,723,237,693,36,820,342,640,272,568,245,597,236,656,108
1786209873.057,797,704,833,680,989,432,940,175,840,398,844,238,898,246,988,0,856,98,743,376,709,100,827,356,816,242,739,371,732,243,767,358,599,0,667,483,639,208,689,363,677,174
1786209873.157,734,742,931,680,987,571,947,385,1000,207,888,254,961,186,850,187,887,137,831,106,700,72,875,0,872,0,634,328,714,55,657,255,708,337,624,414,561,281,547,246,675,12
1786209873.257,747,754,896,634,953,625,926,371,870,336,1000,273,964,212,925,61,940,91,741,243,856,122,839,62,822,207,744,282,724,330,748,408,720,0,671,483,629,182,632,345,639,73
1786209873.357,695,760,1000,617,996,552,919,449,1000,418,900,219,968,144,972,99,895,96,883,349,806,68,802,147,814,537,717,317,755,226,807,144,690,143,599,349,630,202,661,277,578,270
1786209873.457,689,697,936,654,960,622,953,325,811,353,1000,309,1000,144,905,86,902,237,882,321,700,267,797,112,799,192,750,381,743,190,703,100,753,319,606,271,664,194,553,101,666,428
1786209873.557,771,661,870,696,904,619,902,426,858,321,927,253,973,138,968,75,925,148,787,373,835,305,808,216,805,186,756,417,788,246,664,167,766,59,638,356,719,217,528,299,704,539
1786209873.657,716,681,889,684,994,474,960,367,840,146,903,309,982,153,916,157,932,14,841,340,815,280,878,245,798,0,677,368,670,218,674,192,701,379,677,232,694,208,695,362,590,435
1786209873.757,665,693,856,622,906,576,937,364,945,436,1000,253,1000,169,949,101,949,254,858,368,776,124,820,243,833,505,701,339,742,157,721,128,748,0,711,328,584,81,604,183,651,146
1786209873.857,842,684,901,679,910,480,1000,294,1000,277,924,288,889,60,912,172,959,48,920,239,843,58,831,244,806,193,710,371,760,220,764,288,706,285,671,331,652,117,552,220,607,353
1786209873.957,726,776,873,677,950,494,930,231,967,434,978,391,956,121,907,0,959,102,843,335,890,131,840,126,731,154,796,295,671,216,775,282,812,32,698,201,514,105,657,36,584,113
1786209874.057,761,781,913,606,976,477,944,347,848,195,895,266,1000,151,989,196,997,0,837,212,913,200,793,147,858,120,671,338,778,182,767,138,738,235,624,279,583,172,598,195,640,202
1786209874.157,729,733,837,671,900,431,922,288,912,315,939,370,954,76,942,55,920,131,816,338,820,43,796,258,839,0,711,322,690,162,738,456,749,351,601,258,576,215,641,266,693,378
1786209874.257,654,695,946,677,964,344,915,458,848,364,898,465,941,38,968,125,908,110,877,279,771,171,784,222,879,0,649,463,723,93,668,153,749,0,668,297,701,264,683,183,647,398
1786209874.357,700,749,897,717,941,442,979,329,812,226,838,312,785,177,867,208,904,0,826,321,822,35,822,175,810,288,697,231,747,40,740,56,815,0,577,509,689,161,549,103,655,224
1786209874.457,717,798,840,588,1000,568,943,379,898,76,921,344,965,0,950,152,933,0,891,293,809,144,743,412,873,63,646,343,754,192,706,0,767,0,650,396,606,209,468,103,596,0
1786209874.557,781,703,854,734,1000,629,982,436,820,96,970,276,814,191,952,30,997,0,937,383,871,110,825,215,802,188,808,260,739,145,636,354,755,408,598,301,643,297,702,199,665,462
1786209874.657,718,743,868,672,1000,461,927,457,1000,98,902,336,946,167,944,69,822,86,813,195,785,223,806,206,763,291,830,343,738,206,687,341,723,553,715,307,663,180,700,109,646,262
1786209874.757,762,694,894,672,919,586,990,362,876,243,1000,379,904,30,920,91,947,93,882,114,847,223,726,83,792,275,713,305,676,192,689,100,739,385,650,329,676,191,622,345,599,94
1786209874.857,761,695,926,586,972,457,957,526,790,105,992,298,939,135,923,57,925,0,875,258,886,206,766,60,805,55,698,364,730,280,664,0,686,426,612,460,594,281,625,0,583,255
1786209874.957,731,716,867,669,850,463,928,436,952,314,929,174,894,128,935,120,849,193,772,144,859,88,851,0,796,14,748,247,736,155,687,333,849,143,606,335,628,76,563,36,548,409
1786209875.057,646,747,858,673,918,470,980,302,1000,0,955,317,864,228,905,136,892,33,860,452,774,250,883,258,854,60,688,276,730,165,682,123,712,384,592,385,650,186,645,347,607,58
1786209875.157,696,701,908,661,899,593,944,411,939,181,848,247,933,191,1000,183,848,72,709,359,810,159,804,193,782,203,689,327,730,223,719,352,840,0,584,333,598,271,657,245,512,211
1786209875.257,803,752,871,688,931,533,948,221,909,297,971,323,955,168,947,199,967,0,818,201,895,104,778,397,786,16,760,307,671,213,760,329,746,389,675,313,713,287,714,194,690,223
1786209875.357,769,717,850,712,979,573,912,261,843,464,998,320,970,169,893,124,895,47,813,405,828,125,847,107,949,262,621,253,807,199,698,269,634,24,578,319,708,282,657,134,685,57
1786209875.457,725,761,871,700,960,600,959,252,842,262,980,441,862,125,999,116,928,150,756,336,835,171,870,176,818,217,640,379,746,228,744,393,743,173,565,256,606,239,590,184,565,329
1786209875.557,722,777,863,678,989,515,920,315,712,510,719,372,950,18,953,43,955,82,836,270,887,80,782,164,811,0,642,332,733,316,795,224,689,436,602,408,546,400,559,96,494,117
1786209875.657,749,710,836,606,981,553,953,436,785,207,910,402,1000,219,977,65,940,0,863,278,923,176,778,152,785,82,730,241,713,38,734,116,649,357,563,389,647,154,609,241,646,324
1786209875.757,760,772,924,668,956,494,940,524,823,442,893,390,984,153,953,43,961,190,892,273,931,132,794,165,808,0,681,225,728,300,687,199,681,345,650,410,569,227,612,191,700,89
1786209875.857,716,703,967,625,994,405,961,221,901,333,918,363,969,102,964,136,978,0,830,301,801,235,781,267,780,421,749,202,773,230,730,132,679,314,573,298,659,110,541,270,611,443
1786209875.957,721,674,923,610,925,479,953,399,969,0,865,387,894,152,1000,108,924,71,890,188,910,139,799,90,759,0,785,158,714,154,741,0,680,308,646,299,628,379,695,323,669,208
1786209876.057,707,735,959,700,953,353,968,464,842,203,804,401,921,177,888,19,1000,46,786,489,870,102,853,0,800,36,750,420,631,327,767,84,671,75,602,287,526,214,674,144,651,357
1786209876.157,676,707,809,607,1000,467,961,374,948,311,929,211,946,158,896,0,946,220,734,284,707,205,875,173,847,197,688,299,715,176,745,233,719,89,660,375,632,159,556,288,566,126
1786209876.257,674,749,821,612,926,534,943,281,1000,361,802,253,835,118,990,137,925,38,840,182,814,169,752,81,914,279,655,257,715,361,775,358,754,22,707,405,690,377,724,208,649,210
1786209876.357,768,745,880,659,962,525,982,244,894,337,1000,284,901,275,965,91,982,0,821,315,850,94,774,363,817,214,699,246,688,277,689,184,828,634,576,196,584,147,657,209,620,318
1786209876.457,652,709,869,704,966,532,940,350,863,261,927,414,967,140,966,133,961,46,849,329,748,127,808,146,765,0,777,161,816,169,687,12,630,40,647,444,540,261,510,106,665,19
1786209876.557,791,761,896,641,931,470,955,384,818,195,828,472,894,23,823,73,953,77,815,344,849,89,829,192,787,439,697,269,692,257,786,392,777,195,680,371,616,191,616,155,659,146
1786209876.657,751,752,875,645,929,495,956,196,737,275,868,384,1000,76,860,160,944,131,863,267,810,217,838,422,831,231,770,447,752,166,687,237,664,342,651,381,528,346,556,65,487,84
1786209876.757,738,729,904,714,1000,485,945,339,853,561,941,349,981,252,930,156,961,0,799,284,870,418,794,128,838,0,652,298,689,272,703,44,669,448,607,321,606,181,646,415,669,309
1786209876.857,696,747,933,654,968,558,988,493,780,336,885,291,872,135,900,109,957,119,869,263,734,276,843,253,843,231,775,263,756,214,732,151,746,174,675,313,567,279,759,240,619,462
1786209876.957,750,727,948,634,954,527,1000,247,792,322,1000,376,907,65,910,127,949,62,811,277,850,182,847,224,723,187,701,415,658,43,769,248,739,295,635,313,631,139,720,135,543,241
1786209877.057,701,778,788,598,952,512,929,324,1000,198,825,298,881,201,964,111,952,0,872,257,905,132,794,161,845,442,747,452,675,172,662,149,690,0,678,387,601,258,601,184,665,177
1786209877.157,733,660,910,715,1000,465,974,405,814,251,916,152,955,67,891,131,920,0,832,238,776,244,824,223,894,144,703,266,809,180,672,233,693,135,708,354,554,193,510,123,701,65
1786209877.257,833,634,855,668,971,543,941,501,783,260,855,279,930,205,893,101,936,104,768,311,879,243,802,245,808,375,761,229,709,138,719,64,723,185,633,363,540,298,679,373,623,221
1786209877.357,772,706,895,634,991,531,925,415,851,270,971,388,967,157,974,98,975,22,813,233,816,270,892,374,784,667,783,377,729,70,689,161,721,131,637,379,626,213,610,374,602,303
1786209877.457,733,662,974,712,1000,566,950,422,847,178,1000,294,951,193,929,187,931,467,727,250,874,38,826,145,810,401,737,257,768,205,647,128,725,366,633,412,626,172,630,295,617,6
1786209877.557,740,698,939,708,958,536,946,530,751,317,864,343,840,182,1000,82,868,159,808,358,875,233,815,396,856,57,702,396,750,133,704,207,780,171,695,370,695,132,721,345,635,97
1786209877.657,782,715,874,683,919,490,925,173,1000,205,960,459,909,56,1000,55,917,27,832,174,851,191,859,282,839,131,734,264,726,128,732,158,681,421,672,349,529,155,622,265,664,216
1786209877.757,734,724,847,729,1000,545,919,217,885,223,853,321,840,149,965,153,855,0,813,253,758,0,772,172,804,0,686,285,674,212,756,275,664,281,654,449,727,337,598,121,615,89
1786209877.857,812,769,901,695,1000,547,944,442,950,143,1000,271,1000,143,996,124,871,203,899,295,863,104,819,313,835,276,777,422,773,212,724,241,653,268,590,319,662,197,715,206,715,136
1786209877.957,728,776,867,678,950,339,933,526,916,410,978,368,1000,131,1000,167,955,0,845,356,832,250,881,152,822,138,712,314,728,30,722,268,738,201,595,253,594,75,624,113,644,91
1786209878.057,659,695,882,694,957,521,944,330,819,287,885,409,907,170,890,106,890,27,874,292,862,140,853,279,852,354,753,279,645,130,747,361,760,154,620,348,654,234,595,112,579,70
1786209878.157,730,702,850,690,994,624,957,191,757,308,919,296,879,80,992,191,947,155,766,316,787,249,840,4,755,171,691,383,623,182,635,166,655,201,599,296,679,192,454,191,730,236
1786209878.257,768,709,902,645,982,587,921,145,852,335,1000,320,978,102,909,144,1000,91,838,250,791,240,743,95,804,205,727,361,865,108,740,127,787,576,636,415,571,340,735,195,677,0
1786209878.357,709,753,977,591,977,593,996,332,998,390,1000,300,949,107,927,99,899,282,827,263,799,40,847,84,785,388,707,339,688,149,689,191,646,365,758,387,573,289,530,122,599,345
1786209878.457,759,678,909,641,995,449,946,259,879,134,870,270,890,126,945,212,886,0,826,186,832,157,843,445,819,89,774,307,708,322,767,91,675,0,592,424,595,77,655,230,598,79
1786209878.557,733,735,892,594,921,471,914,411,945,211,962,329,957,0,931,79,929,43,763,273,799,224,809,118,754,670,775,319,645,73,819,427,747,56,615,284,733,213,678,320,538,192
1786209878.657,722,781,900,661,975,454,924,267,930,414,960,205,962,205,1000,27,983,260,769,338,734,154,764,264,814,123,758,250,717,240,706,233,715,496,699,339,616,144,769,301,693,405
1786209878.757,731,722,939,642,961,525,920,448,934,220,993,232,923,274,934,17,946,58,851,368,816,0,844,67,842,339,778,365,701,178,749,322,670,396,561,199,534,275,666,234,590,254
1786209878.857,707,720,838,689,943,531,951,542,894,457,971,236,913,134,966,174,964,3,823,267,838,34,815,0,762,476,806,264,741,224,801,248,667,54,655,217,531,303,793,138,618,167
1786209878.957,742,700,870,695,943,504,975,351,757,0,853,396,929,183,1000,33,1000,77,851,248,771,158,786,195,710,0,708,231,869,201,740,72,688,116,687,246,604,269,481,18,530,150
1786209879.057,715,768,778,647,1000,391,946,443,1000,125,945,317,887,58,881,378,988,96,781,333,758,180,858,165,786,94,774,304,800,50,653,226,758,202,698,279,623,324,739,187,820,194
1786209879.157,797,719,868,710,1000,502,921,661,865,301,806,275,993,145,1000,140,909,273,949,385,827,142,734,225,836,0,734,383,702,212,611,454,690,157,650,331,673,199,590,318,436,0
1786209879.257,742,764,911,555,947,564,922,328,926,300,952,302,975,203,981,176,979,36,802,309,919,173,900,356,890,436,689,235,673,272,709,137,705,309,609,310,606,309,522,211,604,276
1786209879.357,728,698,967,725,979,545,929,379,1000,456,858,342,948,197,1000,57,926,0,835,302,925,92,861,0,913,190,737,293,740,142,733,392,707,156,627,412,614,192,638,333,537,298
1786209879.457,746,748,875,664,999,392,928,158,1000,459,791,339,932,203,956,110,933,198,794,269,852,220,831,128,733,0,722,319,698,108,656,237,812,69,637,295,654,220,689,224,638,45
1786209879.557,701,750,884,743,921,574,952,241,661,207,891,278,994,120,954,23,953,0,858,360,744,300,793,226,854,65,700,279,739,231,803,378,805,387,673,317,593,98,715,216,653,0
1786209879.657,708,769,889,637,963,644,942,369,887,319,995,486,1000,174,997,16,935,13,795,359,889,56,807,108,849,383,831,389,774,112,686,223,886,230,700,316,621,229,596,290,538,0
1786209879.757,723,753,841,756,968,509,923,428,975,318,941,331,894,270,926,240,882,186,834,301,790,206,843,392,850,113,712,330,791,217,782,254,617,304,630,431,710,386,616,156,607,161
1786209879.857,739,698,875,582,1000,487,937,419,959,22,881,412,992,63,997,173,899,88,738,349,898,130,816,233,805,0,779,389,751,293,717,273,688,43,583,369,627,325,517,241,752,198
1786209879.957,767,821,933,607,955,529,947,508,886,282,988,216,971,106,977,95,958,30,724,319,754,268,844,269,802,182,626,334,659,211,663,296,741,0,696,331,575,320,592,191,738,242
1786209880.057,756,728,846,650,866,551,964,181,920,0,1000,274,915,215,963,14,937,134,782,348,755,201,741,135,735,328,786,423,695,129,782,223,692,87,640,431,566,344,615,351,615,312
1786209880.157,701,749,902,589,1000,399,977,297,953,348,901,252,930,118,958,126,900,0,803,290,782,184,805,299,835,291,706,394,729,287,774,189,694,235,626,296,566,396,541,0,657,66
1786209880.257,721,681,892,674,1000,542,941,167,820,179,855,404,1000,115,979,138,909,99,724,190,841,227,861,62,860,303,751,298,690,243,769,188,756,306,634,296,626,305,572,344,577,467
1786209880.357,763,716,816,641,955,479,931,359,880,187,986,392,945,231,971,78,955,0,776,336,846,190,823,0,741,252,764,260,802,139,791,0,680,283,625,403,636,355,595,84,614,115
1786209880.457,707,700,812,715,904,497,952,397,884,101,874,310,943,61,970,57,1000,0,851,304,811,202,780,147,762,423,707,269,782,58,818,202,792,317,555,392,565,210,733,145,709,27
1786209880.557,788,728,893,659,969,406,935,270,777,302,1000,252,1000,145,919,101,1000,129,843,336,753,239,775,73,793,142,731,287,688,138,726,0,732,465,652,397,696,284,590,153,638,0
1786209880.657,828,733,939,657,971,500,982,645,764,259,948,193,909,189,917,122,958,32,776,229,706,196,808,325,848,199,747,190,734,172,684,160,771,103,628,385,609,246,620,338,642,0
1786209880.757,763,708,852,655,1000,540,998,362,950,530,972,342,868,76,955,191,929,161,781,253,844,160,797,122,741,181,666,287,708,295,665,278,741,8,641,252,625,212,682,128,472,88
1786209880.857,756,738,849,711,956,559,949,433,953,470,875,353,876,200,861,254,950,113,741,363,883,139,794,140,902,168,738,372,593,181,709,235,779,406,628,335,623,296,699,48,656,148
1786209880.957,810,691,824,640,994,546,934,474,851,405,838,247,921,151,901,61,955,176,785,206,825,191,764,379,772,138,720,253,808,117,822,176,712,88,668,484,592,205,719,81,574,396
1786209881.057,748,700,901,602,1000,363,922,399,781,293,956,262,937,222,962,226,898,0,891,320,807,112,857,139,855,411,736,216,745,271,792,237,626,126,617,405,644,308,584,235,467,115
1786209881.157,676,798,894,680,915,494,966,253,849,439,857,284,899,183,977,232,953,223,843,204,822,160,869,173,798,34,719,302,746,126,856,97,653,315,584,347,585,287,636,342,660,187
1786209881.257,740,696,844,672,994,480,943,309,920,292,960,271,941,276,1000,104,994,225,866,177,748,118,791,78,844,294,810,267,683,201,652,460,709,200,644,335,607,433,632,266,595,277
1786209881.357,734,742,895,698,999,501,949,225,873,306,978,149,961,95,977,213,933,243,868,304,739,185,775,0,761,425,737,391,796,208,692,77,727,40,590,300,608,210,621,259,617,299
1786209881.457,760,770,869,614,958,434,969,182,917,318,966,333,941,69,1000,117,920,101,881,278,878,171,853,214,850,341,750,416,710,277,689,269,680,56,695,492,614,144,626,121,722,275
1786209881.557,755,728,843,705,964,429,989,643,901,339,1000,293,1000,111,963,53,924,0,849,322,768,320,820,168,767,324,691,359,672,220,714,318,652,305,597,300,653,235,650,297,641,158
1786209881.657,695,816,898,663,955,518,948,417,839,515,964,188,960,220,878,197,963,0,815,219,862,80,769,194,920,402,687,225,686,82,769,302,786,225,644,270,637,339,600,257,634,95
1786209881.757,752,801,934,630,974,555,951,205,824,375,1000,269,891,245,952,93,927,73,862,310,742,146,908,313,879,37,747,372,720,277,676,243,694,505,636,330,562,302,654,208,672,349
1786209881.857,740,749,898,593,989,386,949,421,733,298,901,296,987,306,975,122,876,236,816,183,761,61,760,302,826,281,607,360,748,52,654,365,694,413,639,309,615,59,651,72,500,0
1786209881.957,698,755,840,693,1000,572,996,410,937,206,782,336,868,45,885,165,978,106,768,276,891,136,791,342,930,127,659,313,699,299,652,95,708,351,593,420,596,100,573,52,538,484
1786209882.057,738,773,856,687,933,625,942,256,780,139,845,434,932,133,1000,226,880,233,806,286,790,145,786,145,795,269,753,317,791,268,799,118,660,270,656,275,640,83,605,60,659,304
1786209882.157,654,615,943,617,945,428,979,465,859,382,939,335,978,155,916,182,942,87,830,254,753,109,827,174,762,0,677,296,797,96,765,32,777,81,635,394,627,251,633,424,539,157
1786209882.257,733,699,909,646,1000,509,939,556,732,374,1000,210,942,193,900,159,999,167,920,225,808,42,793,244,829,87,725,174,718,305,637,212,813,14,630,427,760,253,648,75,655,130
1786209882.357,745,751,864,715,992,451,917,524,982,329,844,293,973,83,1000,36,883,112,888,126,777,0,882,86,899,0,684,283,739,191,688,0,713,176,618,439,608,355,658,274,690,237
1786209882.457,718,751,912,684,904,561,968,454,861,193,920,379,864,159,846,22,984,117,767,338,789,187,838,262,861,150,721,399,672,226,687,222,838,0,577,444,635,170,619,187,610,394
1786209882.557,698,724,828,655,940,526,945,423,1000,136,931,204,947,200,925,147,949,151,763,367,804,32,770,38,789,32,663,194,715,295,732,137,666,0,627,331,651,200,714,61,550,244
1786209882.657,714,711,840,608,877,455,919,389,883,205,891,390,899,230,1000,140,918,67,863,272,941,97,851,294,734,222,717,286,767,171,806,50,660,154,612,287,500,320,650,270,575,266
1786209882.757,815,754,874,667,1000,421,946,359,919,195,802,318,1000,190,885,86,923,258,817,368,830,162,766,277,789,386,732,301,679,152,699,221,826,0,644,470,559,195,681,71,737,378
1786209882.857,743,621,853,703,953,504,1000,392,907,241,1000,385,918,99,902,88,901,101,867,242,784,111,833,67,742,142,734,299,711,250,791,207,738,576,628,316,550,289,536,137,558,0
1786209882.957,790,738,806,676,1000,537,978,421,954,279,1000,370,959,89,991,203,1000,83,845,321,721,221,840,133,775,0,759,262,743,182,740,389,762,301,616,381,621,119,617,351,567,235
1786209883.057,729,733,866,674,924,543,937,376,908,326,908,227,914,128,859,83,985,0,863,259,790,142,832,133,790,431,737,213,610,296,777,239,739,213,643,360,678,312,639,235,689,272
1786209883.157,729,626,904,708,957,424,973,466,815,355,895,338,1000,193,911,83,1000,226,802,288,802,170,856,244,851,60,736,365,793,26,751,375,609,483,733,358,651,147,755,243,448,332
1786209883.257,698,713,887,664,983,535,983,197,933,314,908,226,966,81,861,107,962,11,730,293,880,102,748,0,780,190,710,325,722,263,717,297,733,251,646,273,618,176,574,256,665,80
1786209883.357,759,716,913,750,989,495,931,379,805,260,868,372,915,153,859,96,919,0,809,129,761,31,854,181,688,362,750,300,733,178,704,226,734,55,670,289,606,304,695,319,509,150
1786209883.457,689,693,847,652,944,314,955,344,992,280,808,219,850,135,1000,155,942,0,846,276,833,194,793,217,908,410,771,469,815,302,666,60,654,383,671,377,566,314,608,186,680,154
1786209883.557,729,679,809,704,982,437,958,358,784,277,938,197,993,173,1000,208,1000,12,854,300,898,259,900,156,755,25,749,225,727,172,596,249,772,451,615,271,601,127,661,223,545,113
1786209883.657,792,730,843,642,976,633,921,522,862,463,852,421,1000,304,940,120,903,0,870,296,844,188,752,42,855,262,726,335,789,257,739,274,820,134,648,343,588,213,563,333,599,213
1786209883.757,772,785,877,659,999,533,919,547,908,400,944,349,935,211,973,179,875,0,830,268,882,90,861,0,740,181,747,351,765,212,720,111,623,350,601,355,668,490,622,82,640,0
1786209883.857,726,733,881,711,999,454,983,504,816,73,789,356,1000,124,940,158,949,128,931,284,829,114,871,362,828,254,792,281,732,66,732,188,803,182,625,458,612,286,716,143,691,62
1786209883.957,757,765,850,573,923,514,921,307,931,254,927,268,1000,99,938,158,889,90,814,347,822,112,831,315,801,196,727,335,678,328,801,171,858,0,676,604,609,307,683,185,670,449
1786209884.057,700,752,916,637,974,541,931,530,914,203,855,297,929,191,886,78,1000,0,795,216,832,212,996,301,757,289,727,277,717,255,772,39,733,20,645,314,666,207,583,217,628,155
1786209884.157,716,639,958,610,979,530,1000,625,922,155,862,271,942,119,895,126,898,237,782,249,825,58,798,9,813,38,709,317,696,243,669,153,711,374,684,277,601,64,627,216,730,152
1786209884.257,728,716,897,673,987,656,910,36,948,285,887,384,953,124,983,172,964,0,782,315,844,261,787,184,875,161,738,305,745,225,634,300,832,0,653,386,552,165,584,235,533,71
1786209884.357,746,765,876,621,957,518,988,405,1000,402,996,268,986,170,1000,96,1000,273,795,316,747,292,709,0,808,18,687,285,764,263,750,281,733,419,644,290,608,251,681,248,543,313
1786209884.457,719,752,806,686,1000,467,959,378,828,418,909,287,977,172,973,131,954,81,791,247,786,118,970,248,781,366,814,273,693,52,709,321,710,12,575,367,589,405,630,120,692,502
1786209884.557,801,698,820,612,999,482,931,451,813,427,861,290,1000,166,892,225,986,243,737,315,784,111,848,0,824,458,737,382,722,123,833,190,654,0,631,406,622,102,632,336,621,410
1786209884.657,701,767,895,684,988,480,956,305,911,330,908,304,865,160,969,137,942,0,844,213,782,70,765,201,748,0,801,434,766,165,789,285,612,443,585,309,638,256,651,349,649,205
1786209884.757,791,730,869,681,1000,454,904,354,1000,369,891,314,890,15,927,51,921,0,912,358,793,159,869,220,799,269,719,298,804,220,720,85,763,418,688,525,570,58,689,72,548,268
1786209884.857,744,708,839,664,948,512,923,252,757,340,883,364,822,46,932,73,887,58,810,353,833,240,893,110,871,341,729,343,726,183,739,258,792,10,671,264,618,253,469,177,661,162
1786209884.957,698,760,840,671,964,497,953,283,965,184,973,288,834,94,1000,201,849,9,726,302,785,183,850,360,902,527,772,298,625,127,648,276,856,40,575,273,716,339,694,55,695,188
1786209885.057,765,692,873,640,998,660,915,330,976,237,872,320,922,295,956,155,897,103,821,341,853,114,823,297,785,524,679,290,671,226,725,39,856,101,554,362,629,176,574,208,555,315
1786209885.157,762,735,824,618,984,533,949,417,933,294,927,201,946,144,902,161,933,120,724,283,852,127,807,212,816,419,755,339,733,281,749,73,793,64,663,264,534,207,731,95,552,67
1786209885.257,659,783,955,656,935,469,922,366,963,518,875,252,977,135,938,100,948,144,824,247,872,144,887,62,791,0,762,336,744,160,768,288,697,591,640,359,669,166,626,131,543,265
1786209885.357,634,674,907,603,942,522,962,415,945,150,953,281,796,286,919,120,900,145,803,244,947,0,790,206,756,50,742,135,790,201,733,212,694,154,643,306,602,266,537,275,796,498
1786209885.457,744,685,934,656,1000,449,933,411,830,541,956,437,881,87,1000,8,996,110,803,361,902,161,830,204,812,0,692,392,690,110,704,183,644,183,642,295,639,470,607,68,704,333
1786209885.557,776,746,849,669,944,599,974,170,850,403,848,316,847,124,939,39,941,145,777,343,872,141,727,109,830,0,724,250,715,170,722,279,714,541,699,376,648,183,650,273,669,345
1786209885.657,748,745,929,667,942,544,966,311,856,309,999,279,867,40,879,38,912,32,849,379,864,103,786,473,740,348,693,361,776,202,785,650,649,426,689,245,642,218,668,238,690,42
1786209885.757,815,741,945,682,1000,506,981,240,976,196,912,239,908,133,970,146,919,153,849,273,800,131,918,111,871,52,712,340,751,213,764,300,768,113,625,345,682,290,633,231,554,141
1786209885.857,714,766,883,712,1000,563,924,332,750,529,1000,249,921,111,901,19,973,0,824,243,733,109,745,184,846,288,742,352,669,164,707,25,681,0,632,385,599,148,633,161,581,427
1786209885.957,772,738,852,646,932,452,946,66,1000,344,870,413,979,217,924,157,861,122,806,359,801,114,875,314,855,264,761,291,673,212,627,390,725,183,599,437,660,252,661,223,689,125
1786209886.057,733,753,814,612,1000,441,988,313,795,451,959,364,878,191,796,148,896,242,872,307,874,335,814,224,754,31,690,311,735,136,741,346,741,429,564,234,656,252,632,224,549,0
1786209886.157,768,774,845,579,963,455,970,243,948,306,1000,352,922,186,941,14,963,83,716,199,791,222,784,271,856,153,765,304,679,171,681,322,759,519,636,373,638,277,655,124,640,186
1786209886.257,816,668,909,724,929,658,953,333,898,320,938,234,970,21,922,97,939,82,839,207,822,90,832,390,822,466,743,264,728,33,739,383,670,429,600,336,566,232,814,143,619,183
1786209886.357,727,776,847,676,952,618,955,372,949,485,984,375,1000,157,1000,179,961,78,749,300,776,123,823,342,810,12,667,235,825,145,624,255,694,212,676,432,617,260,710,121,540,258
1786209886.457,694,716,874,671,956,574,947,164,907,312,904,297,916,88,1000,164,965,65,779,93,878,311,748,0,849,504,698,440,741,0,789,183,723,162,642,285,560,283,550,87,489,328
1786209886.557,823,682,843,663,1000,498,991,268,888,297,816,305,961,37,905,247,902,102,809,254,759,183,770,136,878,28,782,277,706,222,645,310,670,250,589,371,548,182,592,269,732,106
1786209886.657,719,705,942,652,989,530,927,418,993,232,980,333,878,279,976,31,894,227,774,206,740,106,851,214,753,134,759,249,707,318,728,427,683,132,692,349,557,405,644,427,582,152
1786209886.757,758,786,919,567,938,514,968,313,854,321,870,268,953,153,885,138,954,237,822,371,717,152,791,127,837,0,656,348,726,132,798,350,751,0,696,212,563,300,533,369,766,280
1786209886.857,705,683,808,675,973,517,985,446,913,304,860,348,957,242,953,286,988,0,836,380,789,108,900,70,846,167,762,269,683,271,814,192,757,381,647,394,714,118,690,457,705,0
1786209886.957,795,732,900,705,1000,445,950,388,814,396,907,320,917,202,913,117,936,31,732,341,818,130,815,282,924,0,750,276,788,88,730,195,663,88,625,356,495,206,675,363,652,266
1786209887.057,685,720,821,656,1000,607,969,392,866,378,886,464,990,233,917,88,903,0,895,341,799,111,889,245,795,392,815,269,695,171,741,211,642,35,644,451,634,310,648,192,568,239
1786209887.157,779,685,899,641,984,450,952,244,970,299,1000,335,889,30,1000,79,892,233,802,356,838,12,848,71,754,0,680,283,720,199,774,0,604,702,636,383,546,289,693,0,664,254
1786209887.257,638,739,846,682,999,537,941,304,906,257,833,327,934,141,924,106,906,181,802,300,784,74,810,263,868,312,689,311,712,242,753,133,751,327,653,343,587,196,763,74,763,476
1786209887.357,683,709,861,639,942,553,955,419,875,262,877,347,1000,65,978,139,884,0,810,261,872,127,789,133,804,235,778,224,736,86,783,12,804,400,605,308,521,79,608,232,703,135
1786209887.457,727,685,868,667,994,500,973,357,876,398,971,291,1000,177,946,98,955,182,829,310,763,93,778,213,760,0,669,344,801,259,663,103,692,0,630,377,570,128,676,106,573,0
1786209887.557,767,782,860,661,989,550,946,286,874,240,936,239,1000,312,906,66,898,37,913,257,826,121,714,119,814,456,653,372,728,180,665,376,750,206,634,410,576,353,764,174,721,86
1786209887.657,689,710,892,653,986,521,937,211,884,108,926,336,815,256,924,155,906,44,905,204,794,159,692,75,857,0,738,330,742,107,733,61,712,385,602,382,618,296,503,346,502,0
1786209887.757,776,730,855,701,963,432,981,386,779,189,861,232,936,150,961,159,973,198,849,319,869,187,769,22,765,241,717,323,703,118,578,55,836,404,607,308,595,324,684,322,558,462
1786209887.857,722,764,887,595,946,500,927,182,849,465,955,275,956,48,939,0,882,174,793,264,814,271,632,74,934,388,753,324,702,82,699,196,798,278,640,297,595,78,639,64,603,337
1786209887.957,741,744,926,689,961,358,937,342,886,73,932,363,922,189,908,135,1000,41,764,343,805,95,777,209,817,409,748,371,716,222,720,449,757,0,629,359,620,300,595,211,693,0
1786209888.057,696,805,858,696,1000,410,926,356,830,345,954,328,941,202,997,211,947,0,815,340,875,236,807,210,842,445,697,339,690,275,723,247,680,131,723,388,632,348,722,206,575,156
1786209888.157,719,736,886,763,923,410,933,1,727,115,991,220,850,89,960,85,920,27,757,233,778,203,760,303,850,0,748,311,785,126,761,320,625,472,607,378,610,214,576,142,661,403
1786209888.257,686,712,886,671,990,586,904,288,976,268,853,226,943,123,1000,109,901,223,820,347,915,267,835,269,883,15,673,444,653,358,685,97,778,0,748,480,704,99,708,348,641,312
1786209888.357,756,687,855,651,903,557,978,408,1000,338,923,275,959,0,1000,147,986,212,862,227,650,320,817,145,803,103,730,303,722,169,775,311,698,253,589,389,712,307,622,99,678,86
1786209888.457,734,762,840,667,923,480,937,498,906,204,897,385,858,92,891,132,941,73,821,206,773,200,744,154,864,224,701,357,680,192,681,21,723,453,687,397,660,296,614,67,642,328
1786209888.557,765,741,889,608,1000,495,894,339,894,363,918,274,915,156,932,259,921,6,879,295,866,149,852,331,887,321,639,205,731,77,663,333,690,104,622,430,689,431,680,392,580,0
1786209888.657,755,725,946,648,942,482,947,359,900,470,852,375,982,181,962,89,873,129,800,334,804,220,869,292,879,183,775,283,689,194,798,189,785,19,559,311,619,316,612,397,665,143
1786209888.757,741,693,864,656,977,482,961,167,981,289,968,386,954,225,958,142,914,218,830,388,763,112,761,311,846,0,694,231,768,278,698,0,610,472,691,454,615,54,658,154,755,288
1786209888.857,740,718,932,635,908,509,977,546,754,461,918,370,865,126,971,120,930,52,824,297,763,114,846,169,841,156,706,377,749,179,768,297,696,248,655,379,716,286,668,85,818,0
1786209888.957,712,713,861,628,898,587,935,108,863,351,826,357,961,87,954,233,938,35,782,416,809,138,860,251,747,222,709,387,658,247,614,300,777,38,675,336,506,256,576,318,723,114
1786209889.057,691,732,906,639,988,567,978,399,742,252,909,320,802,93,932,151,1000,159,774,240,785,127,827,74,805,150,746,280,678,134,747,120,773,287,592,432,626,173,742,209,655,182
1786209889.157,787,800,885,666,1000,469,955,279,1000,436,1000,280,994,189,955,235,895,23,797,199,719,143,853,158,775,401,681,183,639,305,713,382,804,0,641,399,565,120,658,72,650,299
1786209889.257,766,763,930,623,1000,466,920,480,940,65,975,333,946,118,1000,230,964,0,762,240,868,132,847,115,886,0,721,292,751,215,808,385,688,224,638,307,540,229,682,233,654,406
1786209889.357,699,702,856,706,1000,522,986,247,852,340,910,373,1000,149,960,185,969,279,845,299,771,182,770,73,837,126,624,465,643,168,658,182,704,83,634,271,651,268,631,273,703,0
1786209889.457,793,796,911,650,1000,583,910,311,939,123,989,300,889,142,914,1,934,43,830,223,828,337,754,192,832,197,730,313,695,314,748,134,804,73,590,316,698,135,609,143,690,10
1786209889.557,756,682,921,685,1000,516,921,448,938,190,847,319,952,214,911,147,979,0,706,307,834,109,742,396,819,205,709,297,702,291,864,112,796,531,603,306,559,180,572,185,539,275
1786209889.657,764,716,828,671,980,452,938,301,955,318,812,479,920,216,944,85,978,283,767,243,898,311,835,341,792,0,728,404,680,310,795,238,904,185,583,322,642,173,583,266,690,226
1786209889.757,731,711,843,653,914,461,957,220,712,230,850,277,991,222,938,160,1000,61,775,340,794,75,804,230,834,0,750,209,651,288,627,0,757,97,622,449,679,311,628,270,595,83
1786209889.857,732,756,941,706,998,495,942,382,903,149,899,316,979,151,1000,78,946,75,845,296,804,198,775,31,864,189,798,308,643,219,623,5,732,255,644,292,580,462,556,118,733,53
1786209889.957,723,734,859,709,1000,559,986,341,995,354,867,348,920,37,869,53,1000,0,811,331,812,130,776,356,794,0,709,326,678,218,722,264,815,0,621,283,584,241,625,14,544,355
1786209890.057,681,759,791,598,991,610,974,294,824,348,823,344,913,285,955,108,945,50,849,236,874,129,858,273,824,308,711,351,635,108,714,0,736,631,608,348,571,323,613,209,615,139
1786209890.157,686,739,863,604,889,491,941,201,958,222,956,255,923,108,922,136,923,156,765,247,837,223,820,271,772,99,756,283,693,158,656,78,689,495,620,320,657,230,596,200,565,0
1786209890.257,769,744,791,695,959,484,972,240,892,482,904,284,1000,113,973,31,971,29,870,258,846,12,811,193,767,192,849,239,739,143,792,250,700,240,711,312,670,138,653,199,714,171
1786209890.357,781,702,822,625,989,426,891,315,901,232,854,395,988,183,1000,57,926,214,832,409,731,20,791,252,852,143,777,336,720,288,728,120,717,15,630,288,551,189,532,297,675,340
1786209890.457,712,750,825,641,1000,587,952,434,868,425,867,322,1000,116,940,150,977,9,843,360,869,153,799,183,781,281,737,142,735,150,734,414,675,138,629,254,627,268,602,274,735,71
1786209890.557,727,721,951,686,1000,490,995,472,812,133,926,350,924,98,987,145,932,10,821,245,866,212,769,77,881,328,762,385,667,171,831,414,766,256,662,340,585,161,764,143,704,0
1786209890.657,713,728,851,633,1000,528,934,281,773,144,858,283,1000,113,919,81,955,0,773,368,833,169,861,189,757,273,756,205,732,236,764,325,755,411,596,454,522,304,567,354,681,93
1786209890.757,722,716,906,607,958,538,899,204,990,40,863,428,964,258,903,23,940,136,740,295,778,161,867,152,875,144,771,366,748,204,824,244,775,0,670,416,601,339,565,100,658,234
1786209890.857,712,686,925,601,988,443,956,340,1000,477,912,395,841,145,928,0,915,213,833,330,764,89,810,225,847,192,706,273,682,132,676,286,734,319,626,339,524,295,651,225,695,448
1786209890.957,703,786,929,647,921,523,978,208,782,369,930,373,960,185,948,123,965,0,822,266,795,203,857,276,857,235,668,291,738,199,775,256,736,59,624,417,606,299,516,115,515,0
1786209891.057,663,726,937,599,969,487,950,329,830,0,956,385,942,160,876,85,959,0,819,438,831,72,955,227,775,167,656,252,760,94,645,339,863,323,714,265,647,328,595,100,622,235
1786209891.157,724,740,820,675,1000,523,928,167,896,216,1000,412,841,135,905,38,928,3,778,227,887,141,813,331,800,242,699,274,722,202,766,356,727,427,603,395,583,170,692,0,677,211
1786209891.257,739,794,828,616,1000,488,980,432,916,264,907,452,910,238,897,58,943,72,873,277,794,61,933,12,972,305,751,206,744,70,715,359,643,343,623,385,551,345,670,113,574,380
1786209891.357,716,701,897,689,944,605,948,461,965,116,992,385,962,0,952,57,875,71,713,288,875,197,875,147,839,0,645,232,679,129,794,196,860,514,595,417,678,200,628,134,799,435
1786209891.457,722,792,855,701,980,497,922,287,939,301,902,415,951,156,915,141,962,104,854,251,765,137,837,304,928,300,641,387,737,135,771,271,701,239,600,331,553,267,650,341,701,75
1786209891.557,747,748,840,699,955,457,944,158,738,369,882,229,854,55,904,0,965,133,784,382,784,153,883,144,856,309,709,289,647,0,681,246,656,336,619,415,565,226,551,0,611,0
1786209891.657,730,748,811,696,916,452,931,380,936,361,880,351,991,109,867,96,986,275,716,313,838,266,824,206,798,16,706,334,657,278,739,11,747,104,709,234,615,158,671,320,532,207
1786209891.757,797,765,942,678,909,388,934,273,1000,556,963,357,895,196,873,43,1000,121,860,131,797,117,870,294,860,208,794,254,702,319,730,384,703,240,684,438,618,112,569,166,663,59
1786209891.857,750,744,854,588,990,382,970,607,890,223,1000,295,959,209,903,226,986,330,854,273,758,166,821,331,807,56,651,301,680,157,713,228,675,80,700,327,660,197,610,328,592,317
1786209891.957,755,718,825,694,941,482,934,154,889,13,960,359,938,58,966,0,935,227,840,253,759,341,795,160,790,16,620,267,711,109,578,248,728,507,633,209,690,343,540,271,731,439
1786209892.057,783,744,872,639,940,412,961,334,853,272,989,362,834,349,994,86,936,76,771,270,769,225,733,108,767,501,766,342,772,191,716,199,702,351,679,393,598,182,767,168,729,117
1786209892.157,719,749,940,679,943,675,955,328,940,154,971,241,980,282,899,129,951,191,850,301,888,173,783,56,875,445,739,208,689,289,755,19,761,205,676,314,693,209,441,139,647,201
1786209892.257,714,674,924,728,927,565,965,209,919,670,842,408,942,134,1000,77,939,74,775,378,844,326,824,172,800,135,798,269,739,161,651,258,637,264,619,318,615,233,614,271,630,622
1786209892.357,691,690,858,629,1000,628,938,415,922,231,959,371,852,62,927,98,939,0,771,271,761,246,868,255,867,109,712,335,755,215,741,261,789,429,629,389,509,88,605,137,754,133
1786209892.457,747,741,814,675,970,615,934,428,937,179,780,316,1000,181,984,76,970,0,854,184,850,114,858,180,871,263,735,388,739,318,723,188,676,106,628,297,656,123,572,0,581,372
1786209892.557,713,701,842,677,1000,565,914,518,974,354,854,251,901,113,950,0,878,64,874,275,829,238,776,67,761,136,702,420,728,238,676,209,712,253,655,320,611,328,569,293,650,298
1786209892.657,721,772,847,683,990,514,975,484,946,528,898,295,960,142,923,18,970,77,821,227,800,174,756,165,794,167,723,217,759,1,737,352,725,0,672,232,604,328,620,213,717,0
1786209892.757,734,733,841,638,1000,370,944,273,904,221,933,310,946,148,945,134,938,68,875,233,929,90,792,0,801,342,688,400,707,81,677,277,698,531,609,337,588,310,533,0,591,145
1786209892.857,668,749,905,649,939,607,920,417,847,316,970,336,844,228,850,166,955,58,848,221,752,197,799,358,798,3,848,211,724,195,765,171,714,186,715,406,577,185,618,107,516,72
1786209892.957,698,792,878,604,955,534,968,378,932,273,914,542,911,56,920,113,866,142,793,141,819,95,867,66,789,247,715,244,668,278,694,58,715,186,663,255,713,184,735,234,670,310
1786209893.057,717,681,905,749,969,507,957,185,987,127,1000,332,1000,15,982,133,924,212,864,307,710,132,861,111,831,301,787,323,670,281,711,283,692,0,585,445,620,293,756,318,764,13
1786209893.157,733,699,828,639,936,461,951,393,970,367,1000,460,917,176,942,49,976,177,860,358,788,254,879,0,794,274,858,325,733,168,720,417,737,508,629,374,526,181,608,205,622,156
1786209893.257,780,716,902,665,955,656,965,341,941,370,917,246,923,0,911,166,949,60,849,359,826,137,804,81,857,555,675,271,732,164,760,102,605,400,671,405,727,189,743,386,609,0
1786209893.357,695,758,829,672,959,522,972,402,961,547,806,333,941,157,843,135,913,164,955,222,838,22,824,295,840,428,761,189,811,76,829,304,752,553,663,414,632,177,561,454,738,160
1786209893.457,709,793,915,706,1000,589,999,454,776,247,953,337,988,159,872,141,855,0,851,233,798,193,789,232,876,36,706,351,694,235,753,172,811,0,665,197,627,236,551,387,552,126
1786209893.557,777,741,858,639,969,475,952,279,963,208,832,509,999,103,899,168,907,200,850,314,829,265,806,201,778,293,693,390,783,62,782,53,704,211,619,320,665,323,619,210,674,13
1786209893.657,734,724,886,617,984,523,1000,204,1000,547,1000,279,998,19,844,80,892,0,906,247,843,367,811,34,909,159,769,124,731,183,704,342,690,160,643,406,609,217,616,191,536,299
1786209893.757,764,671,855,716,973,480,920,502,828,383,1000,322,1000,193,988,103,896,39,806,313,856,40,824,221,819,0,749,333,758,171,741,289,733,0,542,288,531,252,562,135,755,117
1786209893.857,777,734,812,662,868,519,924,353,832,449,925,292,917,173,923,0,911,89,786,312,825,0,781,338,843,297,774,291,688,251,787,377,692,344,634,395,617,228,677,172,603,347
1786209893.957,748,695,924,721,981,480,990,535,813,256,919,428,993,130,940,113,901,144,847,335,831,75,784,191,861,235,676,171,714,218,769,445,798,336,616,446,564,325,745,372,602,0
1786209894.057,704,734,862,673,890,560,932,355,847,391,888,195,975,30,932,196,961,91,828,225,840,193,827,185,809,326,704,217,762,88,683,271,750,183,699,413,616,182,643,232,714,148
1786209894.157,771,682,889,635,969,487,920,269,848,523,890,182,903,16,891,0,908,128,803,271,949,111,827,196,829,77,765,388,720,275,755,237,668,191,681,318,626,138,650,264,796,216
1786209894.257,744,727,870,651,1000,466,978,345,817,217,880,277,877,97,823,127,910,64,782,386,725,226,738,98,834,532,766,133,734,126,860,256,788,44,599,342,582,259,599,207,698,185
1786209894.357,722,706,851,691,962,435,938,452,861,0,977,297,988,124,963,160,903,0,766,309,812,154,837,146,793,39,748,423,691,221,799,127,837,32,662,267,650,174,482,371,644,95
1786209894.457,724,725,859,648,962,645,889,120,926,0,892,259,942,106,934,66,879,60,850,337,829,252,820,280,803,267,818,320,777,188,654,236,763,382,609,609,680,339,682,113,600,268
1786209894.557,663,715,852,687,925,647,1000,405,993,358,889,249,963,103,989,75,945,0,777,391,796,126,784,126,811,0,767,334,760,285,733,229,766,0,623,414,668,420,622,351,625,6
1786209894.657,739,724,856,621,957,443,1000,461,789,212,898,299,898,147,989,94,882,0,725,314,826,141,787,135,829,80,733,291,721,23,770,252,702,153,661,336,654,240,685,99,639,0
1786209894.757,696,681,867,650,942,408,905,222,962,295,866,307,958,164,915,83,914,218,854,381,826,82,881,146,760,13,762,317,680,132,877,274,719,304,557,278,579,344,502,101,632,107
1786209894.857,695,722,944,698,897,509,903,386,966,110,945,419,823,164,947,113,888,120,804,311,783,158,949,4,671,209,717,294,664,216,805,121,789,269,656,357,598,288,592,323,710,148
1786209894.957,692,732,923,643,974,486,938,548,966,187,799,346,897,176,930,209,928,111,935,374,730,135,789,251,788,0,736,372,709,171,719,115,716,157,664,429,662,194,509,184,675,333
1786209895.057,724,711,822,696,902,567,933,219,1000,126,835,451,977,188,951,73,913,275,820,251,887,100,840,345,807,0,770,394,717,171,723,227,709,560,647,346,664,195,611,268,627,298
1786209895.157,721,748,909,704,882,525,970,243,979,320,896,343,989,0,1000,0,886,242,871,265,872,182,828,0,765,120,627,360,713,287,695,30,670,275,686,347,675,230,666,409,668,64
1786209895.257,743,736,859,631,1000,484,888,281,823,259,831,276,958,50,996,123,943,45,835,346,832,241,823,282,837,0,692,252,676,106,788,414,631,370,664,501,618,98,529,339,569,293
1786209895.357,731,766,807,666,1000,552,973,159,878,288,1000,504,1000,227,962,122,991,110,800,291,784,17,731,189,714,0,752,257,654,103,792,324,680,311,643,403,690,82,653,215,707,0
1786209895.457,684,736,862,677,897,588,953,376,875,139,875,428,948,157,981,65,954,105,810,263,853,198,778,239,760,62,748,325,662,214,714,355,756,0,646,291,626,264,657,100,586,187
1786209895.557,716,717,828,678,940,480,950,62,752,502,828,378,993,154,1000,177,944,130,873,322,863,277,879,148,774,194,823,228,705,177,677,231,696,205,631,347,571,187,617,206,630,273
1786209895.657,691,722,834,622,984,509,934,286,777,431,914,201,948,96,912,189,925,267,977,387,766,261,787,242,885,0,736,316,672,51,765,30,770,177,696,266,618,411,582,400,574,205
1786209895.757,700,752,820,642,946,452,987,265,898,538,937,141,1000,244,1000,214,931,0,874,181,747,155,868,105,786,639,772,338,791,233,661,57,721,160,728,337,715,263,679,0,798,60
1786209895.857,775,673,946,601,926,470,938,316,920,149,942,433,885,147,981,1,878,146,807,310,841,31,903,172,813,151,756,359,569,248,653,146,665,105,623,329,533,231,655,199,588,30
1786209895.957,630,751,885,646,895,488,933,511,982,185,966,236,1000,170,1000,71,991,246,800,203,858,82,798,89,911,194,746,307,677,232,776,133,736,420,588,333,666,143,635,148,579,69
1786209896.057,682,648,833,679,926,471,913,371,1000,366,906,342,1000,235,994,137,1000,50,898,342,787,26,826,0,827,12,767,218,813,208,627,316,633,330,604,504,618,45,615,95,733,230
1786209896.157,716,748,911,695,871,600,901,482,837,246,905,321,1000,259,950,178,925,51,868,364,790,278,882,0,774,72,715,234,708,203,822,356,874,0,644,335,615,181,599,164,682,231
1786209896.257,707,768,807,696,990,431,954,232,926,80,950,168,970,60,950,188,882,0,752,261,758,16,760,319,889,0,753,337,667,360,715,223,620,328,560,357,592,171,582,370,696,312
1786209896.357,730,697,849,636,983,526,949,465,865,355,846,448,998,94,983,179,861,198,770,336,909,183,969,279,811,158,749,305,630,159,679,322,686,299,644,324,588,238,631,122,611,134
1786209896.457,751,733,884,667,952,466,981,262,1000,517,882,354,975,216,961,53,1000,269,797,246,717,192,804,47,824,38,751,261,676,194,704,26,801,141,675,365,522,275,602,184,785,255
1786209896.557,727,716,959,663,1000,528,953,474,908,289,953,234,969,166,917,145,908,0,882,349,861,251,851,5,865,113,708,348,767,224,715,333,745,294,596,255,604,145,712,40,579,0
1786209896.657,748,709,946,678,956,521,960,447,972,240,870,340,1000,257,1000,233,884,84,818,303,829,238,731,277,846,292,704,349,690,207,715,118,631,384,618,330,646,124,666,242,536,80
1786209896.757,768,778,914,633,944,423,968,209,1000,283,904,280,906,154,897,188,973,112,867,238,763,191,809,193,764,194,681,381,714,293,734,117,778,0,626,333,501,356,661,46,652,2
1786209896.857,744,698,877,679,980,480,931,323,974,355,968,312,1000,274,876,47,983,274,768,204,781,119,824,274,807,493,729,261,668,155,735,199,707,154,605,361,728,204,650,154,750,89
1786209896.957,717,672,793,655,944,539,962,378,929,374,947,274,899,135,922,133,980,53,833,427,836,194,899,160,848,33,715,284,740,344,680,361,782,261,650,395,623,194,697,195,639,22
1786209897.057,730,679,880,607,893,399,960,242,877,207,948,191,941,123,975,162,840,215,877,326,749,194,851,147,863,485,714,247,706,227,724,90,801,182,664,390,613,284,736,316,515,152
1786209897.157,706,778,874,657,903,722,951,337,760,315,919,323,867,24,1000,39,959,58,875,308,824,167,778,49,804,0,637,317,702,261,772,283,761,60,659,302,653,467,475,295,635,81
1786209897.257,761,685,963,705,944,365,932,522,1000,260,965,285,928,87,1000,71,953,107,957,297,794,101,862,420,907,98,767,237,715,84,727,83,726,475,602,317,673,198,551,162,631,277
1786209897.357,665,754,883,580,957,511,926,232,883,288,793,265,899,50,981,186,871,69,846,361,864,129,820,311,795,22,781,237,629,209,765,375,771,370,591,372,653,178,627,345,692,369
1786209897.457,713,790,851,605,963,496,926,400,1000,358,974,365,911,73,934,121,993,7,826,295,805,197,828,344,824,0,686,272,592,107,780,16,761,0,638,345,636,106,690,158,565,252
1786209897.557,732,705,857,550,960,473,937,266,940,348,939,241,908,0,961,213,843,195,884,235,953,86,792,155,842,36,709,217,722,289,713,305,709,511,642,271,627,212,612,256,519,150
1786209897.657,773,782,843,598,1000,438,938,259,881,213,973,362,872,35,886,74,961,122,904,250,765,154,729,194,787,533,721,444,738,244,748,13,813,369,642,247,532,208,682,220,653,418
1786209897.757,765,759,904,680,994,539,963,771,879,0,857,392,966,133,961,185,960,242,920,357,817,257,779,48,757,141,683,330,748,326,705,365,746,354,718,403,582,135,535,7,599,213
1786209897.857,734,709,794,715,938,540,922,166,848,366,820,292,937,123,881,110,904,0,884,360,788,111,811,283,882,0,773,316,708,96,716,199,709,182,684,367,673,108,604,153,670,217
1786209897.957,762,793,884,662,957,378,916,166,842,239,1000,321,952,96,934,0,964,44,762,284,853,214,906,170,759,247,774,341,723,243,705,224,747,0,610,257,548,110,633,272,549,8
1786209898.057,748,770,891,702,960,559,940,396,791,481,1000,326,1000,193,936,89,1000,72,824,357,839,134,863,0,812,191,724,364,674,178,866,310,790,194,698,234,682,210,584,124,624,334
1786209898.157,686,789,831,649,944,506,932,287,785,309,841,293,889,71,905,60,955,28,891,249,811,115,810,181,814,299,734,324,776,165,797,237,568,253,699,387,616,184,729,220,546,198
1786209898.257,700,644,875,665,953,479,952,276,793,120,898,332,820,195,926,79,1000,213,851,226,880,79,801,212,711,229,694,276,656,268,705,216,829,403,641,295,583,268,568,0,574,243
1786209898.357,709,772,846,656,935,493,919,506,970,114,985,411,976,251,945,165,957,0,868,319,766,34,829,167,754,402,751,339,724,95,664,376,744,8,635,380,594,248,692,412,502,323
1786209898.457,751,745,836,681,946,534,960,502,956,38,925,405,862,146,956,0,951,21,833,310,807,155,764,170,787,252,733,236,676,128,720,232,724,241,615,289,549,199,587,476,773,255
1786209898.557,698,729,886,576,967,408,940,255,879,232,935,366,975,303,918,217,890,0,851,395,779,195,777,311,869,250,681,335,632,187,679,229,733,244,573,263,717,303,645,33,652,236
1786209898.657,716,688,846,703,1000,573,963,248,746,283,980,384,887,182,906,101,879,164,850,216,804,40,731,31,817,94,733,271,756,160,786,152,766,201,586,454,716,224,612,318,627,289
1786209898.757,742,739,846,639,1000,606,953,504,822,363,907,315,931,139,817,31,857,37,770,179,768,140,965,167,797,0,683,366,788,118,734,550,845,264,598,274,508,229,737,130,609,168
1786209898.857,733,698,868,676,989,527,928,347,914,430,954,241,948,188,963,163,960,0,773,374,771,178,785,299,870,21,762,366,746,170,627,368,693,171,658,274,563,157,568,84,629,213
1786209898.957,706,735,756,675,971,581,958,418,828,58,921,207,947,194,936,52,1000,57,875,398,885,207,903,226,866,223,693,320,644,195,703,331,812,4,655,374,693,308,697,255,544,66
1786209899.057,749,685,852,649,964,531,957,426,809,240,950,234,985,165,879,179,946,283,882,187,806,168,830,76,820,136,693,274,692,326,790,253,628,492,552,255,541,150,732,300,648,181
1786209899.157,697,764,937,699,995,575,950,123,984,153,924,440,942,286,948,62,932,31,879,283,856,185,724,98,818,122,738,346,771,212,731,294,693,261,656,352,621,289,565,114,615,349
1786209899.257,679,771,935,672,923,385,1000,214,845,49,797,361,912,223,924,205,921,192,774,243,771,109,734,66,767,530,725,280,754,153,741,302,767,208,643,370,650,260,636,102,669,0
1786209899.357,734,738,811,634,1000,445,964,216,770,391,989,315,965,262,931,125,925,8,747,237,878,278,762,270,804,456,729,263,726,75,733,176,712,91,605,366,626,212,650,199,612,71
1786209899.457,773,818,771,653,961,515,1000,361,858,373,972,272,939,152,1000,130,955,24,848,285,807,113,827,166,768,23,740,314,748,197,663,290,678,418,680,303,578,127,545,398,572,117
1786209899.557,826,776,918,690,1000,335,945,275,755,97,912,216,931,120,1000,165,974,0,889,335,815,47,836,149,782,228,714,300,654,70,807,57,660,95,674,299,614,152,699,0,646,483
1786209899.657,722,697,780,677,1000,583,987,445,750,452,871,285,984,183,900,146,815,183,800,427,803,248,862,276,856,274,760,358,703,139,697,175,743,364,642,412,623,418,631,204,582,359
1786209899.757,773,793,931,665,918,517,976,346,851,251,999,289,982,228,969,76,923,0,805,180,872,60,763,150,789,532,783,291,795,221,723,95,694,644,659,328,626,242,623,0,690,461
1786209899.857,743,750,839,648,985,516,944,478,903,367,890,374,887,156,958,91,937,162,860,294,799,188,921,252,901,224,745,156,708,262,740,204,734,559,612,417,709,290,571,283,668,422
1786209899.957,727,651,832,656,969,561,946,292,819,271,933,332,981,179,869,28,918,50,897,237,847,277,851,297,889,263,767,314,812,216,685,107,701,0,702,449,671,236,561,145,666,118
1786209900.057,732,684,832,641,1000,519,929,313,1000,387,862,324,952,217,886,88,981,172,794,326,797,185,855,101,798,203,709,266,734,269,692,117,680,197,696,317,693,189,544,407,620,329
1786209900.157,764,757,864,680,958,404,939,448,978,434,921,402,890,367,939,127,882,38,860,330,747,179,733,327,878,2,740,212,694,206,730,256,741,287,612,333,624,215,797,221,532,8
1786209900.257,742,728,867,601,909,423,923,199,947,315,974,407,957,94,978,27,911,64,834,374,775,55,893,302,966,0,738,209,799,47,671,254,739,208,658,419,645,196,574,245,662,275
1786209900.357,721,668,901,643,975,508,914,352,916,399,808,207,912,131,861,75,878,0,826,257,759,213,778,341,724,300,729,287,704,184,733,382,721,454,625,351,610,80,576,391,568,305
1786209900.457,650,717,893,661,984,325,922,281,801,275,812,290,1000,127,863,190,909,0,814,258,826,158,842,202,929,63,670,244,773,60,778,495,813,127,666,407,599,136,622,312,724,194
1786209900.557,724,728,957,671,999,586,942,280,904,189,891,170,1000,86,999,54,875,0,711,399,859,169,885,78,766,213,706,391,871,270,743,223,831,230,663,275,595,274,701,189,664,18
1786209900.657,749,774,876,657,949,471,984,292,885,168,919,383,882,80,1000,83,973,37,786,445,810,206,810,163,879,119,688,289,719,152,688,50,698,0,597,400,679,234,532,155,711,251
1786209900.757,688,763,858,638,983,496,994,437,881,375,868,422,965,336,906,0,925,0,941,291,754,111,735,74,899,274,757,329,717,78,741,521,788,289,628,292,803,298,629,185,567,426
1786209900.857,742,755,822,685,967,530,941,342,930,167,862,191,951,190,894,31,932,159,739,264,876,98,787,267,807,260,768,408,773,328,835,297,739,169,609,224,595,330,577,373,628,354
1786209900.957,773,708,950,739,994,344,927,176,875,207,949,227,814,233,990,0,911,44,794,381,827,23,852,199,819,303,645,306,742,143,699,157,784,1,630,311,698,241,625,0,533,294
1786209901.057,725,756,909,711,919,628,957,406,733,374,871,322,1000,187,951,148,902,0,855,303,886,88,752,267,783,0,705,237,639,219,757,175,842,166,666,237,561,323,701,185,673,230
1786209901.157,753,694,985,793,942,494,969,466,845,389,912,234,927,180,960,63,923,178,854,294,816,246,875,134,671,0,666,299,746,242,673,140,723,191,618,524,639,137,626,160,610,39
1786209901.257,701,659,864,664,943,567,947,360,908,287,925,217,1000,49,984,144,911,130,809,361,783,155,779,71,810,434,753,298,711,67,676,114,740,407,632,360,624,243,627,255,579,320
1786209901.357,692,673,882,660,954,475,966,257,803,361,971,258,1000,135,924,133,939,176,945,227,801,130,912,0,808,279,779,286,780,124,698,0,780,39,630,448,571,331,693,197,625,83
1786209901.457,729,708,945,669,1000,453,984,457,927,372,925,365,986,203,970,133,867,72,784,206,840,280,703,77,815,272,717,344,778,208,747,10,595,99,641,362,634,181,649,204,637,204
1786209901.557,711,717,957,694,958,511,940,375,903,208,944,327,914,221,911,53,971,0,852,415,875,117,784,294,827,0,760,293,722,201,743,494,824,0,659,235,693,328,581,195,692,151
1786209901.657,711,734,935,603,932,460,997,513,812,280,975,370,951,159,1000,111,865,106,839,288,757,185,768,184,792,363,662,229,720,188,711,261,742,391,645,467,564,369,628,0,458,90
1786209901.757,758,767,835,638,1000,390,928,432,823,336,905,273,890,113,1000,76,944,135,960,398,734,200,855,330,742,175,715,336,696,161,645,313,721,158,625,316,670,274,500,37,498,0
1786209901.857,775,759,941,650,1000,541,898,486,847,349,893,207,962,283,883,135,991,0,773,295,797,108,754,193,771,0,677,391,675,222,691,0,683,101,640,354,557,347,717,215,651,47
1786209901.957,674,730,857,727,1000,443,952,454,926,345,1000,410,963,333,981,71,979,11,832,350,788,216,828,48,727,0,717,266,801,173,688,241,736,103,640,327,597,188,660,138,525,158
1786209902.057,729,706,980,693,959,451,915,217,863,402,974,335,982,176,968,116,903,82,794,316,766,157,896,420,864,405,692,269,737,337,809,87,743,389,699,329,616,255,555,200,676,124
1786209902.157,800,752,814,641,885,491,924,360,869,345,1000,403,1000,148,927,67,908,134,758,270,756,158,765,23,810,0,742,273,721,47,800,63,839,130,694,412,598,290,607,184,682,0
1786209902.257,710,750,913,670,939,537,940,612,903,72,893,251,867,62,932,62,947,118,813,293,911,269,825,206,842,255,750,202,719,243,713,102,723,228,579,307,660,265,645,387,640,203
1786209902.357,777,732,895,591,991,478,946,528,920,345,893,301,1000,191,1000,60,868,63,873,311,757,120,846,298,781,418,762,261,810,147,704,327,714,517,687,374,667,188,604,53,656,523
1786209902.457,711,661,905,676,992,478,903,245,724,414,956,293,883,132,859,82,1000,109,945,173,810,74,787,183,793,0,707,242,731,256,792,238,728,0,635,361,605,130,675,115,692,307
1786209902.557,652,764,866,597,942,573,949,279,896,273,849,228,955,206,921,137,901,290,823,173,768,133,868,260,783,0,721,261,706,182,740,196,599,265,657,304,548,276,609,115,637,345
1786209902.657,713,723,860,614,964,619,902,328,956,137,933,375,860,278,935,90,868,18,735,155,828,164,732,206,751,211,753,164,714,235,659,169,779,140,682,445,695,184,559,280,619,162
1786209902.757,805,726,843,534,921,481,972,517,895,237,890,339,900,224,996,205,871,126,813,178,816,127,793,371,740,172,739,129,719,204,771,0,727,118,653,369,636,241,622,224,498,662
1786209902.857,757,796,874,685,899,622,983,244,836,268,946,299,982,175,954,122,997,179,805,356,776,116,860,251,829,269,804,304,716,291,665,155,771,92,641,263,636,94,544,245,692,186
1786209902.957,785,748,850,716,992,538,985,312,944,226,922,241,959,216,937,144,837,137,758,364,867,89,789,344,883,264,708,184,754,143,761,324,717,257,695,329,592,266,613,224,703,0
1786209903.057,754,709,860,665,963,383,984,487,875,416,898,246,947,63,969,71,864,0,818,316,887,26,867,127,813,186,731,170,752,250,778,279,718,0,658,348,622,268,624,159,546,179
1786209903.157,788,691,918,692,894,547,949,345,1000,417,866,358,893,87,948,202,869,34,884,232,821,133,880,221,801,36,824,303,705,225,765,32,719,5,614,434,683,281,538,232,589,336
1786209903.257,711,701,890,711,1000,596,982,545,903,232,872,397,934,84,965,19,887,112,869,273,808,215,858,0,890,127,698,276,647,379,651,19,715,0,644,460,631,260,608,90,609,346
1786209903.357,784,734,912,632,942,389,977,288,775,358,1000,288,846,130,952,162,970,96,811,341,753,83,780,133,747,358,677,126,766,226,721,277,737,443,606,467,673,178,578,227,550,147
1786209903.457,783,739,965,633,988,465,943,413,826,177,894,276,888,270,926,178,969,199,756,272,854,110,890,41,857,106,778,326,674,249,627,170,703,300,524,361,642,162,608,214,697,0
1786209903.557,730,751,901,655,993,498,978,257,832,353,961,349,920,123,940,44,899,246,816,260,790,178,921,318,751,414,694,264,693,99,797,139,603,49,647,224,636,154,697,263,635,0
1786209903.657,684,711,864,724,981,476,987,344,925,498,965,344,976,151,943,10,904,83,848,266,941,215,828,16,813,276,727,299,708,134,654,502,670,123,649,201,705,331,532,173,697,176
1786209903.757,770,790,838,682,916,470,950,372,816,371,833,253,1000,93,953,234,935,233,755,256,831,79,793,201,824,130,650,264,646,182,722,199,673,0,699,346,605,225,542,359,579,162
1786209903.857,751,760,873,622,994,564,979,418,1000,311,934,399,1000,266,937,173,983,95,781,228,839,222,793,95,790,212,766,333,717,292,878,217,828,80,687,287,603,227,506,0,569,389
1786209903.957,723,767,803,678,988,435,997,208,867,618,865,271,952,51,965,0,935,244,857,292,803,150,802,230,848,211,762,342,653,11,734,156,743,543,627,367,577,273,578,326,638,157
1786209904.057,671,681,899,709,979,487,950,338,828,112,841,266,949,51,937,68,861,19,836,253,894,203,869,546,788,0,696,312,736,201,699,270,799,67,599,483,562,303,614,382,609,242
1786209904.157,683,707,885,637,913,655,948,489,1000,222,917,319,970,244,987,170,921,87,761,343,937,176,886,282,789,28,681,316,744,233,660,377,697,239,611,262,555,292,626,83,586,404
1786209904.257,766,756,965,723,970,464,1000,496,842,115,786,225,917,262,988,139,963,4,758,280,870,159,852,188,751,236,714,381,637,303,655,178,641,414,591,307,677,187,622,278,655,213
1786209904.357,710,718,893,652,980,366,948,417,944,264,941,272,1000,129,1000,112,884,63,774,277,768,139,865,351,785,314,798,229,630,83,722,0,800,0,638,368,659,328,730,256,587,209
1786209904.457,748,742,854,711,952,495,927,463,1000,451,857,258,858,180,963,73,911,0,818,249,785,327,849,181,827,96,774,289,662,310,680,484,785,348,598,448,749,143,622,107,605,153
1786209904.557,782,679,905,693,929,505,934,369,1000,176,940,250,984,181,969,83,885,0,825,331,840,211,789,173,699,161,808,320,817,220,781,309,781,279,675,309,693,365,651,169,544,240
1786209904.657,732,708,832,621,971,538,962,729,949,439,922,217,921,298,901,126,938,255,852,336,812,0,797,182,825,64,669,360,700,187,627,184,774,277,621,307,612,262,649,275,688,198
1786209904.757,798,758,842,677,992,557,937,127,1000,278,795,295,985,71,889,103,940,26,805,349,820,45,875,163,771,152,672,308,744,144,707,138,774,167,614,355,607,219,576,282,601,133
1786209904.857,740,807,910,637,914,526,933,328,872,277,909,281,826,171,970,55,967,121,830,307,857,197,737,335,844,9,652,226,779,179,769,481,660,0,638,366,663,151,585,370,658,229
1786209904.957,716,782,920,662,896,570,962,366,987,352,904,383,956,229,947,159,1000,239,797,357,789,216,809,8,831,372,758,249,730,177,770,351,652,234,600,359,548,225,644,0,611,0
1786209905.057,764,659,859,715,923,451,947,361,691,257,964,463,902,132,960,63,1000,84,835,331,733,177,785,83,839,386,731,412,704,57,659,415,838,286,612,324,620,232,662,250,545,1
1786209905.157,753,717,871,664,945,512,966,340,1000,499,871,342,931,96,939,0,970,182,836,359,784,0,792,42,817,441,744,290,772,315,749,130,738,246,630,436,667,131,547,149,559,106
1786209905.257,732,726,882,650,908,434,921,262,922,239,866,307,960,176,1000,79,952,203,904,278,729,133,834,492,747,176,701,370,685,72,608,249,735,317,644,367,647,159,627,269,562,0
1786209905.357,746,726,932,689,955,407,983,446,997,420,848,346,996,165,925,88,901,77,761,173,792,112,928,343,806,180,778,307,707,168,716,69,800,163,692,421,647,337,614,146,584,191
1786209905.457,759,747,957,683,945,515,972,300,834,444,969,316,915,133,955,171,981,107,763,392,880,229,884,280,822,0,696,281,755,307,803,156,723,0,710,243,613,350,651,276,647,0
1786209905.557,749,756,850,693,948,601,947,421,913,388,929,364,983,59,972,89,928,61,804,388,750,0,788,162,776,16,762,315,843,128,746,288,713,5,634,384,587,210,619,119,721,205
1786209905.657,725,763,881,711,930,546,948,512,970,330,940,308,1000,114,938,164,902,0,870,199,867,131,756,343,726,384,859,423,701,303,789,107,671,264,662,418,675,250,595,315,710,202
1786209905.757,725,714,810,634,1000,506,933,352,857,350,901,310,831,78,955,110,961,115,895,101,817,204,820,154,794,71,711,246,703,124,786,103,826,402,689,343,562,84,679,199,598,283
1786209905.857,832,734,922,657,1000,510,972,427,833,108,786,342,1000,203,1000,236,958,0,765,250,750,32,814,48,776,234,692,312,702,268,688,38,711,637,704,461,644,247,563,263,533,149
1786209905.957,748,710,893,642,855,558,965,285,880,622,965,271,963,202,925,109,858,71,759,215,798,191,718,145,743,563,666,301,654,215,596,401,878,440,644,317,568,121,587,273,592,148
1786209906.057,742,769,955,599,1000,601,969,317,851,432,900,178,936,108,991,24,1000,81,737,297,842,249,820,203,820,0,732,306,681,45,703,295,819,174,632,325,638,189,662,0,669,110
1786209906.157,728,672,873,684,1000,504,957,427,824,463,840,370,881,46,901,162,889,181,826,218,807,214,881,270,864,187,712,294,788,123,727,267,716,474,654,359,633,329,602,133,663,275
1786209906.257,754,644,874,666,999,426,964,283,882,477,935,327,976,212,811,180,991,102,732,248,761,160,823,316,886,637,700,308,715,136,740,313,870,339,593,251,579,289,631,61,568,350
1786209906.357,781,649,886,697,954,577,995,475,924,175,1000,249,974,107,892,213,997,0,849,285,760,90,797,214,917,368,742,300,635,141,789,340,653,158,582,394,643,108,665,312,684,142
1786209906.457,755,769,782,689,887,468,942,422,880,385,892,361,971,174,924,106,933,8,821,315,822,78,803,192,795,222,708,319,750,161,745,372,720,340,615,363,604,69,719,169,664,142
1786209906.557,693,780,903,629,1000,618,956,466,1000,187,958,219,939,116,919,63,896,0,740,269,748,100,769,15,831,200,742,311,748,170,813,38,640,0,559,313,608,313,608,388,648,262
1786209906.657,766,718,947,679,1000,577,963,313,881,337,853,158,922,130,965,214,935,0,825,306,808,88,915,276,848,0,677,204,702,276,713,173,630,274,618,422,580,215,589,169,679,0
1786209906.757,725,731,901,648,1000,359,960,353,970,154,1000,408,918,190,888,163,898,122,773,374,849,305,825,6,830,638,720,341,748,92,739,308,774,137,599,293,609,240,543,332,692,574
1786209906.857,744,726,809,603,923,411,936,267,981,362,961,202,946,26,969,69,876,42,792,344,792,158,770,122,766,119,754,330,783,86,717,141,736,238,600,365,614,346,536,143,722,211
1786209906.957,698,730,792,688,931,506,953,321,670,250,771,422,927,84,841,161,954,67,821,239,780,247,797,224,796,152,824,399,751,180,769,0,726,68,668,401,684,224,621,281,720,0
1786209907.057,726,646,916,635,986,407,946,294,822,420,868,396,1000,115,1000,184,1000,282,834,366,808,257,759,134,782,120,716,308,749,197,750,87,691,129,634,432,626,167,665,219,613,397
1786209907.157,762,730,869,651,909,483,949,200,794,601,1000,263,903,199,921,126,933,35,748,240,800,108,753,378,841,146,759,290,836,406,820,347,707,0,695,310,623,267,664,251,575,155
1786209907.257,721,773,860,652,973,482,948,231,792,214,942,252,958,233,870,54,875,0,708,307,774,171,864,72,855,387,701,174,655,372,710,349,731,0,660,302,727,167,734,405,527,289
1786209907.357,719,777,892,671,950,545,912,465,959,360,865,247,907,84,955,84,918,38,765,259,876,218,840,358,790,124,775,306,670,98,672,383,743,276,641,296,482,89,704,298,744,221
1786209907.457,759,684,806,706,981,503,936,566,816,491,924,174,978,150,920,128,821,109,829,419,938,135,865,341,821,229,714,219,772,114,710,354,647,156,699,246,599,121,688,434,715,238
1786209907.557,725,762,902,613,921,391,955,323,939,455,943,308,1000,35,944,105,928,32,890,179,854,81,714,236,842,429,733,372,761,199,652,310,785,39,623,222,671,147,666,306,674,197
1786209907.657,770,729,919,646,1000,520,948,358,990,234,938,245,918,198,911,187,1000,27,796,355,835,46,775,202,914,358,843,309,597,375,671,29,784,493,692,376,523,261,713,264,628,343
1786209907.757,770,717,895,660,980,500,941,271,924,377,887,238,938,136,988,190,880,66,840,271,891,44,782,191,779,113,650,390,746,35,781,186,707,243,621,343,568,199,581,265,621,167
1786209907.857,696,758,893,710,983,497,965,272,851,220,997,307,950,106,954,118,996,76,858,231,824,183,769,211,761,0,739,375,610,244,787,0,723,0,723,351,532,310,602,213,554,298
1786209907.957,752,762,854,627,1000,576,901,395,909,293,960,143,1000,342,953,156,902,168,823,280,810,87,881,374,776,261,767,237,689,142,791,335,773,138,653,426,699,163,496,78,593,221
1786209908.057,752,730,890,689,942,473,963,402,776,394,930,241,932,138,898,129,948,221,741,303,796,130,918,305,874,234,736,230,802,115,748,165,709,0,651,217,491,182,654,76,490,469
1786209908.157,810,758,858,684,997,543,968,422,858,299,969,343,993,88,955,64,939,16,809,356,848,81,792,281,909,336,702,296,733,212,735,100,704,265,621,414,528,340,759,254,577,432
1786209908.257,721,703,888,710,1000,460,952,367,848,325,956,336,892,162,887,10,934,137,826,275,835,284,828,439,808,165,742,143,723,112,765,140,691,243,609,294,619,352,614,467,715,124
1786209908.357,746,746,869,675,925,593,950,469,845,551,908,259,829,169,977,181,937,0,906,278,719,145,717,0,792,0,704,300,654,229,666,148,752,536,615,306,663,227,627,240,581,208
1786209908.457,813,727,964,602,957,502,912,320,826,194,925,426,978,222,954,57,928,91,812,276,847,228,885,175,883,166,736,335,765,337,653,181,763,0,573,332,571,281,583,271,734,488
1786209908.557,744,704,933,674,980,541,921,214,955,237,957,312,1000,287,950,181,935,231,748,336,801,203,811,233,799,0,785,179,664,223,752,346,758,451,673,231,631,181,739,138,687,0
1786209908.657,727,737,807,651,989,575,972,370,926,144,819,313,870,0,927,98,899,128,851,323,807,124,755,173,853,160,736,323,710,136,723,251,764,632,643,376,585,239,563,50,554,181
1786209908.757,668,742,877,611,954,480,968,261,998,250,900,173,765,121,862,41,922,208,811,274,790,175,935,243,757,230,695,367,711,217,778,476,690,0,567,317,649,215,625,61,643,225
1786209908.857,658,808,909,673,1000,467,956,178,1000,380,880,270,997,279,914,175,894,153,826,185,794,218,840,43,763,0,695,320,754,57,732,69,731,573,587,346,465,277,598,346,616,262
1786209908.957,805,756,904,711,985,449,883,282,943,235,911,298,914,208,967,112,967,94,831,272,799,120,809,244,791,194,781,381,665,367,760,151,617,387,656,280,628,110,541,176,614,415
1786209909.057,733,715,843,674,860,511,993,472,1000,199,950,302,1000,148,991,52,929,55,886,229,796,142,722,149,820,463,717,298,688,151,707,202,750,334,622,360,598,168,702,210,590,221
1786209909.157,774,711,890,685,976,503,996,315,882,236,945,203,1000,52,961,80,1000,120,704,280,842,134,765,0,913,658,685,324,693,263,708,175,650,66,676,387,615,348,547,78,618,336
1786209909.257,794,642,846,714,910,347,941,491,905,456,1000,398,1000,31,915,54,918,195,866,280,883,56,931,273,895,112,696,407,724,146,730,174,749,467,640,198,579,205,618,0,597,166
1786209909.357,705,731,930,641,893,656,933,325,890,110,937,280,957,200,997,242,926,28,762,332,820,143,754,106,847,350,742,313,780,252,773,113,864,519,657,299,574,268,643,183,555,236
1786209909.457,726,676,875,701,984,480,993,271,919,223,927,284,1000,181,952,94,929,165,861,312,857,260,845,0,828,541,774,308,754,165,756,313,821,0,590,317,661,317,633,0,720,243
1786209909.557,749,644,937,656,1000,560,932,403,981,62,982,223,896,66,1000,134,849,11,789,302,782,46,886,174,807,476,815,303,660,188,854,101,669,261,635,365,634,219,594,166,552,143
1786209909.657,728,720,894,655,976,501,951,232,806,439,942,242,845,227,972,89,939,109,778,295,815,84,826,219,762,340,705,262,754,240,678,273,756,137,663,212,589,305,597,87,440,341
1786209909.757,706,674,890,727,972,362,928,471,906,115,1000,274,931,130,982,104,852,0,794,309,794,201,888,38,826,96,697,271,752,194,695,466,709,283,634,237,606,181,599,442,586,193
1786209909.857,764,704,831,674,970,539,906,545,893,428,1000,304,896,126,932,132,992,89,889,373,827,39,861,265,805,1,728,341,655,97,900,66,688,532,597,273,672,71,594,287,737,260
1786209909.957,750,738,931,715,987,516,923,264,725,265,854,258,1000,225,911,92,1000,0,860,398,831,187,731,137,825,442,707,318,779,269,748,136,763,245,587,331,652,361,579,310,587,171
1786209910.057,717,806,902,695,938,541,918,59,850,472,897,360,1000,149,1000,0,909,142,817,332,770,310,893,263,766,189,778,268,793,218,716,342,682,155,615,232,511,154,581,286,604,280
1786209910.157,671,745,811,644,1000,479,921,501,964,485,847,190,1000,53,940,112,906,0,806,357,791,64,821,0,831,294,711,362,712,167,666,340,702,164,667,286,582,232,526,254,627,0
1786209910.257,651,712,857,713,1000,443,926,522,920,763,909,382,1000,59,895,149,933,105,785,293,801,196,863,9,879,190,773,296,771,253,748,221,762,594,686,391,593,177,580,68,690,201
1786209910.357,746,671,842,658,917,420,924,414,674,269,1000,387,1000,128,1000,81,955,145,768,164,864,87,811,231,815,306,752,344,735,78,726,278,869,295,631,392,586,352,621,183,528,106
1786209910.457,729,798,857,660,999,444,936,506,760,200,944,341,1000,169,912,91,985,15,814,356,804,200,740,68,789,0,681,264,823,217,771,304,593,240,616,234,646,73,626,175,567,332
1786209910.557,725,741,904,696,973,439,946,443,836,354,883,370,939,72,1000,130,824,0,893,350,881,130,856,152,834,0,719,135,711,122,736,69,725,828,630,302,628,0,602,203,643,347
1786209910.657,747,689,793,703,942,524,987,387,756,335,907,216,997,183,1000,122,904,127,810,381,825,107,826,221,827,135,735,269,729,118,680,473,699,293,569,321,669,264,524,136,696,0
1786209910.757,751,742,803,692,1000,497,955,270,866,319,985,346,922,131,946,104,935,0,780,411,842,195,839,226,823,396,754,191,681,142,858,231,813,172,653,349,594,152,627,120,640,111
1786209910.857,764,702,870,652,953,560,903,135,860,548,944,415,1000,45,940,59,889,0,777,327,852,182,772,132,765,425,759,202,730,106,746,314,553,654,686,291,620,294,500,258,663,320
1786209910.957,697,744,916,625,996,435,934,152,681,403,987,342,886,218,952,156,954,18,829,271,827,213,786,270,819,160,725,358,707,179,815,325,802,537,649,511,648,117,594,25,712,214
1786209911.057,714,739,866,629,1000,514,951,344,789,61,998,282,821,39,969,168,915,210,753,402,736,196,828,280,728,137,777,234,788,37,628,102,769,492,610,361,689,283,761,136,720,60
1786209911.157,746,736,890,619,945,436,932,344,804,194,957,336,1000,167,1000,15,852,49,801,244,798,211,794,265,878,320,722,279,782,313,742,321,768,87,644,370,695,218,552,193,617,61
1786209911.257,771,774,766,714,981,511,962,152,847,382,955,290,947,167,960,272,869,0,824,326,822,84,840,222,828,84,752,388,759,102,670,313,694,0,614,297,608,214,515,237,663,202
1786209911.357,754,753,821,662,982,525,985,403,894,406,977,318,1000,170,916,185,904,245,800,229,781,214,784,95,798,0,787,210,774,276,758,219,725,535,736,209,661,206,765,241,579,44
1786209911.457,730,651,824,606,854,549,967,461,797,354,921,241,922,50,857,61,908,178,789,363,877,169,794,67,772,306,768,285,724,73,693,265,691,0,600,243,566,300,716,406,615,160
1786209911.557,761,685,839,636,1000,468,980,273,798,517,934,265,849,110,1000,95,823,44,865,277,848,187,803,96,789,100,660,340,681,271,797,161,728,109,573,304,622,278,740,138,568,320
1786209911.657,628,695,923,625,945,502,966,350,883,245,905,255,886,255,909,105,978,0,748,293,820,38,724,9,831,323,739,185,652,171,724,138,708,272,724,417,603,216,619,144,720,376
1786209911.757,741,790,850,683,1000,546,992,416,873,143,895,373,1000,0,914,152,944,6,901,355,931,130,738,201,917,219,758,340,650,115,693,180,790,65,534,284,598,346,575,0,562,182
1786209911.857,644,755,894,664,990,470,931,282,860,559,876,367,890,154,937,0,941,12,736,310,874,157,868,433,814,225,745,364,680,267,785,260,821,424,592,347,666,322,466,198,718,343
1786209911.957,675,698,892,659,958,506,942,316,938,397,927,404,912,162,931,18,960,212,867,312,743,208,908,171,822,411,735,296,716,247,777,0,771,246,605,445,657,118,673,345,575,214
1786209912.057,729,733,860,646,995,511,969,480,1000,191,1000,346,954,182,934,9,972,151,840,197,829,190,909,229,729,277,783,285,639,329,731,145,779,32,599,318,635,178,662,290,628,148
1786209912.157,765,755,828,712,1000,465,906,389,907,327,1000,312,965,200,919,174,996,44,731,242,823,38,790,188,848,360,747,296,696,183,770,285,732,474,625,422,599,135,631,2,609,307
1786209912.257,762,783,844,621,997,450,954,235,849,226,921,306,956,174,963,97,957,199,765,229,855,215,800,254,797,182,730,316,786,374,647,141,688,486,689,408,601,249,527,295,657,106
1786209912.357,762,725,794,714,1000,406,955,529,776,10,908,320,1000,337,973,0,955,73,873,169,867,275,827,320,855,0,738,330,663,211,632,218,757,694,600,397,557,329,623,276,565,265
1786209912.457,710,728,826,649,980,502,981,288,1000,246,1000,337,1000,169,866,104,935,264,735,235,831,180,879,0,780,335,728,356,710,266,687,183,727,73,643,314,639,253,580,274,647,86
1786209912.557,766,737,921,720,921,623,963,391,830,337,788,237,841,145,1000,138,962,63,825,175,873,194,855,224,793,277,718,302,773,263,698,265,796,0,643,353,532,148,550,195,645,0
1786209912.657,705,725,954,641,966,526,994,373,1000,91,966,258,930,121,890,197,891,18,812,250,834,14,771,96,773,430,712,275,725,264,688,249,653,278,637,271,531,333,684,271,721,264
1786209912.757,697,740,940,642,955,530,988,433,815,306,928,359,868,49,935,119,898,96,825,417,800,69,889,120,837,386,806,318,657,218,718,76,788,384,697,360,534,392,538,107,592,274
1786209912.857,721,756,826,654,1000,583,969,409,832,185,969,320,895,226,913,218,914,18,794,275,851,146,897,174,764,224,821,307,629,122,743,0,828,135,515,518,700,180,570,199,746,182
1786209912.957,679,782,896,608,938,491,944,463,981,342,988,346,888,160,916,201,905,125,792,187,824,178,867,267,755,181,684,253,731,226,636,258,748,0,633,270,525,319,684,190,661,3
1786209913.057,765,739,820,676,985,467,909,298,984,383,941,266,912,84,949,135,986,0,813,251,822,206,782,268,845,130,773,341,682,130,773,144,771,0,681,234,538,190,706,333,678,266
1786209913.157,705,677,931,709,926,518,943,236,768,328,912,282,938,150,956,205,977,174,801,248,785,222,854,0,866,232,732,382,730,120,682,244,741,336,737,433,575,236,608,241,559,0
1786209913.257,681,639,843,747,948,525,920,261,803,209,921,390,1000,208,975,93,1000,6,821,268,871,123,824,293,763,293,746,253,688,179,737,404,839,68,747,313,720,354,563,48,638,323
1786209913.357,734,734,893,601,973,445,939,206,777,335,914,428,923,215,997,133,946,221,892,335,890,171,762,221,783,408,719,369,676,108,712,44,778,454,663,443,659,195,634,225,714,193
1786209913.457,691,682,866,666,911,583,943,459,816,415,861,275,921,134,992,146,891,0,832,279,830,33,928,0,805,54,676,350,706,100,699,302,790,525,653,309,589,275,710,0,628,0
1786209913.557,735,798,798,597,1000,526,948,461,1000,328,921,183,895,9,942,219,917,137,869,321,815,54,852,323,817,125,767,331,798,153,767,271,733,99,671,457,516,244,664,113,661,236
1786209913.657,760,720,817,664,1000,566,915,336,878,370,916,302,912,347,856,122,941,158,804,266,847,128,783,313,765,58,747,357,704,223,736,177,671,409,596,533,594,368,695,177,703,334
1786209913.757,720,667,809,687,968,516,975,311,951,208,928,326,885,155,981,156,1000,38,901,310,796,168,780,220,734,406,702,310,777,140,763,367,739,292,694,264,686,89,594,439,698,182
1786209913.857,810,691,897,659,969,557,965,367,952,475,943,371,956,118,943,168,857,121,859,302,771,209,784,383,869,231,719,209,808,143,818,0,726,103,597,368,709,196,641,123,565,0
1786209913.957,707,724,812,738,990,555,910,407,1000,281,943,296,968,157,927,148,935,125,821,368,915,176,842,137,848,0,754,245,785,250,717,296,846,197,653,380,653,204,680,212,643,92
1786209914.057,773,699,811,580,1000,468,933,358,785,341,1000,364,966,227,1000,93,918,29,749,305,821,179,765,0,718,241,747,426,775,87,663,283,732,408,697,372,625,143,565,285,543,120
1786209914.157,689,695,866,652,994,592,942,214,859,419,862,240,865,267,833,45,886,47,792,304,792,81,793,41,868,425,649,339,721,194,696,123,787,403,643,233,626,196,623,225,622,335
1786209914.257,707,770,859,695,1000,533,933,143,928,235,928,381,905,166,864,146,908,0,846,470,818,76,848,140,839,9,663,330,687,135,779,154,757,105,690,468,658,149,678,210,661,126
1786209914.357,717,742,956,675,959,454,940,536,846,236,853,365,976,263,976,111,1000,230,831,322,737,178,821,176,839,21,834,359,752,241,780,232,696,0,684,385,557,119,513,176,712,0
1786209914.457,736,675,811,636,1000,446,912,291,843,258,882,274,966,153,893,160,1000,133,884,259,824,73,697,99,794,0,721,224,811,91,676,132,786,352,640,299,478,155,629,163,708,255
1786209914.557,706,758,810,674,1000,544,933,448,739,138,864,187,1000,273,930,205,890,40,805,220,844,149,791,194,860,114,830,355,731,193,830,257,723,38,652,385,713,213,641,177,671,280
1786209914.657,712,735,879,676,1000,612,911,465,808,367,941,270,1000,120,987,123,863,75,858,275,773,201,803,174,750,445,801,278,680,368,739,109,746,221,689,507,620,291,599,65,634,0
1786209914.757,829,772,888,593,973,402,969,496,891,74,829,200,900,61,911,223,908,16,830,338,876,296,781,162,716,0,719,257,674,114,772,27,821,0,704,248,554,248,624,302,561,121
1786209914.857,731,753,894,695,1000,494,987,337,899,340,926,365,963,38,861,143,897,139,741,289,783,193,758,247,869,266,745,372,758,47,785,417,766,0,586,188,678,342,655,302,608,263
1786209914.957,731,742,884,690,929,415,986,480,942,301,861,346,893,238,881,120,964,133,873,233,850,132,823,0,869,7,745,399,828,246,756,329,701,216,675,330,522,337,671,77,547,231
1786209915.057,869,735,850,591,984,551,939,336,862,159,864,123,884,187,896,149,859,128,793,251,886,0,844,276,800,0,734,276,768,253,724,75,723,244,633,328,590,122,612,226,635,173
1786209915.157,660,702,926,691,961,508,920,230,829,250,890,323,947,173,849,298,948,50,804,295,796,98,812,283,811,217,775,363,802,73,673,103,624,62,667,441,643,393,575,302,677,210
1786209915.257,729,722,910,682,983,542,947,447,830,306,920,299,948,110,1000,202,987,156,873,358,806,135,777,267,731,255,716,197,730,167,747,148,643,185,601,214,667,178,618,0,599,290
1786209915.357,655,727,844,692,948,536,965,316,929,258,943,248,892,64,953,204,978,62,816,350,886,0,791,202,814,172,815,251,685,115,635,128,673,157,676,297,667,310,621,267,689,123
1786209915.457,725,746,894,661,1000,490,963,400,834,474,979,241,981,131,977,196,960,215,853,267,713,69,786,241,752,0,711,285,720,281,695,192,782,31,687,274,598,167,723,221,615,0
1786209915.557,776,763,844,664,985,525,936,530,868,264,980,364,993,305,908,130,899,31,783,289,860,129,823,80,779,0,715,297,714,130,742,187,679,235,641,335,680,263,792,159,634,0
1786209915.657,714,661,895,701,956,384,1000,304,847,393,863,263,981,258,928,21,977,0,849,206,801,179,767,131,794,164,738,307,717,268,806,277,748,0,537,321,704,209,671,187,641,79
1786209915.757,761,733,840,600,1000,530,954,253,952,196,977,249,875,154,972,175,944,212,838,301,702,78,869,74,802,114,685,265,714,99,704,123,736,389,697,351,568,352,651,145,606,74
1786209915.857,760,770,889,707,966,671,945,129,965,238,987,334,906,148,871,67,950,170,864,254,874,158,846,309,828,21,783,337,737,97,792,271,648,173,635,349,611,232,687,202,590,203
1786209915.957,774,761,774,611,890,534,977,348,898,161,989,260,1000,108,1000,22,889,215,883,277,751,0,886,233,824,62,714,366,660,252,761,424,763,387,578,329,617,263,634,326,639,42
1786209916.057,694,790,887,668,980,517,941,426,974,404,919,241,873,232,918,131,897,110,881,382,749,209,772,389,913,253,735,295,791,199,741,185,733,319,657,408,635,218,647,237,579,0
1786209916.157,696,685,913,626,1000,450,964,578,939,548,865,397,905,234,938,137,934,55,831,324,744,135,849,202,864,0,745,359,702,158,800,0,700,104,665,416,679,177,643,150,703,223
1786209916.257,730,740,914,676,956,489,967,235,968,34,926,268,1000,0,925,72,973,223,819,118,916,231,907,167,833,91,636,280,671,180,635,299,751,0,535,285,666,414,562,146,539,146
1786209916.357,725,770,810,703,1000,462,929,326,823,245,811,291,921,168,1000,107,892,0,853,310,815,168,858,220,832,439,733,262,782,145,656,270,769,59,674,344,597,233,588,209,748,127
1786209916.457,719,700,855,613,948,452,942,234,1000,184,898,332,966,214,928,61,1000,0,813,299,851,189,787,208,739,576,695,369,667,236,667,332,846,229,663,413,591,312,598,460,544,205
1786209916.557,694,778,982,674,1000,562,992,451,1000,506,893,282,933,107,967,222,959,55,836,164,763,133,842,156,826,144,714,230,739,153,732,133,766,237,650,292,579,258,537,311,622,25
1786209916.657,676,771,777,682,974,548,920,277,915,299,975,311,1000,167,1000,240,1000,9,886,294,819,217,798,0,817,522,716,302,736,160,713,232,705,472,729,377,596,274,555,51,624,379
1786209916.757,786,747,905,672,964,417,979,306,958,287,864,256,912,165,997,169,900,0,858,424,868,308,791,184,883,0,748,329,787,114,712,126,724,0,661,357,608,255,654,382,623,390
1786209916.857,702,709,943,712,895,347,988,340,834,326,887,314,928,126,849,48,985,171,835,348,824,28,761,241,729,42,699,325,706,201,751,262,783,248,596,258,643,221,626,134,625,0
1786209916.957,679,843,781,622,917,419,936,201,947,302,949,331,905,93,1000,128,941,99,829,198,839,348,820,386,823,239,745,176,640,174,822,155,762,32,679,242,680,227,615,290,725,0
1786209917.057,759,670,845,563,957,517,973,392,892,415,1000,387,1000,114,1000,18,880,87,800,342,843,274,843,239,759,140,772,506,674,276,725,231,681,121,635,407,702,189,592,297,612,349
1786209917.157,757,710,914,683,959,536,923,308,954,256,949,213,940,175,911,128,945,0,680,234,713,210,873,48,763,119,701,257,629,183,673,9,701,241,629,380,725,226,715,46,394,45
1786209917.257,717,687,901,639,961,500,980,283,846,455,1000,415,1000,0,894,263,961,278,870,330,848,145,818,53,789,108,748,357,764,331,778,319,650,0,654,324,630,136,627,153,662,275
1786209917.357,745,690,868,730,946,455,969,290,812,200,981,300,988,250,920,109,925,3,875,267,767,284,805,177,787,0,665,366,688,28,678,178,685,313,621,405,668,144,581,332,650,290
1786209917.457,759,707,982,702,950,577,946,369,835,174,969,265,901,131,890,124,912,196,876,294,778,141,798,368,799,226,760,406,698,77,731,364,754,107,624,285,610,156,651,268,636,318
1786209917.557,779,787,880,642,873,471,915,358,957,390,972,210,863,258,845,169,927,52,834,416,780,126,872,82,858,177,632,315,721,204,763,293,731,440,623,365,576,54,577,222,516,39
1786209917.657,798,722,894,629,909,431,976,321,898,197,967,411,1000,207,895,0,994,0,820,363,905,89,824,170,780,406,756,227,706,159,749,465,751,160,634,373,530,326,637,196,601,169
1786209917.757,696,671,897,634,978,489,982,410,981,393,1000,205,1000,93,889,33,917,134,894,168,835,82,753,120,821,68,676,280,745,217,696,192,684,259,675,290,595,279,786,289,617,15
1786209917.857,773,702,865,648,965,435,973,406,862,260,902,322,901,73,930,165,1000,108,865,349,836,190,796,99,768,152,743,284,714,75,852,425,720,272,709,401,592,275,540,242,650,0
1786209917.957,771,749,860,653,1000,461,932,268,954,376,853,324,960,250,921,84,959,31,858,311,732,137,827,267,791,39,693,321,718,135,750,242,695,101,712,194,541,213,689,110,671,0
1786209918.057,723,744,911,687,887,504,930,342,861,384,920,331,947,0,942,117,957,138,733,222,824,197,800,243,914,274,793,289,747,264,783,0,695,384,576,288,653,167,554,369,594,4
1786209918.157,691,780,888,716,957,510,925,462,800,535,855,221,963,96,917,193,1000,97,809,273,841,0,811,59,829,148,735,320,737,127,791,233,742,206,614,386,634,408,580,372,628,168
1786209918.257,699,747,866,682,928,518,949,303,897,291,955,375,971,168,891,73,975,134,804,354,787,92,866,341,791,315,770,317,706,142,733,182,795,429,636,382,644,365,627,256,620,279
1786209918.357,715,688,960,636,917,535,950,229,901,214,847,346,950,206,902,179,892,93,801,237,850,195,805,161,818,200,692,290,673,231,595,200,771,252,609,164,640,312,618,308,645,177
1786209918.457,750,733,929,689,971,632,935,412,933,429,944,299,942,194,1000,16,979,203,867,299,798,120,864,286,738,38,725,274,750,149,883,156,678,420,628,408,693,323,600,33,747,0
1786209918.557,810,728,863,643,972,457,960,346,796,165,904,162,857,255,998,185,965,139,848,251,873,85,943,125,769,769,684,362,734,237,790,321,638,282,652,399,622,159,571,197,544,92
1786209918.657,714,723,977,625,850,527,927,488,874,304,841,318,1000,226,949,35,957,130,890,315,849,128,788,240,829,234,737,168,746,238,691,305,721,239,609,343,537,205,742,229,607,123
1786209918.757,707,737,831,694,1000,552,974,465,915,470,951,273,940,227,963,84,938,6,866,384,740,187,763,22,881,386,741,274,702,141,836,471,780,230,586,331,623,172,713,426,619,343
1786209918.857,744,704,925,726,993,472,970,327,964,489,884,355,929,249,943,227,1000,4,841,376,811,205,798,5,854,321,696,285,708,241,781,285,665,158,631,326,674,344,688,374,635,103
1786209918.957,689,721,840,737,1000,438,944,290,835,243,903,285,947,133,996,123,935,42,818,210,807,248,781,223,877,235,716,351,715,254,742,6,698,263,684,401,671,217,587,144,580,526
